timestamp,deltaTime,mouseX,mouseY,isGripping,playerX,playerY,velocityX,velocityY,hammerAngle,hammerAngularVel,isGrounded,mouseDeltaX,mouseDeltaY,grippingChanged,positionDelta,velocityDelta,angleDelta
0.0,0.02,621.7603013227907,519.7918827371061,0,-40.0,-5.0038416,0.0,-0.19208,0.0,0.0,0,0.0,0.0,0,0.0,0.0,0.0
0.02,0.02,639.5863376049504,509.90369263215774,0,-40.0,-5.011447968000001,0.0,-0.3803184,0.0,0.0,0,17.826036282159635,-9.888190104948364,0,0.007606368000000252,0.1882384,0.0
0.04,0.02,618.7800314257149,541.1432985745829,0,-40.0,-5.0227438086400005,0.0,-0.5647920319999999,0.0,0.0,0,-20.806306179235435,31.239605942425158,0,0.011295840639999888,0.18447363199999994,0.0
0.06,0.02,653.3553224272688,517.3244472292852,0,-40.0,-5.0376553324672,0.0,-0.7455761913599999,0.0,0.0,0,34.575291001553865,-23.81885134529773,0,0.014911523827199957,0.18078415935999992,0.0
0.08,0.02,619.4841511295655,535.3493512632494,0,-40.0,-5.056110225817856,0.0,-0.9227446675327998,0.0,0.0,0,-33.87117129770331,18.024904033964276,0,0.018454893350655865,0.17716847617279996,0.0
0.1,0.02,678.5667993137083,510.0204821140191,0,-40.0,-5.078037621301499,0.0,-1.0963697741821439,0.0,0.0,0,59.08264818414284,-25.328869149230343,0,0.021927395483642975,0.17362510664934405,0.0
0.12,0.02,643.4948316091355,504.40670993898675,0,-40.0,-5.1033680688754695,0.0,-1.266522378698501,0.0,0.0,0,-35.071967704572785,-5.613772175032352,0,0.025330447573970183,0.17015260451635705,0.0
0.14,0.02,645.3313746932008,496.1299799457191,0,-40.0,-5.13203350749796,0.0,-1.4332719311245308,0.0,0.0,0,1.8365430840652834,-8.276729993267622,0,0.02866543862249049,0.16674955242602985,0.0
0.16,0.02,660.2617193261057,490.94794708188647,0,-40.0,-5.163967237348,0.0,-1.59668649250204,0.0,0.0,0,14.930344632904848,-5.18203286383266,0,0.03193372985004039,0.16341456137750932,0.0
0.18,0.02,665.6017434003608,524.3643009077322,1,-39.99743982565997,-5.212337397288814,0.12800871700180494,-2.418507997040701,-8.097229264424325,-404.86146322121624,0,5.340024074255098,33.416353825845704,1,0.04843786602804943,0.8317312167705603,-8.097229264424325
0.2,0.02,687.9402102270302,510.3939133506566,1,-39.99008563029723,-5.275746948564694,0.36770976813695455,-3.170477563793984,-14.473158322517945,-318.79645290468096,0,22.338466826669446,-13.970387557075583,0,0.06383459393183112,0.7892495316681636,-6.37592905809362
0.22,0.02,641.6584793107577,518.637103577243,1,-39.982565587003414,-5.355020210198298,0.37600216469074255,-3.963663081680199,-21.991381179748217,-375.9111428615136,0,-46.28173091627252,8.243190226586421,0,0.07962914705791305,0.7932288633332932,-7.518222857230272
0.24,0.02,672.734598576063,520.2983008692315,1,-39.971772083851995,-5.450323301918826,0.5396751575710574,-4.765154586026357,-27.606484628119887,-280.75517241858347,0,31.07611926530535,1.6611972919885147,0,0.09591235062165337,0.8180326889174216,-5.61510344837167
0.26,0.02,700.259442532201,524.1044498376187,1,-39.95495263644735,-5.562036838623115,0.8409723702320626,-5.585676835214451,-31.75001750887458,-207.17664403773472,0,27.524843956137943,3.8061489683872196,0,0.11297259886352119,0.8740919698578514,-4.1435328807546945
0.28,0.02,674.038457157124,536.0690256621092,1,-39.934729343327,-5.691357277893615,1.0111646560176837,-6.466021963524996,-36.46468011983863,-235.73313054820258,0,-26.22098537507702,11.964575824490453,0,0.13089216018443098,0.8966453920480745,-4.7146626109640515
0.3,0.02,666.4678223362987,490.15964943265476,1,-39.911859267973014,-5.833693682107381,1.1435037676991762,-7.11682021068827,-40.639982934227106,-208.76514071942367,0,-7.570634820825262,-45.90937622945444,0,0.14416203491627572,0.6641174587310863,-4.175302814388473
0.32,0.02,659.9078785659296,510.6175630437899,1,-39.88699840476244,-5.991091842625525,1.2430431605288241,-7.86990802590722,-44.839985746161744,-210.0001405967319,0,-6.5599437703690455,20.457913611135154,0,0.15934943819816413,0.7596376426666508,-4.200002811934638
0.34,0.02,659.3295186134292,531.2541618438372,1,-39.86020458969052,-6.165615419328053,1.3396907535959706,-8.726178835126406,-48.73812588354362,-194.90700686909364,0,-0.5783599525004774,20.636598800047295,0,0.17656836452533453,0.8617078715937048,-3.8981401373818727
0.36,0.02,694.5571699473467,506.36993988763896,1,-39.82795505762386,-6.354775990019345,1.6124766033327056,-9.458028534564601,-50.67059578999287,-96.62349532246282,0,35.22765133391749,-24.884221956198246,0,0.19188995237576556,0.7810352760179073,-1.9324699064492563
0.38,0.02,703.7092333614214,516.0122827631283,1,-39.78933460222106,-6.559537788986949,1.931022770139812,-10.238089948380242,-52.22110741231502,-77.52558111610739,0,9.152063414074746,9.642342875489305,0,0.20837210439972365,0.8425956739216964,-1.5505116223221478
0.4,0.02,689.0360915168261,527.7779666144858,1,-39.74581053766658,-6.781077384616003,2.176203227723942,-11.076979781452671,-54.29317094696248,-103.60317673237311,0,-14.673141844595307,11.765683851357494,0,0.22577452608039578,0.8739849019367846,-2.0720635346474623
0.42,0.02,646.857393233429,500.83899706499744,1,-39.70160073378876,-7.016700879951556,2.2104901938910864,-11.781174766777658,-57.744839454911286,-172.58342539744012,0,-42.178698283397125,-26.93896954948832,0,0.23973514200687981,0.7050292003922999,-3.4516685079488028
0.44,0.02,649.2385374937635,519.7758884685716,1,-39.65646707616156,-7.268301964133967,2.256682881359904,-12.580054209120515,-60.769323141161,-151.22418431248582,0,2.3811442603345085,18.936891403574123,0,0.25561719936767435,0.8002138012891467,-3.0244836862497166
0.46,0.02,707.6143595578316,526.4874585916743,1,-39.604571982578584,-7.536551794175544,2.5947546791490623,-13.412491502078886,-61.284072718443255,-25.737478864112617,0,58.375822064068075,6.711570123102774,0,0.2732234837185876,0.8984677997392307,-0.5147495772822523
0.48,0.02,688.4427405911674,480.5084469211409,1,-39.54783261493649,-7.816852468909236,2.8369683821048994,-14.01503373668459,-61.67373618837435,-19.483173496554684,0,-19.17161896666414,-45.97901167053345,0,0.2859857061053709,0.6494032817773661,-0.3896634699310937
0.5,0.02,659.6673321423386,504.9504618229268,1,-39.489126514080155,-8.111648189825221,2.9353050428165943,-14.739786045799224,-63.82500976834906,-107.56367899873567,0,-28.775408448828784,24.44201490178591,0,0.3005843032297753,0.7313931968557831,-2.1512735799747134
0.52,0.02,696.3913098329796,492.2522480051517,1,-39.424781282240524,-8.41966913554172,3.2172615919814938,-15.401047285824983,-63.82082115577875,0.20943062851550565,0,36.723977690640936,-12.69821381777507,0,0.314670004704266,0.7188643287696105,0.004188612570310113
0.54,0.02,698.6579811639831,514.8557932269568,1,-39.354570252284496,-8.743175660580917,3.5105514978014085,-16.175326251959767,-64.15315855175876,-16.61686979900061,0,2.266671331003522,22.60354522180512,0,0.3310378535310158,0.8279655103049908,-0.3323373959800122
0.56,0.02,671.4963478767456,508.7865848657488,1,-39.28120958754079,-9.081560844106686,3.668033237185135,-16.919259176288513,-65.5508533421321,-69.8847395186668,0,-27.161633287237464,-6.069208361208041,0,0.34624603905518775,0.7604187623537729,-1.397694790373336
0.58,0.02,651.4530572559327,508.430289823212,1,-39.2067036170715,-9.434789056614777,3.7252985234647973,-17.66141062540457,-67.79310373383655,-112.11251958522226,0,-20.043290620812968,-0.35629504253682853,0,0.3610004290125326,0.7443574990807551,-2.242250391704445
0.6,0.02,660.2716775822836,495.9310857666872,1,-39.13017047884397,-9.801610377699538,3.826656911376215,-18.341066054238006,-69.28923068073395,-74.80634734487026,0,8.818620326350924,-12.499204056524775,0,0.37472016605638175,0.6871717578180595,-1.4961269468974052
0.62,0.02,724.8522138868539,528.7613106570788,1,-39.045152119227765,-10.0,4.250917980810485,0.0,-68.64595046638213,32.16401071759094,1,64.58053630457027,32.83022489039155,0,0.21583920799602377,18.34597234983633,0.6432802143518188
0.64,0.02,710.5804181194421,499.3879863972956,1,-38.953075717799614,-10.0,4.6038200714076964,0.0,-68.40495753104653,12.049646766779887,1,-14.271795767411732,-29.373324259783146,0,0.09207640142815166,0.3529020905972118,0.24099293533559774
0.66,0.02,699.3365703524661,503.3374182168155,1,-38.85506565933621,-10.0,4.900502923170027,0.0,-68.65801278048063,-12.652762471704904,1,-11.243847766976046,3.949431819519873,0,0.0980100584634016,0.29668285176233056,-0.2530552494340981
0.68,0.02,725.9264788731197,516.7133862406142,1,-38.7484629529855,-10.0,5.330135317535625,0.0,-68.22681007117407,21.560135465328045,1,26.58990852065358,13.375968023798748,0,0.10660270635071356,0.42963239436559775,0.4312027093065609
0.7000000000000001,0.02,669.2049635606677,505.8910651646741,1,-38.638939750278716,-10.0,5.4761601353389615,0.0,-69.690998677725,-73.2094303275467,1,-56.72151531245197,-10.822321075940124,0,0.10952320270678229,0.14602481780333676,-1.464188606550934
0.72,0.02,717.0296392852978,501.8749466282568,1,-38.521713583643404,-10.0,5.86130833176545,0.0,-69.25017113053877,22.041377359311554,1,47.82467572463008,-4.016118536417309,0,0.11722616663531227,0.38514819642648845,0.4408275471862311
0.74,0.02,705.8433213582285,493.69923979183034,1,-38.39790308487227,-10.0,6.190524938556592,0.0,-69.14565681395678,5.225715829099897,1,-11.18631792706924,-8.175706836426457,0,0.12381049877113526,0.3292166067911424,0.10451431658199795
0.76,0.02,700.5354458722348,514.255269548067,1,-38.268039041513916,-10.0,6.493202167917765,0.0,-69.5179046344221,-18.61239102326593,1,-5.307875485993691,20.556029756236626,0,0.1298640433583529,0.3026772293611728,-0.37224782046531857
0.78,0.02,714.3301820483435,521.5043016788377,1,-38.13074197995073,-10.0,6.864853078159484,0.0,-69.50937875900772,0.4262937707188996,1,13.7947361761087,7.249032130770729,0,0.13729706156318855,0.37165091024171915,0.008525875414377992
0.8,0.02,699.8465324588369,507.5763010526937,1,-37.98746026514166,-10.0,7.164085740453668,0.0,-69.84425795178569,-16.743959638898787,1,-14.483649589506626,-13.928000626144012,0,0.1432817148090706,0.2992326622941839,-0.33487919277797573
0.8200000000000001,0.02,697.1640160681246,502.85241239465427,1,-37.83846214872577,-10.0,7.449905820794292,0.0,-70.21169840433441,-18.372022627436024,1,-2.682516390712294,-4.723888658039414,0,0.14899811641588911,0.2858200803406241,-0.3674404525487205
0.84,0.02,745.3024285730928,530.313263032218,1,-37.67893378945257,-10.0,7.976417963659756,0.0,-69.42229234647986,39.47030289272746,1,48.13841250496819,27.46085063756368,0,0.15952835927319597,0.5265121428654638,0.7894060578545492
0.86,0.02,729.8985599479105,521.4697858908124,1,-37.510415574184584,-10.0,8.425910763399308,0.0,-69.04592811170617,18.818211738684454,1,-15.403868625182326,-8.843477141405515,0,0.16851821526798716,0.44949279973955214,0.3763642347736891
0.88,0.02,738.593750789922,513.9519937295962,1,-37.33203798383761,-10.0,8.91887951734892,0.0,-68.37339578929598,33.62661612050957,1,8.69519084201147,-7.517792161216221,0,0.17837759034697598,0.4929687539496115,0.6725323224101913
0.9,0.02,709.2174334741562,493.2125381684832,1,-37.14673865014321,-10.0,9.264966684719703,0.0,-68.4528693547699,-3.973678273695924,1,-29.376317315765732,-20.739455561113004,0,0.18529933369439533,0.3460871673707828,-0.07947356547391848
0.92,0.02,732.4517073518817,490.65726395660306,1,-36.952194145713634,-10.0,9.72722522147911,0.0,-67.68840515147791,38.223210164599664,1,23.234273877725514,-2.555274211880146,0,0.1945445044295795,0.462258536759407,0.7644642032919933
0.9400000000000001,0.02,732.8537040189507,505.0359336659166,1,-36.748364270882156,-10.0,10.191493741573861,0.0,-67.26455299423975,21.19260786190793,1,0.40199666706894277,14.378669709313556,0,0.2038298748314773,0.46426852009475184,0.4238521572381586
0.96,0.02,737.3623956059669,482.2351277302813,1,-36.53479815649008,-10.0,10.678305719603696,0.0,-66.35076342401017,45.68947851147911,1,4.508691587016187,-22.80080593563531,0,0.21356611439207285,0.48681197802983434,0.9137895702295822
0.98,0.02,725.5622625804965,490.78561576949716,1,-36.31267581583996,-10.0,11.106117032506177,0.0,-66.1312218596864,10.977078216188119,1,-11.800133025470359,8.55048803921585,0,0.22212234065012382,0.427811312902481,0.21954156432376237
1.0,0.02,691.7565852523414,509.52064870914813,1,-36.085377816664604,-10.0,11.364899958767882,0.0,-67.41946906698743,-64.41236036505131,1,-33.80567732815507,18.735032939650978,0,0.22729799917535587,0.2587829262617056,-1.2882472073010263
1.02,0.02,732.7163715323991,526.3256819135968,1,-35.84880818033601,-10.0,11.828481816429878,0.0,-67.42267073436611,-0.16008336893378328,1,40.95978628005764,16.805033204448648,0,0.2365696363285963,0.4635818576619961,-0.0032016673786756655
1.04,0.02,706.7542780174102,513.4399001741757,1,-35.605563116205666,-10.0,12.16225320651693,0.0,-68.13466525071327,-35.59972581735806,1,-25.96209351498885,-12.885781739421077,0,0.24324506413034186,0.33377139008705115,-0.7119945163471613
1.06,0.02,764.1166497281819,491.54378289644734,1,-35.34990638710251,-10.0,12.782836455157838,0.0,-66.63718897453681,74.87381380882283,1,57.36237171077164,-21.896117277728365,0,0.2556567291031584,0.6205832486409086,1.4974762761764566
1.08,0.02,735.5295305672985,509.5559652170039,1,-35.08469670494262,-10.0,13.26048410799433,0.0,-66.4965014094047,7.034378256605578,1,-28.58711916088339,18.012182320556576,0,0.2652096821598846,0.4776476528364917,0.14068756513211156
1.1,0.02,736.2715812373056,490.05347042729517,1,-34.809859864659,-10.0,13.741842014180857,0.0,-66.0593248521498,21.858827862745045,1,0.7420506700070746,-19.50249478970875,0,0.2748368402836192,0.48135790618652763,0.4371765572549009
1.12,0.02,734.633198011365,470.1538675244449,1,-34.52555970457425,-10.0,14.215008004237681,0.0,-65.35277860776667,35.32731221915668,1,-1.6383832259405153,-19.89960290285029,0,0.28430016008475434,0.4731659900568239,0.7065462443831336
1.1400000000000001,0.02,771.8105118297638,509.2046519042188,1,-34.22807849330652,-10.0,14.8740605633865,0.0,-64.38012029684491,48.63291554608793,1,37.177313818398716,39.050784379773916,0,0.29748121126772986,0.6590525591488188,0.9726583109217586
1.16,0.02,725.4298103144206,503.69927916686464,1,-33.92205430100735,-10.0,15.301209614958601,0.0,-64.85371010147396,-23.67949023145286,1,-46.38070151534316,-5.505372737354151,0,0.30602419229916933,0.42714905157210126,-0.4735898046290572
1.18,0.02,739.1965830232405,458.00384882421673,1,-33.60611045040585,-10.0,15.797192530074803,0.0,-63.908581869014995,47.25641162294849,1,13.766772708819872,-45.69543034264791,0,0.3159438506014993,0.4959829151162012,0.9451282324589698
1.2,0.02,743.5586621586522,512.5940562711587,1,-33.27981073358849,-10.0,16.314985840868065,0.0,-64.02473137815484,-5.80747545699225,1,4.3620791354117046,54.590207446941974,0,0.3262997168173598,0.5177933107932624,-0.11614950913984501
1.22,0.02,745.2264162250125,482.797862476294,1,-32.94298837514863,-10.0,16.841117921993128,0.0,-63.59967571994861,21.25278291031165,1,1.6677540663603168,-29.796193794864735,0,0.33682235843986064,0.5261320811250627,0.42505565820623303
1.24,0.02,729.4795426808778,479.06133974260854,1,-32.59721806244068,-10.0,17.288515635397516,0.0,-63.76413341181239,-8.22288459318905,1,-15.7468735441347,-3.736522733685433,0,0.34577031270794834,0.4473977134043885,-0.164457691863781
1.26,0.02,752.6461426381754,499.91449115279937,1,-32.24018313546891,-10.0,17.851746348588392,0.0,-63.5069651730593,12.858411937654424,1,23.16659995729765,20.853151410190833,0,0.35703492697177097,0.563230713190876,0.2571682387530885
1.28,0.02,757.0174069237144,501.80619679856346,1,-31.87144646780477,-10.0,18.436833383206967,0.0,-63.208912131675724,14.902652069178757,1,4.371264285538928,1.891705645764091,0,0.36873666766414104,0.5850870346185744,0.29805304138357513
1.3,0.02,763.2455369963059,529.5798081935753,1,-31.490385246441,-10.0,19.053061068188498,0.0,-63.22207647992986,-0.6582174127068185,1,6.228130072591512,27.77361139501187,0,0.38106122136376896,0.6162276849815314,-0.013164348254136371
1.32,0.02,739.2163351763778,518.4427118458264,1,-31.099402391559593,-10.0,19.549142744070387,0.0,-63.8220398872105,-29.998170364032006,1,-24.029201819928062,-11.13709634774898,0,0.3909828548814076,0.49608167588188934,-0.5999634072806401
1.34,0.02,812.6787055610187,512.3538026948981,1,-30.691151666122085,-10.0,20.41253627187548,0.0,-62.35240162849606,73.481912935722,1,73.46237038464085,-6.0889091509282025,0,0.40825072543750807,0.8633935278050942,1.4696382587144399
1.36,0.02,797.1473566861473,473.32484788574953,1,-30.26718620501596,-10.0,21.198273055306217,0.0,-60.58133976512424,88.55309316859099,1,-15.531348874871355,-39.028954809148615,0,0.42396546110612476,0.7857367834307354,1.7710618633718198
1.3800000000000001,0.02,742.9332670388402,487.08502162078486,1,-29.83292741720595,-10.0,21.712939390500416,0.0,-61.014077866697974,-21.636905078686652,1,-54.214089647307105,13.760173735035323,0,0.43425878781000904,0.5146663351941996,-0.43273810157373305
1.4000000000000001,0.02,782.0789162382052,481.93777363371123,1,-29.384460737772123,-10.0,22.42333397169144,0.0,-60.0558110415399,47.91334125790385,1,39.14564919936504,-5.1472479870736265,0,0.4484666794338281,0.710394581191025,0.958266825158077
1.42,0.02,765.2852563126154,511.21297217262173,1,-28.923465532707034,-10.0,23.04976025325452,0.0,-60.28625858416341,-11.522377131175787,1,-16.79365992558985,29.2751985389105,0,0.46099520506508895,0.6264262815630772,-0.23044754262351574
1.44,0.02,767.9264619066685,493.99482524365584,1,-28.449677681451277,-10.0,23.68939256278786,0.0,-60.156518707714035,6.4869938224688894,1,2.6412055940530763,-17.218146928965893,0,0.4737878512557572,0.63963230953334,0.1297398764493778
1.46,0.02,788.196005030382,474.729485591449,1,-27.96107022969248,-10.0,24.430372587939768,0.0,-59.052194899729095,55.21619039924701,1,20.26954312371356,-19.26533965220682,0,0.4886074517587957,0.7409800251519094,1.1043238079849402
1.48,0.02,772.4192602991167,471.4795812756765,1,-27.459220851903773,-10.0,25.092468889435352,0.0,-58.505494418222064,27.335024075351555,1,-15.776744731265353,-3.2499043157725396,0,0.5018493777887088,0.6620963014955841,0.5467004815070311
1.5,0.02,784.6097758460919,511.1337639828628,1,-26.942910496530455,-10.0,25.815517768665813,0.0,-58.49492769571553,0.5283361253265895,1,12.190515546975234,39.654182707186294,0,0.5163103553733173,0.7230488792304612,0.01056672250653179
1.52,0.02,769.1900902056664,487.8558820889083,1,-26.413681132136574,-10.0,26.461468219694147,0.0,-58.56379025939543,-3.4431281839950145,1,-15.419685640425541,-23.277881893954486,0,0.5292293643938812,0.6459504510283338,-0.06886256367990029
1.54,0.02,749.6429399016617,502.51612848034114,1,-25.873487473752526,-10.0,27.009682919202454,0.0,-59.57535750344963,-50.578362202709926,1,-19.547150304004617,14.66024639143285,0,0.5401936583840481,0.548214699508307,-1.0115672440541985
1.56,0.02,806.4278196946199,517.3351608859638,1,-25.316651033399015,-10.0,27.841822017675554,0.0,-59.10374879165317,23.580435589823168,1,56.78487979295812,14.819032405622636,0,0.5568364403535107,0.8321390984730996,0.47160871179646335
1.58,0.02,821.662045195415,484.2223782048323,1,-24.741648388525963,-10.0,28.75013224365263,0.0,-57.69477173944975,70.44885261017093,1,15.234225500795105,-33.11278268113148,0,0.5750026448730523,0.9083102259770754,1.4089770522034186
1.6,0.02,805.1293862196981,480.6414854195218,1,-24.15013280503094,-10.0,29.57577917475112,0.0,-56.79551723368674,44.96272528815055,1,-16.532658975716913,-3.580892785310482,0,0.5915155834950241,0.8256469310984897,0.899254505763011
1.62,0.02,779.5375729606222,490.73542221754684,1,-23.544663464239854,-10.0,30.27346703955423,0.0,-57.00191882586796,-10.320079609061139,1,-25.59181325907582,10.093936798025027,0,0.6054693407910854,0.6976878648031111,-0.20640159218122278
1.6400000000000001,0.02,801.8768658403402,511.82488984547973,1,-22.923006436864735,-10.0,31.082851368755932,0.0,-56.97223178986911,1.4843517999423739,1,22.33929287971796,21.08946762793289,0,0.6216570273751181,0.809384329201702,0.029687035998847477
1.6600000000000001,0.02,789.5781850255034,516.480457032234,1,-22.286391590987066,-10.0,31.83074229388345,0.0,-57.39807877344293,-21.292349178690984,1,-12.298680814836757,4.65556718675424,0,0.6366148458776699,0.7478909251275176,-0.42584698357381967
1.68,0.02,793.0265607400531,487.80954941264815,1,-21.63447408903539,-10.0,32.595875097583715,0.0,-57.208461472074475,9.480865068422872,1,3.448375714549684,-28.67090761958582,0,0.6519175019516759,0.7651328037002649,0.18961730136845745
1.7,0.02,804.1645831044656,515.9432485440841,1,-20.96614012877327,-10.0,33.41669801310604,0.0,-57.2906013941816,-4.106996105356231,1,11.13802236441245,28.133699131435947,0,0.668333960262121,0.8208229155223279,-0.08213992210712462
1.72,0.02,754.1693521721443,461.0962128654662,1,-20.286389233293935,-10.0,33.98754477396676,0.0,-58.105815621923064,-40.7607113870732,1,-49.995230932321306,-54.847035678617885,0,0.6797508954793336,0.570846760860718,-0.815214227741464
1.74,0.02,798.8290755995237,497.249470619808,1,-19.590755430254646,-10.0,34.781690151964376,0.0,-57.991276378236044,5.726962184350981,1,44.65972342737939,36.15325775434178,0,0.6956338030392892,0.7941453779976158,0.11453924368701962
1.76,0.02,793.0080908545518,496.6929182267695,1,-18.879820818129904,-10.0,35.54673060623713,0.0,-58.09889069908483,-5.38071604243946,1,-5.820984744971838,-0.556552393038487,0,0.710934612124742,0.7650404542727571,-0.10761432084878919
1.78,0.02,810.1355870739716,456.4002441600062,1,-18.151872647297765,-10.0,36.39740854160699,0.0,-56.76118731347986,66.88516928024875,1,17.127496219419754,-40.29267406676331,0,0.7279481708321391,0.850677935369859,1.337703385604975
1.8,0.02,834.2507453802468,488.2948835894961,1,-17.404499401927602,-10.0,37.368662268508224,0.0,-55.78801993488697,48.658368929644524,1,24.115158306275248,31.894639429489928,0,0.7473732453701629,0.9712537269012316,0.9731673785928905
1.82,0.02,811.4578058838829,493.7867974838489,1,-16.63998037596905,-10.0,38.22595129792764,0.0,-55.67125085749542,5.838453869577265,1,-22.792939496363942,5.491913894352763,0,0.7645190259585526,0.8572890294194124,0.1167690773915453
1.84,0.02,804.2028486621437,492.5550358082153,1,-15.859041065144282,-10.0,39.04696554123836,0.0,-55.80331498715949,-6.603206483203294,1,-7.254957221739232,-1.2317616756336065,0,0.7809393108247669,0.8210142433107208,-0.1320641296640659
1.86,0.02,789.4265241222513,486.3849135912276,1,-15.06315910190729,-10.0,39.79409816184961,0.0,-56.330548117215834,-26.361656502817254,1,-14.776324539892357,-6.170122216987693,0,0.795881963236992,0.7471326206112536,-0.5272331300563451
1.8800000000000001,0.02,803.7649262435481,469.1790463570443,1,-14.250900646045944,-10.0,40.612922793067355,0.0,-55.98857454768698,17.098678476442686,1,14.338402121296781,-17.2058672341833,0,0.8122584558613468,0.8188246312177441,0.3419735695288537
1.9000000000000001,0.02,831.6777901067414,458.4767591543393,1,-13.419474411173923,-10.0,41.571311743601065,0.0,-54.611544029409146,68.85152591389172,1,27.912863863193365,-10.702287202705008,0,0.8314262348720209,0.9583889505337098,1.3770305182778344
1.92,0.02,817.1779659835418,472.76117758197495,1,-12.570330379703547,-10.0,42.45720157351877,0.0,-54.22131448755927,19.511477092493834,1,-14.499824123199687,14.284418427635671,0,0.8491440314703755,0.8858898299177085,0.3902295418498767
1.94,0.02,790.6213483722572,520.6310330616463,1,-11.706124213395945,-10.0,43.21030831538006,0.0,-55.62063143573056,-69.96584740856449,1,-26.556617611284537,47.8698554796714,0,0.8642061663076017,0.7531067418612878,-1.3993169481712897
1.96,0.02,820.7156270649184,482.1609032475959,1,-10.823846484381852,-10.0,44.113886450704655,0.0,-55.34563686892788,13.749728340133771,1,30.09427869266119,-38.47012981405044,0,0.8822777290140937,0.9035781353245937,0.2749945668026754
1.98,0.02,807.4804455107,490.8315624673671,1,-9.92482071081669,-10.0,44.95128867825815,0.0,-55.744449147635756,-19.940613935393614,1,-13.235181554218457,8.67065921977121,0,0.8990257735651621,0.8374022275534969,-0.3988122787078723
2.0,0.02,820.4172500405174,481.296898531638,1,-9.007753212247474,-10.0,45.85337492846074,0.0,-55.552016702358884,9.621622263843577,1,12.936804529817437,-9.5346639357291,0,0.9170674985692155,0.9020862502025864,0.19243244527687153
2.02,0.02,802.9646027660758,487.1475066791623,1,-8.074389253401652,-10.0,46.668197942291116,0.0,-56.12622635169893,-28.710482467002407,1,-17.452647274441574,5.8506081475242695,0,0.9333639588458222,0.8148230138303774,-0.5742096493400481
2.04,0.02,820.6925576318217,476.48959863034815,1,-7.122956038792648,-10.0,47.571660730450226,0.0,-55.8842708576571,12.097774702091613,1,17.727954865745915,-10.657908048814136,0,0.9514332146090041,0.9034627881591106,0.24195549404183225
2.06,0.02,817.3529280549275,490.58549584114223,1,-6.153787531378151,-10.0,48.45842537072486,0.0,-56.13268277732911,-12.420595983600435,1,-3.3396295768942537,14.095897210794078,0,0.9691685074144969,0.8867646402746345,-0.2484119196720087
2.08,0.02,808.6036854518146,470.3410599579445,1,-5.1677586554184725,-10.0,49.301443797983936,0.0,-56.28029442258828,-7.380582262958413,1,-8.749242603112862,-20.244435883197752,0,0.9860288759596783,0.843018427259075,-0.14761164525916826
2.1,0.02,834.4092212181953,456.7256210669092,1,-4.162288857336974,-10.0,50.273489904074914,0.0,-55.23833931122054,52.09775556838672,1,25.80553576638067,-13.615438891035296,0,1.0054697980814984,0.9720461060909784,1.0419551113677343
2.12,0.02,815.8857090390769,473.22124203755783,1,-3.139230488351568,-10.0,51.1529184492703,0.0,-55.41261439375094,-8.713754126520001,1,-18.52351217911837,16.495620970648645,0,1.023058368985406,0.8794285451953883,-0.17427508253040003
2.14,0.02,815.8547533065286,494.9244546198803,1,-2.0985866440355094,-10.0,52.032192215802944,0.0,-56.06970574473827,-32.854567549366465,1,-0.030955732548363812,21.703212582322465,0,1.0406438443160586,0.8792737665326413,-0.6570913509873293
2.16,0.02,842.6272355965225,460.3946766194714,1,-1.0376800761597984,-10.0,53.04532839378555,0.0,-55.074969486100045,49.736812931911345,1,26.772482289993945,-34.529778000408896,0,1.060906567875711,1.0131361779826094,0.9947362586382269
2.18,0.02,801.3208907779721,470.87645709640856,1,0.039358580793709796,-10.0,53.851932847675414,0.0,-55.986749974349706,-45.58902441248307,1,-41.30634481855043,10.48178047693716,0,1.0770386569535082,0.8066044538898609,-0.9117804882496614
2.2,0.02,842.5006275973277,497.65770839321783,1,1.1366473005069508,-10.0,54.864435985662055,0.0,-55.99035100917333,-0.1800517411812308,1,41.17973681935564,26.781251296809273,0,1.097288719713241,1.0125031379866414,-0.003601034823624616
2.22,0.02,843.6390816670084,481.51637613066623,1,2.2542999283868927,-10.0,55.882631393997094,0.0,-55.68216468327605,15.409316294864084,1,1.1384540696807335,-16.1413322625516,0,1.117652627879942,1.018195408335039,0.3081863258972817
2.24,0.02,844.4760756032214,470.95161857978246,1,3.3924001638271566,-10.0,56.905011772013204,0.0,-55.1884906207227,24.6837031276673,1,0.8369939362129344,-10.564757550883769,0,1.1381002354402638,1.0223803780161091,0.493674062553346
2.2600000000000002,0.02,828.6321062842082,454.6419523439932,1,4.549363609895842,-10.0,57.84817230343425,0.0,-54.90767939946795,14.040561062737567,1,-15.843969319013127,-16.30966623578928,0,1.1569634460686853,0.943160531421043,0.28081122125475133
2.2800000000000002,0.02,811.7998504765658,468.7087254727908,1,5.7235070410121835,-10.0,58.70717155581708,0.0,-55.75909329080797,-42.5706945670008,1,-16.83225580764247,14.066773128797593,0,1.1741434311163417,0.85899925238283,-0.851413891340016
2.3000000000000003,0.02,802.769234743244,489.06468345454977,1,6.913927395602849,-10.0,59.5210177295333,0.0,-57.311542571224926,-77.62246402084791,1,-9.030615733321724,20.35595798175899,0,1.1904203545906658,0.8138461737162217,-1.5524492804169583
2.32,0.02,818.7889830341812,463.45541743720884,1,8.122226648496934,-10.0,60.414962644704204,0.0,-57.65449291653959,-17.147517265733114,1,16.019748290937173,-25.60926601734093,0,1.2082992528940846,0.8939449151709056,-0.3429503453146623
2.34,0.02,834.5505921376704,474.93104675585926,1,9.349980960604785,-10.0,61.38771560539256,0.0,-57.690539937399194,-1.802351042980277,1,15.76160910348915,11.47562931865042,0,1.2277543121078516,0.9727529606883536,-0.03604702085960554
2.36,0.02,831.8851844752875,479.6830750343841,1,10.596923791160165,-10.0,62.347141527769,0.0,-57.99047056157283,-14.996531208681674,1,-2.665407662382904,4.752028278524847,0,1.2469428305553798,0.9594259223764396,-0.2999306241736335
2.38,0.02,797.4445533157747,489.6151849370651,1,11.859611077047123,-10.0,63.13436429434787,0.0,-59.83900078265827,-92.426511054272,1,-34.440631159512805,9.93210990268102,0,1.2626872858869582,0.7872227665788714,-1.84853022108544
2.4,0.02,813.7547154571138,480.63688385761094,1,13.139673834479792,-10.0,64.00313787163344,0.0,-60.77830616159553,-46.96526894686315,1,16.310162141339106,-8.978301079454184,0,1.2800627574326686,0.8687735772855731,-0.939305378937263
2.42,0.02,804.2274601723126,455.84309368624616,1,14.436159337929691,-10.0,64.824275172495,0.0,-61.71659879025515,-46.91463143298087,1,-9.527255284801186,-24.793790171364776,0,1.2964855034498992,0.8211373008615652,-0.9382926286596174
2.44,0.02,799.7310247393657,466.9947054361762,1,15.748617943853528,-10.0,65.62293029619184,0.0,-63.054135074941165,-66.87681423430085,1,-4.496435432946896,11.151611749930055,0,1.3124586059238368,0.7986551236968324,-1.337536284686017
2.46,0.02,812.0442713577703,439.9769049824877,1,17.078280976913142,-10.0,66.4831516529807,0.0,-63.14463567717264,-4.525030111573614,1,12.313246618404605,-27.017800453688494,0,1.3296630330596138,0.8602213567888555,-0.09050060223147227
2.48,0.02,831.1828246969922,465.8076017606125,1,18.427062292442454,-10.0,67.43906577646565,0.0,-63.028239250899624,5.819821313650664,1,19.138553339221858,25.830696778124775,0,1.3487813155293118,0.9559141234849591,0.11639642627301328
2.5,0.02,864.7506911228625,477.75650103073497,1,19.798318677084055,-10.0,68.56281923207996,0.0,-62.06004536852103,48.409694118929636,1,33.56786642587031,11.948899270122467,0,1.371256384641601,1.123753455614306,0.9681938823785927
2.52,0.02,844.9404688689954,460.51335094190074,1,21.190069108612555,-10.0,69.58752157642493,0.0,-61.534386807431034,26.282928054499877,1,-19.810222253867096,-17.243150088834227,0,1.3917504315285,1.0247023443449734,0.5256585610899975
2.54,0.02,856.9559193841703,489.35822694905016,1,22.60351513207947,-10.0,70.67230117334579,0.0,-61.35027221717685,9.205729512709127,1,12.015450515174962,28.844876007149423,0,1.4134460234669142,1.0847795969208534,0.18411459025418253
2.56,0.02,829.2271544377254,450.2777053872793,1,24.03588387099016,-10.0,71.61843694553441,0.0,-61.515673683428325,-8.2700733125737,1,-27.728764946444926,-39.080521561770865,0,1.4323687389106894,0.9461357721886259,-0.165401466251474
2.58,0.02,811.3023393409833,460.7967841372879,1,25.485382843834945,-10.0,72.47494864223933,0.0,-62.898952281156014,-69.16392988638442,1,-17.924815096742122,10.519078750008589,0,1.4494989728447862,0.8565116967049136,-1.3832785977276885
2.6,0.02,860.4281084304018,449.7017600929132,0,26.862406868037493,-10.0,68.85120121012736,0.0,-62.898952281156014,0.0,1,49.125769089418554,-11.095024044374668,1,1.377024024202548,3.623747432111969,0.0
2.62,0.02,844.9606721582162,474.04055903326116,0,28.170579691029914,-10.0,65.40864114962099,0.0,-62.898952281156014,0.0,1,-15.467436272185637,24.338798940347942,0,1.3081728229924217,3.4425600605063664,0.0
2.64,0.02,834.8655947528853,436.1612021368586,0,29.413343872872712,-10.0,62.13820909213994,0.0,-62.898952281156014,0.0,1,-10.095077405330926,-37.879356896402555,0,1.242764181842798,3.2704320574810524,0.0
2.66,0.02,854.2304637180497,448.28315427455175,0,30.59396984562337,-10.0,59.03129863753294,0.0,-62.898952281156014,0.0,1,19.36486896516442,12.121952137693143,0,1.1806259727506578,3.1069104546069966,0.0
2.68,0.02,845.2327026067707,452.9086757796699,0,31.715564519736496,-10.0,56.079733705656295,0.0,-62.898952281156014,0.0,1,-8.997761111279033,4.625521505118172,0,1.1215946741131262,2.9515649318766464,0.0
2.7,0.02,837.6475040909564,443.0736870717939,0,32.781079460143964,-10.0,53.27574702037348,0.0,-62.898952281156014,0.0,1,-7.585198515814227,-9.834988707875993,0,1.0655149404074677,2.8039866852828155,0.0
2.72,0.02,838.8407969058452,461.22256385574957,0,33.79331865353106,-10.0,50.6119596693548,0.0,-62.898952281156014,0.0,1,1.193292814888764,18.148876783955643,0,1.0122391933870958,2.6637873510186765,0.0
2.74,0.02,860.1143757692644,460.89431138423106,0,34.7549458872488,-10.0,48.08136168588706,0.0,-62.898952281156014,0.0,1,21.273578863419175,-0.32825247151851045,0,0.9616272337177421,2.530597983467743,0.0
2.7600000000000002,0.02,850.6372653469208,451.29072928222496,0,35.668491759280656,-10.0,45.6772936015927,0.0,-62.898952281156014,0.0,1,-9.477110422343571,-9.6035821020061,0,0.9135458720318539,2.4040680842943587,0.0
2.7800000000000002,0.02,812.8286061905928,456.1257486398598,0,36.53636033771092,-10.0,43.39342892151306,0.0,-62.898952281156014,0.0,1,-37.80865915632796,4.835019357634849,0,0.8678685784302616,2.2838646800796383,0.0
2.8000000000000003,0.02,872.4271449877192,470.9422856109043,0,37.36083548721967,-10.0,41.22375747543741,0.0,-62.898952281156014,0.0,1,59.598538797126366,14.816536971044513,0,0.8244751495087499,2.169671446075654,0.0
2.82,0.02,855.3833280122335,496.21285094972956,1,38.20684896952964,-10.0,42.30067411549858,0.0,-61.225584812143815,83.66837345060993,1,-17.043816975485697,25.270565338825236,1,0.8460134823099708,1.076916640061171,1.6733674690121987
2.84,0.02,810.7165892534739,473.36450470513125,1,39.069934110764954,-10.0,43.154257061765946,0.0,-60.4359913030748,39.479675453450724,1,-44.66673875875961,-22.848346244598304,0,0.8630851412353167,0.8535829462673661,0.7895935090690145
2.86,0.02,855.9000496759131,488.534369524662,1,39.95460925696786,-10.0,44.23375731014551,0.0,-58.917055546721585,75.94678781766078,1,45.183460422439225,15.169864819530744,0,0.884675146202909,1.079500248379567,1.5189357563532155
2.88,0.02,831.3666580707286,454.24361117985006,1,40.85842106897785,-10.0,45.190590600499156,0.0,-57.327568497130244,79.47435247956705,1,-24.533391605184534,-34.290758344811934,0,0.9038118120099838,0.956833290353643,1.589487049591341
2.9,0.02,865.3986138195241,450.95554340666524,1,41.78477274236978,-10.0,46.31758366959678,0.0,-55.03629556362157,114.56364667543362,1,34.03195574879555,-3.288067773184821,0,0.9263516733919346,1.1269930690976224,2.2912729335086723
2.92,0.02,820.1743346091793,440.5575539461398,1,42.729141849222636,-10.0,47.21845534264267,0.0,-53.85425487085351,59.10203463840311,1,-45.22427921034489,-10.397989460525423,0,0.9443691068528537,0.9008716730458914,1.1820406927680622
2.94,0.02,838.5431704081274,468.6031567673462,1,43.6933652731163,-10.0,48.2111711946833,0.0,-53.14502811549144,35.46133776810336,1,18.368835798948112,28.045602821206387,0,0.9642234238936638,0.9927158520406323,0.7092267553620673
2.96,0.02,860.7352061093075,467.56185893653833,1,44.679662217620894,-10.0,49.31484722522984,0.0,-51.96818443304109,58.84218412251769,1,22.19203570118009,-1.0412978308078777,0,0.9862969445045948,1.1036760305465378,1.1768436824503539
2.98,0.02,811.5196822476987,491.95927209861094,1,45.68311113035026,-10.0,50.17244563646834,0.0,-52.937259541310986,-48.4537554134949,1,-49.215523861608744,24.39741316207261,0,1.0034489127293682,0.8575984112384987,-0.9690751082698981
3.0,0.02,803.3007063429341,467.5790544815317,1,46.70289011371392,-10.0,50.98894916818301,0.0,-53.67510914662805,-36.89248026585332,1,-8.218975904764648,-24.38021761707921,0,1.0197789833636577,0.8165035317146732,-0.7378496053170664
3.02,0.02,864.1162076759591,432.51390837404733,1,47.74508071784518,-10.0,52.10953020656281,0.0,-51.424157087499545,112.54760295642541,1,60.815501333025054,-35.065146107484395,0,1.0421906041312567,1.1205810383797967,2.250952059128508
3.04,0.02,822.0638421756369,460.5856289615649,1,48.805477706194,-10.0,53.019849417440994,0.0,-51.573487279303684,-7.466509590206982,1,-42.05236550032225,28.071720587517575,0,1.0603969883488205,0.9103192108781855,-0.14933019180413964
3.06,0.02,852.2049281067913,461.93518296465646,1,49.887095187353495,-10.0,54.08087405797495,0.0,-50.857503695409456,35.79917919471143,1,30.141085931154407,1.349554003091555,0,1.0816174811594976,1.061024640533958,0.7159835838942286
3.08,0.02,827.900567044158,459.9409320030163,1,50.98750272521741,-10.0,55.020376893195746,0.0,-50.97968634977055,-6.109132718054866,1,-24.304361062633234,-1.994250961640148,0,1.1004075378639158,0.939502835220793,-0.12218265436109732
3.1,0.02,826.8341507807875,440.2728087664787,1,52.106593678159406,-10.0,55.95454764709969,0.0,-50.57906740979679,20.030946998688037,1,-1.06641626337057,-19.66812323653761,0,1.1190909529419955,0.9341707539039419,0.40061893997376075
3.12,0.02,831.5182993954796,458.21527485055617,1,53.24483646104095,-10.0,56.91213914407709,0.0,-50.68655505450865,-5.374382235592989,1,4.6841486146921625,17.942466084077466,0,1.138242782881541,0.9575914969774004,-0.10748764471185979
3.14,0.02,873.5847876080861,435.27066681900806,1,54.4064377226833,-10.0,58.08006308211752,0.0,-48.88393714615773,90.13089541754624,1,42.06648821260649,-22.944608031548114,0,1.1616012616423532,1.1679239380404312,1.8026179083509248
3.16,0.02,872.4401844014047,455.65600675592106,1,55.59128300276579,-10.0,59.24226400412454,0.0,-47.9966012410514,44.366795255316305,1,-1.1446032066813814,20.385339936913,0,1.1848452800824916,1.162200922007024,0.8873359051063261
3.18,0.02,808.0930158751986,450.65786582375466,1,56.792937584435805,-10.0,60.08272908350054,0.0,-49.41056111188016,-70.69799354143811,1,-64.34716852620613,-4.998140932166393,0,1.201654581670013,0.8404650793759956,-1.4139598708287622
3.2,0.02,901.5191247353266,456.1175619879247,1,58.02074407857935,-10.0,61.39032470717717,0.0,-47.94091405742473,73.4823527227718,1,93.42610886012801,5.4596961641700545,0,1.2278064941435431,1.307595623676633,1.4696470544554359
3.22,0.02,795.5528435242933,449.10172896685776,1,59.26410585707532,-10.0,62.16808892479864,0.0,-50.216038882549135,-113.75624125622039,1,-105.96628121103333,-7.015833021066953,0,1.2433617784959736,0.777764217621467,-2.275124825124408
3.24,0.02,854.0144857907072,457.6914043367412,1,60.528869084150365,-10.0,63.238161353752176,0.0,-50.00818419518307,10.39273436830328,1,58.461642266413946,8.589675369883423,0,1.2647632270750435,1.0700724289535373,0.2078546873660656
3.2600000000000002,0.02,861.8385664539628,449.08235235320205,1,61.81581616787081,-10.0,64.34735418602199,0.0,-49.37968457440801,31.424981038752975,1,7.824080663255586,-8.609051983539132,0,1.2869470837204418,1.1091928322698124,0.6284996207750595
3.2800000000000002,0.02,866.7910711963642,460.54717731532446,1,63.125442358710885,-10.0,65.4813095420038,0.0,-49.079366100346796,15.015923703060707,1,4.952504742401402,11.464824962122407,0,1.3096261908400777,1.1339553559818114,0.30031847406121415
3.3000000000000003,0.02,900.4039443917353,479.44477606148206,1,64.46110894399014,-10.0,66.78332926396249,0.0,-48.49949960230513,28.993324902083373,1,33.612873195371094,18.8975987461576,0,1.335666585279256,1.3020197219586862,0.5798664980416675
3.3200000000000003,0.02,801.5631923463701,456.9364401327161,1,65.81293184850402,-10.0,67.59114522569433,0.0,-51.12713604552216,-131.3818221608514,1,-98.8407520453652,-22.508335928765973,0,1.351822904513881,0.8078159617318477,-2.6276364432170283
3.34,0.02,867.261523519807,422.95116638642907,1,67.1874809053699,-10.0,68.72745284329338,0.0,-49.517328006497465,80.4904019512346,1,65.69833117343694,-33.98527374628702,0,1.3745490568658738,1.1363076175990443,1.609808039024692
3.36,0.02,809.8186698051667,468.9605086278249,1,68.57901182921628,-10.0,69.57654619231921,0.0,-51.993735716799854,-123.82038551511947,1,-57.442853714640364,46.009342241395814,0,1.391530923846389,0.8490933490258357,-2.4764077103023894
3.38,0.02,840.8723855482633,457.8886824717199,1,69.9906299916175,-10.0,70.58090812006053,0.0,-52.65610817926917,-33.118623123465696,1,31.05371574309663,-11.071826156104976,0,1.4116181624012114,1.0043619277413143,-0.6623724624693139
3.4,0.02,833.9300086942427,412.26307185631214,1,71.42164115488814,-10.0,71.55055816353175,0.0,-51.970200112154544,34.295403355731224,1,-6.942376854020608,-45.625610615407766,0,1.4310111632706395,0.9696500434712192,0.6859080671146245
3.42,0.02,814.587956258312,452.62081519429495,1,72.8701111137846,-10.0,72.42349794482331,0.0,-53.99297429810852,-101.13870929769888,1,-19.34205243593067,40.35774333798281,0,1.4484699588964673,0.8729397812915636,-2.0227741859539776
3.44,0.02,819.3596425588285,418.43870322102964,1,74.33651703693695,-10.0,73.32029615761746,0.0,-54.6692886265958,-33.815716424363984,1,4.771686300516421,-34.18211197326531,0,1.466405923152351,0.8967982127941525,-0.6763143284872797
3.46,0.02,863.7758186032748,419.4268474960553,1,75.82530054194963,-10.0,74.43917525063384,0.0,-53.04535823490967,81.19651958430651,1,44.41617604444639,0.988144275025661,0,1.4887835050126768,1.1188790930163748,1.6239303916861303
3.48,0.02,835.2396715931374,428.4804150905813,1,77.33360801412162,-10.0,75.41537360859952,0.0,-53.44451833184038,-19.95800484653536,1,-28.536147010137483,9.053567594525987,0,1.5083074721719925,0.9761983579656857,-0.3991600969307072
3.5,0.02,834.3481893208454,427.88751871083076,1,78.8613503052257,-10.0,76.38711455520375,0.0,-53.951758096202404,-25.361988218101317,1,-0.8914822722919098,-0.5928963797505276,0,1.527742291104076,0.9717409466042284,-0.5072397643620263
3.52,0.02,818.2653783785638,420.15550735850326,1,80.40691913416762,-10.0,77.27844144709657,0.0,-55.40554255680403,-72.68922303008125,1,-16.08281094228164,-7.732011352327504,0,1.5455688289419243,0.8913268918928168,-1.453784460601625
3.54,0.02,841.6623529821719,433.7625842549222,1,81.97265419840777,-10.0,78.28675321200743,0.0,-55.721369428455496,-15.791343582573347,1,23.3969746036081,13.60707689641896,0,1.565735064240144,1.0083117649108573,-0.31582687165146694
3.56,0.02,824.3368840229323,407.05891449897086,1,83.55682295105021,-10.0,79.20843763212208,0.0,-56.264639035983386,-27.16348037639449,1,-17.32546895923963,-26.703669755951353,0,1.5841687526424408,0.9216844201146586,-0.5432696075278898
3.58,0.02,837.2787539139459,435.8890997028921,1,85.16071957908404,-10.0,80.19483140169181,0.0,-57.04577313280969,-39.05670484131534,1,12.941869891013653,28.830185203921246,0,1.6038966280338371,0.9863937695697302,-0.7811340968263067
3.6,0.02,809.2168491392931,428.14571459143343,1,86.7815378920318,-10.0,81.04091564738829,0.0,-59.743473273358646,-134.88500702744764,1,-28.061904774652817,-7.743385111458679,0,1.6208183129477618,0.8460842456964741,-2.697700140548953
3.62,0.02,811.262794967749,427.7050724216358,1,88.41948248447635,-10.0,81.89722962222703,0.0,-62.13965884769205,-119.80927871667006,1,2.0459458284558423,-0.44064216979762705,0,1.6379445924445406,0.8563139748387414,-2.3961855743334013
3.64,0.02,817.6912306080535,411.4853862311824,1,90.07519619998169,-10.0,82.7856857752673,0.0,-63.601045150944095,-73.06931516260242,1,6.428435640304542,-16.219686190453388,0,1.6557137155053425,0.8884561530402664,-1.4613863032520484
3.66,0.02,820.5621977481295,417.39223072016745,1,91.74896613526185,-10.0,83.68849676400794,0.0,-64.94708734700865,-67.3021098032276,1,2.8709671400760044,5.90684448898503,0,1.6737699352801627,0.9028109887406401,-1.3460421960645519
3.68,0.02,821.9770130013486,430.6533476562957,1,93.44093377184214,-10.0,84.59838182901467,0.0,-66.42706114723997,-73.99869001156603,1,1.4148152532191034,13.261116936128246,0,1.6919676365802871,0.9098850650067334,-1.4799738002313205
3.7,0.02,854.6240231712642,425.735582746205,1,95.15436381073955,-10.0,85.67150194487098,0.0,-65.44822105437169,48.942004643414094,1,32.647010169915575,-4.917764910090682,0,1.713430038897414,1.0731201158563124,0.9788400928682819
3.72,0.02,833.2265993881069,430.40561672452355,1,96.88711650957579,-10.0,86.63763494181151,0.0,-66.321248179471,-43.651356254965634,1,-21.39742378315725,4.670033978318543,0,1.7327526988362365,0.9661329969405301,-0.8730271250993127
3.74,0.02,792.5076362551121,442.55360601683833,1,98.63511997203753,-10.0,87.40017312308707,0.0,-70.20029022751211,-193.95210240205571,1,-40.71896313299487,12.147989292314776,0,1.7480034624617389,0.7625381812755592,-3.8790420480411143
3.7600000000000002,0.02,837.0683582203085,390.6787331796706,1,100.4028302703213,-10.0,88.3855149141886,0.0,-68.83136289336524,68.44636670734374,1,44.56072196519642,-51.87487283716774,0,1.7677102982837738,0.9853417911015327,1.3689273341468748
3.7800000000000002,0.02,843.2941654312999,432.6400796599675,1,102.19086998514821,-10.0,89.4019857413451,0.0,-69.08510216892495,-12.686963777985483,1,6.225807210991434,41.961346480296925,0,1.7880397148269083,1.0164708271564962,-0.25373927555970965
3.8000000000000003,0.02,836.9380437576554,423.26507322314615,1,103.99860350435088,-10.0,90.38667596013337,0.0,-69.74330762469776,-32.91027278864078,1,-6.356121673644566,-9.375006436821366,0,1.807733519202671,0.9846902187882733,-0.6582054557728156
3.8200000000000003,0.02,787.107908810156,386.5563850840402,1,105.82104781443456,-10.0,91.12221550418415,0.0,-77.06075712429362,-365.8724749797926,1,-49.830134947499346,-36.70868813910596,0,1.8224443100836822,0.7355395440507806,-7.317449499595853
3.84,0.02,803.0448120409119,444.6710480074061,1,107.65979660572233,-10.0,91.93743956438871,0.0,-79.73677848757029,-133.80106816383375,1,15.936903230755888,58.11466292336593,0,1.8387487912877702,0.8152240602045566,-2.676021363276675
3.86,0.02,851.3481921127642,426.49822231004555,1,109.51968021622139,-10.0,92.99418052495253,0.0,-78.67561041814736,53.058403471146676,1,48.3033800718523,-18.172825697360565,0,1.859883610499054,1.0567409605638147,1.0611680694229335
3.88,0.02,836.9274591272791,435.7972302690632,1,111.39925657263316,-10.0,93.97881782058892,0.0,-79.13315149844792,-22.87705401502791,1,-14.420732985485074,9.299007959017672,0,1.879576356411775,0.9846372956363894,-0.4575410803005582
3.9,0.02,809.3850004714095,420.28496759411547,1,113.29577142909208,-10.0,94.82574282294595,0.0,-82.07798801253402,-147.24182570430528,1,-27.54245865586961,-15.512262674947749,0,1.8965148564589214,0.8469250023570396,-2.9448365140861057
3.92,0.02,797.6006592390228,419.6464751060678,1,115.2080463514749,-10.0,95.61374611914107,0.0,-85.8114847701266,-186.6748378796288,1,-11.784341232386737,-0.6384924880476888,0,1.9122749223828208,0.7880032961951144,-3.733496757592576
3.94,0.02,824.3304402586336,415.14132371910233,1,117.1387543178836,-10.0,96.53539832043424,0.0,-87.13102846530182,-65.97718475876135,1,26.72978101961087,-4.505151386965451,0,1.93070796640869,0.9216522012931705,-1.319543695175227
3.96,0.02,828.6770442893654,388.3503801969748,1,119.08832998872121,-10.0,97.47878354188106,0.0,-88.66703848685013,-76.80050107741536,1,4.346604030731783,-26.79094352212752,0,1.9495756708376177,0.9433852214468175,-1.5360100215483072
3.98,0.02,828.8971329442511,415.4945735786849,1,121.05679537285326,-10.0,98.42326920660231,0.0,-89.61553119523003,-47.42463541899511,1,0.22008865488567153,27.144193381710068,0,1.9684653841320454,0.9444856647212561,-0.9484927083799022
4.0,0.02,833.0114407727007,430.42645953904287,1,123.04456190106258,-10.0,99.38832641046582,0.0,-90.12196611675377,-25.321746076186713,1,4.114307828449569,14.931885960357988,0,1.9877665282093204,0.965057203863509,-0.5064349215237343
4.0200000000000005,0.02,826.269978718269,413.985900971274,1,125.05095542714372,-10.0,100.31967630405717,0.0,-91.60024884001015,-73.91413616281923,1,-6.741462054431622,-16.440558567768846,0,2.0063935260811405,0.9313498935913458,-1.4782827232563847
4.04,0.02,811.6143907216322,423.0569615742385,1,127.07451039229703,-10.0,101.17774825766533,0.0,-94.0392087650259,-121.94799625078758,1,-14.655587996636882,9.071060602964508,0,2.023554965153309,0.8580719536081602,-2.4389599250157517
4.0600000000000005,0.02,838.7984311086399,434.0474605156723,1,129.1179452005612,-10.0,102.17174041320854,0.0,-94.06354843366029,-1.216983431719143,1,27.184040387007713,10.99049894143377,0,2.0434348082641662,0.9939921555432107,-0.02433966863438286
4.08,0.02,846.6394617219356,432.9091726820095,1,131.18204395499757,-10.0,103.20493772181821,0.0,-93.63915157881834,21.219842742097228,1,7.841030613295743,-1.1382878336627869,0,2.0640987544363725,1.0331973086096724,0.42439685484194456
4.1,0.02,789.3097248519856,411.6888727394128,1,133.26107368191913,-10.0,103.95148634607814,0.0,-98.1334775517263,-224.71629864539793,1,-57.32973686995001,-21.22029994259674,0,2.0790297269215614,0.7465486242599297,-4.4943259729079585
4.12,0.02,825.3007334574711,396.0292086718726,1,135.35863348218643,-10.0,104.87799001336549,0.0,-100.73684560652438,-130.1684027399041,1,35.99100860548549,-15.659664067540177,0,2.0975598002673053,0.9265036672873492,-2.603368054798082
4.14,0.02,826.2740792727143,411.16220910131204,1,137.47482069038102,-10.0,105.80936040972907,0.0,-102.2984421172955,-78.07982553855553,1,0.9733458152431922,15.133000429439448,0,2.1161872081945887,0.931370396363576,-1.5615965107711105
4.16,0.02,828.3031096496281,402.3724969122477,1,139.60983820954056,-10.0,106.7508759579772,0.0,-104.14256470451474,-92.20612936096231,1,2.029030376913852,-8.789712189064346,0,2.1350175191595326,0.9415155482481339,-1.8441225872192462
4.18,0.02,794.6170859695467,403.4267875210209,1,141.76031743729706,-10.0,107.52396138782494,0.0,-108.1581315290501,-200.77834122676776,1,-33.68602368008146,1.054290608773215,0,2.150479227756506,0.7730854298477396,-4.015566824535355
4.2,0.02,813.4272029947107,412.6611419704371,1,143.92813938535303,-10.0,108.3910974027985,0.0,-110.2887209610381,-106.52947159939998,1,18.810117025164004,9.234354449416173,0,2.1678219480559733,0.8671360149735534,-2.1305894319879997
4.22,0.02,834.1288961148333,401.31020189520126,1,146.1153742230205,-10.0,109.36174188337266,0.0,-111.3366514599131,-52.39652494375022,1,20.701693120122627,-11.350940075235826,0,2.187234837667461,0.9706444805741654,-1.0479304988750044
4.24,0.02,772.4640542705075,423.26152487069754,1,148.315855466115,-10.0,110.0240621547252,0.0,-114.61894745726055,-164.11479986737234,1,-61.66484184432579,21.951322975496282,0,2.200481243094515,0.6623202713525416,-3.282295997347447
4.26,0.02,749.785842413018,370.54874370995094,1,150.5273152934508,-10.0,110.57299136679029,0.0,-120.61592516880705,-299.8488855773253,1,-22.678211857489487,-52.7127811607466,0,2.2114598273358013,0.5489292120650902,-5.996977711546506
4.28,0.02,816.8001162318675,385.8230977174861,1,152.7564551324098,-10.0,111.45699194794963,0.0,-123.62951321876083,-150.6794024976891,1,67.01427381884946,15.27435400753518,0,2.229139838958986,0.8840005811593414,-3.013588049953782
4.3,0.02,789.0338535310856,411.73376706375876,1,155.0004983567219,-10.0,112.20216121560506,0.0,-125.82001851648866,-109.52526488639123,1,-27.76626270078191,25.91066934627264,0,2.244043224312094,0.7451692676554273,-2.1905052977278245
4.32,0.02,808.4613357442578,388.9230592843556,1,157.26138771460842,-10.0,113.04446789432635,0.0,-128.5728277277708,-137.64046056410706,1,19.427482213172198,-22.810707779403174,0,2.2608893578865263,0.8423066787212861,-2.752809211282141
4.34,0.02,835.4529007006329,381.21316375678157,1,159.541822362565,-10.0,114.02173239782951,0.0,-130.40953889906154,-91.83555856453722,1,26.9915649563751,-7.7098955275740195,0,2.2804346479565822,0.9772645035031644,-1.8367111712907445
4.36,0.02,788.6858218815238,387.36388474475234,1,161.83712559270975,-10.0,114.76516150723712,0.0,-133.4986148426729,-154.45379718056813,1,-46.76707881910909,6.150720987970772,0,2.2953032301447536,0.7434291094076144,-3.0890759436113626
4.38,0.02,793.5792129773898,405.6230856917536,1,164.14778674415223,-10.0,115.53305757212408,0.0,-135.09986170357945,-80.06234304532711,1,4.893391095866036,18.25920094700126,0,2.310661151442474,0.7678960648869548,-1.6012468609065422
4.4,0.02,790.6443031777758,398.44588308010077,0,166.34291483802258,-10.0,109.75640469351787,0.0,-135.09986170357945,0.0,1,-2.934909799614047,-7.177202611652831,1,2.195128093870352,5.776652878606214,0.0
4.42,0.02,800.8518284754684,376.16311072667384,0,168.42828652719942,-10.0,104.26858445884197,0.0,-135.09986170357945,0.0,1,10.207525297692655,-22.282772353426935,0,2.0853716891768386,5.487820234675894,0.0
4.44,0.02,814.1559518437364,385.9202668805021,0,170.4093896319174,-10.0,99.05515523589987,0.0,-135.09986170357945,0.0,1,13.304123368267938,9.757156153828248,0,1.9811031047179881,5.213429222942096,0.0
4.46,0.02,804.4207802337804,424.0041060707322,0,172.2914375813995,-10.0,94.10239747410488,0.0,-135.09986170357945,0.0,1,-9.735171609955955,38.083839190230094,0,1.8820479494820859,4.952757761794999,0.0
4.48,0.02,773.3836577424182,406.6488856972857,0,174.07938313340748,-10.0,89.39727760039963,0.0,-135.09986170357945,0.0,1,-31.037122491362197,-17.355220373446457,0,1.787945552007983,4.705119873705243,0.0
4.5,0.02,794.744582141678,386.69337403643857,0,175.77793140781506,-10.0,84.92741372037965,0.0,-135.09986170357945,0.0,1,21.36092439925983,-19.95551166084715,0,1.6985482744075853,4.469863880019986,0.0
4.5200000000000005,0.02,788.3776742054941,372.41922048971395,0,177.39155226850227,-10.0,80.68104303436066,0.0,-135.09986170357945,0.0,1,-6.366907936183907,-14.27415354672462,0,1.613620860687206,4.246370686018992,0.0
4.54,0.02,792.8210704798591,369.73946230785225,0,178.9244920861551,-10.0,76.64699088264261,0.0,-135.09986170357945,0.0,1,4.443396274365,-2.6797581818617005,0,1.5329398176528457,4.034052151718043,0.0
4.5600000000000005,0.02,838.9147468342654,433.0181843948179,0,180.38078491292532,-10.0,72.81464133851048,0.0,-135.09986170357945,0.0,1,46.093676354406284,63.27872208696567,0,1.456292826770209,3.8323495441321285,0.0
4.58,0.02,759.5008187163697,388.93876133378376,0,181.76426309835702,-10.0,69.17390927158496,0.0,-135.09986170357945,0.0,1,-79.4139281178957,-44.07942306103416,0,1.3834781854316986,3.6407320669255228,0.0
4.6000000000000005,0.02,763.6158315267536,399.32227599178105,0,183.07856737451712,-10.0,65.71521380800571,0.0,-135.09986170357945,0.0,1,4.11501281038386,10.383514657997296,0,1.314304276160101,3.4586954635792466,0.0
4.62,0.02,818.3046089014528,383.81871902200453,0,184.32715643686922,-10.0,62.429453117605426,0.0,-135.09986170357945,0.0,1,54.68877737469916,-15.503556969776525,0,1.2485890623520959,3.285760690400288,0.0
4.64,0.02,812.9856126119955,363.191516561912,0,185.5133160461037,-10.0,59.30798046172515,0.0,-135.09986170357945,0.0,1,-5.318996289457232,-20.62720246009252,0,1.186159609234494,3.1214726558802752,0.0
4.66,0.02,768.950429776067,367.9689105743057,0,186.6401676748765,-10.0,56.34258143863889,0.0,-135.09986170357945,0.0,1,-44.03518283592848,4.7773940123936995,0,1.1268516287727834,2.9653990230862632,0.0
4.68,0.02,763.3698059977283,383.82698488954327,0,187.71067672221062,-10.0,53.52545236670694,0.0,-135.09986170357945,0.0,1,-5.5806237783386905,15.858074315237559,0,1.0705090473341272,2.8171290719319444,0.0
4.7,0.02,801.6454510807828,393.0752469914221,0,188.72766031717805,-10.0,50.8491797483716,0.0,-135.09986170357945,0.0,1,38.27564508305443,9.248262101878822,0,1.016983594967428,2.6762726183353465,0.0
4.72,0.02,769.1464461632703,379.06453436309073,0,189.69379473239712,-10.0,48.30672076095301,0.0,-135.09986170357945,0.0,1,-32.49900491751248,-14.010712628331362,0,0.9661344152190736,2.542458987418584,0.0
4.74,0.02,788.0327303754952,387.55115838718655,0,190.61162242685523,-10.0,45.89138472290536,0.0,-135.09986170357945,0.0,1,18.88628421222495,8.486624024095818,0,0.9178276944581114,2.4153360380476556,0.0
4.76,0.02,762.8773237625452,375.94673071817016,0,191.48355873659042,-10.0,43.596815486760086,0.0,-135.09986170357945,0.0,1,-25.15540661295006,-11.604427669016388,0,0.8719363097351902,2.2945692361452714,0.0
4.78,0.02,780.0206228577432,377.79904616644575,0,192.31189823083886,-10.0,41.41697471242208,0.0,-135.09986170357945,0.0,1,17.143299095198017,1.85231544827559,0,0.8283394942484392,2.179840774338004,0.0
4.8,0.02,747.7051023117907,405.4270075501869,0,193.09882075037487,-10.0,39.34612597680098,0.0,-135.09986170357945,0.0,1,-32.315520545952495,27.627961383741138,0,0.7869225195360059,2.070848735621105,0.0
4.82,0.02,766.4850097671701,365.7352697563381,0,193.8463971439341,-10.0,37.37881967796093,0.0,-135.09986170357945,0.0,1,18.77990745537943,-39.6917377938488,0,0.7475763935592283,1.9673062988400503,0.0
4.84,0.02,731.7357300669212,387.02976594189687,0,194.55659471781536,-10.0,35.50987869406288,0.0,-135.09986170357945,0.0,1,-34.74927970024896,21.294496185558785,0,0.7101975738812598,1.8689409838980495,0.0
4.86,0.02,759.3115277053814,375.84816920671375,0,195.23128241300256,-10.0,33.734384759359735,0.0,-135.09986170357945,0.0,1,27.575797638460244,-11.18159673518312,0,0.6746876951872025,1.7754939347031424,0.0
4.88,0.02,787.8044130639506,376.47121984727625,0,195.8722357234304,-10.0,32.04766552139175,0.0,-135.09986170357945,0.0,1,28.492885358569197,0.6230506405624965,0,0.6409533104278466,1.686719237967985,0.0
4.9,0.02,760.1413917519035,350.4546346988078,0,196.48114136833686,-10.0,30.44528224532216,0.0,-135.09986170357945,0.0,1,-27.663021312047135,-26.016585148468437,0,0.6089056449064572,1.6023832760695882,0.0
4.92,0.02,774.8170572540907,391.02112279025073,0,197.059601730998,-10.0,28.92301813305605,0.0,-135.09986170357945,0.0,1,14.675665502187258,40.56648809144292,0,0.5784603626611329,1.522264112266111,0.0
4.94,0.02,764.1186365911107,367.8990503157622,0,197.60913907552606,-10.0,27.476867226403247,0.0,-135.09986170357945,0.0,1,-10.698420662980084,-23.122072474488505,0,0.549537344528062,1.4461509066528038,0.0
4.96,0.02,761.3171560462656,388.2884552758058,0,198.13119955282772,-10.0,26.103023865083085,0.0,-135.09986170357945,0.0,1,-2.801480544845049,20.389404960043578,0,0.5220604773016646,1.3738433613201622,0.0
4.98,0.02,741.9488658056749,354.6737790753208,0,198.6271570062643,-10.0,24.79787267182893,0.0,-135.09986170357945,0.0,1,-19.36829024059068,-33.61467620048501,0,0.49595745343657427,1.3051511932541544,0.0
5.0,0.02,733.6886868242345,388.59425727064144,0,199.09831658702905,-10.0,23.557979038237484,0.0,-135.09986170357945,0.0,1,-8.26017898144039,33.92047819532064,0,0.4711595807647484,1.2398936335914463,0.0
5.0200000000000005,0.02,764.4168340044861,357.12556019558417,0,199.54591818875556,-10.0,22.38008008632561,0.0,-135.09986170357945,0.0,1,30.72814718025154,-31.468697075057264,0,0.4476016017265181,1.1778989519118745,0.0
5.04,0.02,732.2540242734766,365.2038333043769,0,199.97113971039576,-10.0,21.26107608200933,0.0,-135.09986170357945,0.0,1,-32.162809731009474,8.0782731087927,0,0.42522152164019644,1.119004004316281,0.0
5.0600000000000005,0.02,705.0215661634744,347.6070974665174,0,200.37510015595393,-10.0,20.198022277908862,0.0,-135.09986170357945,0.0,1,-27.2324581100022,-17.596735837859455,0,0.40396044555816957,1.0630538041004662,0.0
5.08,0.02,769.6610199027725,344.968828595329,1,200.7920267035024,-9.998496882859532,20.846327377422725,0.07515585702335503,-120.62974101330985,723.5060345134798,1,64.63945373929812,-2.6382688711884157,1,0.4169292570830372,0.6526468454689675,14.470120690269596
5.1000000000000005,0.02,776.4928226347623,352.2402679331527,1,201.22260253331433,-9.99621779251238,21.528791490596532,0.1139545173575911,-108.10590162871706,626.1919692296395,0,6.8318027319897965,7.271439337823722,0,0.4305818615211905,0.68356609176717,12.52383938459279
5.12,0.02,752.9118190848599,381.68601393395124,1,201.66446954503473,-9.996107303558624,22.093350586020833,0.005524447687834666,-99.04744330612758,452.92291612947434,1,-23.581003549902448,29.445746000798522,0,0.4418670255342991,0.574877423660812,9.058458322589487
5.14,0.02,742.7010227001639,357.10308549991083,1,202.11660665902517,-9.995707123154858,22.606855699521645,0.020009020188280324,-88.8581952276145,509.4624039256537,1,-10.210796384695982,-24.58292843404041,0,0.45213729108751055,0.5137093579369595,10.189248078513074
5.16,0.02,726.7960771872281,384.5480367318364,1,202.57742338073433,-9.997761746424276,23.040836085457784,-0.10273116347090205,-83.05983709862906,289.91790644927204,0,-15.904945512935797,27.444951231925586,0,0.4608213021156477,0.45100346790459306,5.798358128985441
5.18,0.02,739.9661770891007,380.02583104329244,1,203.0482367201524,-10.0,23.54066697090329,0.0,-76.80662587868451,312.6605609972273,1,13.170099901872618,-4.522205688543977,0,0.47081865973330533,0.5102789491967334,6.253211219944546
5.2,0.02,723.5388191968921,372.74890331138323,1,203.52740394149015,-10.0,23.958361066887747,0.0,-71.09515718169432,285.57343484950974,1,-16.427357892208647,-7.276927731909211,0,0.4791672213377467,0.4176940959844586,5.711468696990195
5.22,0.02,721.3839138358834,351.62939092346227,1,204.0147095542115,-9.999162939092347,24.36528063606717,0.041853045382688414,-62.561629216780226,426.67639824570466,1,-2.154905361008673,-21.119512387920963,0,0.4873063316443639,0.40906626992331185,8.533527964914093
5.24,0.02,736.1603105598049,394.84380400683136,1,204.5116311979888,-10.0,24.84608218886619,0.0,-59.98526731868725,128.8180949046488,1,14.776396723921494,43.214413083369095,0,0.4969223487883289,0.4826197370412406,2.5763618980929763
5.26,0.02,737.8417150404799,358.8585389361175,1,205.01833701327018,-9.999885853893613,25.33529076406859,0.005707305319412548,-53.84950727127032,306.7880023708465,1,1.6814044806750417,-35.985265070713865,0,0.50670582813828,0.4892418659370523,6.13576004741693
5.28,0.02,768.3956400880215,332.771903599406,1,205.53788239256036,-9.997048898147165,25.977268964508696,0.14184778732238268,-46.522873646262155,366.33168125040817,0,30.55392504754161,-26.08663533671148,0,0.5195531247713587,0.6562547071681234,7.326633625008164
5.3,0.02,759.6330321112712,377.37521655814146,1,206.06939107506167,-9.995949464056531,26.57543412506506,0.05497170453167577,-43.344124737410326,158.9374454425915,1,-8.76260797675036,44.603312958735444,0,0.5315098195984711,0.6044410749316073,3.17874890885183
5.32,0.02,715.839012295064,341.98660052813847,1,206.6084836587925,-9.993048690018712,26.954629186540373,0.1450387018909831,-35.11524613008137,411.44393036644794,0,-43.7940198162072,-35.38861603000299,0,0.5391003879831566,0.3897447352570516,8.228878607328959
5.34,0.02,739.3632415991394,355.58708570820687,1,207.1575125666832,-9.989706624551713,27.451445394536066,0.1671032733499489,-31.079568087092266,201.78390214945506,0,23.524229304075448,13.600485180068404,0,0.5490390797577686,0.49730593183762356,4.035678042989101
5.36,0.02,748.1226753232129,366.3338451365993,1,207.71735374210624,-9.986997943598375,27.99205877115213,0.13543404766695222,-28.693566996811313,119.30005451404763,0,8.75943372407346,10.746759428392409,0,0.5598477280935846,0.5415401765627218,2.3860010902809528
5.38,0.02,741.8383549843712,346.9901126584043,1,208.28737875302772,-9.982988273910877,28.50125054607399,0.20048348437493058,-24.253484304009415,222.0041346400949,0,-6.284320338841667,-19.343732478194966,0,0.5700391131554398,0.5133300038611603,4.440082692801898
5.4,0.02,700.2289144599767,332.64479470444667,1,208.8634266553952,-9.976243083693824,28.80239511837388,0.33725951085269745,-13.389850209310598,543.1817047349408,0,-41.60944052439447,-14.345317953957647,0,0.5760873921663439,0.33075026053614903,10.863634094698817
5.42,0.02,710.7812230043152,371.63473310770826,1,209.4465526800631,-9.97066136678754,29.156301233395453,0.2790858453141558,-16.486811202047722,-154.8480496368562,0,10.552308544338416,38.98993840326159,0,0.5831527383187154,0.3586554246234859,-3.0969609927371238
5.44,0.02,687.2799273354105,354.5964360830316,1,210.03440669746453,-9.96453929348956,29.392700870072503,0.30610366489899743,0.9009829599203734,869.3897080984048,0,-23.501295668904618,-17.038297024676638,0,0.587885895014057,0.23793854415827626,17.387794161968095
5.46,0.02,721.8395767726237,350.0784946475216,1,210.63044467254323,-9.957425069656333,29.801898753935617,0.3557111916613893,3.0608234389252638,107.99202395024452,0,34.559649437213125,-4.517941435510011,0,0.5960804307445999,0.41219390445460585,2.1598404790048904
5.48,0.02,732.646421469317,339.48042563832286,1,211.23574728976888,-9.948258888386938,30.265130861282202,0.45830906346977507,5.894633033003364,141.69047970390503,0,10.80684469669336,-10.598069009198753,0,0.6053720156228574,0.4744579102263631,2.8338095940781005
5.5,0.02,734.3873569481582,341.8034949965224,1,211.85048864268933,-9.937273056617196,30.737067646022993,0.5492915884871632,8.05028929428868,107.78281306426578,0,1.740935478841152,2.3230693581995183,0,0.6148395070993199,0.4806268288912046,2.1556562612853156
5.5200000000000005,0.02,730.8192051232444,338.5095265136508,1,212.4743119161221,-9.924138177498817,31.191163671639217,0.656743955918909,10.780967250119426,136.5338977915373,0,-3.568151824913798,-3.2939684828715485,0,0.6239615384988398,0.4666360592015334,2.730677955830746
5.54,0.02,715.7622645317863,351.69756434333624,1,213.10571141600806,-9.910173054814772,31.56997499429815,0.6982561342022278,12.5712665664804,89.5149658180487,0,-15.056940591458101,13.188037829685413,0,0.6315539193986677,0.38107909824659286,1.790299316360974
5.5600000000000005,0.02,747.0985225532321,376.10632566119,1,213.74782076814935,-9.897818564696847,32.10546760706431,0.6177245058962777,9.112524802367206,-172.93708820565968,0,31.336258021445815,24.40876131785376,0,0.642228194284073,0.5415142486442431,-3.458741764113194
5.58,0.02,741.264091732962,352.45428640447295,1,214.40005652946394,-9.88470950321937,32.61178806572913,0.6554530738739128,9.182743320656062,3.5109259144427973,0,-5.834430820270086,-23.652039256717046,0,0.6523674852645842,0.5077241886144421,0.07021851828885595
5.6000000000000005,0.02,692.8257579266942,338.8308847510141,1,215.0575748665712,-9.869483530216993,32.875916855362604,0.7612986501188423,20.598689326248127,570.7973002796033,0,-48.43833380626779,-13.62340165345887,0,0.6576946053345496,0.2845475417638772,11.415946005592065
5.62,0.02,727.9040764296462,344.07715335868346,1,215.7238836113214,-9.852665272550484,33.315437237510835,0.8409128833254247,21.918793132930965,66.00519033414187,0,35.078318502952015,5.2462686076693785,0,0.6665209652528108,0.4466728024547714,1.3201038066828374
5.64,0.02,697.1257865150777,338.0104526771786,1,216.39590493472315,-9.833648060151694,33.60106617008623,0.9508606199395313,31.390814705322057,473.60107861955464,0,-30.778289914568518,-6.066700681504869,0,0.6722903490859006,0.30605945812982616,9.472021572391093
5.66,0.02,736.8824122217915,339.24917776817074,1,217.07761449934705,-9.81255576552972,34.08547823119518,1.0546147310986775,31.551193563474325,8.018942907613358,0,39.75662570671375,1.2387250909921477,0,0.6820357874716905,0.4953987893911838,0.16037885815226716
5.68,0.02,664.4771248545873,307.24778188191215,1,217.7617717764564,-9.786188249095938,34.20786385546812,1.3183758216891164,41.5203321180837,498.4569277304688,0,-72.40528736720421,-32.00139588625859,0,0.6846651924441497,0.29077165256973414,9.969138554609376
5.7,0.02,721.7346566952126,327.6768218804919,1,218.4541025192353,-9.756588414850205,34.61653713894418,1.4799917122866573,44.06207752222421,127.08727020702533,0,57.25753184062535,20.429039998579754,0,0.6929632079585093,0.4394696220681725,2.5417454041405065
5.72,0.02,698.0599098867611,356.37816450350493,1,219.15223925300288,-9.726626397054822,34.90683668837799,1.498100889769133,57.35118118980065,664.4551833788221,0,-23.67474680845146,28.701342623013034,0,0.6987793797372821,0.2908638353432164,13.289103667576441
5.74,0.02,688.2942143510825,314.7092234949553,1,219.85520540820553,-9.692135301608936,35.148307760133406,1.7245547722943568,63.38982263634487,301.9320723272109,0,-9.765695535678674,-41.66894100854961,0,0.7038118008569244,0.33104325911496163,6.038641446544219
5.76,0.02,672.9383317803747,341.3100037261308,1,220.56146539658624,-9.655775206535662,35.31299941903528,1.8180047536637032,72.8734626786557,474.1820021155416,0,-15.355882570707763,26.600780231175463,0,0.7071953249995757,0.18935744381930714,9.483640042310832
5.78,0.02,656.3486334426523,315.3146029484386,1,221.26936024831122,-9.614946571757232,35.39474258624854,2.04143173892151,79.91452187707492,352.052959920961,0,-16.58969833772244,-25.99540077769217,0,0.7090712929717234,0.23791083020208942,7.0410591984192195
5.8,0.02,663.1246335766969,324.8279085055406,1,221.97956756339386,-9.570600727829355,35.510365754132025,2.2172921963938066,86.65402205573237,336.9750089328725,0,6.77600013404458,9.513305557102,0,0.7115904610592878,0.2104652404882522,6.739500178657451
5.82,0.02,692.7158965111438,324.7726814267965,1,222.6950464681276,-9.522732152044158,35.77394523668774,2.393428789259824,90.16292092347666,175.44494338721464,0,29.591262934446945,-0.05522707874411026,0,0.7170784222570777,0.3170145784830508,3.5088988677442927
5.84,0.02,642.6587375828892,307.02225732353673,1,223.41079124661965,-9.469565801991315,35.78723892460218,2.6583175026421406,95.67991268454298,275.8495880533161,0,-50.05715892825458,-17.750424103259775,0,0.7177166911230211,0.2652220816894885,5.516991761066322
5.86,0.02,677.1076302355634,314.6693759781733,1,224.13024678813525,-9.41186638953629,35.97277707578,2.8849706227512737,99.24870014549165,178.4393730474335,0,34.4488926526742,7.647118654636586,0,0.7217655425518462,0.2929096147238768,3.56878746094867
5.88,0.02,679.3108422486206,374.46172683021877,1,224.8536334138757,-9.355613149764286,36.1693312870231,2.81266198860018,74.45456737301235,-1239.706638623965,0,2.2032120130571684,59.792350852045445,0,0.7255705598251729,0.20943279716938468,-24.7941327724793
5.9,0.02,689.5298725263357,341.477701105393,1,225.5819730268688,-9.297507680102822,36.416980649654775,2.9052734830732145,82.14798304322203,384.6707835104837,0,10.219030277715092,-32.984025724825756,0,0.7306537055674958,0.2643995002272218,7.693415670209674
5.92,0.02,705.3487543590255,323.8912706903103,1,226.3168475152978,-9.235791337510388,36.7437244214499,3.085817129621663,84.45406975581312,115.3043356295548,0,15.81888183268984,-17.586430415082702,0,0.7374614706455999,0.37330617556626927,2.306086712591096
5.94,0.02,693.2784238011956,317.54180606851196,1,227.05704984610693,-9.169829175524807,37.01011654045587,3.298108099279103,88.01308079288769,177.95055185372846,0,-12.070330557829948,-6.349464621798347,0,0.7431355847684019,0.3406350200237602,3.559011037074569
5.96,0.02,682.568947774414,333.969778803662,1,227.8015090716935,-9.101263991419591,37.22296127932793,3.428259205260793,94.10912112719963,304.80201671559684,0,-10.709476026781545,16.427972735150036,0,0.7476100073115075,0.24948385369352932,6.096040334311937
5.98,0.02,689.863766352278,354.29711956189874,1,228.55095467391527,-9.032128519270564,37.47228011108932,3.456773607451299,66.97456508435003,-1356.7278021424797,0,7.294818577864021,20.327340758236744,0,0.7526276796656101,0.2509441192838439,-27.134556042849596
6.0,0.02,673.2247330965193,319.16649131441505,1,229.3037227494467,-8.95890969625298,37.63840377657192,3.660941150879224,74.42194708656858,372.3691001109273,0,-16.639033255758704,-35.130628247483685,0,0.7563205481694786,0.26321371169217,7.447382002218546
6.0200000000000005,0.02,658.8903043850718,332.7363818361397,1,230.05837985541666,-8.88296451141901,37.732855298497284,3.7972592416985256,83.06269203492563,432.03724741785265,0,-14.334428711447572,13.56989052172463,0,0.7584688646809526,0.16584243087532505,8.640744948357053
6.04,0.02,626.4510360829969,337.8974166935837,1,230.8116820649949,-8.804809068254398,37.66511047891227,3.907772158230607,91.84322393134973,439.0265948212047,0,-32.43926830207488,5.161034857444008,0,0.7573456887391062,0.1296243237244968,8.780531896424094
6.0600000000000005,0.02,663.4218407128593,331.7875435057672,1,231.56732645864443,-8.723832379440363,37.782219682476565,4.048834440701771,98.54941483889417,335.3095453772219,0,36.970804629862414,-6.109873187816504,0,0.7599708374571059,0.18333884775311143,6.706190907544439
6.08,0.02,671.1330537562947,340.75686276379986,1,232.32608415766958,-8.640931376902708,37.93788495125804,4.145050126882772,105.31892193860938,338.47535498576065,0,7.71121304343535,8.96931925803267,0,0.7632730979483645,0.1830003665900428,6.769507099715213
6.1000000000000005,0.02,621.642345051696,295.8117401127575,1,233.0830060911999,-8.551611548376329,37.846096676516524,4.465991426318984,109.74351599289632,221.2297027143471,0,-49.49070870459866,-44.94512265104237,0,0.7621737631454277,0.33380893496703884,4.424594054286942
6.12,0.02,670.554004362906,308.02145946211954,1,233.84298342516652,-8.45709386579616,37.99886669833106,4.725884129008387,112.4590781684879,135.7781087795793,0,48.911659311209974,12.209719349362047,0,0.7658323187639267,0.30146790289583886,2.715562175591586
6.140000000000001,0.02,697.960906989214,336.0636718951989,1,234.60875684983208,-8.360182550405513,38.28867123327713,4.845565769532392,115.4708680713521,150.58949514320972,0,27.40690262630801,28.042212433079385,0,0.7718812997959957,0.31354483499784536,3.0117899028641943
6.16,0.02,648.4687458627217,343.0041771091897,1,235.3753771490839,-8.261571652725785,38.33101496259074,4.930544883986443,121.32649631805783,292.7814123352867,0,-49.492161126492306,6.940505213990775,0,0.7729364736937713,0.09494441166061018,5.855628246705734
6.18,0.02,647.7562145312968,308.1639010152429,1,236.14277306978886,-8.15777714514758,38.369796035247234,5.189725378910229,124.09340407279203,138.34538773670957,0,-0.7125313314248842,-34.840276093946784,0,0.7743834960263613,0.2620658324645284,2.7669077547341914
6.2,0.02,617.7749767712636,329.9366920094485,1,236.90794648817092,-8.050976306770322,38.25867091910355,5.340041918862986,128.57346345233736,224.0029689772669,0,-29.981237760033196,21.772790994205593,0,0.7725909521063367,0.18693275160152065,4.480059379545338
6.22,0.02,594.3321135528159,319.1710361628058,1,237.66855311790826,-7.940092572009342,38.030331486867624,5.544186738048957,132.3431688298397,188.48526887511667,0,-23.442863218447656,-10.765655846642687,0,0.7686466339189526,0.3062907173165689,3.7697053775023335
6.24,0.02,641.3930156625353,303.7972690144064,1,238.42929904921186,-7.823588564149803,38.0372965651803,5.8252003929769245,134.02697443690147,84.19028035308855,0,47.060902109719336,-15.373767148399395,0,0.7696151998514075,0.28109995832777446,1.683805607061771
6.26,0.02,627.7929436495315,309.3195142099352,1,239.18882427488043,-7.702016507711258,37.97626128342796,6.078602821927248,136.26387822196284,111.84518925306861,0,-13.600072013003796,5.522245195528797,0,0.7691933003696706,0.26064937486307393,2.236903785061372
6.28,0.02,634.2316369927664,306.5423493625418,1,239.94777266424828,-7.5750986862089675,37.947419468391786,6.3458910751145385,137.9846759592119,86.03988686245287,0,6.438693343234945,-2.777164847393408,0,0.76948735606177,0.26883984188824006,1.7207977372490575
6.3,0.02,663.6631169701011,304.3199374879262,1,240.7090873653131,-7.442612858455469,38.06573505324229,6.624291387674908,138.28994025838207,15.263214958508797,0,29.431479977334675,-2.2224118746156023,0,0.7727564743261399,0.30249844900797207,0.30526429917017595
6.32,0.02,607.4755968996297,333.1165213110339,1,241.4671496260679,-7.307438682833074,37.90311303774044,6.758708781119738,141.75757364683122,173.3816694224572,0,-56.18752007047135,28.79658382310771,0,0.7700197717824324,0.21098330641637802,3.467633388449144
6.34,0.02,614.1486589206216,313.6540913988627,1,242.22262675271477,-7.167629916350566,37.77385633234354,6.990438324125424,143.81158725859206,102.70068058804185,0,6.6730620209918925,-19.462429912171217,0,0.7683047442727174,0.26534105787021484,2.054013611760837
6.36,0.02,621.1210379879088,306.9999019088231,1,242.97621598316044,-7.02252114005894,37.67946152228309,7.255438814581309,145.20878947478127,69.8601108094607,0,6.972379067287193,-6.654189490039585,0,0.7674329190232522,0.2813105758911452,1.3972022161892141
6.38,0.02,637.3755111159973,309.7583926015979,1,243.7295427647177,-6.872388203027473,37.66633907786307,7.506646851573319,146.25612181682618,52.36661710224553,0,16.25447312808842,2.758490692774785,0,0.7681413532632638,0.2515505444178879,1.0473323420449105
6.4,0.02,604.3156017319411,312.2846392571837,1,244.47930110644816,-6.717483729921725,37.48791708652277,7.7452236552874005,148.00692244762166,87.54003153977408,0,-33.05990938405614,2.526246655585794,0,0.765593212340974,0.297914917827667,1.7508006307954815
6.42,0.02,611.2817206129257,307.3030903224271,1,245.2261876202399,-6.55730956584822,37.34432568958739,8.008708203675265,149.25321869196372,62.31481221710311,0,6.966118880984595,-4.9815489347565745,0,0.7638685929664994,0.3000709857900466,1.2462962443420622
6.44,0.02,619.1554756738425,290.69355997064,1,245.97098968159904,-6.390204757771778,37.24010306795661,8.355240403822066,149.4391002032287,9.294075563248327,0,7.873755060916778,-16.6095303517871,0,0.7633178417193495,0.36186588758568455,0.18588151126496655
6.46,0.02,603.8660463400429,321.3459778343123,1,246.7121783475922,-6.219234547478768,37.05943329965683,8.548510514650504,151.38888081752688,97.48903071490957,0,-15.289429333799603,30.65241786367227,0,0.7606519909947919,0.2645654945701209,1.9497806142981915
6.48,0.02,603.6381581351422,315.48484080686956,1,247.44973082939885,-6.043812821266445,36.877624090332546,8.771086310616155,152.87364248102512,74.23808317491165,0,-0.227888204900637,-5.861137027442737,0,0.7581269322788065,0.287392716582841,1.484761663498233
6.5,0.02,625.7060112986278,306.43457431342677,1,248.18585391233535,-5.863034552485464,36.80615414682569,9.038913439049022,153.3878949670937,25.712624303429266,0,22.06785316348555,-9.050266493442791,0,0.7579960261738763,0.27719906844985664,0.5142524860685853
6.5200000000000005,0.02,629.0831184435998,292.3423566825241,1,248.9208853071162,-5.675490519372737,36.75156973904369,9.377201655636402,153.04079914584676,-17.35479106234692,0,3.377107144972001,-14.092217630902667,0,0.7585801972564843,0.342663647115917,-0.3470958212469384
6.54,0.02,611.2691565307666,297.26949573130184,1,249.65304361755017,-5.481673435833139,36.60791552169752,9.690854176979892,153.43314857559898,19.61747148761077,0,-17.81396191283318,4.927139048777747,0,0.7573776161263981,0.34498469285820293,0.39234942975221543
6.5600000000000005,0.02,629.5874555438024,319.8119235203603,1,250.3841606735385,-5.283837544645578,36.55585279941653,9.891794559378091,154.71701937644593,64.19354004234776,0,18.318299013035812,22.54242778905848,0,0.7574108458419558,0.20757544250137702,1.2838708008469553
6.58,0.02,581.6266215978723,286.14834608604485,1,251.10944039168663,-5.07861648806662,36.26398590740588,10.261052828947868,155.02870656132401,15.584359243904089,0,-47.960833945930176,-33.66357743431547,0,0.7537548352219138,0.4706781833669579,0.3116871848780818
6.6000000000000005,0.02,606.7566800140884,298.4079947817301,1,251.83139577783615,-4.867236230965836,36.09776930747633,10.569012855039217,155.42679296258854,19.904320063226066,0,25.130058416216116,12.259648695685257,0,0.7522640445231262,0.34995333369225995,0.39808640126452133
6.62,0.02,623.5072777070804,317.79509955074985,1,252.55170189175638,-4.651635483820127,36.01530569601172,10.780037357285469,156.5713632558691,57.228514664028296,0,16.750597692992073,19.387104769019743,0,0.7518806952706341,0.22656475401982432,1.144570293280566
6.640000000000001,0.02,604.4237744626595,300.41602092932544,1,253.26845038312288,-4.43007633876735,35.83742456832502,11.077957252638841,156.9904501362632,20.954344019705218,0,-19.083503244420967,-17.379078621424412,0,0.7502112066829408,0.3469840913276247,0.41908688039410436
6.66,0.02,603.0369433645965,320.6649179446436,1,253.98150256882585,-4.2045836855090375,35.652609285148,11.274632662915623,158.4101130143294,70.98314390330955,0,-1.3868310980629985,20.248897015318164,0,0.7478571763440176,0.2698849864355952,1.419662878066191
6.68,0.02,578.6440602683939,293.8291083188267,1,254.68841916055564,-3.9724739430826075,35.34582958648997,11.60548712132149,158.76694137148124,17.841417857592035,0,-24.39288309620258,-26.83580962581692,0,0.7440470416526979,0.45119669342289404,0.3568283571518407
6.7,0.02,612.166648727507,296.5726549021071,1,255.39255241715819,-3.7340214661463884,35.2066628301275,11.922623846810954,158.69587137575104,-3.553499786509917,0,33.52258845911308,2.74354658328042,0,0.7434132274924391,0.34632800743028386,-0.07106999573019834
6.72,0.02,593.8175339596223,310.3592705149497,1,256.0920674271567,-3.490604916261664,34.97575049992561,12.170827494236205,159.5973310219981,45.072982312352394,0,-18.349114767884657,13.786615612842581,0,0.7406570501730025,0.3390067179783679,0.9014596462470479
6.74,0.02,582.4573493641109,296.4266338146218,1,256.7858281720916,-3.2408310297584024,34.68803724674616,12.488694325163095,159.94614654655254,17.440776227722665,0,-11.360184595511441,-13.932636700327862,0,0.737354030023312,0.42874029231996036,0.3488155245544533
6.76,0.02,584.069345736341,297.9716763983643,1,257.4739958516002,-2.9848543108949768,34.40838397542787,12.798835943171273,160.32356505452776,18.870925398761074,0,1.6119963722301236,1.545042583742486,0,0.7342335021778224,0.4176048076588135,0.3774185079752215
6.78,0.02,572.2018107864178,299.7169405236976,1,258.1553837121874,-2.722849286083921,34.069393029359944,13.100251240552785,160.8836848375666,28.005989151941435,0,-11.867534949923197,1.7452641253332786,0,0.7300246910768657,0.45361442107985395,0.5601197830388287
6.8,0.02,586.0745495059498,294.12399856038166,1,258.83137902772523,-2.4542566611289036,33.799765776889686,13.429631247750876,161.01534474656054,6.582995449697648,0,13.87273871953198,-5.592941963315923,0,0.7274006219472879,0.425664239062286,0.13165990899395297
6.82,0.02,587.4004369972927,314.1943245153154,1,259.5021143869628,-2.1810834686254177,33.53676796187615,13.6586596251743,162.0355879547308,51.01216040851284,0,1.3258874913428826,20.070325954933708,0,0.7242302915744813,0.3487432413210318,1.0202432081702568
6.84,0.02,596.6626726162406,285.8219082720373,1,260.1685160134619,-1.9004924669491354,33.32008132495734,14.029550083814113,161.5569581545378,-23.931490009650247,0,9.262235618947898,-28.372416243278053,0,0.7230646153853586,0.42954956748812434,-0.47862980019300494
6.86,0.02,564.7821312704707,292.1332739768803,1,260.8273958530881,-1.6131147926705411,32.94399198130971,14.368883713929712,161.85138139951115,14.721162248667952,0,-31.88054134576987,6.311365704842956,0,0.7188244366600334,0.5065476354033636,0.29442324497335903
6.88,0.02,556.344369820204,297.2668600371021,1,261.4779101296963,-1.319463804395657,32.52571383041074,14.682549413744201,162.40154428606954,27.508144327919126,0,-8.437761450266748,5.13358606022183,0,0.7137224439415473,0.5228219417350187,0.5501628865583825
6.9,0.02,563.9030924026678,298.6490196905031,1,262.1208147155448,-1.0196777180898233,32.14522929242408,14.989304315291687,162.9016978137711,25.007676385078526,0,7.558722582463815,1.382159653401004,0,0.7093645071806157,0.48874027179098917,0.5001535277015705
6.92,0.02,592.0138117699129,286.2109363217701,1,262.75892068257025,-0.7125127254161665,31.90529835127363,15.358249633682837,162.50448277280913,-19.860752048099073,0,28.11071936724511,-12.438083368733032,0,0.7081875160419833,0.44009942568025073,-0.39721504096198146
6.94,0.02,612.505636443514,311.0535473600369,1,263.39427721324006,-0.4004530874785135,31.767826533491203,15.602981896882651,163.15124206361858,32.3379645404728,0,20.491824673601172,24.842611038266796,0,0.7078553091519173,0.28069980643974096,0.6467592908094559
6.96,0.02,578.1526314139396,293.27623708419327,1,264.0234490070513,-0.0817210732492798,31.458589690560913,15.936600711461685,163.27545014340168,6.210403989155111,0,-34.35300502957443,-17.777310275843604,0,0.705299399561816,0.4548944256271028,0.12420807978310222
6.98,0.02,517.8794916219621,270.6370118588722,1,264.6404087500247,0.24594723979406663,30.847987148670725,16.383415652167322,163.23657193526475,-1.9439104068467827,0,-60.27313979197754,-22.63922522532107,0,0.6985741534171352,0.7566234568135866,-0.038878208136935655
7.0,0.02,569.4038217048222,283.33404532714445,1,265.25030887516857,0.5812821483046986,30.495006257194845,16.7667454255316,163.09805892939914,-6.925650293280228,0,51.52433008286016,12.697033468272252,0,0.6960083789124758,0.5210923381653346,-0.13851300586560455
7.0200000000000005,0.02,577.4665372340941,289.4026092907337,1,265.8539556540359,0.9236767958862573,30.18233894336531,17.11973237907793,163.14023173002226,2.1086400311560283,0,8.062715529271827,6.06856396358927,0,0.6939910145883502,0.47155131058167715,0.042172800623120565
7.04,0.02,555.1855463405356,297.9496898188564,1,266.44912098753724,1.2722764744859303,29.758266675067986,17.42998392998365,163.75932429111865,30.95462805481901,0,-22.28099089355851,8.547080528122706,0,0.6897416256262867,0.5254458236376421,0.6190925610963802
7.0600000000000005,0.02,544.8168743386739,290.8560941357349,1,267.0347680084725,1.6277905436720297,29.28235104676135,17.775703459304975,164.15090003347436,19.578787117785623,0,-10.368672001861682,-7.093595683121521,0,0.6851077918981785,0.5882326735405474,0.39157574235571246
7.08,0.02,569.2951799197425,274.7792348725434,1,267.6133445473997,1.991826689370875,28.928826946360076,18.20180728494226,163.65655597422594,-24.71720296242097,0,24.47830558106864,-16.076859263191523,0,0.683573790290613,0.5536639412019341,-0.4943440592484194
7.1000000000000005,0.02,566.8824462384127,278.9113853640045,1,268.18460933095076,2.3639716965333197,28.56323917755215,18.607250358122236,163.42923477841043,-11.366059790775296,0,-2.412733681329769,4.132150491461118,0,0.6817883537297752,0.5459290267897313,-0.22732119581550592
7.12,0.02,575.2002853507081,293.1194881962952,1,268.74939414303685,2.742804754876135,28.239240604305692,18.94165291714076,163.7416330946059,15.619915809773488,0,8.31783911229536,14.208102832290706,0,0.680070856643989,0.46561802686738524,0.31239831619546976
7.140000000000001,0.02,593.7376457472506,261.1469395454864,1,269.3095527196977,3.1315231192644015,28.00792883304196,19.435918219413328,162.32851370000765,-70.65596972991273,0,18.537360396542454,-31.97254865080879,0,0.6818207959716415,0.5457135920570032,-1.4131193945982545
7.16,0.02,565.8919691709748,277.4604908528033,1,269.86230049327565,3.528495434567388,27.63738867889684,19.84861576514931,162.26354674415796,-3.2483477924841964,0,-27.845676576275764,16.313551307316857,0,0.6805270900650411,0.554634357113218,-0.06496695584968393
7.18,0.02,560.6455408032192,287.62228672475,1,270.4071128209339,3.932705521197899,27.240616382912933,20.210504331525563,162.69425352194867,21.535338889535183,0,-5.246428367755584,10.161795871946708,0,0.6783850429529158,0.5370210324877418,0.43070677779070365
7.2,0.02,554.3296995908878,267.9515129565136,1,270.94335811855126,4.346120456532759,26.812264880867374,20.670746766742994,162.4245440877414,-13.485471710363583,0,-6.3158412123314065,-19.67077376823636,0,0.6771048131380165,0.628735324663373,-0.26970943420727167
7.22,0.02,539.2807953533392,279.2299831002237,1,271.46953149570396,4.767612393557597,26.30866885763406,21.074596851241875,162.76838753795812,17.1921725108362,0,-15.04890423754864,11.27847014371008,0,0.6741764426329575,0.6455260222223127,0.343843450216724
7.24,0.02,543.7452937974156,284.1379116385679,1,271.9860794022364,5.196690539418578,25.82739532662113,21.453907293049035,163.2355123634729,23.356241275739364,0,4.464498444076412,4.907928538344208,0,0.6715130639075656,0.6127810562652846,0.4671248255147873
7.26,0.02,523.8410610656437,265.9470867534068,1,272.49101141487535,5.635173976604218,25.246600631949335,21.924171859282,163.2354490499916,-0.003165674065996882,0,-19.904232731771913,-18.190824885161135,0,0.6687481305198277,0.7473093332838708,-6.331348131993764e-05
7.28,0.02,553.3813148834971,268.3626852280204,1,272.98728155900267,6.082821145267056,24.813507206366822,22.3823584331419,163.01342912121066,-11.100996439046185,0,29.540253817853454,2.4155984746136028,0,0.6683352778089819,0.6304798583208405,-0.2220199287809237
7.3,0.02,509.9400738434834,306.2960270164354,1,273.47054571051433,6.5358387112282506,24.163207575584252,22.650878298059723,164.44241533677962,71.44931077844774,0,-43.44124104001372,37.93334178841502,0,0.6623965241497661,0.7035570535865823,1.4289862155689548
7.32,0.02,525.2482618881753,239.9733591510095,1,273.9423346882148,7.000858941274344,23.589448885025135,23.251011502304674,163.5561310527361,-44.314214202175606,0,15.308188044691917,-66.3226678654259,0,0.6624414342655529,0.8302763984538072,-0.8862842840435121
7.34,0.02,533.2524079686997,264.6539729221453,1,274.4034489067122,7.4754137740282225,23.05571092486862,23.72774163769395,163.46094689514018,-4.759207879796179,0,8.004146080524379,24.680613771135768,0,0.6616861883026502,0.7156450461648661,-0.09518415759592358
7.36,0.02,504.5038485020596,274.45735211840713,1,274.8510135100598,7.958522871570261,22.37823016737893,24.155454877101914,163.94780240012295,24.342775249138526,0,-28.748559466640074,9.803379196261858,0,0.6585654669792255,0.8011983474356762,0.4868555049827705
7.38,0.02,541.6423111985201,237.77931293398706,1,275.2887423445272,8.4538540378189,21.886441723371533,24.76655831243198,162.84443814096474,-55.16821295791061,0,37.13846269646052,-36.67803918442007,0,0.6610291194655735,0.7844126989865886,-1.1033642591582122
7.4,0.02,549.0279953435291,260.4733848295064,1,275.71737397852894,8.959137865584589,21.431581700089183,25.264191388284445,162.54918204451894,-14.762804822289866,0,7.385684145009009,22.694071895519357,0,0.6625985392894901,0.6741930872997783,-0.2952560964457973
7.42,0.02,529.575625775789,267.38856430975443,1,276.1349631751083,9.473682836919302,20.879459828968137,25.727248566735675,162.7809397281379,11.587884180947583,0,-19.452369567740107,6.915179480248014,0,0.6626743277248798,0.7205973293632291,0.23175768361895166
7.44,0.02,544.4896512285687,312.7747194983869,1,276.5430013368105,9.992950336304176,20.401908085110975,25.96337496924374,128.70038034057984,-1704.0279693779028,0,14.914025452779697,45.38615518863247,0,0.6604043286674833,0.5327394729343964,-34.080559387558054
7.46,0.02,507.45305899649486,278.31716925177466,1,276.9377848044124,10.520386118763874,19.739173380093447,26.371789122984868,132.87541534073785,208.75175000790023,0,-37.03659223207387,-34.45755024661224,0,0.6588190122565076,0.7784724851982567,4.1750350001580046
7.48,0.02,541.474246177792,296.78938095756905,1,277.32271569663203,11.054142963127815,19.24654461098241,26.687842218197023,137.17732042546703,215.09525423645925,0,34.02118718129714,18.472211705794393,0,0.6580791447009717,0.5852970725614794,4.301905084729185
7.5,0.02,519.0929452711807,287.16223911186313,1,277.6955558833788,11.59518358358057,18.64200933733831,27.052031022637706,140.78421149804956,180.34455362912638,0,-22.381300906611273,-9.627141845705921,0,0.6570652614720008,0.705759436607039,3.6068910725825276
7.5200000000000005,0.02,520.5089529371436,266.5022897083208,1,278.0564469654193,12.145573975062492,18.044554102024037,27.5195195740961,143.31730083883883,126.65446703946373,0,1.4160076659628658,-20.659949403542328,0,0.6581580024067046,0.7586160451434569,2.5330893407892745
7.54,0.02,504.6035161418102,256.1222404791393,1,278.40379839907393,12.7063521424965,17.3675716827331,28.038908371700405,145.41625433358408,104.94767473726228,0,-15.9054367953334,-10.380049229181509,0,0.6596401833822566,0.8532701325523202,2.0989534947452455
7.5600000000000005,0.02,536.4172740109414,277.91919452916636,1,278.7407915601297,13.275338390477593,16.849658052787802,28.449312399054573,147.8351856494053,120.94656579106129,0,31.813757869131166,21.796954050027068,0,0.6612939898335407,0.6608070775586744,2.418931315821226
7.58,0.02,522.9081704519009,255.44900889182762,1,279.0660755382307,13.854779737569501,16.26419890504731,28.972067354595435,149.32148050418567,74.31474273901841,0,-13.509103559040454,-22.470185637338744,0,0.6645012724810069,0.784879071714588,1.4862948547803683
7.6000000000000005,0.02,553.1222203729033,251.578234545734,1,279.3826717383689,14.445063261206837,15.829810006911814,29.514176181866766,150.12722940917772,40.28744524960217,0,30.214049921002356,-3.8707743460936115,0,0.6698266881960426,0.6946766840976222,0.8057489049920434
7.62,0.02,525.4467142331375,280.4935361119719,1,279.68781260993046,15.043297431232975,15.2570435780775,29.911708501306908,152.3418238027792,110.72971968007437,0,-27.67550613976573,28.915301566237872,0,0.6715616678192734,0.6972039350140472,2.2145943936014874
7.640000000000001,0.02,510.4926439575135,240.950032792263,1,279.98000274588776,15.653436597979887,14.60950679786508,30.506958337345594,153.0992190306075,37.86976139141416,0,-14.95407027562402,-39.54350331970889,0,0.6764945516036033,0.8795602588975643,0.7573952278282832
7.66,0.02,491.16719611831485,225.98734484692062,1,280.2573096014569,16.276977030242108,13.86534277845665,31.17702161311099,153.5803108302833,24.054589983791175,0,-19.32544783919866,-14.962687945342367,0,0.6824234483159203,1.001381486403441,0.4810917996758235
7.68,0.02,519.4427633203487,278.14882248522343,1,280.52256073335803,16.908702580255806,13.262556595058399,31.586277500684872,155.49853008870667,95.91096292116816,0,28.27556720203387,52.16147763830281,0,0.6851535109119355,0.7285887484786705,1.9182192584233633
7.7,0.02,508.76432935547234,239.68857122133596,1,280.77468829819475,17.55245927314737,12.60637824183577,32.18783464457819,155.9813032114492,24.138656137125736,0,-10.678433964876376,-38.46025126388747,0,0.6913689236530483,0.8901915684879548,0.4827731227425147
7.72,0.02,485.4209006878023,300.26921327113854,1,281.01135795310023,18.20218904471182,11.833482745274793,32.48648857822249,122.55163037392151,-1671.4836418763837,0,-23.343428667670025,60.58064204980258,0,0.6914920835485184,0.8285901403501345,-33.429672837527676
7.74,0.02,488.1413150667989,263.7657511042638,1,281.2328417395124,18.861542241165843,11.074189320608795,32.96765982270117,127.30870953585001,237.8539580964251,0,2.7204143789965656,-36.503462166874726,0,0.695558556354259,0.8989172772030704,4.757079161928502
7.76,0.02,516.2860237572006,279.06223967415394,1,281.4419541283003,19.52898921365245,10.455619439394795,33.3723486243304,132.0173505747224,235.4320519436193,0,28.14470869040173,15.29648856989013,0,0.6994379545221446,0.7391899107192972,4.708641038872386
7.78,0.02,514.7331222964938,246.27355222587454,1,281.6385398293179,20.207808830916473,9.82928505087726,33.94098086320103,135.06023508895402,152.14422571158082,0,-1.5529014607068348,-32.788687448279404,0,0.7067121129760279,0.8459535385129942,3.0428845142316163
7.8,0.02,461.07043002585095,255.54779320459195,1,281.817232573338,20.897073668860035,8.93463720100651,34.463241897178065,138.53093999335172,173.53524521988533,0,-53.66269227064282,9.274240978717415,0,0.7120513419626431,1.0359301920926536,3.4707049043977065
7.82,0.02,507.3203251000284,292.3939163536173,1,281.98265734986813,21.593099115168233,8.27123882650666,34.801272315409975,106.75449812770938,-1588.822093282117,0,46.24989507417746,36.846123149025374,0,0.7154137114974594,0.7445548783931788,-31.77644186564234
7.84,0.02,488.4860712080434,257.73312666431144,1,282.13293073351906,22.29935124881,7.513669182546877,35.312606682088415,113.00329081383046,312.4396343060539,0,-18.834253891984986,-34.660789689305886,0,0.7220624392027669,0.9139882931393567,6.248792686121078
7.86,0.02,509.65085971046796,226.95144687521957,1,282.27016920314105,23.018908237764247,6.861923481099225,35.977849447712316,117.40506814706309,220.0888666616315,0,21.16478850242453,-30.781679789091868,0,0.7325275816630294,0.9313003793462283,4.40177733323263
7.88,0.02,493.90444767583165,276.9222021847628,1,282.3927981175306,23.746773006500018,6.1314457194783785,36.3932384367885,123.29273319666346,294.3832524800186,0,-15.746412034636307,49.97075530954322,0,0.7381225997157518,0.8403248017691357,5.887665049600372
7.9,0.02,506.33022174837737,270.9023263794206,1,282.502060054095,24.483547542597844,5.463096828220259,36.838726804891394,128.3547383242276,253.10025637820743,0,12.425774072545721,-6.019875805342224,0,0.7448321205640696,0.8032123794868558,5.062005127564149
7.92,0.02,466.4606535240068,244.01098325004392,0,282.60585889383117,25.201744987973715,5.189941986809246,35.90987226879357,128.3547383242276,0.0,0,-39.869568224370596,-26.89134312937665,1,0.7256595411589377,0.9681860960661324,0.0
7.94,0.02,442.4202627730293,256.4859195356738,0,282.70446779158056,25.90173688444207,4.930444887468783,34.9995948234177,128.3547383242276,0.0,0,-24.04039075097745,12.474936285629894,0,0.7069033666893322,0.9465430640631893,0.0
7.96,0.02,504.87049481500753,240.72293614656823,0,282.7981462444425,26.583887342981058,4.683922643095344,34.10752292694935,128.3547383242276,0.0,0,62.45023204197821,-15.762983389105585,0,0.6885527580480346,0.9255082308869863,0.0
7.98,0.02,490.48396235158003,262.832413914129,0,282.8871407746613,27.248553192349267,4.449726510940577,33.23329246841036,128.3547383242276,0.0,0,-14.3865324634275,22.109477767560776,0,0.6705972843109583,0.9050561987819009,0.0
8.0,0.02,491.86868791891743,248.01366044477916,0,282.97168557836915,27.89608412473011,4.227240185393548,32.37654661904216,128.3547383242276,0.0,0,1.384725567337398,-14.818753469349843,0,0.6530269000768658,0.8851630445658367,0.0
8.02,0.02,487.4490849269376,271.48494932393066,0,283.05200314189165,28.526822838463335,4.01587817612387,31.536935686661316,128.3547383242276,0.0,0,-4.419602991979843,23.4712888791515,0,0.6358319243416733,0.8658062235488633,0.0
8.040000000000001,0.02,471.57185465303826,249.84861511044946,0,283.128304827238,29.141105177921897,3.815084267317676,30.71411697292809,128.3547383242276,0.0,0,-15.877230273899329,-21.636334213481206,0,0.6190030207982686,0.8469644794696365,0.0
8.06,0.02,481.286251323804,272.1303142145705,0,283.2007914283171,29.739260270591288,3.624330053951792,29.907754633469526,128.3547383242276,0.0,0,9.714396670765723,22.28169910412103,0,0.6025311794607151,0.8286177601366769,0.0
8.08,0.02,457.0272495328278,248.9016607011518,0,283.26965369934214,30.32161066140729,3.443113551254202,29.117519540800135,128.3547383242276,0.0,0,-24.259001790976185,-23.228653513418692,0,0.5864076995182463,0.810747138469293,0.0
8.1,0.02,459.22355322730624,244.27025986077143,0,283.335072856816,30.888472444406975,3.2709578736914917,28.34308914998413,128.3547383242276,0.0,0,2.196303694478445,-4.6314008403803655,0,0.570624173331423,0.7933347386422108,0.0
8.120000000000001,0.02,480.892901978344,264.04005968994016,0,283.39722105641613,31.440155391746664,3.107409980006917,27.584147366984446,128.3547383242276,0.0,0,21.669348751037774,19.769799829168733,0,0.555172471488765,0.7763636670474743,0.0
8.14,0.02,473.8210380946591,254.7365530137271,0,283.4562618460363,31.97696308013956,2.952039481006571,26.840384419644757,128.3547383242276,0.0,0,-7.071863883684898,-9.303506676213061,0,0.5400447288481707,0.7598179477973908,0.0
8.16,0.02,505.19910156779326,221.69020176357003,0,283.5123505961754,32.49919301476459,2.8044375069562424,26.111496731251858,128.3547383242276,0.0,0,31.378063473134148,-33.04635125015707,0,0.5252333314924287,0.7436824625028461,0.0
8.18,0.02,500.4458227679999,239.24172435528087,0,283.56563490880757,33.00713675069713,2.66421563160843,25.39718679662682,128.3547383242276,0.0,0,-4.75327879979335,17.551522591710835,0,0.5107309045336734,0.7279428940721138,0.0
8.2,0.02,451.5971658277385,247.16100843329943,0,283.6162550058081,33.501080011911014,2.5310048500280082,24.69716306069428,128.3547383242276,0.0,0,-48.848656940261435,7.919284078018563,0,0.4965303007057614,0.7125856742864094,0.0
8.22,0.02,477.0754816437972,257.3880155358753,0,283.66434409795863,33.98130280790062,2.4044546075266076,24.011139799480393,128.3547383242276,0.0,0,25.47831581605874,10.227007102575868,0,0.48262458968843924,0.69759793491932,0.0
8.24,0.02,502.6806098835145,265.20282869761536,0,283.7100287355016,34.44807954797044,2.284231877150277,23.338837003490784,128.3547383242276,0.0,0,25.60512823971726,7.814813161740062,0,0.46900704811083704,0.6829674621785324,0.0
8.26,0.02,462.2068347126259,225.48497238402007,0,283.7534291411675,34.90167915323886,2.170020283292763,22.679980263420966,128.3547383242276,0.0,0,-40.47377517088859,-39.71785631359529,0,0.4556711501857785,0.6686826542590308,0.0
8.28,0.02,491.6089685644262,247.74781347847272,0,283.79465952655005,35.34236516640191,2.0615192691281248,22.034300658152546,128.3547383242276,0.0,0,29.40213385180033,22.262841094452654,0,0.4426105589300153,0.654732481807904,0.0
8.3,0.02,486.0120887942897,244.7166130993489,1,283.82049112081205,35.79457951825503,1.2915797130995639,22.610717592655803,131.10852273456376,137.6892205168076,0,-5.596879770136525,-3.031200379123817,1,0.45295153304084285,0.9618021638151941,2.753784410336152
8.32,0.02,455.00430607010765,253.02098123425347,1,283.82782314568107,36.25749177198472,0.3666012434501038,23.145612686484537,134.18816567750793,153.98214714720808,0,-31.00778272418205,8.304368134904564,0,0.4629703157242174,1.0685026582639405,3.0796429429441616
8.34,0.02,483.5256874523803,218.34329540005578,1,283.8195077392953,36.734569696174404,-0.41577031928798824,23.853896209484258,135.6577518188685,73.47930706802828,0,28.521381382272637,-34.67768583419769,0,0.4771503869143354,1.0553534058002283,1.4695861413605655
8.36,0.02,484.61116438298086,221.28349562106058,1,283.79565344934787,37.22551927080198,-1.1927144973730908,24.547478731378956,137.05601826902856,69.91332250800326,0,1.0854769306005778,2.940200221004801,0,0.4915287498975995,1.0414888240101974,1.3982664501600652
8.38,0.02,513.5240587766303,244.7225997216876,1,283.75915156527805,37.72799658545739,-1.8250942034899271,25.12386573277052,138.56053375046133,75.2257740716388,0,28.91289439364948,23.43910410062702,0,0.5038013887276978,0.8556436571853809,1.504515481432776
8.4,0.02,454.7116566321776,213.5807532439118,1,283.7041208468715,38.24511582478841,-2.751535920329049,25.85596196655096,139.9265429962485,68.30046228935771,0,-58.81240214445273,-31.1418464777758,0,0.5200391212732276,1.1807875127284029,1.3660092457871542
8.42,0.02,477.8671572600873,237.4623414096434,1,283.6328768441909,38.77448882997846,-3.5622001340286165,26.468650259502745,141.51583245385902,79.46447288052667,0,23.155500627909703,23.881588165731586,0,0.5341455668091806,1.0161512740204133,1.5892894576105334
8.44,0.02,457.74289805945693,247.1757479799102,1,283.54340713131626,39.31514426037052,-4.473485643731324,27.032771519603195,143.49138837110695,98.77779586239654,0,-20.124259200630377,9.713406570266812,0,0.5480083246943401,1.07176213605979,1.975555917247931
8.46,0.02,454.76822642938083,256.34877939671145,1,283.4354142410846,39.866164812822916,-5.3996445115844285,27.55102762261964,145.58692064695776,104.77661379254073,0,-2.9746716300761022,9.173031416801251,0,0.5615034403861945,1.061300917184535,2.0955322758508146
8.48,0.02,510.6214965215066,254.00284615890774,1,283.31448350050505,40.42778508065942,-6.046537028976902,28.0810133918251,146.7261420187008,56.9610685871524,0,55.85327009212574,-2.345933237803706,0,0.5744924449127745,0.8362743835719676,1.139221371743048
8.5,0.02,472.6275186185149,237.52590603010893,1,283.17681551178737,41.00165275789291,-6.883399435884316,28.693383861674555,147.75714505146286,51.55015163810219,0,-37.99397790299167,-16.476940128798816,0,0.5901496302556981,1.0369842238137057,1.0310030327620439
8.52,0.02,439.8249006942679,231.39171182824117,1,283.0191300131391,41.58838126394358,-7.88427493241298,29.33642530253335,148.9045276185313,57.36912835342167,0,-32.80261792424699,-6.134194201867757,0,0.6075483983160564,1.1896445074950983,1.1473825670684334
8.540000000000001,0.02,491.5432265428012,198.56464878229124,1,282.8465988371451,42.19125330511602,-8.626558799698985,30.143602058621894,148.25112290987676,-32.67023543272671,0,51.71832584853331,-32.82706304594993,0,0.6270739228490446,1.0965945719374568,-0.6534047086545343
8.56,0.02,436.6482787000056,245.09255633847167,1,282.65373248902114,42.80561609065461,-9.643317406198948,30.718139276929538,149.80614512923114,77.75111096771923,0,-54.8949478427956,46.52790755618042,0,0.6439247320094257,1.167857473800819,1.5550222193543846
8.58,0.02,464.34478606330117,248.3386525554668,1,282.4433006195035,43.431145010937655,-10.521593475882442,31.276446014152203,151.06342208235452,62.863847656169014,0,27.696507363295552,3.2460962169951415,0,0.6599757585087284,1.0407090214881891,1.2572769531233803
8.6,0.02,487.9143213049641,213.96436929743894,0,282.2433903434617,44.04032175281504,-9.99551380208832,30.458837093869157,151.06342208235452,0.0,0,23.569535241662948,-34.37428325802787,1,0.6411399389458071,0.9722366839950745,0.0
8.620000000000001,0.02,478.72653079129685,239.11485421829124,0,282.0534755812221,44.633473359854875,-9.495738111983904,29.657580351991772,151.06342208235452,0.0,0,-9.187790513667267,25.150484920852307,0,0.6228133314649613,0.9443453323987508,0.0
8.64,0.02,448.1363564935965,232.86039276208047,0,281.8730565570944,45.210920334753915,-9.020951206384709,28.872348744951935,151.06342208235452,0.0,0,-30.590174297700344,-6.254461456210777,0,0.6049760599290142,0.9176117274876253,0.0
8.66,0.02,407.04566149303844,211.76658174784725,0,281.7016584841731,45.772976770154976,-8.569903646065473,28.102821770052895,151.06342208235452,0.0,0,-41.09069500055807,-21.09381101423321,0,0.5876093395929685,0.891972906969266,0.0
8.68,0.02,445.0819717976695,221.21775393224323,0,281.53883031489784,46.319950476848014,-8.141408463762199,27.348685334651837,151.06342208235452,0.0,0,38.03631030463106,9.451172184395972,0,0.5706954078342084,0.8673695201334498,0.0
8.700000000000001,0.02,429.83108563772004,237.3539549462008,0,281.38414355408634,46.85214310940719,-7.734338040574088,26.609631627958798,151.06342208235452,0.0,0,-15.25088615994946,16.13620101395756,0,0.5542174592347463,0.8437456434324666,0.0
8.72,0.02,477.4714363968595,235.52585211445572,0,281.23719113131546,47.36985028931518,-7.347621138545383,25.88535899539962,151.06342208235452,0.0,0,47.64035075913944,-1.8281028317450705,0,0.5381595847762256,0.8210486030612806,0.0
8.74,0.02,479.78773831629843,234.07411176003612,0,281.0975863296831,47.87336172562502,-6.980240081618114,25.175571815491626,151.06342208235452,0.0,0,2.3163019194389562,-1.4517403544195986,0,0.5225067149172345,0.7992288043800356,0.0
8.76,0.02,426.9598140762602,237.60094519638804,0,280.96496176813235,48.36296133320865,-6.631228077537208,24.479980379181793,151.06342208235452,0.0,0,-52.827924240038215,3.5268334363519216,0,0.5072445663312518,0.778239568038112,0.0
8.78,0.02,457.76307304311194,225.1821061876331,0,280.83896843465914,48.83892734864062,-6.299666673660347,23.798300771598154,151.06342208235452,0.0,0,30.80325896685173,-12.41883900875493,0,0.49235959209288777,0.7580369726709768,0.0
8.8,0.02,452.8789062104798,215.51145821256532,0,280.7192747678596,49.30153244376394,-5.984683339977329,23.130254756166188,151.06342208235452,0.0,0,-4.884166832632161,-9.670647975067794,0,0.4778389351088708,0.7385797040486511,0.0
8.82,0.02,467.7790222967204,237.1114859310966,0,280.6055657844,49.7510438369848,-5.685449172978463,22.47556966104286,151.06342208235452,0.0,0,14.900116086240644,21.600027718531294,0,0.4636703845996257,0.7198289105587139,0.0
8.84,0.02,434.4846106932975,213.22708708910105,0,280.49754225011344,50.18772340234124,-5.401176714329539,21.833978267822,151.06342208235452,0.0,0,-33.29441160342293,-23.884398841995562,0,0.44984233544616165,0.7017480649074771,0.0
8.86,0.02,471.0387277615026,242.83705225286943,0,280.39491989254117,50.611827776390555,-5.131117878613062,21.205218702465558,151.06342208235452,0.0,0,36.55411706820513,29.60996516376838,0,0.43634375022618554,0.6843028319214837,0.0
8.88,0.02,461.0121712620132,248.37577986164484,0,280.29742865284754,51.02360846295888,-4.874561984682408,20.589034328416243,151.06342208235452,0.0,0,-10.026556499489402,5.538727608775417,0,0.4231641237719511,0.6674609423277909,0.0
8.9,0.02,434.7685088683446,232.31261392666477,0,280.20481197513857,51.423311935795844,-4.630833885448288,19.985173641847915,151.06342208235452,0.0,0,-26.243662393668615,-16.063165934980077,0,0.4102934500912433,0.6511920723865197,0.0
8.92,0.02,435.49251508861886,221.2926079309642,0,280.11682613131507,51.81117973917606,-4.399292191175873,19.393390169010956,151.06342208235452,0.0,0,0.7240062202742479,-11.020005995700558,0,0.3977221915009633,0.6354677292432019,0.0
8.94,0.02,425.8505826609302,246.1397290521119,0,280.03323957968274,52.18744858648868,-4.17932758161708,18.813442365630735,151.06342208235452,0.0,0,-9.641932427688687,24.847121121147694,0,0.3854412498316024,0.6202611418619555,0.0
8.96,0.02,454.381732188091,246.34761101319995,0,279.953832355632,52.55235045685504,-3.9703612025362256,18.245093518318118,151.06342208235452,0.0,0,28.531149527160835,0.20788196108804868,0,0.37344193956800037,0.6055471573938263,0.0
8.98,0.02,431.54597342664835,241.84281167349926,0,279.87839549278385,52.90611268981407,-3.771843142409414,17.688111647951754,151.06342208235452,0.0,0,-22.835758761442662,-4.504799339700696,0,0.3617159628002823,0.5913021428282885,0.0
9.0,0.02,453.20937755912485,222.53609879396845,0,279.80673047307806,53.24895807811393,-3.5832509852889434,17.142269414992718,151.06342208235452,0.0,0,21.6634041324765,-19.306712879530807,0,0.3502553858656721,0.5775038917696212,0.0
9.02,0.02,441.0458486790038,216.0238274917566,0,279.73864870435756,53.581104958647785,-3.404088436024496,16.60734402669286,151.06342208235452,0.0,0,-12.16352888012102,-6.512271302211843,0,0.33905261756913685,0.5641315361745777,0.0
9.040000000000001,0.02,436.70315260244314,237.72721469527133,0,279.67397102407307,53.90276730157097,-3.2338840142232708,16.083117146159,151.06342208235452,0.0,0,-4.342696076560685,21.703387203514723,0,0.32810038887787696,0.5511654628829268,0.0
9.06,0.02,449.32672829422967,225.76299242681847,0,279.61252722780284,54.214154797635686,-3.0721898135121073,15.56937480323582,151.06342208235452,0.0,0,12.623575691786527,-11.964222268452858,0,0.3173917339905874,0.5385872347687239,0.0
9.08,0.02,431.7103933201115,232.07950791789273,0,279.5541556213461,54.51547294377911,-2.918580322836502,15.065907307171104,151.06342208235452,0.0,0,-17.61633497411816,6.316515491074256,0,0.30691997268937554,0.5263795163371146,0.0
9.1,0.02,425.3470275640332,262.05193782484145,0,279.49870259521225,54.80692312699966,-2.7726513066946765,14.572509161027682,151.06342208235452,0.0,0,-6.363365756078281,29.97242990694872,0,0.2966786938873418,0.5145260035896014,0.0
9.120000000000001,0.02,442.36065172313226,236.8699456955478,0,279.44602222038503,55.08870270655581,-2.6340187413599425,14.088978977807129,151.06342208235452,0.0,0,17.013624159099038,-25.181992129293633,0,0.2866617402911895,0.5030113579797093,0.0
9.14,0.02,431.4563651004863,208.94143136970814,0,279.3959758642992,55.36100509452083,-2.502317804291945,13.615119398250986,151.06342208235452,0.0,0,-10.904286622645941,-27.92851432583967,0,0.2768631941030115,0.49182114428083806,0.0
9.16,0.02,457.1705025191871,198.77868126567097,0,279.34843182601765,55.624019834726546,-2.377201914077348,13.150737010285967,151.06342208235452,0.0,0,25.714137418700773,-10.162750104037173,0,0.26727736369097943,0.480941772188988,0.0
9.18,0.02,423.5275796996647,257.28785249123376,0,279.3032649896502,55.877932680128154,-2.2583418183734802,12.695642270080247,151.06342208235452,0.0,0,-33.64292281952237,58.509171225562795,0,0.25789877116300014,0.47036044148465983,0.0
9.200000000000001,0.02,441.78447633412776,204.41740098519114,0,279.26035649510106,56.122925668621725,-2.145424727454806,12.249649424678642,151.06342208235452,0.0,0,18.256896634463033,-52.87045150604263,0,0.2487221407826078,0.4600650905806223,0.0
9.22,0.02,437.40570356932847,233.4682679098637,0,279.2195934252794,56.359177197345424,-2.0381534910820656,11.81257643618507,151.06342208235452,0.0,0,-4.378772764799294,29.05086692467256,0,0.2397423881702388,0.45004434828540896,0.0
9.24,0.02,448.98432564287685,195.02442135275007,0,279.18086850894883,56.58686209549465,-1.9362458165279621,11.384244907461369,151.06342208235452,0.0,0,11.578622073548388,-38.44384655711363,0,0.2309546102376713,0.4402874886160269,0.0
9.26,0.02,437.17340151476884,224.66007525918877,0,279.1440798384348,56.806151695680896,-1.839433525701564,10.964480009312142,151.06342208235452,0.0,0,-11.810924128108013,29.635653906438705,0,0.22235407580711083,0.4307843884976403,0.0
9.28,0.02,423.4112289942858,206.6047725904364,0,279.10913060144645,57.017213903863414,-1.7474618494164857,10.5531104091259,151.06342208235452,0.0,0,-13.762172520483034,-18.055302668752375,0,0.21393621687069922,0.4215254881926789,0.0
9.3,0.02,425.6854163690053,203.3580460583212,0,279.0759288263075,57.22021326788228,-1.6600887569456615,10.149968200943382,151.06342208235452,0.0,0,2.2741873747194745,-3.24672653211519,0,0.20569662044972936,0.4125017543068046,0.0
9.32,0.02,430.4572035228897,223.56809265314936,0,279.04438713992556,57.41531104462077,-1.5770843190983783,9.754888836924515,151.06342208235452,0.0,0,4.771787153884418,20.210046594828157,0,0.19763102101674332,0.40370464522457045,0.0
9.34,0.02,434.3417611683249,220.58773080986987,0,279.0144225378627,57.60266526582449,-1.4982301031434593,9.367711060186025,151.06342208235452,0.0,0,3.8845576454352226,-2.9803618432794963,0,0.18973529344757842,0.39512607883310474,0.0
9.36,0.02,454.7382582709967,231.40842354471567,0,278.98595616590296,57.78243080260414,-1.4233185979862863,8.988276838982305,151.06342208235452,0.0,0,20.396497102671788,10.820692734845807,0,0.18200544647406655,0.3867584023979139,0.0
9.38,0.02,492.6527174991727,215.11442764039492,0,278.9589131125412,57.954759428648195,-1.352152668086972,8.61643130220266,151.06342208235452,0.0,0,37.914459228175986,-16.293995904320752,0,0.1744376166122394,0.37859436446066724,0.0
9.4,0.02,424.77704771382014,250.3747250308701,0,278.9332222118476,58.119799882171364,-1.2845450346826233,8.252022676158607,151.06342208235452,0.0,0,-67.87566978535256,35.26029739047519,0,0.16702806254514024,0.3706270886347237,0.0
9.42,0.02,413.11372081589826,205.18536220366744,0,278.9088158561886,58.27769792662407,-1.2203177829484921,7.894902222635435,151.06342208235452,0.0,0,-11.663326897921877,-45.18936282720267,0,0.15977315994415944,0.36285004917998226,0.0
9.44,0.02,439.1985659573223,250.64246338001038,0,278.88562981831257,58.42859641018772,-1.1593018938010675,7.544924178182726,151.06342208235452,0.0,0,26.08484514142401,45.457101176342945,0,0.1526693967178694,0.3552570482444967,0.0
9.46,0.02,438.87920579299987,214.97377958431534,0,278.86360308233037,58.5726353240801,-1.1013367991110141,7.201945694619072,151.06342208235452,0.0,0,-0.3193601643224042,-35.668683795695046,0,0.1457133686842972,0.34784219466598765,0.0
9.48,0.02,449.8460442896583,235.2695002746556,0,278.84267768314726,58.709951859694634,-1.0462699591554634,6.865826780726691,151.06342208235452,0.0,0,10.966838496658454,20.29572069034026,0,0.13890177566953318,0.3405998842320476,0.0
9.5,0.02,437.6353375439409,206.30519531592583,0,278.8227985539233,58.84068046459688,-0.9939564611976902,6.5364302451121565,151.06342208235452,0.0,0,-12.210706745717403,-28.96430495872977,0,0.1322314180457521,0.3335247813033313,0.0
9.52,0.02,445.9435819032401,246.15153525093817,0,278.80391338116056,58.964952897401076,-0.9442586381378056,6.213621640209913,151.06342208235452,0.0,0,8.30824435929918,39.84633993501234,0,0.12569919373389848,0.32661180170934445,0.0
9.540000000000001,0.02,456.4949230150058,213.32620102623756,0,278.78597246703595,59.08289828154919,-0.8970457062309153,5.897269207405715,151.06342208235452,0.0,0,10.55134111176568,-32.82533422470061,0,0.11930209571282874,0.3198560968316522,0.0
9.56,0.02,467.299485968326,218.10289901730712,0,278.76892859861755,59.194643158014344,-0.8521934209193694,5.587243823257602,151.06342208235452,0.0,0,10.804562953320215,4.776697991069568,0,0.11303721009860383,0.313253038794285,0.0
9.58,0.02,441.5426811743481,216.20939906504822,0,278.7527369236201,59.30031153695019,-0.809583749873401,5.28341894679245,151.06342208235452,0.0,0,-25.756804793977892,-1.8934999522589067,0,0.10690171488873708,0.30679820668594254,0.0
9.6,0.02,436.5189991088065,198.413032898971,0,278.7373548323725,59.40002494830732,-0.7691045623797309,4.985670567856601,151.06342208235452,0.0,0,-5.023682065541607,-17.796366166077206,0,0.10089287950903977,0.3004873737431804,0.0
9.620000000000001,0.02,441.4400147580909,213.96440078379555,0,278.72274184568727,59.49390249143731,-0.7306493342607443,4.693877156499469,151.06342208235452,0.0,0,4.9210156492844135,15.551367884824543,0,0.09500806536282021,0.2943164954281624,0.0
9.64,0.02,433.4628465801728,208.8034317416013,0,278.70885950833633,59.5820608837047,-0.6941168675477071,4.40791961336948,151.06342208235452,0.0,0,-7.977168177918088,-5.160969042194267,0,0.08924472767338071,0.28828169833875783,0.0
9.66,0.02,430.1988215405887,209.76912426260165,0,278.6956712878529,59.66461450812674,-0.6594110241703217,4.127681221102091,151.06342208235452,0.0,0,-3.264025039584112,0.9656925210003635,0,0.08360041904640438,0.2823792698927217,0.0
9.68,0.02,442.7109647713816,220.93194649502178,0,278.6831424783937,59.74167546006034,-0.6264404729618056,3.853047596680049,151.06342208235452,0.0,0,12.512143230792901,11.162822232420126,0,0.07807279538596715,0.2766056487315122,0.0
9.700000000000001,0.02,424.7077705831331,225.3101254534591,0,278.6712401094074,59.81335359295527,-0.5951184493137153,3.5839066447464476,151.06342208235452,0.0,0,-18.00319418824853,4.378178958437331,0,0.07265962512144586,0.270957415792845,0.0
9.72,0.02,419.1791113063751,210.73638729507826,0,278.65993285887043,59.8797565631923,-0.5653625268480295,3.3201485118515186,151.06342208235452,0.0,0,-5.528659276757992,-14.573738158380849,0,0.06735880321832666,0.26543128600450044,0.0
9.74,0.02,424.6742431402385,228.72752541083779,0,278.64919097086033,59.940989874024595,-0.537094400505628,3.061665541614488,151.06342208235452,0.0,0,5.495131833863411,17.991138115759526,0,0.062168372292555445,0.26002410055505937,0.0
9.76,0.02,437.8941059456539,207.7252702804596,0,278.63898617725073,59.997156918640236,-0.5102396804803465,2.808352230782198,151.06342208235452,0.0,0,13.219862805415403,-21.002255130378188,0,0.05708655457697571,0.25473281970027467,0.0
9.78,0.02,386.4331625770663,213.74264673737474,0,278.6292916233216,60.04835902236357,-0.4847276964563292,2.560105186166554,151.06342208235452,0.0,0,-51.46094336858761,6.0173764569151444,0,0.052111800981927164,0.24955451606661688,0.0
9.8,0.02,481.8627457408091,224.1348292719163,0,278.6200817970889,60.09469548401243,-0.4604913116335127,2.3168230824432223,151.06342208235452,0.0,0,95.42958316374279,10.392182534541547,0,0.04724286800536868,0.2444863684161746,0.0
9.82,0.02,444.4478505450783,214.53158294461443,0,278.61133246216787,60.13626361642832,-0.43746674605183705,2.0784066207943575,151.06342208235452,0.0,0,-37.414895195730764,-9.60324632730186,0,0.04247894177243146,0.23952565583959798,0.0
9.84,0.02,467.94848393291693,209.4913518047617,0,278.6030205939929,60.17315878619589,-0.41559340874924516,1.8447584883784702,151.06342208235452,0.0,0,23.500633387838604,-5.040231139852722,0,0.03781984538223314,0.2346697523461107,0.0
9.86,0.02,455.34038870413514,208.25687889877437,0,278.59512431922667,60.20547445256811,-0.3948137383117829,1.6157833186109007,151.06342208235452,0.0,0,-12.608095228781792,-1.2344729059873316,0,0.0332664011919554,0.22991612182180007,0.0
9.88,0.02,427.24418894725255,222.507276191899,0,278.58762285819876,60.23330220561289,-0.37507305139619374,1.3913876522386828,151.06342208235452,0.0,0,-28.096199756882584,14.250397293124621,0,0.028821099164922762,0.2252623133294406,0.0
9.9,0.02,444.28815069649403,252.1275968206346,0,278.5804964702222,60.256731803596765,-0.356319398826384,1.171479899193909,151.06342208235452,0.0,0,17.043961749241475,29.620320628735612,0,0.024489415413159903,0.22070595672502888,0.0
9.92,0.02,423.8140073083093,218.05331368194132,0,278.57372640164454,60.27585120962097,-0.3385034288850648,0.9559703012100309,151.06342208235452,0.0,0,-20.474143388184757,-34.07428313869329,0,0.020282640736965275,0.21624475856797726,0.0
9.94,0.02,440.54674130696765,211.42572563509722,0,278.5672948364957,60.29074662752468,-0.32157825744081153,0.7447708951858303,151.06342208235452,0.0,0,16.732733998658375,-6.627588046844096,0,0.01622462649154037,0.21187649830359317,0.0
9.96,0.02,423.1118475989891,218.87000690318132,0,278.56118484960433,60.30150253707033,-0.3054993445687709,0.5377954772821137,151.06342208235452,0.0,0,-17.434893707978574,7.444281268084097,0,0.012370187143565636,0.20759902469800953,0.0
9.98,0.02,450.1594348666829,214.7844221843066,0,278.5553803620575,60.308201728425054,-0.29022437734033235,0.33495956773647145,151.06342208235452,0.0,0,27.047587267693814,-4.085584718874713,0,0.008864041994955564,0.20341025250718767,0.0
10.0,0.02,456.87935073146457,208.2321922081586,0,278.54986609888806,60.31092533595269,-0.27571315847331573,0.13618037638174202,151.06342208235452,0.0,0,6.719915864781683,-6.5522299761479985,0,0.006150214326886942,0.19930815936294882,0.0
10.02,0.02,449.900697481283,225.39968144800068,0,278.5446275488771,60.30975287132977,-0.2619275005496499,-0.05862323114589283,151.06342208235452,0.0,1,-6.978653250181594,17.16748923984207,0,0.005368154199485291,0.1952907828602495,0.0
10.040000000000001,0.02,447.64408585508977,227.83356243885785,1,278.52015340745163,60.32179705046297,-1.223707071274209,0.6022089566598169,150.49804237486373,-28.268985374539568,0,-2.256611626193205,2.433880990857176,1,0.027277203843243832,1.1669272141411382,-0.5653797074907914
10.06,0.02,461.78228860882206,223.47503009875345,1,278.477857494887,60.34749372658629,-2.1147956282300875,1.2848338061660498,149.6889325142933,-40.455493028521516,0,14.138202753732287,-4.358532340104404,0,0.04949003317295616,1.1225041209283453,-0.8091098605704303
10.08,0.02,414.68114923428,229.7332163917331,1,278.41302969724586,60.38621708107044,-3.2413898820587015,1.9361677242073845,149.71906963338694,1.506855954681896,0,-47.10113937454207,6.258186292979644,0,0.07551252564646395,1.301326433125343,0.03013711909363792
10.1,0.02,400.6747436114635,225.37310770802966,1,278.3242693739658,60.43840312478378,-4.438016164001386,2.609302185667237,149.81553276805806,4.823156733556289,0,-14.006405622816487,-4.36010868370343,0,0.10296493649407187,1.3729619302226916,0.09646313467112577
10.120000000000001,0.02,458.48310697232796,196.1351594721443,1,278.21735736138305,60.50697565254991,-5.345600629139756,3.4286263883065167,148.575337136251,-62.00978159035344,0,57.80836336086446,-29.23794823588537,0,0.1270132670185855,1.2227026254944384,-1.2401956318070688
10.14,0.02,475.12046656778995,195.97031464047285,1,278.09395739545704,60.591951148852,-6.169998296300793,4.248774815104154,147.1621482265896,-70.6594454830693,0,16.637359595461987,-0.16484483167144504,0,0.14982785642972646,1.1628735767912173,-1.413188909661386
10.16,0.02,460.1905960090668,202.63343771580463,1,277.95257648913196,60.6926633013825,-7.0690453162554725,5.035607626525129,146.2819621338633,-44.00930463631596,0,-14.929870558723167,6.663123075331782,0,0.17358426870148538,1.1947348731907115,-0.8801860927263192
10.18,0.02,453.06431592874156,207.23744669901038,1,277.7925020143997,60.8086517092431,-8.003723736611779,5.799420393030077,145.69855380848108,-29.170416269110433,0,-7.126280080325216,4.604008983205745,0,0.19767940767526573,1.2070765061733668,-0.5834083253822087
10.200000000000001,0.02,484.0577147698022,215.6378200447151,1,277.61683331114443,60.93907633509923,-8.78343516276276,6.521231292806503,144.77856004883705,-45.999687982201465,0,30.99339884106064,8.400373345704736,0,0.21879231324043144,1.0625257093861074,-0.9199937596440293
10.22,0.02,474.933821313681,194.89168182439198,1,277.42465799002053,61.08601179277292,-9.608766056194344,7.346772883684542,143.71240457461917,-53.30777371089397,0,-9.123893456121209,-20.746138220323132,0,0.2419119318488664,1.1673431380369785,-1.0661554742178794
10.24,0.02,457.3963988576317,208.5262401321433,1,277.21422230878244,61.2480946264334,-10.521784061906192,8.104141683023824,143.34740249862259,-18.250103799829276,0,-17.537422456049285,13.63455830775132,0,0.2656200687176166,1.186258562441876,-0.3650020759965855
10.26,0.02,452.9140190686601,224.45790323183024,1,276.9850780294512,61.423731669770696,-11.457213966562893,8.781852166864672,143.44245133228108,4.752441682924768,0,-4.4823797889716275,15.931663099686943,0,0.2887134768979548,1.155127961064851,0.09504883365849537
10.28,0.02,480.3639542018174,218.44852029439446,0,276.7673909640865,61.592014372241245,-10.884353268234747,8.414135123527378,143.44245133228108,0.0,0,27.44993513315734,-6.009382937435788,1,0.27514855329056825,0.6807240289939324,0.0
10.3,0.02,469.6409907226853,193.87664954150006,0,276.56058825199,61.75308982066238,-10.34013560482301,8.05377242105683,143.44245133228108,0.0,0,-10.722963479132147,-24.571870752894398,0,0.2621310012465679,0.6527129097093208,0.0
10.32,0.02,475.3632658569521,225.7417818867426,0,276.36412567549837,61.907102160115095,-9.82312882458186,7.700616972635694,143.44245133228108,0.0,0,5.722275134266852,31.86513234524253,0,0.24963442203635658,0.626110838082887,0.0
10.34,0.02,505.59218513888374,233.33135989118358,0,276.1774862278313,62.05419265277875,-9.331972383352767,7.35452463318298,143.44245133228108,0.0,0,30.22891928193161,7.589578004440995,0,0.237633954765525,0.6008448694868579,0.0
10.36,0.02,433.3156817632906,205.2537774956417,0,276.0001787525476,62.19449973558914,-8.865373764185128,7.015354140519321,143.44245133228108,0.0,0,-72.27650337559311,-28.077582395541867,0,0.22610621017179106,0.5768456418339806,0.0
10.38,0.02,489.33485261150577,203.2649137941791,0,275.83173665102805,62.32815907674332,-8.422105075975871,6.682967057708935,143.44245133228108,0.0,0,56.01917084821514,-1.9888637014626056,0,0.21502920974157233,0.5540472026515009,0.0
10.4,0.02,451.7881552018217,208.47877384247275,0,275.6717166545845,62.455303631074415,-8.000999822177077,6.357227716554757,143.44245133228108,0.0,0,-37.54669740968404,5.21386004829364,0,0.2043823303464659,0.5323868453976911,0.0
10.42,0.02,428.44976707345023,191.91431271206724,0,275.51969765796315,62.57606369431889,-7.600949831068222,6.038003162223662,143.44245133228108,0.0,0,-23.33838812837149,-16.564461130405505,0,0.19414625468591348,0.5118049545227956,0.0
10.44,0.02,490.1827229934852,208.99881085093295,0,275.37527961117286,62.690566956298476,-7.220902339514811,5.725163098979189,143.44245133228108,0.0,0,61.732955920034954,17.084498138865712,0,0.18430292792760705,0.49224485879168556,0.0
10.46,0.02,477.7023036282503,191.2850966457222,0,275.23808246672206,62.79893855303847,-6.85985722253907,5.418579836999605,143.44245133228108,0.0,0,-12.480419365234866,-17.71371420521075,0,0.17483552106316336,0.4736526924003161,0.0
10.48,0.02,452.920315695972,214.141476903866,0,275.1077451794938,62.90130111784366,-6.516864361412116,5.118128240259613,143.44245133228108,0.0,0,-24.781987932278298,22.856380258143787,0,0.16572840165619845,0.45597726343279943,0.0
10.5,0.02,467.8930083584144,216.17204765419086,0,274.98392475662695,62.99777483135275,-6.19102114334151,4.823685675454421,143.44245133228108,0.0,0,14.972692662442398,2.0305707503248698,0,0.15696711285221945,0.43916992922064707,0.0
10.52,0.02,453.09964838463424,203.22741661719894,0,274.86629535490346,63.088477470591656,-5.881470086174435,4.535131961945332,143.44245133228108,0.0,0,-14.793359973780184,-12.944631036991922,0,0.14853836176129542,0.4231844781807801,0.0
10.540000000000001,0.02,482.69636047154194,198.09185747787302,0,274.75454742326616,63.17352445704579,-5.587396581865713,4.252349322706426,143.44245133228108,0.0,0,29.5967120869077,-5.13555913932592,0,0.1404300186218852,0.4079770177244465,0.0
10.56,0.02,486.9759448694821,212.01012702970866,0,274.6483868882107,63.25302890377083,-5.308026752772427,3.9752223362522976,143.44245133228108,0.0,0,4.279584397940141,13.918269551835635,0,0.1326311285193354,0.3935058678453958,0.0
10.58,0.02,514.7723900783898,201.30489017660327,0,274.54753437990803,63.32710166156138,-5.042625415133806,3.7036378895272515,143.44245133228108,0.0,0,27.7964452089077,-10.70523685310539,0,0.12513193788015045,0.37973146001262403,0.0
10.6,0.02,469.5764198842674,205.1725767842138,0,274.4517244970205,63.39585136419611,-4.790494144377115,3.437485131736706,143.44245133228108,0.0,0,-45.19597019412237,3.8676866076105227,0,0.11792393849971658,0.3666162410108098,0.0
10.620000000000001,0.02,459.5288805392177,191.21151194501738,0,274.36070510827733,63.459384472778154,-4.550969437158259,3.176655429101972,143.44245133228108,0.0,0,-10.0475393450497,-13.96106483919641,0,0.11099993249222835,0.35412458139022573,0.0
10.64,0.02,485.6002466571707,191.0832463277654,0,274.2742366889713,63.517805319188554,-4.323420965300346,2.9210423205199323,143.44245133228108,0.0,0,26.071366117953005,-0.1282656172519694,0,0.1043541222596809,0.3422226882073209,0.0
10.66,0.02,470.2846541917084,209.4633186565632,0,274.1920916906306,63.57121614867074,-4.107249917035328,2.6705414741095335,143.44245133228108,0.0,0,-15.315592465462316,18.38007232879778,0,0.09798223031943396,0.33087852175734056,0.0
10.68,0.02,497.3447542733177,212.65477556333133,0,274.1140539422069,63.61971716156329,-3.9018874211835612,2.4250506446273428,143.44245133228108,0.0,0,27.060100081609278,3.1914569067681384,0,0.09188165448359562,0.32006171602102146,0.0
10.700000000000001,0.02,493.61228742841416,197.6131861094345,0,274.0399180812044,63.663406554197984,-3.706793050124383,2.1844696317347956,143.44245133228108,0.0,0,-3.732466844903513,-15.041589453896819,0,0.08605166422197288,0.3097435025684643,0.0
10.72,0.02,496.27347288845846,199.60068068441333,0,273.96948901325203,63.70238055897999,-3.521453397618164,1.9487002391000996,143.44245133228108,0.0,0,2.661185460044294,1.9874945749788253,0,0.08049364360859845,0.29989663768448543,0.0
10.74,0.02,472.0596948731642,225.82909691813862,0,273.9025813986973,63.73673348366635,-3.3453807277372554,1.7176462343180976,143.44245133228108,0.0,0,-24.21377801529428,26.228416233725284,0,0.07521138424408823,0.29049533250087306,0.0
10.76,0.02,497.08819505994035,234.29243073683887,0,273.8390191648703,63.76655774985898,-3.1781116913503924,1.4912133096317357,143.44245133228108,0.0,0,25.02850018677617,8.46333381870025,0,0.07021142658432067,0.28151518594173447,0.0
10.78,0.02,515.038916959862,193.6918402326633,0,273.77863504273466,63.79194393072776,-3.019206106782873,1.269309043439101,143.44245133228108,0.0,0,17.95072189992169,-40.60059050417556,0,0.06550343796469621,0.2729331203083217,0.0
10.8,0.02,491.19840423669876,197.37794814006742,0,273.7212701267058,63.81298078797917,-2.868245801443729,1.0518428625703191,143.44245133228108,0.0,0,-23.840512723163272,3.686107907404107,0,0.06110059700211049,0.2647273193490639,0.0
10.82,0.02,497.84213831932107,222.53674205658984,0,273.6667734564784,63.82975530808555,-2.7248335113715427,0.8387260053189127,143.44245133228108,0.0,0,6.643734082622302,25.158793916522427,0,0.05701992275227841,0.2568771686788557,0.0
10.84,0.02,477.3700662030029,172.0414967858942,0,273.6150016197623,63.8423527377898,-2.5885918358029656,0.6298714852125346,143.44245133228108,0.0,0,-20.472072116318145,-50.49524527069565,0,0.05328243905929595,0.24936319842871554,0.0
10.86,0.02,470.1866821957308,226.0986259355706,0,273.56581837488204,63.85085661889997,-2.459162244012817,0.4251940555082839,143.44245133228108,0.0,0,-7.183384007272139,54.0571291496764,0,0.049913000018929544,0.2421670280226087,0.0
10.88,0.02,466.73003131591975,193.00348010220893,0,273.5190942922458,63.85534882238793,-2.3362041318121762,0.22461017439811817,143.44245133228108,0.0,0,-3.4566508798110362,-33.09514583336167,0,0.04693953334209153,0.23527131299238863,0.0
10.9,0.02,490.30009866235173,199.49877424581436,0,273.4747064137414,63.85590958180614,-2.2193939252215675,0.0280379709101558,143.44245133228108,0.0,1,23.570067346431983,6.4952941436054346,0,0.044391420446408564,0.2286596937543947,0.0
10.92,0.02,507.4752822164885,198.61543986168508,0,273.43253792916215,63.85261752603598,-2.108424228960489,-0.16460278850804733,143.44245133228108,0.0,0,17.175183554136765,-0.8833343841292844,0,0.042296793293381894,0.22231674628218637,0.0
10.94,0.02,519.4838712857644,216.59333262027104,0,273.3924778688119,63.84554971138122,-2.0030030175124645,-0.3533907327378864,143.44245133228108,0.0,0,12.0085890692759,17.977892758585966,0,0.040678771358770495,0.2162279346192299,0.0
10.96,0.02,472.02397319692295,216.07442059536436,0,273.35442081147914,63.834781653019554,-1.9028528666368412,-0.5384029180831287,143.44245133228108,0.0,0,-47.45989808884144,-0.5189120249066832,0,0.039551114949006205,0.21037956518310513,0.0
10.98,0.02,526.661742092826,229.28537709691258,0,273.3182666070131,63.820387355825126,-1.807710223304999,-0.7197148597214661,143.44245133228108,0.0,0,54.63776889590304,13.210956501548225,0,0.03891429418987441,0.20475874281904055,0.0
11.0,0.02,484.0844953004135,226.36738312575326,0,273.28392011277026,63.80243934457459,-1.717324712139749,-0.8974005625270368,143.44245133228108,0.0,0,-42.577246792412495,-2.9179939711593192,0,0.03875322921539493,0.19935332856542212,0.0
11.02,0.02,511.6809827544447,201.72232428364956,0,273.2512909432396,63.781008693549055,-1.6314584765327615,-1.0715325512764962,143.44245133228108,0.0,0,27.596487454031205,-24.64505884210371,0,0.03903761657220019,0.19415189909747604,0.0
11.040000000000001,0.02,479.2160948587942,235.34282208216197,0,273.2202932321855,63.75616505554404,-1.5498855527061235,-1.2421819002509662,143.44245133228108,0.0,0,-32.46488789565052,33.62049779851242,0,0.03972485921836048,0.18914370781772508,0.0
11.06,0.02,497.02327262372347,196.72459621859147,0,273.1908454066841,63.727976690299116,-1.4723912750708172,-1.4094182622459468,143.44245133228108,0.0,0,17.807177764929293,-38.6182258635705,0,0.040764670511873755,0.18431864756321895,0.0
11.08,0.02,537.4804276438215,207.148607627561,0,273.16286997245777,63.696510492359096,-1.3987717113172764,-1.5733098970010277,143.44245133228108,0.0,0,40.457155020098014,10.424011408969534,0,0.04210399663870977,0.17966721490008833,0.0
11.1,0.02,502.24152419225186,215.190547342836,0,273.13629330994274,63.66183201837787,-1.3288331257514125,-1.7339236990610072,143.44245133228108,0.0,0,-35.23890345156963,8.041939715274992,0,0.04369113809577415,0.17518047597582304,0.0
11.120000000000001,0.02,498.88118857801527,210.63529467225644,0,273.11104548055346,63.62400551387628,-1.2623914694638418,-1.891325225079787,143.44245133228108,0.0,0,-3.3603356142365897,-4.555252670579563,0,0.04547853704418938,0.17085003389896147,0.0
11.14,0.02,516.1059259499813,193.3829083370737,0,273.08706004263365,63.58309393946471,-1.1992718959906497,-2.0455787205781912,143.44245133228108,0.0,0,17.224737371966,-17.252386335182734,0,0.04742423592466174,0.16666799761476087,0.0
11.16,0.02,480.5213561564625,192.89735705657407,0,273.06427387660983,63.539158996541374,-1.1393083011911171,-2.1967471461666275,143.44245133228108,0.0,0,-35.58456979351877,-0.48555128049963514,0,0.049492308207860956,0.16262695224399032,0.0
11.18,0.02,499.92250670570553,231.2395036007816,0,273.0426270188872,63.49226115247651,-1.0823428861315612,-2.344892203243295,143.44245133228108,0.0,0,19.401150549243027,38.34214654420754,0,0.051652630399597596,0.1587199308504024,0.0
11.200000000000001,0.02,542.2222310098394,200.97623623733276,0,273.02206250405067,63.442459665292944,-1.028225741824983,-2.490074359178429,143.44245133228108,0.0,0,42.29972430413392,-30.263267363448847,0,0.053880306199535884,0.15494038760075649,0.0
11.22,0.02,538.6166361776219,218.38882057138815,0,273.002526214956,63.389812607853045,-0.9768144547337337,-2.632352871994861,143.44245133228108,0.0,0,-3.605594832217548,17.412584334055396,0,0.05615495747189779,0.15128217227959928,0.0
11.24,0.02,524.0807032861042,231.05083676041204,0,272.9839667403161,63.334376891561945,-0.927973731997047,-2.771785814554964,143.44245133228108,0.0,0,-14.535932891517746,12.662016189023888,0,0.05846000974698006,0.1477395061194226,0.0
11.26,0.02,492.2808356193157,238.25806795840714,0,272.9663352394081,63.27620828959667,-0.8815750453971947,-2.9084300982638647,143.44245133228108,0.0,0,-31.79986766678843,7.2072311979951,0,0.06078203746882853,0.14430695890534834,0.0
11.28,0.02,541.9861196933559,200.96205093019228,0,272.9495853135456,63.215361459670696,-0.8374962931273349,-3.0423414962985875,143.44245133228108,0.0,0,49.70528407404021,-37.29601702821486,0,0.06311019512282223,0.14097942731222043,0.0
11.3,0.02,507.50608338137425,219.79878866630008,0,272.93367288397616,63.15188996634324,-0.7956214784709681,-3.173574666372616,143.44245133228108,0.0,0,-34.48003631198168,18.836737736107807,0,0.06543573855332507,0.13775211443090077,0.0
11.32,0.02,505.884699558005,221.242093803467,0,272.9185560758852,63.08584630288234,-0.7558404045474196,-3.302183173045164,143.44245133228108,0.0,0,-1.6213838233692286,1.4433051371669023,0,0.06775163001873875,0.1346205104397305,0.0
11.34,0.02,529.9634106251424,221.91035024529518,0,272.9041951081988,63.017281912690656,-0.7180483843200486,-3.4282195095842605,143.44245133228108,0.0,0,24.078711067137363,0.6682564418281913,0,0.07005221620510689,0.13158037437650968,0.0
11.36,0.02,516.1271496081304,223.57051600031153,0,272.8905521888967,62.94624721030281,-0.6821459651040461,-3.5517351193925752,143.44245133228108,0.0,0,-13.83626101701202,1.6601657550163509,0,0.07233296752113128,0.12862771696598463,0.0
11.38,0.02,518.377411561233,238.3475551994218,0,272.8775914155597,62.87279160196271,-0.6480386668488438,-3.672780417004724,143.44245133228108,0.0,0,2.2502619531026085,14.777039199110277,0,0.0745902677439012,0.12575878445771888,0.0
11.4,0.02,535.3958958034015,198.83893680871182,0,272.8652786808896,62.79696350578942,-0.6156367335064016,-3.7914048086646295,143.44245133228108,0.0,0,17.018484242168483,-39.508618390709984,0,0.0768212444856369,0.12297004342932762,0.0
11.42,0.02,508.6623317430287,243.5154311126588,0,272.853581582953,62.7188103715396,-0.5848548968310815,-3.907656712491337,143.44245133228108,0.0,0,-26.73356406037277,44.67649430394698,0,0.07902363249819767,0.12025816651038755,0.0
11.44,0.02,528.4821158254724,214.6673663863894,0,272.8424693399132,62.638378699974766,-0.5556121519895274,-4.02158357824151,143.44245133228108,0.0,0,19.819784082443732,-28.8480647262694,0,0.08119566328375274,0.1176200189828513,0.0
11.46,0.02,520.1183450676863,215.97666174319625,0,272.8319127090254,62.55571406184123,-0.527831544390051,-4.13323190667668,143.44245133228108,0.0,0,-8.363770757786142,1.3092953568068424,0,0.08333597574546846,0.11505264621452024,0.0
11.48,0.02,547.6041185536965,222.72370817132344,0,272.821883909682,62.47086111647037,-0.5014399671705484,-4.242647268543146,143.44245133228108,0.0,0,27.485773486010203,6.747046428127192,0,0.08544354366703469,0.11255326188299768,0.0
11.5,0.02,548.8913309466074,195.1847686807526,0,272.81235655030576,62.38386363000692,-0.4763679688120209,-4.3498743231722825,143.44245133228108,0.0,0,1.2872123929108739,-27.53893949057084,0,0.08751761667025469,0.11011923694854536,0.0
11.52,0.02,516.8596673335486,233.67329258579161,1,272.79051515766287,62.30949881428489,-1.0920696321442809,-3.71824078610124,142.3103720357654,-56.6039648257842,0,-32.031663613058754,38.48852390503902,1,0.07750594977130718,0.8820711214992745,-1.132079296515684
11.540000000000001,0.02,473.61555143140424,211.43983577160503,1,272.75203532016315,62.249990014985705,-1.923991874987259,-2.9754399649592633,141.72433662128566,-29.30177072398692,0,-43.24411590214436,-22.23345681418658,0,0.07086603620942834,1.1152791928598353,-0.5860354144797384
11.56,0.02,534.5609623105532,204.03555022197318,1,272.70301157889446,62.20607766066432,-2.451187063434482,-2.195617716069129,139.76051127329742,-98.19126739941169,0,60.945410879148994,-7.404285549631851,0,0.06581505959904418,0.9413062767165478,-1.9638253479882337
11.58,0.02,559.0259092744219,204.44948079359423,1,272.64589042855323,62.17772035826358,-2.8560575170623754,-1.4178651200370984,137.3260732975261,-121.72189878856585,0,24.46494696386867,0.4139305716210515,0,0.06377274038139427,0.8768233487170712,-2.434437975771317
11.6,0.02,579.3620895056857,196.27557161075202,1,272.58270548716257,62.165735498701764,-3.1592470695339405,-0.5992429780908592,134.41646021708308,-145.48065402215116,0,20.336180231263825,-8.173909182842209,0,0.06431153611334013,0.8729639832275765,-2.909613080443023
11.620000000000001,0.02,554.3910120629673,215.62528319284382,1,272.51095964697816,62.168188110820665,-3.5872920092190914,0.12263060594492092,132.83029149080753,-79.30843631377797,0,-24.97107744271841,19.3497115820918,0,0.0717877488849737,0.8392400977781788,-1.5861687262755595
11.64,0.02,574.3515440602678,209.33509996850293,1,272.4326489611998,62.18570721294272,-3.915534288917748,0.8759551061024071,130.66919668648848,-108.05474021595245,0,19.96053199730045,-6.290183224340893,0,0.08024638587651452,0.8217303674072765,-2.161094804319049
11.66,0.02,589.8495703273948,219.7832391430328,1,272.3493232324542,62.21724799115046,-4.166286437280782,1.577038910387242,128.29897301801577,-118.5111834236352,0,15.498026267126988,10.44813917452987,0,0.08909544186395817,0.7445771555313616,-2.370223668472704
11.68,0.02,550.1998128954557,247.83680317306477,1,272.25701748499813,62.260005089040895,-4.6152873728035,2.1378548945219196,128.14428725851894,-7.734287974841436,0,-39.649757431939065,28.053564030031964,0,0.10172767781403218,0.7184124220538113,-0.15468575949682872
11.700000000000001,0.02,564.8232115354555,222.8953065608674,1,272.1571940586956,62.316472656275245,-4.9911713151262305,2.823378361717581,126.96769567531635,-58.8295791601297,0,14.623398639999778,-24.94149661219737,0,0.1146878484763781,0.7818127411164637,-1.176591583202594
11.72,0.02,529.9950860396169,217.76082815080034,1,272.04637014099706,62.387164140694516,-5.541195884928136,3.534574220963578,126.89073344015495,-3.8481117580701607,0,-34.82812549583855,-5.134478410067061,0,0.13145047243527042,0.8990698402206714,-0.07696223516140321
11.74,0.02,593.099509530048,244.07295351156483,0,271.9410874191834,62.452600195425404,-5.264136090681729,3.2718027365443065,126.89073344015495,0.0,0,63.10442349043103,26.312125360764497,1,0.12396099697578881,0.38185204282780627,0.0
11.76,0.02,585.46093480167,198.70043327771097,0,271.84106883346044,62.512885929061675,-5.000929286147643,3.01428668181342,126.89073344015495,0.0,0,-7.638574728377989,-45.37252023385386,0,0.11678222112157331,0.36822865233059443,0.0
11.78,0.02,547.4202532098616,224.37074904032679,0,271.7460511770236,62.568124348025215,-4.750882821840261,2.7619209481771514,126.89073344015495,0.0,0,-38.04068159180838,25.670315762615814,0,0.10990740632158437,0.35526285736957514,0.0
11.8,0.02,582.9087695563442,220.1808401096626,0,271.65578440340863,62.61841639860949,-4.513338680748247,2.514602529213608,126.89073344015495,0.0,0,35.488516346482584,-4.189908930664188,0,0.10333141231411809,0.3429192606514967,0.0
11.82,0.02,492.9225351633369,234.71073139786174,0,271.57003096847444,62.663861008182074,-4.287671746710835,2.2722304786293357,126.89073344015495,0.0,0,-89.9862343930073,14.529891288199138,0,0.09705083277446434,0.33116427346903055,0.0
11.84,0.02,565.1993346822161,229.830765105104,0,271.48856520528693,62.70455512556321,-4.073288159375293,2.0347058690567486,126.89073344015495,0.0,0,72.27679951887922,-4.879966292757729,0,0.09106416288064716,0.31996603362148585,0.0
11.86,0.02,540.0352279656869,236.56168470992841,0,271.4111727302588,62.740593760596724,-3.8696237514065284,1.8019317516756137,126.89073344015495,0.0,0,-25.164106716529204,6.7309196048244075,0,0.08537200012920686,0.30929432713167215,0.0
11.88,0.02,581.0654987483399,215.24304979280083,0,271.33764987898206,62.77207002292957,-3.6761425638362017,1.5738131166421014,126.89073344015495,0.0,0,41.03027078265302,-21.318634917127582,0,0.07997727646216059,0.2991205134944387,0.0
11.9,0.02,594.8402998648899,215.7685026952311,0,271.2678031702692,62.799075160015754,-3.4923354356443914,1.3502568543092595,126.89073344015495,0.0,0,13.774801116549952,0.5254529024302599,0,0.07488551359952486,0.28941745421164744,0.0
11.92,0.02,601.8224013838438,241.4168393615931,0,271.20144879699194,62.821698594360214,-3.3177186638621716,1.1311717172230742,126.89073344015495,0.0,0,6.982101518953982,25.648336666362013,0,0.07010508280113986,0.28015944438786355,0.0
11.94,0.02,580.4707433764548,223.57650571758174,0,271.13841214237857,62.840027960017785,-3.1518327306690628,0.9164682828786127,126.89073344015495,0.0,0,-21.351658007389005,-17.840333644011366,0,0.06564743308198931,0.27132214718053344,0.0
11.96,0.02,610.2322249885124,231.7284711870014,0,271.0785273204959,62.8541491383622,-2.9942410941356097,0.7060589172210404,126.89073344015495,0.0,0,29.761481612057537,8.15196546941965,0,0.061527226247868355,0.2628825309177351,0.0
11.98,0.02,558.158308001547,209.33635604985497,0,271.0216367397073,62.86414629313973,-2.844529039428829,0.49985773887661955,126.89073344015495,0.0,0,-52.0739169869654,-22.39211513714642,0,0.05776228255627163,0.2548188087154355,0.0
12.0,0.02,610.4205320340792,220.66438735508052,0,270.96759068795814,62.870101904821716,-2.7023025874573876,0.29778058409908714,126.89073344015495,0.0,0,52.26222403253223,11.32803130522555,0,0.05437320130521341,0.24711038044438272,0.0
12.02,0.02,597.1348994193244,206.96238651069393,0,270.91624693879646,62.87209680427006,-2.567187458084518,0.0997449724171054,126.89073344015495,0.0,1,-13.285632614754832,-13.702000844386589,0,0.05138248925252561,0.23973777691407744,0.0
12.040000000000001,0.02,573.4130879238813,241.17384443941103,0,270.86747037709284,62.870210205729435,-2.438828085180292,-0.09432992703123672,126.89073344015495,0.0,1,-23.721811495443035,34.211457928717095,0,0.04881303335872929,0.2326826061575085,0.0
12.06,0.02,577.4231775224664,225.40620453464066,0,270.8211326434744,62.864519739159626,-2.3168866809212774,-0.28452332849061196,126.89073344015495,0.0,0,4.010089598585068,-15.767639904770363,0,0.04668583261198891,0.22592750171536788,0.0
12.08,0.02,548.5293177605456,247.23526685949355,1,270.765647841632,62.870105745903864,-2.774240092118538,0.27930033721192044,126.94598021190174,2.762338587339741,0,-28.893859761920794,21.829062324852885,1,0.055765282271649196,0.7259953641312122,0.05524677174679482
12.1,0.02,560.0310673190106,247.99881278545814,1,270.70216614652156,62.886891871369556,-3.1740847555234724,0.8393062732846299,126.62299056899161,-16.14948214550651,0,11.501749558465008,0.7635459259645927,0,0.06566353342797365,0.6881005764349256,-0.3229896429101302
12.120000000000001,0.02,582.9964216259287,233.69639731275194,1,270.63298409357367,62.91630835710397,-3.459102647393826,1.470824286720872,125.17042349230721,-72.62835383422015,0,22.96535430691813,-14.302415472706201,0,0.07517636651932821,0.6928565507958182,-1.452567076684403
12.14,0.02,596.1973078610712,233.71514043918145,1,270.5594217714119,62.95835332879447,-3.678116108088466,2.1022485845249674,123.31565336660236,-92.7385062852423,0,13.200886235142434,0.018743126429512813,0,0.08473012974312055,0.668328915896086,-1.854770125704846
12.16,0.02,600.498390548372,235.02010114400284,1,270.48190928830496,63.01289629037057,-3.8756241553466055,2.7271480788049542,121.4717177049386,-92.1967830831882,0,4.301082687300777,1.304960704821383,0,0.09477932102993633,0.6553692140184088,-1.8439356616637639
12.18,0.02,591.4560550738584,240.60326178566402,1,270.3995424107054,63.079378925768104,-4.118343879977322,3.3241317698766357,120.29172840061028,-58.999465216415814,0,-9.042335474513607,5.5831606416611805,0,0.10585009841706071,0.6444395954085843,-1.1799893043283163
12.200000000000001,0.02,578.9852977476639,212.8646024329463,1,270.3110740628806,63.160575100922344,-4.42341739123899,4.0598087577119015,119.31949511411834,-48.611664324597115,0,-12.470757326194416,-27.73865935271772,0,0.12008108688102351,0.7964235542121371,-0.9722332864919423
12.22,0.02,607.0729831069829,215.75340717166497,1,270.2193130133665,63.256195935359415,-4.58805247570408,4.781041721853579,117.38764458249756,-96.5925265810391,0,28.087685359318925,2.888804738718676,0,0.13252710736438678,0.7397849009012127,-1.931850531620782
12.24,0.02,598.3321156816075,221.96421164754338,1,270.1233851754206,63.36562034863173,-4.796391897296052,5.4712206636158625,116.06530107379031,-66.11717543536244,0,-8.740867425375313,6.210804475878405,0,0.14551925066109536,0.720938476044512,-1.3223435087072488
12.26,0.02,598.404823235247,252.1989156508054,1,270.0232978197982,63.485824870338966,-5.004367781119816,6.010226085361835,115.28391800570981,-39.06915340402506,0,0.07270755363947501,30.23470400326201,0,0.15641804817332175,0.5777376679115095,-0.7813830680805012
12.280000000000001,0.02,646.1331454546719,204.8700022192859,1,269.92382377872127,63.62154239182428,-4.973702053846443,6.785876074265405,112.10744319551932,-158.8237405095242,0,47.728322219424854,-47.32891343151948,0,0.16826862597135603,0.7762559449790472,-3.1764748101904843
12.3,0.02,620.6984431379054,223.22104730139637,1,269.8224195819581,63.77093780857945,-5.070209838156904,7.46977083775842,110.32669821439977,-89.0372490559777,0,-25.434702316766447,18.35104508211046,0,0.18055969004357386,0.6906705437223173,-1.780744981119554
12.32,0.02,642.49375102517,218.51444333636223,1,269.7212647602975,63.934481781000976,-5.0577410830310665,8.17719862107661,107.71861191416467,-130.40431501175505,0,21.795307887264585,-4.706603965034134,0,0.19229906099771163,0.7075376586902458,-2.608086300235101
12.34,0.02,652.3760385355166,225.97821355922775,1,269.62134754249047,64.11142793206659,-4.995860890353475,8.847307553280473,104.85833336448124,-143.01392748417143,0,9.8822875103466,7.46377022286552,0,0.20320775278329317,0.6729599834055646,-2.8602785496834287
12.36,0.02,622.1095180946002,212.72156135925906,1,269.51964127649285,64.30310192699628,-5.085313299880488,9.583699746484179,103.71734222249174,-57.04955709947512,0,-30.26652044091645,-13.256652199968698,0,0.21698637025279802,0.7418053624648129,-1.1409911419895025
12.38,0.02,620.7216906389782,240.03758648656628,1,269.41600717955913,64.5067721632773,-5.181704846685596,10.18351181405135,102.85710603767062,-43.01180924105594,0,-1.3878274556219594,27.316025127307228,0,0.22852043933538352,0.607507898462799,-0.8602361848211189
12.4,0.02,647.0238801754258,213.22960492909345,1,269.31307547064296,64.72511943906542,-5.14658544580846,10.917363789405883,100.78225957811308,-103.74232297787671,0,26.3021895364476,-26.80798155747283,0,0.2413927702821624,0.7346918361120658,-2.074846459557534
12.42,0.02,592.2040274062066,244.3926142865292,1,269.2053641644674,64.95502745342489,-5.385565308777421,11.49540071797324,101.88301230993322,55.037636591006844,0,-54.81985276921921,31.163009357435755,0,0.2538885986899603,0.6254902602696922,1.1007527318201369
12.44,0.02,641.7104200080806,244.88777420088059,1,269.09782390029267,65.19644669036427,-5.377013208737031,12.070961846968835,99.9145215856729,-98.42453621301601,0,49.50639260187404,0.4951599143513761,0,0.2642880178577319,0.5756246621069886,-1.9684907242603202
12.46,0.02,638.3987798182101,220.7812202428812,1,268.99012351409976,65.45178780527935,-5.385019309645974,12.767055745754426,98.46196944256255,-72.62760715551764,0,-3.311640189870559,-24.10655395799938,0,0.2771253473650113,0.696139938215219,-1.4525521431103527
12.48,0.02,641.0725763286391,252.9396981964351,1,268.8825303855397,65.7178349503748,-5.379656428002766,13.302357254772254,96.77917097826544,-84.13992321485537,0,2.6737965104290424,32.1584779535539,0,0.2869797287732575,0.5353283721756977,-1.6827984642971074
12.5,0.02,661.7788501678762,227.49585190423292,1,268.77711514199643,65.99713251027981,-5.270762177163396,13.964877995251086,94.38379452005908,-119.76882291031785,0,20.706273839237042,-25.44384629220218,0,0.29852889397877136,0.6714102244012139,-2.395376458206357
12.52,0.02,656.1740543955726,251.4417881370084,1,268.6733173038927,66.28728589137113,-5.189891905185538,14.507669054566044,92.09935681096476,-114.22188545471599,0,-5.604795772303532,23.945936232775466,0,0.3081606330369442,0.5487824113089145,-2.2844377090943198
12.540000000000001,0.02,667.7881609384558,224.384447412677,1,268.5722982818828,66.59100082772117,-5.050951100493256,15.185746817502661,89.90942737414942,-109.49647184076738,0,11.614106542883178,-27.057340724331397,0,0.3200743747474152,0.692166164874928,-2.1899294368153477
12.56,0.02,662.2186259010621,240.1210556942628,1,268.47350112246306,66.9067036585018,-4.939857970987935,15.78514153903135,87.92097046889486,-99.42284526272758,0,-5.5695350373937345,15.736608281585802,0,0.3308007800358236,0.6096029163477986,-1.9884569052545515
12.58,0.02,645.7147997966368,216.31596700836334,1,268.375275443023,67.2367748925816,-4.9112839720047585,16.503561703989533,87.32974953220523,-29.561046834481886,0,-16.50382610442523,-23.80508868589945,0,0.3443766886251508,0.7189881826820469,-0.5912209366896377
12.6,0.02,610.4744437490183,229.20381061678628,1,268.27409720795777,67.57992574559971,-5.058911753259656,17.157542650905604,88.73413390000135,70.21921838980631,0,-35.24035604761855,12.88784360842294,0,0.3577562622484387,0.6704364553986346,1.4043843677961263
12.620000000000001,0.02,628.6729869951112,240.11977742372147,1,268.1717862715921,67.93506462087545,-5.115546818284093,17.756943763787,88.93514358763129,10.050484381496716,0,18.198543246092868,10.915966806935188,0,0.3695823973515729,0.602070780484967,0.20100968762993432
12.64,0.02,607.7917597072484,269.9497496306716,1,268.06625451119714,68.29920852118812,-5.276588019747839,18.207195015633644,91.24023047617933,115.25434442740234,0,-20.88122728786277,29.829972206950117,0,0.379127594072212,0.4781845442487215,2.305086888548047
12.66,0.02,677.6670515789444,246.98180907249008,1,267.96448945596006,68.67465424059354,-5.088252761853118,18.77228597027119,87.87910144713885,-168.0564514520242,0,69.87529187169605,-22.96794055818151,0,0.38899307794260213,0.5956491890193805,-3.361129029040484
12.68,0.02,684.3279844148603,240.8984272113743,1,267.86715719916447,69.06201011727782,-4.866612839778815,19.367793834214318,84.69836763635213,-159.03669053933598,0,6.660932835915901,-6.083381861115782,0,0.39939722509648523,0.63541629745798,-3.1807338107867196
12.700000000000001,0.02,655.1914200337009,267.4855257721092,1,267.7713440843723,69.4586174413849,-4.790655739610321,19.83036620535377,82.71726601971892,-99.05508083166055,0,-29.136564381159474,26.587098560734916,0,0.4080165713565539,0.46876719126617755,-1.981101616633211
12.72,0.02,605.8251746289906,211.94926946751895,1,267.67211348704296,69.87002983854522,-4.96152986646536,20.570619858016173,84.72362947586038,100.31817280707287,0,-49.3662454047103,-55.53625630459027,0,0.4232101983453786,0.7597193149502666,2.0063634561414574
12.74,0.02,640.8362291316009,271.1122988196843,1,267.5729665126268,70.29033100582357,-4.957348720807351,21.015058363917753,83.95904682240787,-38.229132672625354,0,35.011054502610364,59.16302935216538,0,0.43183699905337486,0.4444581729556138,-0.7645826534525071
12.76,0.02,649.0183860173237,227.9764030966576,1,267.4747213768124,70.72383453279227,-4.912256790720738,21.675176348434462,83.36346239747715,-29.779221246536025,0,8.182156885722748,-43.13589572302672,0,0.44449681056840856,0.661656282099202,-0.5955844249307205
12.780000000000001,0.02,670.8251436764891,234.6942258386449,1,267.3795587553656,71.16986863717709,-4.758131072338278,22.301705219241235,81.37116631792145,-99.61480397778502,0,21.80675765916544,6.717822741987305,0,0.45607274287660765,0.6452078448231385,-1.9922960795557003
12.8,0.02,664.186616216311,251.5203884657269,1,267.28681479554047,71.62675070271534,-4.637197991256732,22.8441032769126,79.42877181809685,-97.11972499123007,0,-6.638527460178125,16.826162627082,0,0.4662002401270834,0.5557161713190855,-1.9423944998246014
12.82,0.02,655.996141019041,248.76968641597233,1,267.1956704498172,72.094755799612,-4.5572172861615226,23.400254844832737,78.35663227522755,-53.60697714346472,0,-8.190475197269961,-2.7507020497545795,0,0.47679771651988084,0.5618731882618676,-1.0721395428692944
12.84,0.02,663.756678662045,247.50937627486925,1,267.10690177196017,72.57400995888118,-4.4384338928512985,23.962707963458392,76.83960375662876,-75.85142592993961,0,7.760537643004,-1.2603101411030764,0,0.4874058138197489,0.5748591176784241,-1.5170285185987922
12.86,0.02,656.5537575095889,227.00757966012998,1,267.0197884698541,73.06656336018433,-4.355665105303364,24.627670065157744,76.47668609547488,-18.145883057694334,0,-7.202921152456156,-20.501796614739277,0,0.5001975415164758,0.670093477724246,-0.3629176611538867
12.88,0.02,652.2256922079534,245.7312566825528,1,266.93389773696885,73.57054363581923,-4.294536644263593,25.19901378174498,76.02399540083856,-22.634534731815847,0,-4.328065301635434,18.723677022422834,0,0.5112468447086997,0.574604499836894,-0.45269069463631695
12.9,0.02,698.6779233067738,243.41919995571328,1,266.85387479641423,74.08618199145856,-4.0011470277297345,25.781917781966413,72.84923872837825,-158.73783362301523,0,46.452231098820334,-2.312056726839529,0,0.5218108707390392,0.6525753140933485,-3.1747566724603047
12.92,0.02,686.6039426592603,229.2659021399103,1,266.7785122501256,74.6148937568839,-3.7681273144334337,26.43558827126686,71.08312136573706,-88.30586813205983,0,-12.073980647513508,-14.153297815802972,0,0.5340558437862957,0.693962027323523,-1.7661173626411966
12.94,0.02,671.9122497532437,227.89071242537563,1,266.7063409288122,75.1568164510667,-3.6085660656672243,27.09613470913998,70.30826091391204,-38.74302259125102,0,-14.691692906016556,-1.3751897145346845,0,0.5467073312938676,0.679544986512816,-0.7748604518250204
12.96,0.02,664.84349291152,252.94378128967958,1,266.63665395679004,75.70944476712053,-3.4843486011096214,27.631415802691585,69.12155464868982,-59.335313261110656,0,-7.068756841723712,25.053068864303953,0,0.5570047843368197,0.5495050751493744,-1.1867062652222131
12.98,0.02,672.0365307888703,240.60478630067288,1,266.57017063784673,76.2740126045443,-3.3241659471652607,28.228391871188222,68.05171894114484,-53.4917853772491,0,7.193037877350321,-12.338994989006693,0,0.5684688863526888,0.6180929614405594,-1.069835707544982
13.0,0.02,715.7991118192417,270.4998979068255,1,266.51126723008537,76.84753045217738,-2.94517038806905,28.675892381654094,63.39472446216828,-232.8497239488282,0,43.76258103037139,29.895111606152597,0,0.576534763045202,0.5864250512059196,-4.656994478976564
13.02,0.02,674.3488930168285,236.38312122347304,1,266.4557987116257,77.43340998768811,-2.773425922984904,29.293976775536727,62.9023084846956,-24.62079887363373,0,-41.45021880241325,-34.11677668335244,0,0.5884994364231617,0.641501737525551,-0.4924159774726746
13.040000000000001,0.02,711.0230726601864,238.90305934563455,1,266.407432500432,78.03139921726428,-2.418310559683965,29.899461478808554,60.5060534392144,-119.81275227406023,0,36.67417964335789,2.5199381221615056,0,0.5999420047590736,0.7019392047382241,-2.3962550454812046
13.06,0.02,696.6313422052539,257.91469404248176,1,266.3647294234588,78.6395969774362,-2.1351538486576995,30.40988800859615,57.867512710002764,-131.9270364605817,0,-14.391730454932485,19.01163469684721,0,0.6096950616997937,0.5837062320296209,-2.638540729211634
13.08,0.02,713.0142827407725,251.3902336120352,1,266.32932777475975,79.25865571424691,-1.7700824349538262,30.95293684053597,55.21939033991321,-132.40611850447763,0,16.382940535518628,-6.524460430446567,0,0.6200701543795586,0.6543540104369716,-2.6481223700895526
13.1,0.02,689.9781405719027,248.07687501126065,1,266.29892394011785,79.8889067635565,-1.5201917320943092,31.512552465479665,53.965929545257836,-62.67303973276874,0,-23.036142168869787,-3.313358600774535,0,0.6309839762757643,0.6128743844025027,-1.2534607946553749
13.120000000000001,0.02,694.3742305842263,248.20488738874457,1,266.27395752853437,80.53033732412723,-1.248320579173173,32.071528028535944,52.56529796745552,-70.03157889011575,0,4.3960900123236115,0.1280123774839126,0,0.6419162606924916,0.6215847519725304,-1.400631577802315
13.14,0.02,706.350802875969,250.91137436993327,1,266.2556261972385,81.18267674726096,-0.9165665647933334,32.616971156686276,50.58360779789015,-99.08450847826842,0,11.976572291742627,2.7064869811887036,0,0.652596935850545,0.6384112562475368,-1.9816901695653684
13.16,0.02,693.4103755466922,250.38494741706918,1,266.2426359034973,81.84597767565297,-0.6495146870598827,33.16504641960093,49.36027929212922,-61.16642528804661,0,-12.940427329276758,-0.5264269528640853,0,0.6634281191939312,0.6096746667034194,-1.2233285057609322
13.18,0.02,703.1834292938025,264.271612301576,1,266.23596395268544,82.51885144281484,-0.3335975405908638,33.643688358093044,46.8252159679373,-126.7531662095962,0,9.773053747110339,13.886664884506814,0,0.6729068445648543,0.5734995629611408,-2.535063324191924
13.200000000000001,0.02,699.7171118005131,272.93680877773977,1,266.23526371305366,83.20043152909892,-0.03501198158830299,34.07900431420435,43.89743251924235,-146.38917243474728,0,-3.4663174932894663,8.665196476163771,0,0.6815804459889999,0.5278762333066054,-2.927783448694946
13.22,0.02,705.7774729153339,245.62811253580938,1,266.2411412207134,83.89344880412942,0.2938753829883698,34.6508637515253,42.97356769815285,-46.19324105447511,0,6.060361114820807,-27.30869624193039,0,0.6930421982729398,0.659689407699734,-0.9238648210895022
13.24,0.02,711.977309067626,257.48691949065716,1,266.25421645928,84.59671738721086,0.6537619283264977,35.16342915407201,41.12487790634781,-92.4344895902518,0,6.199836152292164,11.858806954847779,0,0.7033901206392842,0.6262919585970158,-1.848689791805036
13.26,0.02,717.0324201681232,252.52975615800386,1,266.2749949398633,85.3107329946765,1.0389240291671005,35.700780373281994,39.58210979939327,-77.138405347727,0,5.055111100497129,-4.957163332653295,0,0.7143178794905519,0.6611324955789117,-1.54276810695454
13.280000000000001,0.02,741.5344441903636,250.72323043811411,1,266.3059268648657,86.03567627909833,1.5465962501189043,36.247164221091424,37.672712253849575,-95.46987727718488,0,24.502024022240448,-1.8065257198897484,0,0.7256028869930565,0.745832684369072,-1.9093975455436976
13.3,0.02,702.2447841382909,282.67570631181616,1,266.3430832682819,86.76835199288897,1.857820170810351,36.633785689532345,34.30193056431592,-168.5390844766829,0,-39.28966005207269,31.952475873702042,0,0.7336172707164496,0.49632296810642396,-3.3707816895336578
13.32,0.02,708.0831907765015,234.11633496756932,1,266.3870479907757,87.51361607318286,2.1982361246928637,37.2632040146945,34.76002361768244,22.904652668326264,0,5.838406638210586,-48.55937134424684,0,0.7465597405434234,0.7155770047365095,0.4580930533665253
13.34,0.02,713.8766390532693,249.99733044833047,1,266.4384003771749,88.26988042043192,2.567619319959215,37.813217362452846,33.94089540905913,-40.95641043116558,0,5.793448276767776,15.880995480761158,0,0.7580058248515862,0.6625395291282787,-0.8191282086233116
13.36,0.02,731.7984967009153,268.508770896681,1,266.49893261324416,89.0352938905913,3.0266118034637888,38.27067350796944,31.535829022931484,-120.25331930638234,0,17.921857647645993,18.511440448350555,0,0.7678033158986621,0.6480279507741902,-2.405066386127647
13.38,0.02,731.8061149846611,248.89905871238201,1,266.5686454608119,89.81181745487946,3.4856423783870927,38.826178214407534,30.534073339201154,-50.087784186516515,0,0.007618283745841836,-19.609712184299013,0,0.7796465397927356,0.7206209458441315,-1.0017556837303303
13.4,0.02,728.3153940541146,275.0833191246615,1,266.64718984778506,90.59683268725514,3.927219348657667,39.250761618784225,27.93652135102516,-129.87759940879968,0,-3.4907209305465585,26.184260412279485,0,0.7889348108600833,0.6125857392605872,-2.5975519881759936
13.42,0.02,689.0766665301365,265.18010700705673,1,266.7306419014112,91.39132990893012,4.1726026813083426,39.72486108374894,27.21028806529101,-36.31166428670749,0,-39.238727523978014,-9.903212117604767,0,0.7988679994239819,0.5338382551134587,-0.7262332857341498
13.44,0.02,759.5544255594523,268.116086655539,1,266.82604939759335,92.19501552193954,4.770374809105613,40.184280650471244,25.086809710820948,-106.17391772350312,0,70.47775902931573,2.9359796484822596,0,0.8093288298868837,0.7539216504774122,-2.1234783544700626
13.46,0.02,703.3866708763384,276.0734592536903,1,266.9277955608631,93.0070937890236,5.087308163487302,40.603913354202795,22.870610418759846,-110.80996460305509,0,-56.16775468311391,7.9573725981513235,0,0.818427390554817,0.5258691445223623,-2.216199292061102
13.48,0.02,747.5176809783338,279.3731559950548,1,267.04029349223066,93.82723474050815,5.624896568378967,41.00704757422752,20.500990035105144,-118.4810191827351,0,44.13101010199546,3.299696741364471,0,0.8278206115239924,0.6719512574799662,-2.369620383654702
13.5,0.02,717.4177551851487,289.11773335069586,1,267.16053319911674,94.65446391865763,6.011985344304714,41.36145890747404,17.424573605238166,-153.8208214933489,0,-30.099925793185093,9.74457735564107,0,0.835922065921169,0.5248286516390537,-3.0764164298669776
13.52,0.02,714.9574771280988,262.70261925924734,1,267.28826865371565,95.49142283488118,6.386772729945216,41.8479458111778,16.915915415188714,-25.43290950247261,0,-2.4602780570498908,-26.415114091448515,0,0.8466502074692303,0.6141132565826254,-0.5086581900494522
13.540000000000001,0.02,739.9239278739427,255.41212756519897,1,267.42599650110196,96.33884053834821,6.886392369314928,42.37088517335181,16.521579696832895,-19.716785917790958,0,24.966450745843872,-7.29049169404837,0,0.8585369672268075,0.723246403762147,-0.39433571835581915
13.56,0.02,728.2723238018331,272.0205826696756,1,267.57255158086843,97.19505618354827,7.327753988324099,42.81078226000343,15.052870096092906,-73.4354800369994,0,-11.651604072109649,16.608455104476633,0,0.8686677284731619,0.623144867249165,-1.468709600739988
13.58,0.02,716.1100302741394,275.9395779597067,1,267.7267176636623,98.05967787095237,7.708304139694798,43.2310843702049,13.32097172847893,-86.59491838069879,0,-12.162293527693691,3.9189952900310914,0,0.8782584149403406,0.5669852569053884,-1.7318983676139759
13.6,0.02,754.489651582011,268.7069499450967,1,267.8923327116144,98.93342886336195,8.280752397604852,43.687549620479416,12.217983748493767,-55.14939899925819,0,38.379621307871616,-7.232628014609986,0,0.8893082372523622,0.7321594994893086,-1.1029879799851638
13.620000000000001,0.02,742.0336550773493,260.8949964269182,1,268.0681511250742,99.81709035612884,8.790920672991598,44.18307463834483,11.720866682057,-24.855853321838328,0,-12.455996504661698,-7.811953518178484,0,0.9009826570531384,0.7112079249710335,-0.49711706643676656
13.64,0.02,728.5241579185379,255.22124291163144,1,268.2528219543259,100.71122972460458,9.233541462584293,44.70696842378667,11.785797486210754,3.246540207687687,0,-13.509497158811428,-5.673753515286791,0,0.9130106929465205,0.6858409887169503,0.06493080415375374
13.66,0.02,731.9268743911387,271.5512837946113,1,268.4466854710167,101.61421396470085,9.693175834539995,45.14921200481361,10.461151117018186,-66.23231845962837,0,3.402716472600787,16.330040882979887,0,0.9235602855071032,0.6378425674432889,-1.3246463691925676
13.68,0.02,709.4374043760138,271.64770154799305,1,268.6474927281451,102.52603343464233,10.040362856420069,45.59097349707365,9.086914975633428,-68.71180706923789,0,-22.48947001512488,0.0964177533817292,0,0.9336692670746932,0.561864791747773,-1.374236141384758
13.700000000000001,0.02,735.6678327127145,282.26288288345734,1,268.8578667685448,103.44562661629546,10.51870201998363,45.97965908265636,7.099283900135631,-99.38155377488988,0,26.230428336700697,10.615181335464285,0,0.9433498060724959,0.6163479859936788,-1.9876310754977977
13.72,0.02,784.1044728061779,307.72119579198966,1,269.08265125622506,104.37044767836939,11.239224384014529,46.241053103696416,4.560232839634918,-126.95255302503563,0,48.43664009346344,25.45831290853232,0,0.9517468480416601,0.7664719899018901,-2.5390510605007126
13.74,0.02,782.1718229344337,260.8020441652843,1,269.3216529261988,105.30518853602679,11.95008349868669,46.73704288286999,4.3812817866839096,-8.947552647550427,0,-1.932649871744161,-46.91915162670534,0,0.9648120382874216,0.8667909447826171,-0.17895105295100855
13.76,0.02,731.412344855242,292.2691302814422,1,269.56979583065805,106.24670248065604,12.40714522296289,47.07569723146278,1.779250820920729,-130.10154828815902,0,-50.759478079191695,31.467086116157873,0,0.973664936702974,0.5688516393745747,-2.6020309657631806
13.780000000000001,0.02,764.9641395595318,277.65608787213915,1,269.83043514907325,107.19645081649809,13.031965920760536,47.48741679210209,0.8735195316622638,-45.28656446292326,0,33.551794704289705,-14.613042409303034,0,0.9848628106181465,0.7482739478355229,-0.9057312892584651
13.8,0.02,726.4399017794447,259.7285276527757,1,270.0997184576664,108.15622629957485,13.464165429657749,47.98877415383821,1.1988572705924738,16.2668869465105,0,-38.524237780087105,-17.927560219363443,0,0.9968362343946626,0.6619332441100036,0.32533773893021
13.82,0.02,738.3867919132523,271.8122231110727,1,270.3788404454509,109.12482056034051,13.956099389224017,48.42971303828284,0.3774933071986386,-41.06819816969176,0,11.946890133807642,12.083695458296972,0,1.0080098839063698,0.6606255523288701,-0.8213639633938352
13.84,0.02,731.2619441617511,298.39131883218437,1,270.6670886276516,110.09957568922295,14.412409110032764,48.73775644412192,-2.6477652894900867,-151.26292983443625,0,-7.124847751501193,26.579095721111685,0,1.0164814685101775,0.5505536315251188,-3.025258596688725
13.86,0.02,738.8529736951599,274.6267111283442,1,270.9652221072218,111.08286814699255,14.90667397850856,49.1646228884802,-3.4458383165816246,-39.903651354576894,0,7.5910295334088005,-23.76460770384017,0,1.0274958049292604,0.6530794144118139,-0.7980730270915379
13.88,0.02,734.4546468997469,281.65848849688103,1,271.27280105148196,112.07399475591247,15.378947213007303,49.5563304459958,-4.907339829768313,-73.07507565933442,0,-4.398326795413027,7.0317773685368365,0,1.0377556368728085,0.6135770682145302,-1.4615015131866884
13.9,0.02,740.166365933625,268.7607354229015,1,271.59039663233546,113.0742452912901,15.879779042675432,50.01252676888129,-5.14847428596942,-12.056722810055343,0,5.711719033878126,-12.897753073979516,0,1.0494608551541622,0.6774567193725131,-0.24113445620110685
13.92,0.02,751.4829804330313,271.5087769523634,1,271.9191405112323,114.08334494897248,16.437193944840594,50.45498288411947,-5.5313773354657565,-19.14515247481683,0,11.316614499406342,2.7480415294618865,0,1.0612985711131615,0.7116732305401534,-0.3829030494963366
13.94,0.02,767.3652485248517,287.6163943531909,1,272.2606209149816,115.09968296721955,17.07402018746486,50.81690091235351,-6.720349021336928,-59.44858429355859,0,15.882268091820379,16.107617400827507,0,1.0721715503962812,0.7324836670232036,-1.1889716858711719
13.96,0.02,748.8661614242011,279.365260305159,1,272.61298793487333,116.1240844594361,17.618350994585875,51.220074610827716,-7.697982887473673,-48.88169330683723,0,-18.499087100650627,-8.251134048031929,0,1.0833101744020006,0.6773810292017219,-0.9776338661367445
13.98,0.02,768.8811481752908,293.73240960689606,1,272.97824306958256,117.15511271069197,18.26275673546234,51.55141256279324,-9.10259974749334,-70.23084300098334,0,20.014986751089737,14.367149301737072,0,1.0938146864616407,0.724598921671329,-1.404616860019667
14.0,0.02,790.9556915577955,278.31334049627264,1,273.3585937734476,118.1943096278982,19.017535193251312,51.95984586031187,-9.306193626788934,-10.179693964779712,0,22.074543382504658,-15.419069110623411,0,1.1066150598385913,0.8582006052574453,-0.20359387929559425
14.02,0.02,780.5072272150657,282.4240682523359,1,273.7529952000341,119.2412641382792,19.72007132932665,52.347725519050194,-9.877619747562067,-28.57130603865663,0,-10.448464342729835,4.110727756063284,0,1.1187789022414545,0.8025008736161113,-0.5714261207731326
14.040000000000001,0.02,749.7371789483897,316.97761054095633,1,274.15837034451545,120.29252088760612,20.268757224068587,52.562837466345414,-13.080498858046106,-160.14395552420194,0,-30.770048266675985,34.553542288620406,0,1.1267074867811349,0.5893465542088975,-3.202879110484039
14.06,0.02,775.1851509505713,290.9097885757189,1,274.5772640040919,121.35068665807545,20.94468297882144,52.90828852346682,-13.921182423788677,-42.03417828712856,0,25.447972002181587,-26.067821965237442,0,1.1380626941545415,0.7590863315885179,-0.8406835657425713
14.08,0.02,779.6611084633228,263.3452460546672,1,275.0101237745146,122.41851790393932,21.642988521138044,53.39156229319349,-13.129001625918317,39.609039893518,0,4.475957512751506,-27.564542521051692,0,1.1522287752411033,0.8492256278138971,0.7921807978703601
14.1,0.02,796.9560498285629,295.8100607359459,1,275.4586791499202,123.49276814372959,22.427768770280856,53.71251198951376,-13.92517149054038,-39.80849323110318,0,17.294941365240106,32.46481468127871,0,1.164137235249655,0.8478730724658782,-0.7961698646220636
14.120000000000001,0.02,773.6600124209124,294.5725192889644,1,275.9206005265679,124.57356113159096,23.096068832385406,54.039649393068935,-15.132171989597333,-60.35002495284765,0,-23.296037407650488,-1.2375414469815382,0,1.17536583275779,0.7440724788713581,-1.207000499056953
14.14,0.02,817.4866084142197,288.13165108087367,1,276.40027056405705,125.66154095434426,23.983501874456515,54.39899113766457,-15.210386923625215,-3.9107467013940855,0,43.826595993307365,-6.440868208090706,0,1.1890262568939056,0.9574256595520171,-0.07821493402788171
14.16,0.02,778.0078972572256,299.3911986833948,1,276.89374139127193,126.75558165722921,24.673541360742654,54.702035144247596,-16.572006164751766,-68.08096205632754,0,-39.47871115699411,11.259547602521138,0,1.2001827014588817,0.7536512207645746,-1.3616192411265509
14.18,0.02,784.19017688094,280.5568896821804,1,277.40163123617486,127.85756667114595,25.39449224514734,55.099250695836695,-16.73738721503458,-8.269052514140718,0,6.1822796237144075,-18.83430900121442,0,1.2133932031508112,0.8231344799898325,-0.16538105028281436
14.200000000000001,0.02,789.4035312205176,274.0468900542094,1,277.9244614341999,128.96814699605727,26.14150990124994,55.52901624556565,-16.512976652151508,11.220528144153619,0,5.213354339577563,-6.509999627970956,0,1.227493410999434,0.8618200544561798,0.22441056288307237
14.22,0.02,797.6508210906559,262.0268558058836,1,278.46305671433396,130.08852463538798,26.92976400670323,56.018881966536235,-15.633385851059671,43.97954005459184,0,8.247289870138275,-12.020034248325828,0,1.2431134021057622,0.9280694798052559,0.8795908010918367
14.24,0.02,800.1823438926866,252.08450970282723,1,279.0176702288573,131.21969382374843,27.730675726166673,56.5584594180221,-14.35439826506273,63.94937929984703,0,2.531522802030736,-9.942346103056366,0,1.259817400732328,0.965713937212192,1.2789875859969406
14.26,0.02,772.4270943228219,298.4493021372735,1,279.5855264528129,132.35701808189515,28.39281119778078,56.86621290733573,-16.378967251661074,-101.22844932991714,0,-27.75524956986476,46.36479243444626,0,1.2712069694798454,0.7301613472064569,-2.024568986598343
14.280000000000001,0.02,799.1364209641359,291.4906574850084,1,280.16929631886495,133.50119327429337,29.188493302601465,57.20875961991069,-17.190574089321114,-40.58034188300201,0,26.709326641314078,-6.958644652265093,0,1.2844937241613548,0.8662841694431371,-0.8116068376600403
14.3,0.02,795.2788289703165,294.25161927366855,1,280.76859406781404,134.65194330476422,29.96488744745306,57.53750152354234,-18.2068904281805,-50.81581694296933,0,-3.857591993819483,2.760961788660154,0,1.297452667546717,0.8431246096296797,-1.0163163388593865
14.32,0.02,814.8135076625791,288.57201558034717,1,281.38537316752934,135.80983613367704,30.838954985765945,57.89464144564061,-18.527252413118426,-16.018099246896256,0,19.534678692262673,-5.679603693321383,0,1.3119193043374866,0.9442155397411688,-0.3203619849379251
14.34,0.02,797.1868427484974,288.5574875820226,1,282.0178709515195,136.97487321383164,31.624889199508424,58.25185400773049,-19.237210050760424,-35.497881882099946,0,-17.626664914081744,-0.014527998324581404,0,1.3256563826601706,0.8633037720558322,-0.7099576376419989
14.36,0.02,795.557363638916,298.4426006228383,1,282.66592447187355,138.14606603392397,32.40267601770301,58.5596410046163,-20.46114664699128,-61.19682981154284,0,-1.629479109581439,9.885113040815725,0,1.3385312798284126,0.8364718584681983,-1.2239365962308568
14.38,0.02,783.1536309630958,306.6482569022769,1,283.3282933553239,139.32259402832608,33.1184441725185,58.826399720104924,-22.404535538539495,-97.16944457741067,0,-12.403732675820152,8.205656279438585,0,1.3501669005627173,0.7638614165783698,-1.9433888915482136
14.4,0.02,799.6702396788545,301.79444149997664,1,284.0066292627422,140.50494257857818,33.91679537091277,59.11742751260504,-23.481157626174266,-53.83110438173855,0,16.516608715758707,-4.853815402300256,0,1.3631169053225833,0.8497422032505277,-1.076622087634771
14.42,0.02,768.3828534670807,316.93705805558466,1,284.69780345550714,141.69159742302472,34.55870963824818,59.33274222232712,-26.32372390394467,-142.12831388852027,0,-31.287386211773764,15.142616555608015,0,1.373270361069775,0.6770630331301939,-2.8425662777704055
14.44,0.02,794.5762954468539,311.6463536921748,1,285.4044352778168,142.88308763210205,35.33159111548246,59.574510453866246,-27.70669960512756,-69.14878505914447,0,26.193441979773183,-5.290704363409873,0,1.3852716161922143,0.8098133461689782,-1.3829757011828896
14.46,0.02,787.9689749258828,310.72958495977883,1,286.12586399761904,144.07950488268338,36.07143599011189,59.82086252906735,-29.22235164723374,-75.78260210530895,0,-6.607320520971143,-0.9167687323959512,0,1.3970947123384683,0.7797818819845208,-1.5156520421061792
14.48,0.02,808.7871874252805,318.9609036740212,1,286.8641714361638,145.28002604289733,36.915371927238276,60.02605801069725,-30.27649223023917,-52.707029150271545,0,20.81821249939776,8.231318714242377,0,1.4093789163784196,0.8685234894087339,-1.054140583005431
14.5,0.02,802.3758788456905,303.4730007474605,1,287.61871646259317,146.48619990303652,37.72725132146672,60.30869300695995,-30.889117216809108,-30.631249328496857,0,-6.411308579590013,-15.487902926560707,0,1.4227415709791942,0.8596689431898523,-0.6126249865699371
14.52,0.02,841.7788426734937,305.450718127843,1,288.3934393732899,147.69782869136293,38.73614553483417,60.58143941632073,-30.618809438831242,13.515388898893299,0,39.402963827803205,1.9777173803825008,0,1.4381376530289796,1.0451115431309392,0.270307777977866
14.540000000000001,0.02,821.8725367963043,305.44463285889645,1,289.1863495376662,148.91491301640346,39.6455082188157,60.85421625202624,-30.87792950901226,-12.956003509050973,0,-19.906305877189425,-0.006085268946549149,0,1.4525841741636443,0.9493933289820399,-0.25912007018101946
14.56,0.02,808.0345578042395,309.85656291922794,1,289.99606315782296,150.13701168515206,40.48568100783691,61.1049334374301,-31.751757226368085,-43.691385867791155,0,-13.83797899206479,4.4119300603314855,0,1.4660018086020352,0.8767835664909048,-0.8738277173558231
14.58,0.02,781.8747459548136,300.4371768215322,1,290.8199642525752,151.3650666362185,41.19505473761097,61.402747553322435,-33.25197222416921,-75.01074989005616,0,-26.159811849425864,-9.419386097695735,0,1.4788279064085506,0.7693531933502917,-1.5002149978011232
14.6,0.02,814.5684392989839,309.9835939913407,1,291.6613221912573,152.59812322788582,42.067896934105896,61.65282958336574,-33.82900671300423,-28.85172444175126,0,32.69369334417024,9.546417169808478,0,1.4927530737659316,0.9079617402361574,-0.5770344888350252
14.620000000000001,0.02,810.9619184761005,285.3744980884367,1,292.519776321787,153.8386423697443,42.92270652648639,62.025957092923555,-33.46044219749362,18.42822577553065,0,-3.60652082288334,-24.60909590290396,0,1.508585839632864,0.9326969377104873,0.368564515510613
14.64,0.02,815.758385688838,303.7246943288097,1,293.3958062908856,155.0847890421699,43.80149845493059,62.307333621279504,-33.892735203167774,-21.614650283707704,0,4.7964672127374115,18.350196240372952,0,1.5232563920615338,0.9227394021110858,-0.4322930056741541
14.66,0.02,825.2758797138407,313.5942637183646,1,294.29036384795563,156.33557628822365,44.727877853499784,62.539362302687685,-34.44222790699904,-27.474635191563124,0,9.517494025002748,9.869569389554897,0,1.5377587449927985,0.9549953398260353,-0.5494927038312625
14.68,0.02,784.6021891584977,316.79144393329295,1,295.19938162394146,157.59068438988407,45.450888799292265,62.75540508302122,-36.68564864568242,-112.17103693416917,0,-40.673690555343,3.1971802149283803,0,1.5497127681966951,0.7545987746279367,-2.2434207386833833
14.700000000000001,0.02,780.2704511503439,328.1444974833909,1,296.1224264450423,158.84897804179616,46.15224105504398,62.91468259560427,-39.3130244589326,-131.36879066250913,0,-4.33173800815382,11.353053550097968,0,1.560549472526701,0.719210895817535,-2.6273758132501825
14.72,0.02,821.8701339838199,312.38000765639015,1,297.0636582795416,160.11203369294262,47.06159172496307,63.15278255732232,-39.570084230978665,-12.852988602303128,0,41.59968283347598,-15.764489827000773,0,1.5751910817954287,0.9400054428844755,-0.25705977204606256
14.74,0.02,831.8272818699126,324.7212151047166,1,298.02407284222784,161.37861722257858,48.02072813431263,63.32917648179873,-39.97821469360359,-20.406523131246246,0,9.957147886092685,12.34120744832643,0,1.5895376591213337,0.9752217534141385,-0.4081304626249249
14.76,0.02,824.5214836591795,307.69054057493975,1,299.00293955328,162.65043169815706,48.94333555260854,63.59072377892404,-40.06383348565379,-4.280939602509903,0,-7.305798210733087,-17.03067452977683,0,1.6048962889535936,0.9589637307678525,-0.08561879205019807
14.780000000000001,0.02,812.9544642544245,305.47031947760536,1,299.9991017107576,163.9276991417878,49.80810787388065,63.863372181536015,-40.551929772843,-24.404814359460758,0,-11.567019404755001,-2.220221097334388,0,1.6197997303831864,0.906734977314332,-0.48809628718921516
14.8,0.02,819.4754575761689,327.4671555508835,1,301.01321141399285,165.20821986986343,50.70548516176151,64.0260364037816,-41.570945366792316,-50.95077969746562,0,6.520993321744413,21.996836073278132,0,1.6334478336412293,0.9120009024135698,-1.0190155939493124
14.82,0.02,845.5639316844591,310.96766371632043,1,302.0478775103965,166.49364383156743,51.7333048201838,64.2711980852,-41.20488020593172,18.303258043029658,0,26.088474108290256,-16.49949183456306,0,1.6501056609714444,1.056653916982852,0.36606516086059315
14.84,0.02,816.7522595457148,319.6982833912686,1,303.10021883275476,167.7830979649323,52.617066117912366,64.47270666824366,-42.194717872330976,-49.49188331996268,0,-28.81167213874437,8.730619674948173,0,1.6643660116676406,0.9064434568152325,-0.9898376663992536
14.86,0.02,840.0983124358359,325.888878997228,1,304.1725699863566,169.07596321039745,53.617557680091544,64.64326227325752,-42.545695979462394,-17.5489053565709,0,23.346052890121086,6.190595605959402,0,1.6797135290170466,1.0149249136726204,-0.35097810713141797
14.88,0.02,826.4902323699445,329.56135003118897,1,305.2635701631954,170.37187232085947,54.550008841941256,64.79545552310158,-43.49385525615574,-47.4079638346673,0,-13.608080065891386,3.67247103396096,0,1.6940076175864043,0.944789899677688,-0.948159276693346
14.9,0.02,871.7693133098007,327.51935099419467,1,306.37774727136525,171.67102949622208,55.70885540849027,64.9578587681306,-43.0437871506268,22.503405276447097,0,45.27908093985627,-2.041999036994298,0,1.7114905768556923,1.1701710040837627,0.45006810552894194
14.92,0.02,830.3178733272553,332.0514046234442,1,307.5109561668678,172.97298153112234,56.66044477512656,65.09760174501338,-44.04124462163101,-49.87287355021053,0,-41.45143998254548,4.53205362924956,0,1.7260479431426732,0.9617954160232328,-0.9974574710042106
14.94,0.02,841.2763589795961,328.0311274005993,1,308.6642926982683,174.27813045328256,57.66682657002453,65.25744610801038,-44.52792803586766,-24.33417071183257,0,10.958485652340869,-4.020277222844925,0,1.7417229583601694,1.0189968289862292,-0.4866834142366514
14.96,0.02,805.6027132372127,351.79707972130666,1,309.8341895009925,175.58409966747064,58.49484013621059,65.29846070940386,-46.90891301850659,-119.04924913194641,0,-35.67364574238343,23.765952320707356,0,1.7533436963218016,0.829028746977823,-2.380984982638928
14.98,0.02,820.4757952206826,322.7165856430099,1,311.0221338832388,176.89379722309442,59.39721911231401,65.4848777811888,-47.88200481594669,-48.654589872004905,0,14.873081983469888,-29.080494078296738,0,1.7681966922594783,0.9214331995138505,-0.9730917974400981
15.0,0.02,819.9441979905575,316.724201274084,1,312.22807268528413,178.2078223585908,60.296940102266795,65.70125677481838,-48.69791297367578,-40.79540788645453,0,-0.531597230125044,-5.9923843689259115,0,1.7835219233289008,0.9253743721574335,-0.8159081577290905
15.02,0.02,840.438978757376,329.54486010879145,1,313.4540553852052,179.52489300807628,61.299134996053674,65.85353247427442,-49.07287639886338,-18.748171259380086,0,20.494780766818508,12.820658834707444,0,1.7993634086092485,1.0136974369984957,-0.37496342518760173
15.040000000000001,0.02,869.5227805427696,340.11983563927777,1,314.70299036318056,180.84395167399785,62.44674889876753,65.95293329607803,-48.86111580752629,10.588029566854473,0,29.083801785393575,10.574975530486313,0,1.8165225964333878,1.1519106706152888,0.21176059133708947
15.06,0.02,870.6979972569688,343.2140764413256,1,315.9749951408816,182.16468893227528,63.600238885052384,66.0368629138714,-48.78347128238535,3.8822262570469945,0,1.1752167141992231,3.094240802047807,0,1.8336692885840957,1.156539376416719,0.07764452514093989
15.08,0.02,835.8823372072919,343.33204679816566,1,317.26658815230337,183.4870929858729,64.57965057108885,66.12020267988058,-49.90522641607573,-56.08775668451891,0,-34.81566004967692,0.11797035684008961,0,1.8485034455269214,0.9829510503291875,-1.1217551336903782
15.1,0.02,825.8159253110001,317.7358115623842,1,318.57676275625624,184.81372345831426,65.50873019764384,66.33152362206866,-50.79234075084238,-44.35571673833252,0,-10.066411896291811,-25.596235235781478,0,1.8645390591921291,0.9528092637494799,-0.8871143347666504
15.120000000000001,0.02,845.9967936191279,338.20523017093194,1,319.907537039571,186.14253340773854,66.53871416573949,66.440497471214,-51.38493186684713,-29.62955580023774,0,20.180868308127742,20.469418608547755,0,1.8806105590528135,1.0357327234048426,-0.5925911160047548
15.14,0.02,843.1343719590687,341.99169191351416,0,321.17177260872006,187.44092555817434,63.21177845745252,64.91960752178973,-51.38493186684713,0.0,0,-2.8624216600591126,3.786461742582219,1,1.8122123911437353,3.65808794937119,0.0
15.16,0.02,843.7548927701199,351.52009656652183,0,322.37279639941164,188.70950826560141,60.05118953457989,63.42913537135394,-51.38493186684713,0.0,0,0.6205208110511649,9.52840465300767,0,1.7469287997483383,3.494399743963167,0.0
15.18,0.02,824.1375274344056,322.3018217248168,0,323.5137690005687,189.94887771887994,57.04863005785089,61.96847266392686,-51.38493186684713,0.0,0,-19.61736533571434,-29.21827484170501,0,1.684593457873736,3.338996699034503,0.0
15.200000000000001,0.02,827.3065710059124,345.97596543761676,0,324.59769297166787,191.1596181830929,54.19619855495834,60.53702321064832,-51.38493186684713,0.0,0,3.1690435715067906,23.674143712799946,0,1.625048813668696,3.191459386547991,0.0
15.22,0.02,830.8692050278189,354.96619475719365,0,325.6274207442121,192.3423022380216,51.486388627210424,59.134202746435356,-51.38493186684713,0.0,0,3.562634021906547,8.990229319576883,0,1.568145675417776,3.051389044244582,0.0
15.24,0.02,859.2913707357915,345.5394728003978,0,326.6056621281291,193.49749101185174,48.9120691958499,57.75943869150665,-51.38493186684713,0.0,0,28.422165707972567,-9.42672195679586,0,1.5137428144803964,2.918406541488758,0.0
15.26,0.02,846.2403708500761,350.2794526408718,0,327.53499144285024,194.62573441020527,46.46646573605741,56.41216991767652,-51.38493186684713,0.0,0,-13.050999885715328,4.739979840474007,0,1.4617065851696776,2.7921513983820363,0.0
15.280000000000001,0.02,856.220898226621,345.3829549665279,0,328.41785429183534,195.72757134059174,44.14314244925453,55.09184651932299,-51.38493186684713,0.0,0,9.980527376544842,-4.896497674343891,0,1.4119105606523243,2.672280855606373,0.0
15.3,0.02,850.9125179004509,363.19836883664107,0,329.25657399837115,196.80352993237048,41.9359853267918,53.79792958893653,-51.38493186684713,0.0,0,-5.308380326170095,17.81541387011316,0,1.3642351840331695,2.5584689925771396,0.0
15.32,0.02,802.8652945573841,342.8966878673794,0,330.0533577195802,197.85412775231364,39.83918606045221,52.52989099715781,-51.38493186684713,0.0,0,-48.047223343066776,-20.301680969261668,0,1.318567433866428,2.450405891594786,0.0
15.34,0.02,830.4001333555348,348.3368888124776,0,330.8103022547288,198.87987201585793,37.847226757429596,51.28721317721465,-51.38493186684713,0.0,0,27.534838798150645,5.440200945098184,0,1.2748005034064427,2.347796845784787,0.0
15.36,0.02,831.4702183783493,322.73740585742377,0,331.52939956311997,199.88125979413132,35.95486541955811,50.06938891367036,-51.38493186684713,0.0,0,1.07008502281451,-25.599482955053816,0,1.232833492978973,2.2503616087082445,0.0
15.38,0.02,856.1100978165151,363.68910189510393,0,332.21254200609155,200.85877821683926,34.15712214858021,48.87592113539695,-51.38493186684713,0.0,0,24.63987943816585,40.951696037680165,0,1.1925711149120577,2.1578336836103005,0.0
15.4,0.02,860.7430389908134,358.0549865784876,0,332.8615273269146,201.81290467109304,32.4492660411512,47.706322712689015,-51.38493186684713,0.0,0,4.632941174298253,-5.634115316616317,0,1.1539234105219824,2.069959650351537,0.0
15.42,0.02,849.0619071334127,349.7459029168241,0,333.4780633816965,202.74410699626173,30.826802739093637,46.56011625843524,-51.38493186684713,0.0,0,-11.681131857400715,-8.309083661663522,0,1.1168054786960837,1.9864985281385297,0.0
15.44,0.02,829.7136217179591,355.9790737021066,0,334.06377263373923,203.65284367492706,29.285462602138953,45.436833933266534,-51.38493186684713,0.0,0,-19.348285415453574,6.233170785282482,0,1.0811372156577392,1.9072211722356402,0.0
15.46,0.02,825.7599016233024,368.6017269576292,0,334.6201964231799,204.53956402001907,27.821189472032003,44.3360172546012,-51.38493186684713,0.0,0,-3.95372009465666,12.622653255522607,0,1.046843065533514,1.831909702900494,0.0
15.48,0.02,845.2246303771539,332.23736851832325,0,335.1487990231485,205.40470835820926,26.430129998430402,43.25721690950918,-51.38493186684713,0.0,0,19.464728753851432,-36.36435843930593,0,1.0138517813744428,1.7603569648419108,0.0
15.5,0.02,829.5975748942905,341.55164433574873,0,335.6509714931187,206.24870820963565,25.10862349850888,42.199992571319,-51.38493186684713,0.0,0,-15.627055482863398,9.314275817425482,0,0.982096196308539,1.6923660155523388,0.0
15.52,0.02,862.2826477081936,337.8724106142114,0,336.1280353395903,207.0719864640335,23.853192323583436,41.16391271989262,-51.38493186684713,0.0,0,32.68507281390316,-3.6792337215373436,0,0.9515130045221117,1.6277496409172973,0.0
15.540000000000001,0.02,808.2233425252917,364.5448151533029,0,336.58124599373843,207.8749575533434,22.66053270740426,40.14855446549477,-51.38493186684713,0.0,0,-54.05930518290188,26.67240453909153,0,0.9220425517842825,1.566329896553887,0.0
15.56,0.02,827.329346425019,333.64556945875154,0,337.0117961151791,208.6580276208671,21.527506072034047,39.15350337618487,-51.38493186684713,0.0,0,19.106003899727284,-30.899245694551382,0,0.8936286352418182,1.5079376733788303,0.0
15.58,0.02,873.0773091207852,344.6920571525056,0,337.42081873054775,209.42159468704034,20.451130768432343,38.17835330866118,-51.38493186684713,0.0,0,45.747962695766205,11.046487693754045,0,0.8662183122212441,1.4524122859557211,0.0
15.6,0.02,863.1166508099602,342.60287578395224,0,337.80939021514797,210.1660488118901,19.428574230010724,37.22270624248796,-51.38493186684713,0.0,0,-9.96065831082501,-2.0891813685533407,0,0.8397617177808547,1.3996010822210327,0.0
15.620000000000001,0.02,828.9124598942799,379.8584459422181,0,338.1785331255182,210.89177225424288,18.45714551851019,36.2861721176382,-51.38493186684713,0.0,0,-34.20419091568033,37.25557015826587,0,0.8142118907612144,1.3493590732402154,0.0
15.64,0.02,818.3708455343508,368.32206117796136,0,338.52921889036986,211.5991396277486,17.53428824258468,35.36836867528544,-51.38493186684713,0.0,0,-10.541614359929099,-11.536384764256752,0,0.7895246080838668,1.301548581699213,0.0
15.66,0.02,839.6236391914837,358.66200175652864,0,338.86237036697895,212.2885180537842,16.657573830455444,34.46892130177973,-51.38493186684713,0.0,0,21.252793657132884,-9.66005942143272,0,0.7656582270505173,1.2560389078931544,0.0
15.68,0.02,854.4285513123646,352.6868369981888,0,339.1788642697576,212.96026731129908,15.824695138932672,33.58746287574414,-51.38493186684713,0.0,0,14.804912120880886,-5.975164758339815,0,0.7425735353941967,1.2127060120333493,0.0
15.700000000000001,0.02,848.7626157660642,322.8127630268478,0,339.4795334773973,213.61473998366367,15.033460381986037,32.72363361822926,-51.38493186684713,0.0,0,-5.665935546300375,-29.874073971341033,0,0.7202336088344828,1.1714322117558096,0.0
15.72,0.02,865.7364239664362,377.14088569515854,0,339.76516922465504,214.25228160258095,14.281787362886735,31.877080945864673,-51.38493186684713,0.0,0,16.97380820037199,54.328122668310755,0,0.6986036758872362,1.132105893779146,0.0
15.74,0.02,818.4531361057079,384.8755552808747,0,340.0365231845499,214.8732307891199,13.567697994742398,31.04745932694738,-51.38493186684713,0.0,0,-47.28328786072825,7.734669585716176,0,0.6776509896797869,1.094621238726771,0.0
15.76,0.02,843.725141300733,363.59028136615734,0,340.29430944645,215.47791939192808,12.889313095005278,30.23443014040843,-51.38493186684713,0.0,0,25.27200519502503,-21.28527391471738,0,0.6573447065205092,1.058877958197037,0.0
15.780000000000001,0.02,832.5762305954055,397.4597597984434,0,340.53920639525506,216.0666726226801,12.244847440255013,29.43766153760026,-51.38493186684713,0.0,0,-11.148910705327467,33.86947843228603,0,0.6376557709728532,1.0247810432348823,0.0
15.8,0.02,837.5691076329118,367.4110957283693,0,340.7718584966199,216.63980918881705,11.632605068242261,28.65682830684825,-51.38493186684713,0.0,0,4.992877037506332,-30.048664070074096,0,0.6185568071832559,0.9922405234288814,0.0
15.82,0.02,826.7385738542209,376.49823462941913,0,340.99287799291653,217.19764142363127,11.050974814830148,27.891611740711284,-51.38493186684713,0.0,0,-10.830533778690892,9.087138901049855,0,0.6000220162135931,0.9611712359276522,0.0
15.84,0.02,837.1691578077546,367.3123239772051,0,341.2028465143983,217.7404754137492,10.498426074088641,27.141699505897055,-51.38493186684713,0.0,0,10.430583953533642,-9.185910652214034,0,0.5820270791300003,0.9314926037382669,0.0
15.860000000000001,0.02,832.0362873542571,379.5730435804064,0,341.40231660980595,218.2686111240648,9.973504770384208,26.406785515779113,-51.38493186684713,0.0,0,-5.132870453497503,12.260719603201323,0,0.564549065602349,0.9031284227361224,0.0
15.88,0.02,812.406694384413,387.3727380219438,0,341.59181320044326,218.78234252017407,9.474829531864998,25.686569805463527,-51.38493186684713,0.0,0,-19.62959296984411,7.799694441537383,0,0.5475663477712548,0.8760066568797148,0.0
15.9,0.02,848.9872197670799,357.98389087983264,0,341.7718349615487,219.28195768836116,9.001088055271747,24.980758409354255,-51.38493186684713,0.0,0,36.580525382666906,-29.38884714211116,0,0.5310585191427714,0.8500592411840915,0.0
15.92,0.02,839.6288516982469,372.0105514966533,0,341.94285563459886,219.7677389531845,8.55103365250816,24.289063241167167,-51.38493186684713,0.0,0,-9.358368068832988,14.026660616820664,0,0.5150063182757131,0.8252218920631311,0.0
15.94,0.02,846.7750009293413,366.71028655008007,0,342.1053252739965,220.23996299271138,8.123481969882752,23.61120197634382,-51.38493186684713,0.0,0,7.146149231094455,-5.300264946573236,0,0.4993915570302445,0.8014339247022947,0.0
15.96,0.02,787.8649792497603,385.5219311912696,0,342.2596714314243,220.6989009514477,7.717307871388614,22.946897936816942,-51.38493186684713,0.0,0,-58.910021679581064,18.811644641189503,0,0.4841970531527271,0.7786380771701672,0.0
15.98,0.02,826.954920544119,365.3244700707411,0,342.4063002809807,221.14481855100934,7.3314424778191825,22.295879978080603,-51.38493186684713,0.0,0,39.08994129435871,-20.197461120528487,0,0.46940656697689814,0.7567803410182656,0.0
16.0,0.02,848.9984936589752,350.2854686370539,0,342.5455976880593,221.5779761985797,6.964870353928223,21.657882378518988,-51.38493186684713,0.0,0,22.043573114856258,-15.03900143368719,0,0.45500474202749697,0.7358097981545989,0.0
16.02,0.02,841.6246398336168,351.877218194933,0,342.6779302247839,221.99862909319867,6.616626836231812,21.032644730948604,-51.38493186684713,0.0,0,-7.373853825358424,1.5917495578790977,0,0.4409770493203574,0.7156784638068394,0.0
16.04,0.02,853.9898965056353,342.88961122799424,0,342.8036461346723,222.40702732992526,6.2857954944202215,20.41991183632963,-51.38493186684713,0.0,0,12.365256672018518,-8.987606966938756,0,0.42730973515759496,0.6963411354164035,0.0
16.06,0.02,835.696806993872,367.472223925554,0,342.9230762490663,222.80341600191733,5.97150571969921,19.819433599603034,-51.38493186684713,0.0,0,-18.293089511763355,24.58261269755974,0,0.41398977222607763,0.6777552473249205,0.0
16.080000000000002,0.02,856.6310565536801,396.8695697111999,0,343.0365348577406,223.18803530046955,5.672930433714249,19.230964927610973,-51.38493186684713,0.0,0,20.93424955980811,29.39734578564594,0,0.4010048138128944,0.6598807311303314,0.0
16.1,0.02,870.8238691694107,387.4992731200359,0,343.1443205359812,223.56112061305072,5.389283912028537,18.654265629058752,-51.38493186684713,0.0,0,14.192812615730645,-9.370296591163992,0,0.38834315096003863,0.6426798816012734,0.0
16.12,0.02,846.9163270101349,380.16591313267446,1,343.2727978469228,223.93218933431862,6.423865547079208,18.553436063395377,-47.890657024040664,174.71374214032343,0,-23.907542159275863,-7.333359987361462,1,0.39268106056974894,1.0394834105920039,3.494274842806469
16.14,0.02,801.7240565975907,402.14707379616186,1,343.41744756352415,224.2990433482069,7.2324858300671675,18.34270069441457,-45.9177473914205,98.64548163100828,0,-45.19227041254419,21.9811606634874,0,0.39434174014273166,0.83562919874727,1.9729096326201656
16.16,0.02,849.2101150929465,374.59574784845427,1,343.5830182916348,224.66443778731036,8.2785364055319,18.269721955172297,-42.81247757536864,155.26349080259294,0,47.48605849535579,-27.551325947707596,0,0.4011567799935821,1.0485932017763089,3.105269816051859
16.18,0.02,835.3714514640022,388.09654913886897,1,343.76812616489184,225.0270225714999,9.255393662851906,18.129239209477955,-40.530743785998126,114.08668946852565,0,-13.838663628944232,13.5008012904147,0,0.4071027517317058,0.9869070386903651,2.281733789370513
16.2,0.02,808.2889235740965,392.4791558453776,1,343.9700629305063,225.38635944010494,10.096838280722386,17.96684343025107,-38.95713478301673,78.68045014906997,0,-27.08252788990569,4.382606706508625,0,0.4121910266438256,0.8569722481235339,1.5736090029813994
16.22,0.02,864.2440955211569,417.37466169799376,1,344.19442410567285,225.73995884254015,11.218058758328175,17.679970121761098,-37.529389334070345,71.3872724473191,0,55.95517194706031,24.895505852616168,0,0.4187725806743532,1.15733817638862,1.4277454489463821
16.240000000000002,0.02,831.4451718746333,391.17458863555225,1,344.43792979802686,226.09044078611183,12.175284617701328,17.524097178583343,-35.93838728061836,79.55010267259937,0,-32.798923646523576,-26.200073062441504,0,0.42676997900342745,0.9698338621988652,1.5910020534519873
16.26,0.02,853.6363349028181,402.8299145965194,1,344.70279912387116,226.43663973822385,13.243466292215407,17.30994760560075,-34.59271882053188,67.28342300432395,0,22.19116302818486,11.655325960967161,0,0.43590076189045,1.0894366109950266,1.345668460086479
16.28,0.02,864.8478509601337,409.512385159079,1,344.9901532348115,226.77788745181996,14.367705547016078,17.062385679805356,-33.44315308198745,57.47828692722159,0,11.21151605731552,6.682470562559558,0,0.4461192521163871,1.1511736659332907,1.1495657385444318
16.3,0.02,832.7586767674544,384.1045327379601,1,345.29678321342857,227.1167247121423,15.331498930853348,16.94186301611556,-32.06725866773266,68.79472071273938,0,-32.08917419267925,-25.40785242111889,0,0.45698209239471166,0.9712998502992677,1.3758944142547875
16.32,0.02,855.9800004792914,407.00680939595816,1,345.62501119209355,227.450861291525,16.41139893324982,16.706828969135767,-31.23105935172384,41.809965800440985,0,23.221323711837044,22.902276657998073,0,0.4683811051484491,1.1051809889857862,0.8361993160088197
16.34,0.02,863.5614323908457,386.26671345888974,1,345.97559531399764,227.78237119956182,17.529206095204053,16.57549540184132,-29.85748148321275,68.67889342555439,0,7.581431911554205,-20.740095937068418,0,0.4825018607817433,1.125496049399757,1.373577868511088
16.36,0.02,846.3799570190292,422.2445326411515,1,346.34681743160365,228.10765665433453,18.561105880299188,16.264272738635565,-29.796325812379365,3.0577835416693233,0,-17.18147537181642,35.97781918226178,0,0.49357520975691194,1.0778110746194194,0.061155670833386466
16.38,0.02,818.0868769480421,358.6829550283344,1,346.7358482369044,228.4330738136044,19.451540265039405,16.270857963493892,-28.081138744409515,85.75935339849252,0,-28.293080070987116,-63.56157761281713,0,0.5071896046058472,0.8904587349867058,1.7151870679698504
16.4,0.02,821.8463181531072,403.5764189364321,1,347.14306367402054,228.75413333098064,20.360771855804934,16.052975868811725,-28.093401066975673,-0.6131161283079223,0,3.759441205065059,44.893463908097715,0,0.5185591826624326,0.9349730973825415,-0.012262322566158446
16.42,0.02,816.4919427962469,414.61066005508104,1,347.5679283054163,229.06973178235137,21.243231569786168,15.779922568536318,-28.55831340716038,-23.245617009235353,0,-5.35437535686026,11.034241118648936,0,0.5292564005457454,0.9237387355692804,-0.46491234018470706
16.44,0.02,842.8268783000794,403.7950824680197,1,348.013075624642,229.3809507254753,22.25736596128656,15.560947156196217,-28.23494182662736,16.16857902665103,0,26.334935503832526,-10.815577587061341,0,0.5431513291643673,1.0375060458779921,0.3233715805330206
16.46,0.02,795.2045141061217,390.8602005242592,1,348.47374339527835,229.68908364854678,23.033388531817174,15.406646153574922,-28.358517122450625,-6.17876479116326,0,-47.622364193957765,-12.934881943760502,0,0.5542207982236398,0.7912141488768252,-0.12357529582326521
16.48,0.02,850.2262531724666,397.621111403393,1,348.95543379123194,229.99345446047795,24.084519797679498,15.218540596557954,-27.80073055384299,27.889328430381788,0,55.021739066344935,6.760910879133803,0,0.5697957780727799,1.0678298734601852,0.5577865686076358
16.5,0.02,838.0199372858868,387.78981659278395,1,349.45692618091414,230.29504629074984,25.07461948410893,15.079591513594035,-27.160627491239087,32.00515313019512,0,-12.206315886579773,-9.831294810609052,0,0.5851941976779244,0.9998020987796395,0.6401030626039024
16.52,0.02,809.4983325546731,387.83371369677815,1,349.9753684038518,230.59385474965205,25.922111146882294,14.94042294511014,-27.057564659075986,5.153141608155032,0,-28.521604731213756,0.04389710399419755,0,0.5983885306688826,0.8588422491495279,0.10306283216310064
16.54,0.02,789.0145500277121,377.0008790122781,1,350.5087120817922,230.89096312065303,26.66718389702084,14.85541855004875,-26.954002709677507,5.178097469923948,0,-20.483782526961022,-10.832834684500028,0,0.6105152438046647,0.7499060942403194,0.10356194939847896
16.56,0.02,803.9881088361668,377.1695093534098,1,351.0584545706163,231.18635454071867,27.48712444120168,14.769571003281694,-26.577947539063274,18.80275853071165,0,14.973558808454754,0.1686303411316885,0,0.6240776354483941,0.8244224022171466,0.376055170614233
16.580000000000002,0.02,828.4830384540247,413.4529342560312,1,351.62704536328573,231.4764006673587,28.429539633471798,14.502306332001535,-27.12671512200196,-27.438379146934366,0,24.494929617857906,36.28342490262139,0,0.6382963614868546,0.9795799095204107,-0.5487675829386873
16.6,0.02,815.2467749170764,394.2171671010649,1,352.21316083344686,231.7630250772886,29.30577350805718,14.331220496496211,-27.24701356085112,-6.014921942457896,0,-13.236263536948286,-19.23576715496631,0,0.6524453208736168,0.8927800211034428,-0.12029843884915792
16.62,0.02,823.5192669325064,409.0856358953918,1,352.81762823030124,232.04474092362898,30.223369842719713,14.085792317019251,-27.73411488143295,-24.35506602909161,0,8.272492015429975,14.86846879432693,0,0.6668917842792625,0.9498515803363659,-0.4871013205818322
16.64,0.02,862.6680873550542,415.7950631770924,1,353.44436243589115,232.32087726365165,31.336710279494987,13.80681700113379,-27.714104429302182,1.0005226065384676,0,39.14882042254783,6.7094272817005844,0,0.6848700918696451,1.1477604955008478,0.02001045213076935
16.66,0.02,807.620631287928,396.3477005881389,1,354.08785870460986,232.5933788336155,32.17481343593463,13.625078498193101,-28.105313871714255,-19.560472120603656,0,-55.04745606712629,-19.447362588953524,0,0.6988165377891834,0.8575813572397764,-0.3912094424120731
16.68,0.02,830.8537802976488,410.2540366632304,1,354.7504403513583,232.86085499991304,33.129082337422865,13.37380831487695,-28.466441012755773,-18.05635705207589,0,23.23314900972082,13.90633607509153,0,0.7145333709107634,0.9867957445040455,-0.3611271410415178
16.7,0.02,817.0743331350264,402.9276765686525,1,355.4307294314203,233.12403839855372,34.014454003098,13.159169932033688,-28.861432953531946,-19.74959703880863,0,-13.779447162622319,-7.326360094577922,0,0.7294235626655035,0.9110173553615419,-0.3949919407761726
16.72,0.02,820.0942932940319,403.98111995286393,1,356.1290279408116,233.3828236851991,34.91492546956815,12.93926433226937,-29.210979678697626,-17.477336258284026,0,3.01996015900545,1.0534433842114481,0,0.744708421331672,0.9269343745565854,-0.3495467251656805
16.740000000000002,0.02,846.9349602500334,407.51501568038583,1,356.84801994622796,233.63685747027645,35.949600270818316,12.701689253867439,-29.12675624696018,4.211171586872275,0,26.84066695600154,3.5338957275218945,0,0.7625501083950725,1.061599671354389,0.08422343173744551
16.76,0.02,823.0921284236563,449.01006877328234,1,357.5853211644867,233.88199024847648,36.865060912936606,12.256638910001026,-30.821041226687694,-84.71424898637565,0,-23.842831826377164,41.49505309289651,0,0.7769833752364722,1.0179086382594682,-1.694284979727513
16.78,0.02,828.6000101970392,390.3775043451682,1,358.34148238376514,234.124085276242,37.80806096392181,12.104751388275186,-30.317640559435404,25.170033362614497,0,5.5078817733829055,-58.632564428114165,0,0.7939709012359731,0.9551538700199652,0.5034006672522899
16.8,0.02,828.666498194516,406.0477429481865,1,359.116510252863,234.3615755297127,38.75139345489439,11.874512673534252,-30.49823950931999,-9.02994749422934,0,0.06648799747677003,15.670238603018333,0,0.8105984322535783,0.971023199666254,-0.1805989498845868
16.82,0.02,773.8029175191629,373.30496864086837,1,359.90491841371283,234.5977352863193,39.420408042490216,11.807987830329903,-30.83754970499485,-16.965509783742938,0,-54.86358067535309,-32.74277430731814,0,0.8230181399793685,0.6723139691984505,-0.33931019567485876
16.84,0.02,799.7965068251874,417.539069625086,1,360.70930622524514,234.8281411359634,40.219390576616156,11.520292482204479,-32.29756812104088,-73.00092080230165,0,25.993589306024546,44.234100984217605,0,0.8367356852028898,0.8492006259838242,-1.460018416046033
16.86,0.02,792.6570493630558,440.0196503807893,1,361.5289597417138,235.05054502056942,40.98267582343144,11.120194230300537,-34.60222607749982,-115.23289782294697,0,-7.139457462131645,22.48058075570333,0,0.8492911014176745,0.8617905657307127,-2.3046579564589393
16.88,0.02,797.8564502297492,418.62923870938556,1,362.36439890320537,235.2670859813045,41.771958074580176,10.827048036753606,-35.86318126416919,-63.047759333468534,0,5.199400866693395,-21.39041167140374,0,0.8630461055064463,0.8419626849032372,-1.2609551866693707
16.9,0.02,771.9902325578147,420.27665026219955,1,363.2130370879527,235.47759927701335,42.43190923736925,10.525664785442611,-38.26780009297009,-120.23094144004496,0,-25.866217671934464,1.6474115528139919,0,0.8743584026481925,0.7255118203292298,-2.404618828800899
16.92,0.02,786.7224985118879,410.98446829749906,1,364.0763475225513,235.68301412589247,43.16552172992869,10.270742443955111,-39.42348196187546,-57.784093445268425,0,14.732265954073227,-9.29218196470049,0,0.8874120613485224,0.776641931284135,-1.1556818689053685
16.94,0.02,841.8637484363406,420.67154450384766,1,364.9598443319935,235.8823618203212,44.1748404721104,9.967384721435874,-39.01898901114409,20.22464753656834,0,55.14124992445272,9.687076206348593,0,0.9057075220889919,1.0539213590829808,0.4044929507313668
16.96,0.02,800.264746235329,430.01853780586424,1,365.8593676160593,236.07470766096932,44.976164203287034,9.61729203240655,-40.2940333286153,-63.7522158735603,0,-41.59900220101167,9.346993302016585,0,0.9198581743894516,0.8744624709263578,-1.275044317471206
16.98,0.02,798.2524432195833,445.78192373048455,1,366.774716144447,236.2584753092444,45.767426419384954,9.188382413754123,-42.00051972221448,-85.3243196799589,0,-2.012303015745715,15.763385924620309,0,0.9336131302494092,0.9000329747274599,-1.706486393599178
17.0,0.02,789.5896747118425,432.25051793499347,1,367.70502364030585,236.435017905726,46.515374792944165,8.827129824079162,-43.58307573284464,-79.12780053150819,0,-8.662768507740793,-13.531405795491082,0,0.946910410347074,0.8306203724065138,-1.5825560106301637
17.02,0.02,811.2761771832925,439.354088259797,1,368.6524587538831,236.6036250933816,47.371755678860616,8.430359382780178,-44.37476988828756,-39.58470777214593,0,21.686502471450012,7.103570324803513,0,0.9623209849983655,0.9438299660699672,-0.7916941554429187
17.04,0.02,804.0421096013052,409.4591879821616,1,369.6162980784204,236.767286362239,48.19196622686713,8.183063442869365,-44.358624989038645,0.8072449624457079,0,-7.234067581987233,-29.894900277635372,0,0.9776355427502591,0.8566800014926922,0.016144899248914157
17.06,0.02,780.2732762117572,447.11816348396997,1,370.59416473057894,236.92223581474798,48.89333260792592,7.7474726254495145,-46.67357896264915,-115.74769868052535,0,-23.768833389548035,37.65897550180836,0,0.9900669281601909,0.8256234981515469,-2.314953973610507
17.080000000000002,0.02,783.1363405316388,430.6240630982387,1,371.58634501679063,237.07012286094715,49.60901431058412,7.394352309958318,-48.285047819957555,-80.57344286542012,0,2.8630643198815733,-16.494100385731258,0,1.0031412157720523,0.7980565498336224,-1.6114688573084024
17.1,0.02,786.0596903098766,440.3666995404858,1,372.5931312720333,237.20997323719226,50.339312762133495,6.9925188122558914,-49.88789218312089,-80.14221815816676,0,2.923349778237821,9.74263644224709,0,1.0164529952149597,0.8335502313665197,-1.6028443631633351
17.12,0.02,813.8283668393417,426.8971296724323,1,373.6173003639599,237.34313390047012,51.208454596330206,6.65803316389373,-49.731329376059634,7.828140353062807,0,27.768676529465097,-13.469569868053497,0,1.0327894708517886,0.931283080975424,0.15656280706125614
17.14,0.02,784.6944157862456,436.0589874515669,1,374.6559388974651,237.46868866500284,51.93192667526143,6.2777382266359005,-51.28433048567809,-77.65005548092283,0,-29.133951053096098,9.161857779134607,0,1.04619979075639,0.8173347467818819,-1.5530011096184566
17.16,0.02,797.0771200558823,421.1217309629045,1,375.7102851429759,237.58813125643928,52.71731227554083,5.97212957182138,-51.63065902389984,-17.31642691108739,0,12.382704269636747,-14.937256488662399,0,1.0610902591541551,0.8427497796046999,-0.3463285382217478
17.18,0.02,828.3400761970175,398.28921987708884,1,376.78346539610646,237.703744925888,53.65901265652591,5.7806834724359355,-49.627874677260486,100.1392173319676,0,31.26295614113519,-22.832511085815668,0,1.0793898166430598,0.9609636915707852,2.002784346639352
17.2,0.02,777.9612442599679,419.8439991855905,1,377.870441773663,237.81337419541816,54.34881887782576,5.4814634765079795,-51.41961835958497,-89.58718411622435,0,-50.378831937049654,21.55477930850168,0,1.0924908338762627,0.7519077263249123,-1.791743682324487
17.22,0.02,765.4979199815075,422.91137508535087,1,378.9699679432177,237.9167123274398,54.97630847773329,5.1669066010812195,-54.07941113854776,-132.98963894813943,0,-12.46332427846039,3.06737589976035,0,1.1043715711051714,0.701918247284086,-2.659792778962789
17.240000000000002,0.02,766.1452339575321,431.5661200220311,1,380.08210863616813,238.01289384745922,55.607034647520955,4.809076000971057,-56.629349372030084,-127.49691167411612,0,0.647313976024634,8.654744936680231,0,1.1162919894496908,0.7251608370770005,-2.5499382334823224
17.26,0.02,775.3475620677917,416.84088550144446,1,381.20778408532533,238.1033912789285,56.283772457859904,4.524871573463837,-58.059261306715285,-71.49559673426005,0,9.2023281102596,-14.725234520586639,0,1.1293073106722553,0.7339933382238982,-1.429911934685201
17.28,0.02,767.2630261057268,417.0128277802467,1,382.3461858370931,238.18818742761977,56.92008758838853,4.239807434562604,-60.09508280491893,-101.79107491018229,0,-8.084535962064933,0.17194227880224844,0,1.1415554893481248,0.6972506784702104,-2.0358214982036458
17.3,0.02,755.9935682946402,417.9405319416124,1,383.49618694569034,238.26718952311685,57.50005542986174,3.950104774854548,-62.999128658711825,-145.2022926896447,0,-11.269457811086568,0.927704161365682,0,1.1527115341089347,0.6482980242026122,-2.904045853792894
17.32,0.02,766.475221785452,429.771447010386,1,384.6588355764661,238.3392144739129,58.132431538788985,3.6012475398026247,-64.94361579206699,-97.22435666775837,0,10.481653490811823,11.830915068773606,0,1.1648774322571294,0.7222194358988394,-1.9444871333551674
17.34,0.02,776.2704673897097,423.126353624559,1,385.83511125398087,238.4049267893465,58.813783875737535,3.2856157716798258,-65.95174815893348,-50.40661834332454,0,9.795245604257616,-6.6450933858270105,0,1.1781097478216673,0.7509090624793218,-1.0081323668664908
17.36,0.02,774.4033355648846,439.3683249517295,1,387.0248272650521,238.4627022722849,59.48580055356195,2.8887741469211754,-67.3293025026396,-68.87771718530615,0,-1.8671318248250373,16.241971327170518,0,1.1911180434482824,0.7804419840162693,-1.377554343706123
17.38,0.02,766.900148652069,449.64388000816484,1,388.2272332909886,238.5115133672225,60.120301296822284,2.4405547468803483,-69.19337358596987,-93.20355416651296,0,-7.503186912815636,10.275555056435337,0,1.2033963495861644,0.7768473619514153,-1.8640710833302592
17.400000000000002,0.02,759.7961308087243,413.00429186110426,1,389.4416189300059,238.555024032974,60.71928195086591,2.175533287574833,-71.4380641000635,-112.23452570468169,0,-7.10401784334465,-36.63958814706058,0,1.2151648687670669,0.6549917540022612,-2.2446905140936337
17.42,0.02,753.4254323209043,445.21485624181855,1,390.6673471122553,238.59001321310132,61.286409112470444,1.7494590063657363,-73.88296102181143,-122.2448460873963,0,-6.37069848782005,32.21056438071429,0,1.2262274746091613,0.709346537693292,-2.444896921747926
17.44,0.02,748.1154773603869,419.48508240760634,1,391.90388684224075,238.61905388498786,61.82698649927239,1.4520335943276983,-76.89320653352814,-150.5122755858359,0,-5.309954960517416,-25.72977383421221,0,1.2368806993627628,0.616997396143301,-3.010245511716718
17.46,0.02,788.6989337051183,426.11840373464094,1,393.15529646559673,238.64148271650095,62.57048116779797,1.1214415756544973,-76.30244042081077,29.538305635868767,0,40.58345634473142,6.633321327034594,0,1.2516106015494612,0.8136801613265447,0.5907661127173753
17.48,0.02,786.5626490191062,435.2364774057381,1,394.4213623538546,238.65638790027347,63.303294412893514,0.7452591886258055,-76.21428225649109,4.40790821598398,0,-2.136284686012118,9.118073671097193,0,1.2661536233464905,0.8237283778637614,0.0881581643196796
17.5,0.02,747.1176562897673,448.3871310498017,1,395.6981400077414,238.66245437094102,63.83888269434235,0.3033235333767941,-78.89372663655251,-133.9722190030713,0,-39.44499272933888,13.150653644063595,0,1.276792065894484,0.6943788091565677,-2.679444380061426
17.52,0.02,771.5286405653746,429.8362060548182,1,396.9880705256848,238.66153722100307,64.49652589716922,-0.045857496897301786,-79.79614458165248,-45.12089725499848,1,24.410984275607348,-18.550924994983518,0,1.2899308439934716,0.7445951746604732,-0.9024179450999696
17.54,0.02,742.1793041512724,441.4857229421293,1,398.28821897404333,238.65247149877092,65.0074224179256,-0.4532861116079552,-82.72224383459049,-146.3049626469001,0,-29.349336414102254,11.649516887311108,0,1.3001800548726612,0.6534625704705754,-2.926099252938002
17.56,0.02,767.0711518053936,438.78145447996303,1,399.6010745375824,238.63552763109075,65.64277817695256,-0.8471933840077703,-83.76294801152336,-52.035208846643854,0,24.891847654121193,-2.704268462166283,0,1.3129648987568032,0.7475559375579812,-1.040704176932877
17.580000000000002,0.02,742.7880102223023,453.6559300104511,1,400.9242089021437,238.60921817040955,66.15671822806408,-1.3154730340600231,-86.18378416736964,-121.0418077923137,0,-24.283141583091265,14.874475530488041,0,1.3233959099242716,0.6952842632978044,-2.420836155846274
17.6,0.02,746.5555722002407,448.0547043513301,1,402.257998823925,238.5741032392932,66.68949608906527,-1.7557465558166747,-88.32569721874519,-107.09565256877767,0,3.767561977938385,-5.601225659120985,0,1.3342520803179276,0.6911534005797928,-2.1419130513755533
17.62,0.02,766.4025889595882,423.508440039808,1,403.60442900460225,238.5326374641729,67.32150903386321,-2.0732887560157174,-89.28343904389155,-47.88709125731785,0,19.847016759347525,-24.546264311522066,0,1.3470685364690715,0.7073000857481972,-0.957741825146357
17.64,0.02,742.1410056679699,434.649653763913,1,404.96107328584634,238.4837067236762,67.83221406220306,-2.4465370248352833,-91.92188299823493,-131.92219771716935,0,-24.261583291618308,11.141213724105,0,1.357526398711215,0.6325613773764698,-2.638443954343387
17.66,0.02,730.3051583546426,409.42160337389686,1,406.32674808292586,238.42983382284208,68.28373985397627,-2.693645041704773,-96.37103945859752,-222.45782301812937,0,-11.83584731332735,-25.228050390016165,0,1.366736968411432,0.5147211989393808,-4.4491564603625875
17.68,0.02,731.6218271542064,460.62914225416796,1,407.7015850627208,238.36589800778256,68.7418489897473,-3.1967907529756197,-98.32902754461793,-97.89940430102035,0,1.3166687995637858,51.2075388802711,0,1.376322821673412,0.6804554262015415,-1.957988086020407
17.7,0.02,757.3053492204803,449.9067855836787,1,409.0881525774378,238.2929715141647,69.3283757358497,-3.646324680894015,-98.94521037623858,-30.809141581032407,0,25.683522066273895,-10.722356670489262,0,1.3884839741026462,0.7389819864132136,-0.6161828316206481
17.72,0.02,742.6900585534934,468.0736138329743,1,410.48498909801015,238.2092376591635,69.84182602861716,-4.186692750058885,-100.08641763140807,-57.060362758474525,0,-14.61529066698688,18.166828249295577,0,1.39934399762101,0.7454051605106844,-1.1412072551694905
17.740000000000002,0.02,727.4336881398658,429.17759527857845,1,411.8905689873965,238.11858604463447,70.2789944693165,-4.532580726451773,-103.22463657970354,-156.91094741477372,0,-15.256370413627565,-38.89601855439582,0,1.4085001031821092,0.5574537987642183,-3.1382189482954743
17.76,0.02,746.7069291852835,457.59818253842036,1,413.30681956970136,238.01817461185158,70.81252911524291,-5.020571639143871,-104.07640582457418,-42.58846224353192,0,19.27324104541765,28.42058725984191,0,1.4198056795605638,0.7230451917230934,-0.8517692448706384
17.78,0.02,696.8188303463811,478.89553381825203,1,414.7287520350409,237.90587362568687,71.0966232669748,-5.6150493082351325,-106.5100672719906,-121.68307237082061,0,-49.88809883890235,21.297351279831673,0,1.4263602095824537,0.6588726630362224,-2.433661447416412
17.8,0.02,758.3934436901145,442.90990557422674,1,416.1625238447494,237.78528164896474,71.68859048542538,-6.029598836106263,-106.80145343571509,-14.569308186224816,0,61.574613343733404,-35.98562824402529,0,1.4388342597966401,0.722686999176193,-0.2913861637244963
17.82,0.02,736.9929490042657,447.41645965909055,1,417.6059949493583,237.65594802627672,72.17355523044671,-6.466681134401714,-108.36600809032899,-78.22773273069501,0,-21.4004946858488,4.506554084863808,0,1.4492536064466213,0.6528642580175734,-1.5645546546139002
17.84,0.02,735.9739535485504,464.14728854828616,1,419.0590634493221,237.51619967473385,72.65342499818945,-6.987417577143152,-109.3976920587562,-51.58419842136084,0,-1.0189954557152987,16.730828889195607,0,1.4597731561259397,0.708125297382094,-1.0316839684272168
17.86,0.02,723.5684093396472,462.96379984494854,1,420.5204887902198,237.3661549432065,73.07126704488769,-7.5022365763678955,-111.0007214765671,-80.15147089054437,0,-12.405544208903166,-1.1834887033376162,0,1.4691077048593713,0.6630464372513747,-1.6030294178108875
17.88,0.02,751.282358257036,452.7996017109464,1,421.99304236694326,237.20683025150805,73.62767883617286,-7.966234584922621,-111.40855867570825,-20.39185995705779,0,27.713948917388734,-10.164198134002163,0,1.4811476610067649,0.7244917069393713,-0.4078371991411558
17.900000000000002,0.02,724.7265265656351,429.7416142780444,1,423.47406859632326,237.0405313983818,74.05131146900104,-8.31494265631284,-114.2712660808453,-143.1353702568522,0,-26.55583169140084,-23.057987432901996,0,1.4903335199419847,0.548691103125991,-2.8627074051370442
17.92,0.02,746.7441859867007,443.3738537657882,1,424.96576924430195,236.86589515987896,74.58503239893454,-8.731811925141788,-115.12104489673213,-42.4889407943418,0,22.01765942106556,13.632239487743846,0,1.50188835769456,0.6772281877942397,-0.849778815886836
17.94,0.02,720.5263555993738,455.455640879382,0,426.3828848598817,236.69091004614617,70.8557807789878,-8.749255686638952,-115.12104489673213,0.0,0,-26.2178303873269,12.081787113593748,1,1.4278783064211178,3.7292924167582426,0.0
17.96,0.02,722.2052720812285,472.64912416406344,0,427.7291446946825,236.51558303468804,67.31299174003841,-8.766350572906171,-115.12104489673213,0.0,0,1.6789164818546851,17.193483284681463,0,1.3576284851698768,3.5428302823641524,0.0
17.98,0.02,746.8503871428599,409.91819171155936,0,429.0080915377432,236.33992096345906,63.94734215303649,-8.783103561448048,-115.12104489673213,0.0,0,24.645115061631373,-62.73093245250408,0,1.2909539847118787,3.3656912819079703,0.0
18.0,0.02,765.3618456590092,442.9736946450908,0,430.2230910386509,236.16393053365468,60.74997504538466,-8.799521490219087,-115.12104489673213,0.0,0,18.511458516149332,33.05550293353144,0,1.227679281648393,3.197409258990621,0.0
18.02,0.02,734.7287356409256,450.7026287970233,0,431.37734056451325,235.9876183124464,57.71247629311542,-8.815611060414705,-115.12104489673213,0.0,0,-30.633110018083585,7.728934151932492,0,1.1676377722996145,3.037541365036244,0.0
18.04,0.02,744.8120973697547,459.6173288846814,0,432.4738776140824,235.81099073566224,54.82685247845965,-8.83137883920641,-115.12104489673213,0.0,0,10.083361728829118,8.914700087658105,0,1.1106713294033106,2.8856668939010546,0.0
18.06,0.02,718.3275002932826,456.8471915710252,0,433.51558781117313,235.63405411041379,52.08550985453667,-8.846831262422281,-115.12104489673213,0.0,0,-26.48459707647214,-2.770137313656221,0,1.0566298803635434,2.7413861747517774,0.0
18.080000000000002,0.02,687.0729536286542,436.4072946586845,0,434.5052124984093,235.45681461767032,49.48123436180983,-8.861974637173835,-115.12104489673213,0.0,0,-31.25454666462838,-20.439896912340657,0,1.0053710058357974,2.6043195203001615,0.0
18.1,0.02,732.1970664360156,462.3546040735779,0,435.4453559512837,235.27927831478172,47.007172643719336,-8.876815144430358,-115.12104489673213,0.0,0,45.12411280736137,25.94730941489337,0,0.9567595574782315,2.474106227625752,0.0
18.12,0.02,685.501964788161,471.81237859156715,0,436.3384922315144,235.10145113795087,44.65681401153337,-8.89135884154175,-115.12104489673213,0.0,0,-46.695101647854585,9.457774517989264,0,0.9106672937379195,2.3504036289575354,0.0
18.14,0.02,706.1229171865589,461.03319340228137,0,437.18697169773355,234.92333890465665,42.4239733109567,-8.905611664710914,-115.12104489673213,0.0,0,20.62095239839789,-10.779185189285784,0,0.8669725325779272,2.232886189916544,0.0
18.16,0.02,698.9134669875876,479.01880326736256,0,437.9930271906417,234.74494731602832,40.30277464540886,-8.919579431416695,-115.12104489673213,0.0,0,-7.20945019897124,17.985609865081187,0,0.8255598200862098,2.121244652846218,0.0
18.18,0.02,738.8760269294528,469.05177198179575,0,438.7587799089045,234.56628195917256,38.287635913138416,-8.93326784278836,-115.12104489673213,0.0,0,39.96255994186515,-9.967031285566804,0,0.7863196139403011,2.0151852229763922,0.0
18.2,0.02,697.9259254561182,457.06156872045386,0,439.4862449912541,234.3873483094539,36.373254117481494,-8.946682485932593,-115.12104489673213,0.0,0,-40.9501014733346,-11.99020326134189,0,0.7491479807351719,1.9144287952789754,0.0
18.22,0.02,714.3262406725335,478.4702896079043,0,440.1773368194863,234.20815173272962,34.55459141160742,-8.95982883621394,-115.12104489673213,0.0,0,16.400315216415265,21.408720887450443,0,0.7139463062156636,1.818710219980889,0.0
18.240000000000002,0.02,701.8904098747065,471.4165412375086,0,440.83387405630685,234.02869748753983,32.826861841027046,-8.972712259489661,-115.12104489673213,0.0,0,-12.435830797826952,-7.053748370395681,0,0.6806210174896198,1.7277776048013644,0.0
18.26,0.02,706.1466530992791,453.1527001702602,0,441.45758443128636,233.84899072725383,31.185518748975692,-8.985338014299868,-115.12104489673213,0.0,0,4.256243224572586,-18.26384106724845,0,0.6490833163389494,1.6413916520773546,0.0
18.28,0.02,728.3402159082004,456.78419088840405,0,442.0501092875169,233.66903650217355,29.626242811526907,-8.99771125401387,-115.12104489673213,0.0,0,22.193562808921342,3.63149071814388,0,0.6192489227889156,1.5593250290326923,0.0
18.3,0.02,671.7940855539584,491.7276333322693,0,442.6130079009359,233.48883976159487,28.14493067095056,-9.009837028933593,-115.12104489673213,0.0,0,-56.546130354241996,34.94344244386525,0,0.5910378281499608,1.4813617695337895,0.0
18.32,0.02,680.8665251287016,464.55552508019395,0,443.1477615836839,233.30840535582777,26.737684137403033,-9.02172028835492,-115.12104489673213,0.0,0,9.072439574743157,-27.17210825207536,0,0.5643740568072833,1.407296705757535,0.0
18.34,0.02,737.8227477708365,483.9105785974138,0,443.65577758229455,233.127738038176,25.40079993053288,-9.033365882587821,-115.12104489673213,0.0,0,56.95622264213489,19.355053517219858,0,0.5391854361088042,1.3369349282758207,0.0
18.36,0.02,700.6000250161203,461.7201988778756,0,444.1383927809747,232.94684246687729,24.130759934006235,-9.044778564936065,-115.12104489673213,0.0,0,-37.22272275471619,-22.190379719538214,0,0.5154033737885031,1.2700912731358256,0.0
18.38,0.02,695.6944924534566,449.7942830838902,0,444.5968772197208,232.76572320700453,22.924221937305923,-9.055962993637344,-115.12104489673213,0.0,0,-4.905532562663666,-11.925915793985382,0,0.49296264246814886,1.2065898345862927,0.0
18.400000000000002,0.02,665.9853452021936,453.4475146459025,0,445.0324374365296,232.58438473232923,21.778010840440626,-9.066923733764597,-115.12104489673213,0.0,0,-29.70914725126306,3.6532315620123086,0,0.47180117090159307,1.1462635021674923,0.0
18.42,0.02,669.396912176602,460.4009412484251,0,445.44621964249797,232.40283142714745,20.689110298418594,-9.077665259089304,-115.12104489673213,0.0,0,3.4115669744084016,6.9534266025225975,0,0.45185984176341554,1.0889535209466819,0.0
18.44,0.02,697.6520865390241,447.918260683913,0,445.8393127381679,232.2210675880693,19.654654783497662,-9.088191953907518,-115.12104489673213,0.0,0,28.255174362422167,-12.482680564512123,0,0.4330822959436254,1.0345090737418046,0.0
18.46,0.02,693.8158239565392,507.55119790040186,0,446.21275117905435,232.03909742577272,18.671922044322777,-9.098508114829368,-115.12104489673213,0.0,0,-3.836262582484892,59.63293721648887,0,0.415414743476857,0.9827868842339821,0.0
18.48,0.02,667.1405794633562,465.1825061711306,0,446.5675176978965,231.85692506672206,17.738325942106638,-9.10861795253278,-115.12104489673213,0.0,0,-26.675244493183072,-42.368691729271234,0,0.3988057814193099,0.9336508399244104,0.0
18.5,0.02,684.3883803320191,448.98138362931957,0,446.90454589079656,231.67455455485242,16.851409645001304,-9.118525593482124,-115.12104489673213,0.0,0,17.24780086866292,-16.20112254181106,0,0.3832062191680427,0.8869716339433957,0.0
18.52,0.02,689.6525959323335,462.450182470034,0,447.2247226740516,231.49198985322016,16.008839162751237,-9.12823508161248,-115.12104489673213,0.0,0,5.264215600314401,13.468798840714442,0,0.3685689118979095,0.8426264247689276,0.0
18.54,0.02,684.3543744073631,487.03392594524365,0,447.52889061814386,231.30923484562055,15.208397204613673,-9.13775037998023,-115.12104489673213,0.0,0,-5.298221524970359,24.583743475209644,0,0.3548486029506962,0.8004985129593457,0.0
18.56,0.02,611.1776054577734,471.10055533207117,0,447.81785016503153,231.12629333817293,14.44797734438299,-9.147075372380625,-115.12104489673213,0.0,0,-73.1767689495897,-15.933370613172485,0,0.34200177614266125,0.7604770340493657,0.0
18.580000000000002,0.02,630.9057975568322,482.58215361351756,0,448.0923617345748,230.94316906087425,13.72557847716384,-9.156213864933012,-115.12104489673213,0.0,0,19.728192099058788,11.481598281446395,0,0.329986519041727,0.7224566668012975,0.0
18.6,0.02,659.7330351184002,488.76322083153286,0,448.3531477256409,230.75986566912158,13.039299553305646,-9.16516958763435,-115.12104489673213,0.0,0,28.827237561567927,6.181067218015301,0,0.3187623982911958,0.6863373560437047,0.0
18.62,0.02,690.8697376534789,482.8615995006696,0,448.6008944171537,230.57638674520393,12.387334575640363,-9.173946195881664,-115.12104489673213,0.0,0,31.13670253507871,-5.901621330863236,0,0.30829034801226635,0.6520240493681351,0.0
18.64,0.02,629.6681122739744,471.77736302420203,0,448.8362537740909,230.39273579976467,11.767967846858344,-9.18254727196403,-115.12104489673213,0.0,0,-61.201625379504435,-11.084236476467595,0,0.29853257219040685,0.6194264469910159,0.0
18.66,0.02,674.8756655943969,459.4103003728408,0,449.0598451631812,230.20891627323417,11.179569454515427,-9.190976326524748,-115.12104489673213,0.0,0,45.20755332042245,-12.36706265136121,0,0.28945246174325007,0.5884587641224462,0.0
18.68,0.02,665.084719896849,486.9571608031024,0,449.272256982817,230.0249315372343,10.620590981789656,-9.199236799994253,-115.12104489673213,0.0,0,-9.79094569754784,27.546860430261574,0,0.28101452667421967,0.5590395052165599,0.0
18.7,0.02,681.2885186609388,466.29612096580746,0,449.47404821147103,229.8407848959544,10.089561432700172,-9.207332063994368,-115.12104489673213,0.0,0,16.20379876408981,-20.661039837294936,0,0.27318434335877395,0.5310912495093585,0.0
18.72,0.02,638.4380884734965,468.82240351654997,0,449.66574987869234,229.65647958750012,9.585083361065163,-9.21526542271448,-115.12104489673213,0.0,0,-42.850430187442385,2.5262825507425077,0,0.26592851659772004,0.5045404472796606,0.0
18.740000000000002,0.02,659.3769940453865,493.2432079192086,0,449.8478664625526,229.4720187852149,9.105829193011903,-9.22304011426019,-115.12104489673213,0.0,0,20.938905571890018,24.420804402658632,0,0.2592146556362651,0.47931722629700335,0.0
18.76,0.02,620.4271239007423,503.3877911689464,0,450.02087721721983,229.28740559897543,8.650537733361308,-9.230659311974986,-115.12104489673213,0.0,0,-38.94987014464414,10.14458324973782,0,0.25301136291484205,0.45535520794714446,0.0
18.78,0.02,651.1045668174855,476.85033865793713,0,450.1852374341537,229.1026430764607,8.218010846693241,-9.238126125735485,-115.12104489673213,0.0,0,30.67744291674319,-26.537452511009292,0,0.24728823392257482,0.432591332551294,0.0
18.8,0.02,645.4965009894056,478.2578367124199,0,450.34137964024086,228.91773420439628,7.807110304358579,-9.245443603220775,-115.12104489673213,0.0,0,-5.60806582807993,1.407498054482744,0,0.24201586619456558,0.4109656934193745,0.0
18.82,0.02,648.8357440504969,496.86358443432556,0,450.4897147360237,228.73268190977316,7.41675478914065,-9.252614731156358,-115.12104489673213,0.0,0,3.339243061091338,18.605747721905686,0,0.2371658752565097,0.3904213792006317,0.0
18.84,0.02,647.5440103838581,492.75803961584285,0,450.63063307701736,228.5474890610425,7.0459170496836165,-9.25964243653323,-115.12104489673213,0.0,0,-1.2917336666388337,-4.105544818482713,0,0.23271091519174697,0.37090432411670077,0.0
18.86,0.02,636.5270038866797,500.2579553588517,0,450.7645055009614,228.36215846928647,6.693621197199436,-9.266529587802566,-115.12104489673213,0.0,0,-11.017006497178386,7.499915743008842,0,0.228624701494152,0.3523631656830242,0.0
18.88,0.02,651.8390228549212,472.7481225471399,0,450.8916843037082,228.17669288936554,6.358940137339464,-9.273278996046514,-115.12104489673213,0.0,0,15.312018968241432,-27.509832811711817,0,0.22488203397230125,0.3347491095442041,0.0
18.900000000000002,0.02,656.4941835315113,482.40020300247534,0,451.0125041663176,227.99109502104304,6.04099313047249,-9.279893416125583,-115.12104489673213,0.0,0,4.655160676590185,9.652080455335465,0,0.2214588176768325,0.3180158010675726,0.0
18.92,0.02,635.370040377348,491.6054882244452,0,451.1272830357966,227.80536751008697,5.738943473948865,-9.286375547803072,-115.12104489673213,0.0,0,-21.124143154163335,9.20528522196986,0,0.21833208010920085,0.3021192033570924,0.0
18.94,0.02,596.5544724804025,484.67858853417124,0,451.23632296180165,227.61951294935002,5.451996300251421,-9.29272803684701,-115.12104489673213,0.0,0,-38.81556789694548,-6.926899690273956,0,0.21547998331609855,0.287017481366561,0.0
18.96,0.02,637.5287225586626,496.349863873576,0,451.3399108915064,227.43353387982782,5.17939648523885,-9.298953476110068,-115.12104489673213,0.0,0,40.97425007826007,11.671275339404758,0,0.2128818298513591,0.2726708918071497,0.0
18.98,0.02,620.6086077454297,484.6897245208266,0,451.43831942472593,227.24743279169607,4.920426660976907,-9.305054406587866,-115.12104489673213,0.0,0,-16.920114813232885,-11.660139352749411,0,0.21051806196675835,0.2590416785595639,0.0
19.0,0.02,645.6754737760806,483.05604926316033,0,451.53180753128447,227.06121212532696,4.674405327928062,-9.311033318456108,-115.12104489673213,0.0,0,25.066866030650885,-1.6336752576662548,0,0.20837025375723847,0.24609397331559954,0.0
19.02,0.02,626.6941113519273,474.90457051693113,0,451.6206212325151,226.8748742722852,4.440685061531658,-9.316892652086985,-115.12104489673213,0.0,0,-18.981362424153303,-8.151478746229202,0,0.2064210963116122,0.2337937011876149,0.0
19.04,0.02,602.1228180270332,479.53931725966254,0,451.70499424868416,226.6884215763043,4.218650808455075,-9.322634799045245,-115.12104489673213,0.0,0,-24.5712933248941,4.634746742731409,0,0.20465437619561308,0.2221084910375256,0.0
19.06,0.02,602.5170803892967,488.95080261358765,0,451.78514861404483,226.50185633424303,4.0077182680323205,-9.32826210306434,-115.12104489673213,0.0,0,0.39426236226347555,9.411485353925116,0,0.20305494781402117,0.21100759028935467,0.0
19.080000000000002,0.02,619.5969620357199,479.6541991122196,0,451.86129526113746,226.31518079702298,3.807332354630704,-9.333776861003052,-115.12104489673213,0.0,0,17.079881646423246,-9.296603501368054,0,0.20160870035751216,0.20046178400114745,0.0
19.1,0.02,618.8699591663609,482.5960911191161,0,451.93363457587543,226.12839717054732,3.616965736899169,-9.339181323782991,-115.12104489673213,0.0,0,-0.727002869359012,2.9418920068965235,0,0.2003025201443011,0.19044331798328926,0.0
19.12,0.02,594.1651414432944,470.39940252926675,0,452.0023569248765,225.94150761660117,3.43611745005421,-9.344477697307331,-115.12104489673213,0.0,0,-24.704817723066526,-12.196688589849373,0,0.19912424921744962,0.18092582576090607,0.0
19.14,0.02,599.7800707402928,484.496429495647,0,452.06764315642755,225.75451425373396,3.2643115775514997,-9.349668143361184,-115.12104489673213,0.0,0,5.614929296998412,14.09702696638027,0,0.19806264106723223,0.17188425918813965,0.0
19.16,0.02,633.2133845896963,498.667152706973,0,452.129665076401,225.56741915812407,3.1010959986739244,-9.354754780493959,-115.12104489673213,0.0,0,33.433313849403476,14.170723211325992,0,0.19710731432006415,0.16329482253170963,0.0
19.18,0.02,602.0240348629361,500.7598629478162,0,452.1885859003758,225.3802243644264,2.946041198740228,-9.35973968488408,-115.12104489673213,0.0,0,-31.189349726760156,2.0927102408431892,0,0.19624870518141818,0.1551349098502889,0.0
19.2,0.02,587.37375330236,516.2686743814065,0,452.24456068315186,225.19293186660266,2.7987391388032163,-9.364624891186397,-115.12104489673213,0.0,0,-14.650281560576104,15.508811433590324,0,0.19547801934713518,0.14738304550491269,0.0
19.22,0.02,593.458781756839,488.00922506480725,0,452.29773672678914,225.0055436187354,2.6588021818630554,-9.36941239336267,-115.12104489673213,0.0,0,6.085028454479016,-28.259449316599273,0,0.19478718401290157,0.1400188276438575,0.0
19.240000000000002,0.02,625.2901063143586,478.78461793432865,0,452.34825396824453,224.8180615358255,2.5258620727699026,-9.374104145495416,-115.12104489673213,0.0,0,31.831324557519565,-9.224607130478603,0,0.19416880052288396,0.13302287451327496,0.0
19.26,0.02,596.2931958489172,482.85899551316356,0,452.39624534762714,224.6304874945738,2.3995689691314075,-9.378702062585507,-115.12104489673213,0.0,0,-28.996910465441374,4.074377578834913,0,0.19361609810793817,0.12637677345228837,0.0
19.28,0.02,611.2978171877452,488.8048974791486,0,452.44183715804064,224.44282333414714,2.279590520674837,-9.383208021333797,-115.12104489673213,0.0,0,15.004621338827974,5.945901965985058,0,0.19312288907694228,0.12006303243832914,0.0
19.3,0.02,577.6004744427659,478.8371062843076,0,452.48514937793345,224.255070856929,2.165610994641095,-9.387623860907121,-115.12104489673213,0.0,0,-33.69734274497932,-9.967791194841027,0,0.19268352574517508,0.1140650340551994,0.0
19.32,0.02,579.3275201643738,492.09097490167295,0,452.52629598683166,224.0672318292552,2.05733044490904,-9.391951383688978,-115.12104489673213,0.0,0,1.7270457216079649,13.253868617365356,0,0.1922928593090655,0.10836699176272939,0.0
19.34,0.02,582.1037834421492,484.4954701982194,0,452.56538526528493,223.8793079821349,1.954463922663588,-9.396192356015199,-115.12104489673213,0.0,0,2.7762632777753424,-7.595504703453571,0,0.19194620081287836,0.10295390835294144,0.0
19.36,0.02,601.7699370518761,490.9792385352201,0,452.6025200798155,223.691301011957,1.8567407265304086,-9.400348508894893,-115.12104489673213,0.0,0,19.666153609726962,6.483768337000697,0,0.19163928429654795,0.09781153648339883,0.0
19.38,0.02,598.353212811673,508.97973908073527,0,452.6377981536196,223.50321258118265,1.763903690203888,-9.404421538716996,-115.12104489673213,0.0,0,-3.416724240203166,18.000500545515195,0,0.19136823216636778,0.09292634118388296,0.0
19.400000000000002,0.02,582.333026313807,510.44495157604996,0,452.67131232373345,223.3150443190238,1.6757085056936936,-9.408413107942655,-115.12104489673213,0.0,0,-16.020186497866007,1.4652124953146881,0,0.19112952279096762,0.08828546423772421,0.0
19.42,0.02,610.6447809869035,496.7324985887499,0,452.7031507853416,223.12679782210813,1.5919230804090088,-9.412324845783802,-115.12104489673213,0.0,0,28.311754673096516,-13.712452987300082,0,0.1909199602938244,0.08387669034406019,0.0
19.44,0.02,557.5807755063138,504.41130278713814,0,452.7333973238694,222.93847465513076,1.5123269263885581,-9.416158348868125,-115.12104489673213,0.0,0,-53.064005480589685,7.678804198388264,0,0.19073664648750002,0.07968841497196948,0.0
19.46,0.02,569.7941558345236,492.8807346319568,0,452.76213153547076,222.75007635149294,1.4367105800691302,-9.419915181890762,-115.12104489673213,0.0,0,12.213380328209837,-11.530568155181356,0,0.19057695487640375,0.07570961382188945,0.0
19.48,0.02,588.7871087558942,501.7651299970556,0,452.7894290364921,222.56160441392788,1.3648750510656738,-9.423596878252946,-115.12104489673213,0.0,0,18.992952921370602,8.88439536509884,0,0.19043850664068915,0.07192981381395169,0.0
19.5,0.02,563.092063129786,499.47350588700107,0,452.81536166246235,222.37306031511412,1.29663129851239,-9.427204940687886,-115.12104489673213,0.0,0,-25.695045626108254,-2.2916241100545562,0,0.19031914850379036,0.0683390655268877,0.0
19.52,0.02,582.6678700997318,503.6780063418381,0,452.83999765713406,222.18444549827663,1.2317997335867705,-9.430740841874128,-115.12104489673213,0.0,0,19.575806969945802,4.204500454837046,0,0.1902169323801196,0.06492791701497652,0.0
19.54,0.02,599.0818529845475,501.2034747422846,0,452.86340185207223,221.9957613777759,1.170209746907432,-9.434206025036644,-115.12104489673213,0.0,0,16.41398288481571,-2.4745315995535293,0,0.19013009669655384,0.061687388934132156,0.0
19.56,0.02,568.343927099196,474.01693472469003,0,452.88563583726346,221.80700933968518,1.1116992595620603,-9.437601904535912,-115.12104489673213,0.0,0,-30.7379258853515,-27.186540017594552,0,0.1900570492796351,0.05860895091166915,0.0
19.580000000000002,0.02,589.0578995220505,510.87539945759653,0,452.9067581231951,221.6181907423563,1.0561142965839572,-9.440929866445193,-115.12104489673213,0.0,0,20.713972422854567,36.8584647329065,0,0.18999635170241552,0.05568449909756505,0.0
19.6,0.02,564.2231730693137,498.20482253589336,0,452.9268242948302,221.42930691697396,1.0033085817547593,-9.444191269116288,-115.12104489673213,0.0,0,-24.834726452736845,-12.670576921703173,0,0.18994670498630278,0.05290633483814191,0.0
19.62,0.02,611.3065024344303,512.0518410088674,0,452.9458871578836,221.24035916809927,0.9531431526670213,-9.447387443733962,-115.12104489673213,0.0,0,47.08332936511658,13.84701847297407,0,0.18990693655736013,0.05026714441604512,0.0
19.64,0.02,590.6734721046886,509.4981740457182,0,452.96399687778427,221.0513487742021,0.9054859950336702,-9.450519694859283,-115.12104489673213,0.0,0,-20.6330303297417,-2.553666963149226,0,0.18987598836094913,0.04775997980320078,0.0
19.66,0.02,599.2777925404556,508.2486870668085,0,452.9812011116899,220.86227698818286,0.8602116952819867,-9.453589300962097,-115.12104489673213,0.0,0,8.604320435767022,-1.2494869789097152,0,0.1898529060425104,0.045378240376106736,0.0
19.68,0.02,536.9173457601778,532.7578838829337,0,452.9975451339003,220.673145037884,0.8172011105178874,-9.456597514942855,-115.12104489673213,0.0,0,-62.36044678027781,24.50919681612521,0,0.18983682910820432,0.04311565554533299,0.0
19.7,0.02,556.5713881092186,488.5175094320118,0,453.01307195500016,220.48395412659113,0.7763410549919929,-9.459545564643998,-115.12104489673213,0.0,0,19.654042349040765,-44.24037445092188,0,0.1898269819843806,0.04096626825352274,0.0
19.72,0.02,557.5619805145332,504.13999907763355,0,453.027822435045,220.29470543352411,0.7375240022423932,-9.462434653351117,-115.12104489673213,0.0,0,0.9905924053146009,15.622489645621727,0,0.18982266589932256,0.038924419298466226,0.0
19.740000000000002,0.02,574.2770701590313,504.87213954780486,0,453.0418353910876,220.10540011431843,0.7006478021302736,-9.465265960284095,-115.12104489673213,0.0,0,16.715089644498107,0.7321404701713163,0,0.18982325151735072,0.03698473243999232,0.0
19.76,0.02,518.020313529125,528.0702976443796,0,453.0551476993281,219.91603930149685,0.6656154120237598,-9.468040641078412,-115.12104489673213,0.0,0,-56.25675662990625,23.19815809657473,0,0.1898281722588544,0.03514210025148346,0.0
19.78,0.02,538.8525707081014,513.3030218205857,0,453.06779439215654,219.72662410493172,0.6323346414225718,-9.470759828256844,-115.12104489673213,0.0,0,20.83225717897642,-14.767275823793852,0,0.18983691824644322,0.03339167067878233,0.0
19.8,0.02,552.5339257380879,490.1700732110832,0,453.07980875034355,219.53715561229788,0.6007179093514432,-9.473424631691707,-115.12104489673213,0.0,0,13.681355029986435,-23.132948609502535,0,0.18984903082076413,0.031728834271116675,0.0
19.82,0.02,567.571260310699,489.5514430854538,0,453.0912223906212,219.3476348895167,0.570682013883871,-9.476036139057872,-115.12104489673213,0.0,0,15.037334572611144,-0.6186301256294087,0,0.18986409757477765,0.03014921205044106,0.0
19.84,0.02,523.1406753157096,506.1770905383083,0,453.102065348885,219.15806298119116,0.5421479131896774,-9.478595416276713,-115.12104489673213,0.0,0,-44.43058499498943,16.62564745285448,0,0.18988174785929113,0.02864864398726858,0.0
19.86,0.02,553.2544915643757,501.93074169470185,0,453.1123661592356,218.96844091103213,0.5150405175301934,-9.481103507951179,-115.12104489673213,0.0,0,30.113816248666126,-4.246348843606427,0,0.18990164871658172,0.027223178052669286,0.0
19.88,0.02,539.5089346862201,496.07371977862533,0,453.12215192906865,218.77876968227628,0.4892884916536837,-9.483561437792154,-115.12104489673213,0.0,0,-13.74555687815564,-5.857021916076519,0,0.1899235012024098,0.025869059817619645,0.0
19.900000000000002,0.02,535.5210541993717,499.92280781413416,0,453.1314484104101,218.58905027809556,0.4648240670709995,-9.48597020903631,-115.12104489673213,0.0,0,-3.9878804868483257,3.849088035508828,0,0.1899470370603856,0.024582722572337568,0.0
19.92,0.02,524.6925253215757,508.7859312043108,0,453.14028006768444,218.39928366199845,0.4415828637174495,-9.488330804855583,-115.12104489673213,0.0,0,-10.828528877796089,8.863123390176668,0,0.18997201571588612,0.0233607779395942,0.0
19.94,0.02,535.7637831193863,508.39084768196636,0,453.14867014209506,218.20947077822328,0.419503720531577,-9.49064418875847,-115.12104489673213,0.0,0,11.071257797810631,-0.3950835223444642,0,0.1899982215592134,0.022200006957305177,0.0
19.96,0.02,532.3627930885349,506.0148701113659,0,453.15664071278513,218.01961255212362,0.3985285345049981,-9.4929113049833,-115.12104489673213,0.0,0,-3.4009900308514034,-2.375977570600469,0,0.19002546149091384,0.02109735160693113,0.0
19.98,0.02,539.2232999677619,525.9084150172148,0,453.1642127549407,217.82970989054596,0.3786021077797482,-9.495133078883633,-115.12104489673213,0.0,0,6.860506879227046,19.8935449058489,0,0.19005356270453286,0.020049906765393043,0.0
20.0,0.02,550.6421284096983,468.25169384025065,0,453.17140619498855,217.63976368219983,0.35967200239076075,-9.49731041730596,-115.12104489673213,0.0,0,11.418828441936398,-57.65672117696414,0,0.19008237068385078,0.01905491255932467,0.0
20.02,0.02,530.8363906546522,517.8557252357549,0,453.17823996303395,217.44977479802063,0.3416884022712227,-9.49944420895984,-115.12104489673213,0.0,0,-19.805737755046152,49.60403139550425,0,0.19011174739441003,0.018109747101536785,0.0
20.04,0.02,536.4230930768102,535.4983863123914,0,453.1847320426771,217.25974409152502,0.32460398215766156,-9.501535324780642,-115.12104489673213,0.0,0,5.586702422158055,17.6426610766365,0,0.1901415696509111,0.01721191959058201,0.0
20.06,0.02,573.2847580503295,497.4454963596483,0,453.19089951833814,217.06967239915932,0.30837378304977847,-9.503584618285029,-115.12104489673213,0.0,0,36.86166497351928,-38.0528899527431,0,0.19017172764318233,0.01635906375525965,0.0
20.080000000000002,0.02,536.0077100017634,500.98190853889076,0,453.1967586202161,216.87956054064094,0.2929550938972895,-9.505592925919327,-115.12104489673213,0.0,0,-37.277048048566144,3.536412179242461,0,0.1902021236057262,0.01554893162680517,0.0
20.1,0.02,497.2557148217898,508.0588388973388,0,453.20232476700016,216.6894093192929,0.278307339202425,-9.50756106740094,-115.12104489673213,0.0,0,-38.75199517997356,7.07693035844801,0,0.19023267061724705,0.014779387622380503,0.0
20.12,0.02,484.91485703608237,510.0545191963983,0,453.207612606445,216.49921952237185,0.26439197224230376,-9.509489846052922,-115.12104489673213,0.0,0,-12.340857785707442,1.9956802990595293,0,0.19026329151696342,0.014048402924289063,0.0
20.14,0.02,574.0850080536288,520.1254027730557,1,453.20630894669523,216.29301718517348,-0.0651829874895396,-10.310116859918203,-115.13359490682862,-0.6275005048244964,0,89.17015101754646,10.070883576657423,1,0.2062064581792009,0.865807870958149,-0.012550010096489927
20.16,0.02,519.3482699317417,501.7485785084548,1,453.1929401139386,216.0726399901243,-0.6684416378308424,-11.018859752460479,-117.11074279379945,-98.8573943485413,0,-54.73673812188713,-18.37682426460094,0,0.22078232217961977,0.9307188012180704,-1.977147886970826
20.18,0.02,508.7880083587328,502.0955199873608,1,453.1664500820179,215.83805324307633,-1.32450159603717,-11.729337352397287,-119.12961233413368,-100.94347701671182,0,-10.560261573008916,0.3469414789059897,0,0.2360776645125562,0.9670538189644133,-2.0188695403342365
20.2,0.02,508.04082669537746,497.6959207343459,1,453.1267641327667,215.58969690395494,-1.984297462560296,-12.41781695606901,-121.07611178529508,-97.32497255807004,0,-0.7471816633553203,-4.3995992530148555,0,0.2515071485062487,0.9535904520038863,-1.9464994511614009
20.22,0.02,522.7967594282227,489.8468386077626,1,453.07535785945834,215.3283558809728,-2.5703136654191963,-13.067051149107819,-122.69010799656104,-80.6998105632978,0,14.755932732845224,-7.849082126583312,0,0.2663488975550911,0.8745970657530906,-1.613996211265956
20.240000000000002,0.02,467.2402084760864,496.175458200342,1,453.00667560699753,215.0533973121706,-3.4341126230387613,-13.747928440109526,-125.09811884991262,-120.4005426675792,0,-55.55655095213626,6.3286195925794,0,0.2834068918725137,1.099882959494541,-2.408010853351584
20.26,0.02,509.42137916122766,528.1104048089446,1,452.9249354924529,214.76162770288752,-4.0870057272326115,-14.588480464154252,-125.72641067712114,-31.414591360425703,0,42.18117068514124,31.934946608602615,0,0.30300321982937745,1.0643294182862595,-0.6282918272085141
20.28,0.02,522.4204847879587,500.6448464030242,1,452.831437426387,214.45579360896414,-4.674903303292826,-15.291704696169369,-126.6056926050167,-43.964096394778096,0,12.999105626731023,-27.465558405920433,0,0.31980678755147446,0.9165958108297936,-0.8792819278955619
20.3,0.02,476.0336790954653,493.9534110122455,1,452.7215427282307,214.13656417393952,-5.494734907815502,-15.961471751230597,-128.5749265843518,-98.46169896675505,0,-46.3868056924934,-6.691435390778679,0,0.3376155755722927,1.0586367497020008,-1.969233979335101
20.32,0.02,499.72827160730566,498.7261389825942,1,452.59762085723514,213.80346212501664,-6.196093549778983,-16.655102446143566,-129.76742925212585,-59.62513338870252,0,23.69459251184037,4.772727970348683,0,0.3554062536136106,0.9864215557165738,-1.1925026677740505
20.34,0.02,525.4154655296992,525.773382537431,1,452.4622405327925,213.45378273784002,-6.769016222130478,-17.483969358830727,-129.55927565572856,10.407679819864768,0,25.687193922393533,27.04724355483677,0,0.37497134032137325,1.0076014824532191,0.20815359639729536
20.36,0.02,494.3251988505183,521.4503027260699,1,452.312292728235,213.08795832039078,-7.49739022787789,-18.291220872461075,-130.23363867061175,-33.718150744159914,0,-31.0902666791809,-4.323079811361026,0,0.3953629326248187,1.0872827132383824,-0.6743630148831983
20.38,0.02,483.21663897395234,492.6947483078188,1,452.1466665875748,212.7088644281108,-8.281307033008137,-18.954694614000168,-131.8045138863442,-78.54376078662284,0,-11.108559876565948,-28.75555441825111,0,0.4136957790864853,1.0269970608903884,-1.5708752157324568
20.400000000000002,0.02,485.5357787824321,500.32295679895384,1,451.9655940247929,212.3157382401509,-9.05362813909598,-19.65630939799494,-132.97103645361437,-58.32612836350819,0,2.319139808479747,7.6282084911350125,0,0.43282268038111793,1.043428577349106,-1.1665225672701638
20.42,0.02,493.19039250600576,485.53194199131644,1,451.76984050126157,211.91005885799186,-9.787676176565942,-20.283969107951528,-134.30052731307347,-66.47454297295496,0,7.654613723573675,-14.791014807637396,0,0.45043890050024044,0.9658070370505129,-1.3294908594590993
20.44,0.02,493.7945901314285,499.02632538991696,1,451.5594664367434,211.49047684329383,-10.518703225908798,-20.979100734901117,-135.09110714978135,-39.52899183539387,0,0.6041976254227279,13.494383398600519,0,0.4693679943071915,1.00876584282801,-0.7905798367078773
20.46,0.02,488.85654505387623,533.1446761774994,1,451.33397802673056,211.05358036097806,-11.274420500639412,-21.84482411578862,-135.0628923942609,1.4107377760225859,0,-4.93804507755226,34.118350787582415,0,0.4916539019574693,1.1491673383548424,0.028214755520451718
20.48,0.02,499.8409401697649,492.8607610783468,1,451.09447371073475,210.60339780255444,-11.975215799790579,-22.509127921180358,-135.84802705329736,-39.256732951822926,0,10.984395115888674,-40.28391509915258,0,0.5099280863900908,0.9656156570656463,-0.7851346590364585
20.5,0.02,496.8172199377323,476.16373082310974,1,450.8406511167327,210.14159887104853,-12.691129700101914,-23.089946575295905,-137.19182184950495,-67.18973981037948,0,-3.0237202320325878,-16.697030255237053,0,0.5269574578330973,0.9218910031167368,-1.3437947962075896
20.52,0.02,512.0879977745096,510.8953619605591,1,450.5740373225081,209.66471040334656,-13.330689711229372,-23.8444233850987,-136.9178306411112,13.699560419686918,0,15.270777836777313,34.73163113744937,0,0.5463565922526923,0.9890764704326748,0.27399120839373836
20.54,0.02,474.5263889356552,494.11856931556747,1,450.2908761671771,209.17441007871304,-14.1580577665511,-24.515016231676533,-138.04462097580338,-56.33951673460871,0,-37.561608838854454,-16.776792644991644,0,0.5661931191953268,1.0650035985142106,-1.1267903346921742
20.56,0.02,509.33931756960504,488.89804297258763,1,449.994648943603,208.67121994978226,-14.811361178703084,-25.159506446539474,-138.452874282777,-20.412665348681003,0,34.812928633949866,-5.220526342979838,0,0.5839099877890295,0.9176998340326241,-0.40825330697362006
20.580000000000002,0.02,505.20419566379394,501.55693625418417,1,449.6849421395953,208.15387412722606,-15.485340200384105,-25.867291127810397,-138.52117635041597,-3.41510338194837,0,-4.135121905811104,12.658893281596534,0,0.6029635184362412,0.9773468558847913,-0.0683020676389674
20.6,0.02,472.9386213329474,507.1174054292541,1,449.35852919772094,207.62181656412693,-16.320647093719362,-26.602878154956663,-139.17507822486752,-32.69509372257744,0,-32.26557433084656,5.560469175069954,0,0.6242040203924221,1.113025552518576,-0.6539018744515488
20.62,0.02,479.76024286910746,500.2537028418823,1,449.0160922801335,207.0757336307436,-17.121845879373826,-27.30414666916608,-139.83699272174454,-33.09572484385086,0,6.82162153616008,-6.863702587371847,0,0.644569323393029,1.0647520946941924,-0.6619144968770172
20.64,0.02,435.1562493815412,518.2216320048105,1,448.65317098748415,206.51382853415979,-18.146064632466125,-28.095254829190132,-140.73447168101416,-44.87394796348099,0,-44.60399348756624,17.96792916292827,0,0.6689164388958667,1.2941700719158147,-0.8974789592696197
20.66,0.02,454.04165187994096,528.4888656014984,1,448.2716538600228,205.93507455101584,-19.075856373066433,-28.93769915719762,-140.98003104378864,-12.277968138724304,0,18.885402498399742,10.267233596687902,0,0.693189361972128,1.2546812849008864,-0.2455593627744861
20.68,0.02,483.1363807466332,520.6742994555968,1,447.87445037063617,205.34025313792634,-19.860174469333277,-29.7410706544756,-140.79987610074306,9.007747152278966,0,29.094728866692265,-7.814566145901608,0,0.7152503935341239,1.12274691661581,0.18015494304557933
20.7,0.02,473.68560179566043,522.8210267680856,1,447.46061544142907,204.72914962216,-20.691746460354967,-30.555175788316028,-140.80486290626837,-0.24934027626528632,0,-9.45077895097279,2.1467273124887924,0,0.7380425838756287,1.1637349978397655,-0.004986805525305726
20.72,0.02,464.1665039300847,536.0818629893843,1,447.029197162615,204.10043792009475,-21.570913940704532,-31.435585103262945,-140.67734148647529,6.376070989654181,0,-9.519097865575759,13.260836221298632,0,0.7624959905525395,1.2442089938388576,0.12752141979308362
20.740000000000002,0.02,505.2166375999452,505.1983918647821,1,446.5843005475609,203.457206378843,-22.244830752704804,-32.16157706258685,-140.42455616108242,12.639266269643201,0,41.05013366986054,-30.88347112460218,0,0.7820996188131653,0.9905696313230956,0.252785325392864
20.76,0.02,467.3832114705077,505.45791125385955,1,446.1221422536538,202.7994290464659,-23.107914695352253,-32.88886661885615,-141.15946429373676,-36.74540663271699,0,-37.8334261294375,0.2595193890774681,0,0.8039037925126699,1.1286558335977617,-0.7349081326543399
20.78,0.02,483.5222115527149,508.08003393040406,1,445.64433618090203,202.12684371069574,-23.890303637588676,-33.62926678850817,-141.38026291507927,-11.039931067125508,0,16.13900008220719,2.6221226765445067,0,0.825027076556595,1.0771837671235902,-0.22079862134251016
20.8,0.02,436.867845450857,503.15661586703305,1,445.14621689269535,201.43994271333887,-24.905964410334395,-34.345049867843336,-142.651685841011,-63.57114629658582,0,-46.65436610185793,-4.9234180633710025,0,0.8485020951378942,1.242542643918898,-1.2714229259317165
20.82,0.02,468.2353000436501,498.64783531134617,1,444.630921134493,200.73917693245087,-25.764787910116144,-35.03828904440007,-143.4168641212924,-38.25891401407091,0,31.367454592793138,-4.508780555686883,0,0.8698289476011262,1.103702115468855,-0.7651782802814182
20.84,0.02,430.6831994255019,545.1888178714473,1,444.0946936962332,200.01989226977574,-26.811371912988637,-35.9642331337573,-143.47175901848462,-2.7447448596106483,0,-37.55210061814819,46.540982560101156,0,0.8971679282622358,1.3973941933771588,-0.054894897192212966
20.86,0.02,421.735386970604,503.79546409531804,1,443.5366397966705,199.28622806069106,-27.902694978135617,-36.683210454233894,-144.78082174721393,-65.4531364364658,0,-8.947812454897928,-41.39335377612929,0,0.921784859123317,1.3068719982773782,-1.309062728729316
20.88,0.02,452.7550519994126,549.9928359155904,1,442.95986140230775,198.5335645680148,-28.838919718138545,-37.63317463381184,-144.15037918459623,31.522128130885108,0,31.019665028808618,46.19737182027234,0,0.9482487276085734,1.333772359240793,0.6304425626177022
20.900000000000002,0.02,484.6302753571277,511.32199861933316,1,442.3675460354807,197.76576887547665,-29.615768341352908,-38.3897846269085,-143.95645746263338,9.696086098142587,0,31.875223357715072,-38.67083729625722,0,0.9697152774189,1.0844134198006679,0.19392172196285173
20.92,0.02,464.67690550829,518.2706444030046,1,441.7576983592045,196.98214611849818,-30.49238381381146,-39.18113784892352,-144.06593226611238,-5.473740173950148,0,-19.953369848837667,6.948645783671395,0,0.9929646587437272,1.180971891514478,-0.10947480347900296
20.94,0.02,434.04227663084527,477.784163898892,1,441.1272549105913,196.18674494512982,-31.522172430657225,-39.77005866841798,-146.16118994919518,-104.76288415413961,0,-30.634628877444754,-40.486480504112535,0,1.0149492442950165,1.1862935248154816,-2.0952576830827923
20.96,0.02,480.1195156760914,529.2976450411,1,440.4808234135458,195.37441400725734,-32.321574852276754,-40.616546893623486,-145.26916065248133,44.601464835692184,0,46.07723904524613,51.513481142208036,0,1.0381499087305626,1.1642965889766803,0.8920292967138437
20.98,0.02,448.79085201680397,507.7502645413678,1,439.81527100170194,194.54730804293072,-33.27762059219275,-41.35529821633032,-145.9868605647803,-35.88499561494842,0,-31.32866365928743,-21.547380499732242,0,1.0616328410217204,1.2082123048589652,-0.7176999122989685
21.0,0.02,465.4724854355776,511.41028521220574,1,439.1322658384016,193.7050610500829,-34.15025816501485,-42.112349642391344,-146.15695440925512,-8.504692223741017,0,16.68163341877363,3.6600206708379233,0,1.0843781859001584,1.1552589299381666,-0.17009384447482034
21.02,0.02,459.5853179448885,482.0768685339949,1,438.43121920689583,192.85060637038166,-35.05233157529041,-42.72273398506132,-147.70424587587524,-77.36457333100617,0,-5.88716749068908,-29.333416678210824,0,1.1052416836189964,1.0891765161363147,-1.5472914666201234
21.04,0.02,456.4777440568291,505.1998058084532,1,437.7118203497957,191.98163171009958,-35.969942855006266,-43.44873301410359,-148.17509228197278,-23.542320304876796,0,-3.1075738880593917,23.12293727445831,0,1.1281186443851319,1.1700790788797533,-0.4708464060975359
21.06,0.02,427.7502002017977,492.23546740887025,1,436.9711965127157,191.09943350307663,-37.03119185399727,-44.10991035114794,-149.59080410921916,-70.78559136231917,0,-28.7275438550314,-12.96433839958297,0,1.151866895316279,1.2503619111603117,-1.4157118272463833
21.080000000000002,0.02,426.7932313812487,486.2188972086836,1,436.2092519987739,190.2046134063328,-38.09722569709102,-44.74100483719136,-151.1307659677079,-76.99809292443689,0,-0.9569688205490365,-6.016570200186663,0,1.1752712231066826,1.2388334855563277,-1.5399618584887378
21.1,0.02,468.1386773776555,535.6076906838916,1,435.4301213525698,189.2922325405206,-38.956532310202746,-45.619043290610826,-149.82516809440529,65.27989366513083,0,41.345445996406795,49.38879347520805,0,1.1997847340896743,1.2285598809259526,1.3055978733026166
21.12,0.02,488.42269514438783,495.69916601709906,1,434.6358329758802,188.36628175810665,-39.71441883448081,-46.29753912069632,-149.75709001754194,3.4039038431671997,0,20.284017766732347,-39.90852466679257,0,1.2199503583331628,1.0172259213791641,0.068078076863344
21.14,0.02,469.2166429240215,478.2005876620099,1,433.824466263483,187.4285109169265,-40.56833561986069,-46.888542059006376,-151.25739171162522,-75.01508470416383,0,-19.206052220366303,-17.498578355089137,0,1.2400524555654786,1.0384884926876305,-1.5003016940832765
21.16,0.02,457.2656747716894,491.48854110798925,1,432.9948261185629,186.47759122163558,-41.482007246002254,-47.545984764546326,-152.12743723119624,-43.5022759785511,0,-11.95096815233211,13.287953445979326,0,1.26196316782828,1.125622828252812,-0.8700455195710219
21.18,0.02,460.5973117224405,518.2986841977105,1,432.14724570481513,185.51084165792489,-42.37902068739005,-48.337478185534884,-151.60785294081845,25.97921451888965,0,3.33163695075109,26.810143089721237,0,1.2856894168902802,1.1962838080901008,0.519584290377793
21.2,0.02,468.1235253638189,517.9581607282639,1,431.2824776436037,184.52829627814137,-43.238403060570946,-49.12726898917621,-150.9512957102701,32.82786152741721,0,7.5262136413783765,-0.3405234694465662,0,1.3089000049756556,1.1671793250612483,0.6565572305483443
21.22,0.02,456.17967061496677,517.26561407676,1,430.3993275494538,183.53002433695016,-44.1575047074961,-49.91359705956001,-150.75382904375323,9.873333325843703,0,-11.943854748852118,-0.6925466515039034,0,1.3328544396769968,1.2095700358615247,0.19746666651687406
21.240000000000002,0.02,470.0090913635395,515.3462202119282,1,429.49917836444024,182.51621777373776,-45.007459250678394,-50.69032816061965,-150.27740843071388,23.82103065196759,0,13.829420748572716,-1.919393864831818,0,1.3557552518405054,1.1514051974997932,0.4764206130393518
21.26,0.02,431.6240362803214,523.4497132056208,1,428.5781915830547,181.4860662392048,-46.0493390692768,-51.50757672664775,-150.5033737580323,-11.298266365920995,0,-38.385055083218106,8.103492993692612,0,1.381820840625687,1.324163424611035,-0.2259653273184199
21.28,0.02,461.9508360737729,522.5651864919768,1,427.63939988527653,180.43965818602265,-46.93958488890793,-52.320402659107636,-149.99952660187012,25.192357808109023,0,30.326799793451528,-0.8845267136440498,0,1.4058092564717666,1.2054972483792705,0.5038471561621805
21.3,0.02,455.41878079892365,512.2348389858913,1,426.68215006557824,179.37802664894193,-47.86249098491332,-53.08157685403709,-150.2589139299613,-12.969366404558968,0,-6.532055274849256,-10.330347506085445,0,1.4294714889905291,1.1963033967478371,-0.25938732809117937
21.32,0.02,430.56750846125277,500.28686094550534,1,425.7039569967261,178.30236642576662,-48.90965344260705,-53.783011158764616,-151.5991048643556,-67.00954671971573,0,-24.851272337670878,-11.947978040385976,0,1.4539279884753253,1.2603806157870578,-1.3401909343943146
21.34,0.02,494.393461884707,498.3512703784109,1,424.7112032740624,177.2128710755535,-49.63768613318352,-54.47476751065667,-151.19927518333293,19.991484051134023,0,63.82595342345422,-1.9355905670944367,0,1.4739606751873053,1.0042701075562368,0.39982968102268046
21.36,0.02,406.81117641828473,485.34380146343017,1,423.69513066904057,176.11084134519402,-50.80363025109209,-55.10148651797382,-153.422943453531,-111.18341350990306,0,-87.58228546642226,-13.007468914980734,0,1.498957326034364,1.3237078228288057,-2.2236682701980612
21.38,0.02,469.47832333388874,485.20206607261207,1,422.6620058963521,174.99629140822728,-51.65623863442265,-55.72749684833688,-154.92465761984377,-75.08570831563901,0,62.66714691560401,-0.1417353908180985,0,1.5197264089088864,1.0577476017684089,-1.5017141663127802
21.400000000000002,0.02,475.26165534647544,487.9850320299977,0,421.6805373622981,173.90019086999988,-49.07342670270152,-54.805026911370135,-154.92465761984377,0.0,0,5.783332012586698,2.7829659573856134,1,1.4712976834212035,2.7426024610301196,0.0
21.42,0.02,440.1716009037192,498.4608762758789,0,420.74814225494674,172.82217074253703,-46.61975536756644,-53.90100637314273,-154.92465761984377,0.0,0,-35.09005444275624,10.475844245881206,0,1.4253027858766485,2.6149103530332587,0.0
21.44,0.02,474.7832974678566,503.43815721461334,0,419.862366902963,171.76186941762342,-44.28876759918812,-53.01506624567987,-154.92465761984377,0.0,0,34.61169656413739,4.977280938734452,0,1.3816066277328987,2.493670765313307,0.0
21.46,0.02,456.651293727147,530.7339570295541,0,419.0208803185784,170.7189325192081,-42.07432921922871,-52.14684492076627,-154.92465761984377,0.0,0,-18.132003740709592,27.29579981494072,0,1.340080984782421,2.3785595657187115,0.0
21.48,0.02,434.5343587157838,515.5449243677456,0,418.22146806341306,169.69301275876109,-39.97061275826727,-51.29598802235094,-154.92465761984377,0.0,0,-22.116935011363182,-15.189032661808483,0,1.300604209044474,2.269268694910558,0.0
21.5,0.02,449.2984439608047,510.6724256958616,0,417.462026421006,168.683769793523,-37.97208212035391,-50.46214826190392,-154.92465761984377,0.0,0,14.764085245020908,-4.872498671883989,0,1.2630609530440378,2.1655053582895456,0.0
21.52,0.02,440.2065072377039,510.2770405239964,0,416.74055686071927,167.69087008758967,-36.07347801433621,-49.64498529666584,-154.92465761984377,0.0,0,-9.091936723100844,-0.3953851718652004,0,1.227341905282631,2.066991258603666,0.0
21.54,0.02,426.2391579423185,517.5253141759847,0,416.05516077844686,166.71398677577503,-34.2698041136194,-48.844165590732516,-154.92465761984377,0.0,0,-13.967349295385361,7.248273651988313,0,1.1933435358254185,1.9734618672622286,0.0
21.56,0.02,400.8514892977535,505.6194162675722,0,415.4040345002881,165.75279953019668,-32.55631390793843,-48.05936227891786,-154.92465761984377,0.0,0,-25.387668644564997,-11.905897908412499,0,1.160967851049872,1.884665732484109,0.0
21.580000000000002,0.02,411.82372916381075,513.0972881208488,0,414.7854645360373,164.80699442952988,-30.92849821254151,-47.2902550333395,-154.92465761984377,0.0,0,10.972239866057237,7.477871853276611,0,1.1301221567249222,1.8003638225041345,0.0
21.6,0.02,459.76713636736406,539.2907412677584,0,414.197823069999,163.87626383087644,-29.38207330191443,-46.53652993267271,-154.92465761984377,0.0,0,47.943407203553306,26.193453146909633,0,1.1007188287103224,1.7203289021530535,0.0
21.62,0.02,457.1807555799832,525.0827448051914,0,413.63956367726263,162.96030624419606,-27.91296963681871,-45.79787933401925,-154.92465761984377,0.0,0,-2.586380787380847,-14.207996462567053,0,1.0726750906848388,1.6443449412117876,0.0
21.64,0.02,423.7523580014509,491.52866021330664,0,413.10921725416307,162.05882620924928,-26.517321154977772,-45.07400174733886,-154.92465761984377,0.0,0,-33.428397578532326,-33.55408459188476,0,1.045912798421625,1.572206553021305,0.0
21.66,0.02,484.8587804331556,494.19278559204224,0,412.6053881522185,161.17153417500143,-25.191455097228882,-44.36460171239208,-154.92465761984377,0.0,0,61.10642243170469,2.664125378735605,0,1.0203582302338545,1.5037184619047135,0.0
21.68,0.02,415.46707441577735,514.7940123317022,0,412.12675050537115,160.29814638143853,-23.931882342367437,-43.669389678144235,-154.92465761984377,0.0,0,-69.39170601737823,20.601226739659978,0,0.9959418833065675,1.4386949980285175,0.0
21.7,0.02,431.4055419862479,499.74696713779883,0,411.67204474086617,159.4383847437469,-22.735288225249064,-42.98808188458135,-154.92465761984377,0.0,0,15.93846757047055,-15.047045193903386,0,0.9725982757131832,1.3769596183954806,0.0
21.72,0.02,471.02621467329,513.104760155338,0,411.24007426458644,158.5919767388091,-21.59852381398661,-42.32040024688972,-154.92465761984377,0.0,0,39.62067268704209,13.357793017539166,0,0.9502657539867988,1.3183444527222206,0.0
21.740000000000002,0.02,485.6292065306286,539.0365089767329,0,410.8297023121207,157.75865529397007,-20.518597623287278,-41.66607224195192,-154.92465761984377,0.0,0,14.602991857338623,25.931748821394876,0,0.928886306174871,1.2626898730108855,0.0
21.76,0.02,409.11516888857017,512.2841182965021,0,410.43984895727823,156.9381586780278,-19.49266774212291,-41.024830797112884,-154.92465761984377,0.0,0,-76.51403764205844,-26.752390680230747,0,0.9084053803531829,1.2098440856759969,0.0
21.78,0.02,405.47967269691503,500.1956762826531,0,410.0694882701779,156.13023039440438,-18.518034355016766,-40.39641418117062,-154.92465761984377,0.0,0,-3.635496191655136,-12.088442013849033,0,0.8887717086114598,1.1596627451351207,0.0
21.8,0.02,455.7029796222175,520.2861057476041,0,409.7176456174326,155.33461907645344,-17.592132637265927,-39.780565897547206,-154.92465761984377,0.0,0,50.223306925302495,20.090429464951,0,0.8699371365463595,1.1120085878156971,0.0
21.82,0.02,418.09780557968116,509.19532449454573,0,409.3833950973245,154.5510783848615,-16.71252600540263,-39.17703457959626,-154.92465761984377,0.0,0,-37.60517404253636,-11.090781253058367,0,0.8518564583149358,1.06675108557034,0.0
21.84,0.02,417.69470272084124,496.53264178302607,0,409.0658571032219,153.77936690710143,-15.876899705132498,-38.58557388800433,-154.92465761984377,0.0,0,-0.40310285883992947,-12.662682711519665,0,0.8344872573055631,1.0237661175295598,0.0
21.86,0.02,417.0028073998413,519.7920288254861,0,408.7641960088244,153.01924805889655,-15.083054719875873,-38.005942410244245,-154.92465761984377,0.0,0,-0.6918953209999472,23.259387042460048,0,0.8177897524849626,0.9829356594545925,0.0
21.88,0.02,415.27499328996214,519.4595226582566,0,408.47761796914676,152.27048998765576,-14.328901983882078,-37.43790356203936,-154.92465761984377,0.0,0,-1.727814109879148,-0.3325061672295533,0,0.8017266504699085,0.9441474896841382,0.0
21.900000000000002,0.02,430.10263738853564,518.9084209292203,0,408.20536883145303,151.5328654778398,-13.612456884687974,-36.88122549079857,-154.92465761984377,0.0,0,14.8276440985735,-0.5511017290363043,0,0.7862630033622433,0.9072949107978145,0.0
21.92,0.02,437.7226613107685,490.1926798348722,0,407.946732150644,150.80615185822015,-12.931834040453575,-36.335680980982595,-154.92465761984377,0.0,0,7.6200239222328605,-28.71574109434806,0,0.7713660723681249,0.872276486146495,0.0
21.94,0.02,442.5791527033212,515.2015029700126,0,407.7010273038754,150.09013091099288,-12.285242338430896,-35.80104736136294,-154.92465761984377,0.0,0,4.856491392552698,25.008823135140403,0,0.7570051972039633,0.8389957904257914,0.0
21.96,0.02,405.63557166267094,473.11652080952206,0,407.4676076994452,149.38458878271018,-11.670980221509351,-35.27710641413568,-154.92465761984377,0.0,0,-36.94358104065026,-42.08498216049054,0,0.7431516712717754,0.8073611734944501,0.0
21.98,0.02,481.39972459590376,507.47327439156896,0,407.2458590752365,148.68931589699312,-11.087431210433884,-34.76364428585296,-154.92465761984377,0.0,0,75.76415293323282,34.356753582046906,0,0.7297786225642406,0.7772855366644709,0.0
22.0,0.02,460.34059702987156,493.1243013218534,0,407.03519788223826,148.0041068689904,-10.53305964991219,-34.2604514001359,-154.92465761984377,0.0,0,-21.059127566032203,-14.348973069715555,0,0.7168609002392985,0.7486861207151657,0.0
22.02,0.02,464.81880964459987,515.1765616443176,0,406.8350697488899,147.3287604215477,-10.006406667416579,-33.76732237213318,-154.92465761984377,0.0,0,4.478212614728307,22.052260322464235,0,0.7043749667832777,0.7214843049092816,0.0
22.04,0.02,458.54836881103057,493.89098870635206,0,406.644948022209,146.6630793030539,-9.506086334045749,-33.28405592469051,-154.92465761984377,0.0,0,-6.270440833569296,-21.285572937965583,0,0.692298795662172,0.6956054163159987,0.0
22.06,0.02,446.3114573859508,495.6877675292991,0,406.46433238186216,146.00687020692996,-9.030782017343462,-32.8104548061967,-154.92465761984377,0.0,0,-12.236911425079768,1.796778822947033,0,0.6806117743425433,0.6709785487736672,0.0
22.080000000000002,0.02,436.2639350763096,484.3057613893257,0,406.2927475235326,145.3599436927285,-8.57924291647629,-32.34632571007277,-154.92465761984377,0.0,0,-10.047522309641181,-11.382006139973385,0,0.6692946125472782,0.6475363908544093,0.0
22.1,0.02,436.7625608026313,497.4989654835097,0,406.12974190811957,144.72211410881107,-8.150280770652474,-31.891479195871312,-154.92465761984377,0.0,0,0.4986257263216771,13.193204094184011,0,0.6583292555981999,0.6252150622233825,0.0
22.12,0.02,441.6160544308906,500.97612487968263,0,405.9748865734772,144.09319951657199,-7.74276673211985,-31.445729611953883,-154.92465761984377,0.0,0,4.853493628259287,3.477159396172908,0,0.6476988026841307,0.6039539578177548,0.0
22.14,0.02,456.95264298170684,504.78707020963253,0,405.82777400556694,143.47302161617768,-7.355628395513857,-31.008895019714807,-154.92465761984377,0.0,0,15.33658855081626,3.8109453299499023,0,0.6373874298844028,0.583695599303897,0.0
22.16,0.02,440.1263923429429,506.5832152439853,0,405.68801706605217,142.86140567379127,-6.987846975738163,-30.58079711932051,-154.92465761984377,0.0,0,-16.826250638763952,1.7961450343527758,0,0.6273803177688538,0.5643854933059749,0.0
22.18,0.02,478.3621267395519,494.686040556055,0,405.55524797351313,142.25818045025258,-6.638454626951255,-30.1612611769341,-154.92465761984377,0.0,0,38.23573439660902,-11.897174687930317,0,0.6176635833906166,0.545971995934669,0.0
22.2,0.02,457.6734251108519,492.23977506635515,0,405.42911733560106,141.66317813118468,-6.306531895603691,-29.75011595339542,-154.92465761984377,0.0,0,-20.688701628700016,-2.44626548969984,0,0.6082242164829406,0.5284061831809878,0.0
22.22,0.02,425.9015737044184,484.9058690738677,0,405.30929322958457,141.07623425849812,-5.991205300823506,-29.34719363432751,-154.92465761984377,0.0,0,-31.771851406433484,-7.333905992487473,0,0.5990500196702694,0.5116417267763921,0.0
22.240000000000002,0.02,448.7809490958649,504.7507347485432,0,405.19546032886893,140.4971876632653,-5.691645035782331,-28.95232976164096,-154.92465761984377,0.0,0,22.8793753914465,19.844865674675532,0,0.5901295525018745,0.4956347751566257,0.0
22.26,0.02,418.330120591196,494.1190393268787,0,405.08731907318906,139.92588039993714,-5.407062783993214,-28.565363166408144,-154.92465761984377,0.0,0,-30.45082850466889,-10.631695421664517,0,0.5814520791187526,0.4803438392021315,0.0
22.28,0.02,440.2060443384245,497.2150460085416,0,404.9845848802932,139.36215768187554,-5.136709644793553,-28.186135903079983,-154.92465761984377,0.0,0,21.875923747228455,3.0960066816629137,0,0.5730075193649041,0.4657296824623461,0.0
22.3,0.02,441.0435397748757,497.3976035032925,0,404.8869873970421,138.8058678181752,-4.879874162553875,-27.814493185018385,-154.92465761984377,0.0,0,0.8374954364512064,0.18255749475088123,0,0.5647864031584943,0.4517552156040923,0.0
22.32,0.02,475.66820612009184,480.10634009888486,0,404.79426978795357,138.25686215174883,-4.635880454426181,-27.450283321318018,-154.92465761984377,0.0,0,34.624666345216156,-17.29126340440763,0,0.5567798279421943,0.43838539485541966,0.0
22.34,0.02,442.1635955655904,499.4235085852982,0,404.70618805931946,137.714994998651,-4.404086431704872,-27.09335765489166,-154.92465761984377,0.0,0,-33.504610554501426,19.317168486413323,0,0.5489794190363746,0.425587124245116,0.0
22.36,0.02,434.04940664944075,516.0224679396774,0,404.62251041711704,137.18012358861512,-4.183882110119629,-26.743570501793826,-154.92465761984377,0.0,0,-8.114188916149658,16.598959354379247,0,0.5413772927250804,0.41332916146468995,0.0
22.38,0.02,439.53784687642775,468.2008300465924,0,404.5430166570248,136.65210800677997,-3.974688004613647,-26.40077909175795,-154.92465761984377,0.0,0,5.488440226986995,-47.82163789308504,0,0.5339660219099289,0.40158202720344893,0.0
22.400000000000002,0.02,463.46635609465005,507.70826086916054,0,404.4674975849371,136.1308111365815,-3.7759536043829645,-26.06484350992279,-154.92465761984377,0.0,0,23.928509218222302,39.50743082256815,0,0.526738604174488,0.39031791782850006,0.0
22.42,0.02,429.4455167447649,501.41257283122076,0,404.39575446645387,135.61609860378704,-3.5871559241638162,-25.735626639724337,-154.92465761984377,0.0,0,-34.02083934988514,-6.295688037939783,0,0.5196884321065914,0.3795106212998494,0.0
22.44,0.02,458.68194209716523,473.60790439866594,0,404.32759850389476,135.10783872164845,-3.4077981279556253,-25.41299410692985,-154.92465761984377,0.0,0,29.236425352400317,-27.80466843255482,0,0.5128092657352147,0.36913543622638595,0.0
22.46,0.02,426.87621219535475,485.9064531528831,0,404.2628503394636,134.60590243715262,-3.237408221557844,-25.096814224791256,-154.92465761984377,0.0,0,-31.80572990181048,12.298548754217165,0,0.5060952069429989,0.3591690939814011,0.0
22.48,0.02,425.1728172086858,500.90212797478705,0,404.201339583254,134.1101632783467,-3.075537810479952,-24.786957940295434,-154.92465761984377,0.0,0,-1.7033949866689682,14.995674821903947,0,0.4995406757242859,0.349589683806719,0.0
22.5,0.02,453.35016708696145,474.24611178817474,0,404.1429043648549,133.62049730271693,-2.921760919955954,-24.483298781489527,-154.92465761984377,0.0,0,28.177349878275663,-26.656016186612305,0,0.4931403881642743,0.34037658084236716,0.0
22.52,0.02,405.72561519117886,494.47766592427206,0,404.0873909073758,133.13678304659973,-2.775672873958156,-24.185712805859737,-154.92465761984377,0.0,0,-47.62455189578259,20.231554136097316,0,0.4868893360223673,0.33151037702459435,0.0
22.54,0.02,476.73683258600806,472.71066514170747,0,404.0346531227706,132.6589014756049,-2.6368892302602482,-23.89407854974254,-154.92465761984377,0.0,0,71.0112173948292,-21.767000782564594,0,0.48078276780845597,0.32297281479885837,0.0
22.56,0.02,475.73719717620094,489.45422168576226,0,403.9845522273956,132.18673593602995,-2.505044768747236,-23.608276978747693,-154.92465761984377,0.0,0,-0.9996354098071265,16.743556544054798,0,0.4748161712489067,0.31474672359657674,0.0
22.580000000000002,0.02,461.32876005703974,469.01213260098973,0,403.93695637678945,131.7201721072465,-2.379792530309874,-23.32819143917274,-154.92465761984377,0.0,0,-14.408437119161192,-20.442089084772533,0,0.4689852570433288,0.3068159590252135,0.0
22.6,0.02,403.0351053181382,513.3493968698901,0,403.8917403187136,131.25909795503873,-2.26080290379438,-23.05370761038929,-154.92465761984377,0.0,0,-58.29365473890152,44.33726426890041,0,0.46328594382091587,0.29916534472080886,0.0
22.62,0.02,489.84284566623774,483.91763406122925,0,403.84878506354147,130.80340368587508,-2.147762758604661,-22.784713458181503,-154.92465761984377,0.0,0,86.80774034809951,-29.431762808660892,0,0.45771434420988794,0.291780616810812,0.0
22.64,0.02,467.59824775813973,503.2003430224034,0,403.807977571128,130.35298170209472,-2.0403746206744278,-22.521099189017875,-154.92465761984377,0.0,0,-22.244597908098,19.282708961174137,0,0.4522667519392841,0.2846483709329757,0.0
22.66,0.02,468.43328242259474,488.9295750310335,0,403.7692104533352,129.90772655798997,-1.9383558896407063,-22.26275720523752,-154.92465761984377,0.0,0,0.8350346644550086,-14.270767991369894,0,0.44693962989838215,0.27775601175366094,0.0
22.68,0.02,468.2380742019573,487.095487643109,0,403.732381691432,129.4675349167673,-1.8414380951586709,-22.00958206113277,-154.92465761984377,0.0,0,-0.1952082206374257,-1.8340873879245123,0,0.44172959908254555,0.2710917049260676,0.0
22.7,0.02,419.92656212299363,475.5053788037234,0,403.697394367624,129.0323055083691,-1.7493661904007372,-21.76147041991012,-154.92465761984377,0.0,0,-48.31151207896369,-11.590108839385607,0,0.4366334283605726,0.2646443314260721,0.0
22.72,0.02,503.03145990862714,508.3770937938874,0,403.6641564100064,128.60193908813886,-1.6618978808807001,-21.51832101151192,-154.92465761984377,0.0,0,83.10489778563351,32.87171499016404,0,0.43164802500228155,0.2584034442005126,0.0
22.740000000000002,0.02,474.011084036696,505.3883178886477,0,403.6325803502697,128.17633839631324,-1.578802986836665,-21.28003459128168,-154.92465761984377,0.0,0,-29.02037587193115,-2.98877590523972,0,0.4267704259094636,0.25235922706002106,0.0
22.76,0.02,462.780856087182,514.4198364967557,0,403.6025830935198,127.75540811832413,-1.4998628374948317,-21.04651389945605,-154.92465761984377,0.0,0,-11.230227949514017,9.031518608108001,0,0.42199778949718625,0.24650245574604865,0.0
22.78,0.02,478.8979746751964,479.55030265680057,0,403.5740856996074,127.3390548458948,-1.4248696956200901,-20.817663621466927,-154.92465761984377,0.0,0,16.11711858801442,-34.869533839955125,0,0.41732738817673265,0.24082446109966302,0.0
22.8,0.02,479.07022529511215,470.7388521368704,0,403.5470131753906,126.92718703891404,-1.3536262108390855,-20.59339034903759,-154.92465761984377,0.0,0,0.17225061991575785,-8.81145051993019,0,0.4127566013943364,0.23531709425773653,0.0
22.82,0.02,475.4844928678203,486.5985450557653,0,403.52129427738464,126.5197149880729,-1.2859449002971313,-20.37360254205684,-154.92465761984377,0.0,0,-3.585732427291873,15.85969291889495,0,0.40828290918347504,0.22997269380099072,0.0
22.84,0.02,440.1881065988771,477.7481460042207,0,403.496861324279,126.1165507782486,-1.2216476552822746,-20.158210491215705,-154.92465761984377,0.0,0,-35.296386268943195,-8.850399051544628,0,0.403903886191658,0.2247840547771366,0.0
22.86,0.02,422.97481801948527,480.7447679027513,0,403.4736500188286,125.71760825262076,-1.1605652725181608,-19.94712628139139,-154.92465761984377,0.0,0,-17.213288579391815,2.9966218985305773,0,0.3996171961452908,0.21974439952202812,0.0
22.88,0.02,450.4180126907546,480.26823235076245,0,403.45159927865075,125.32280297750549,-1.1025370088922526,-19.740263755763564,-154.92465761984377,0.0,0,27.44319467126934,-0.4765355519888317,0,0.3954205867190516,0.21484735020139567,0.0
22.900000000000002,0.02,453.8785907505429,494.88528619819454,0,403.4306510754818,124.93205220789253,-1.0474101584476398,-19.537538480648294,-154.92465761984377,0.0,0,3.460578059788304,14.61705384743209,0,0.39131188477879186,0.21008690299612842,0.0
22.92,0.02,452.2972574578149,490.854245675278,0,403.4107502824713,124.54527485367181,-0.9950396505252578,-19.33886771103533,-154.92465761984377,0.0,0,-1.5813332927280044,-4.031040522916555,0,0.3872889919690727,0.20545740385455935,0.0
22.94,0.02,451.2921161087006,483.72980912239166,0,403.3918445291113,124.16239144653552,-0.9452876679989949,-19.144170356814627,-154.92465761984377,0.0,0,-1.0051413491142966,-7.124436552886323,0,0.38334988061874187,0.20095352573626535,0.0
22.96,0.02,469.4330116209747,465.68101034290356,0,403.3738840634193,123.78332410754196,-0.8980232845990451,-18.953366949678337,-154.92465761984377,0.0,0,18.140895512274085,-18.048798779488095,0,0.37949258994021956,0.1965702472730658,0.0
22.98,0.02,470.4955985647532,483.0703222420457,0,403.35682162101193,123.40799651532826,-0.8531221203690929,-18.766379610684773,-154.92465761984377,0.0,0,1.0625869437785127,17.389311899142115,0,0.37571522249948075,0.19230283277450494,0.0
23.0,0.02,489.6419744263674,481.4021750185835,0,403.3406123007249,123.03633387495884,-0.8104660143506381,-18.58313201847108,-154.92465761984377,0.0,0,19.146375861614217,-1.6681472234621992,0,0.37201594093605445,0.18814681350682913,0.0
23.02,0.02,471.63329072724224,491.64344305747005,0,403.3252134464522,122.6682628873968,-0.7699427136331062,-18.40354937810166,-154.92465761984377,0.0,0,-18.008683699125186,10.241268038886574,0,0.3683929649135599,0.18409797017647006,0.0
23.04,0.02,466.5832174438245,487.6291024539152,0,403.31058453489317,122.30371171958602,-0.7314455779514508,-18.227558390539627,-154.92465761984377,0.0,0,-5.05007328341776,-4.014340603554842,0,0.3648445682830041,0.1801523165511637,0.0
23.06,0.02,458.9927084890298,469.3171123604201,0,403.2966870689121,121.94260997513145,-0.6948732990538783,-18.055087222728837,-154.92465761984377,0.0,0,-7.5905089547947,-18.311990093495126,0,0.3613690764423962,0.1763060841541772,0.0
23.080000000000002,0.02,434.41039652221195,481.5780792420574,0,403.28348447623006,121.58488866556596,-0.6601296341011843,-17.88606547827426,-154.92465761984377,0.0,0,-24.582311966817826,12.26096688163733,0,0.35796486387741705,0.17255570796937658,0.0
23.1,0.02,477.6626326577797,465.5754282289986,0,403.27094201318215,121.23048018219178,-0.627123152396125,-17.720424168708778,-154.92465761984377,0.0,0,43.25223613556773,-16.002651013058824,0,0.35463035186922304,0.16889781309749013,0.0
23.12,0.02,446.16309339022365,489.8264041864751,0,403.2590266732866,120.8793182684851,-0.5957669947763188,-17.558095685334603,-154.92465761984377,0.0,0,-31.49953926755603,24.2509759574765,0,0.351364006356615,0.16532920230630135,0.0
23.14,0.02,447.01084406975195,478.53033173076545,0,403.24770710038587,120.53133799305253,-0.5659786450375028,-17.399013771627914,-154.92465761984377,0.0,0,0.8477506795283034,-11.296072455709634,0,0.3481643359403381,0.1618468444201017,0.0
23.16,0.02,434.075577875536,465.34774653327224,0,403.23695350613013,120.18647572312862,-0.5376797127856277,-17.243113496195356,-154.92465761984377,0.0,0,-12.935266194215956,-13.18258519749321,0,0.345029890018948,0.1584478634963045,0.0
23.18,0.02,471.01285755412124,490.8199299298082,0,403.2267375915872,119.84466909860319,-0.5107957271463462,-17.09033122627145,-154.92465761984377,0.0,0,36.93727967858524,25.472183396535968,0,0.34195925704595015,0.15512952873954974,0.0
23.2,0.02,480.78593050090797,481.7850192158917,0,403.21703247277145,119.50585700656828,-0.4852559407890289,-16.94060460174602,-154.92465761984377,0.0,0,9.773072946786726,-9.034910713916531,0,0.3389510628989131,0.15188924510628107,0.0
23.22,0.02,439.23882120485695,482.027890417804,0,403.20781260989645,119.16997955637406,-0.46099314374957745,-16.7938725097111,-154.92465761984377,0.0,0,-41.54710929605102,0.24287120191229405,0,0.3360039693521538,0.14872454455509995,0.0
23.240000000000002,0.02,452.01289940683563,477.02217346957383,0,403.1990537401652,118.83697805518372,-0.4379434865620986,-16.65007505951688,-154.92465761984377,0.0,0,12.774078201978682,-5.005716948230145,0,0.33311667264486783,0.14563307790065996,0.0
23.26,0.02,485.0855831255503,479.0010965084662,0,403.19073281392053,118.50679498401719,-0.41604631223399363,-16.509153558326542,-154.92465761984377,0.0,0,33.07268371871464,1.9789230388923897,0,0.33028790213771253,0.14261260723124652,0.0
23.28,0.02,475.8739632052434,464.96960083680807,0,403.1828279339881,118.17937397427399,-0.3952439966222939,-16.371050487160012,-154.92465761984377,0.0,0,-9.211619920306873,-14.03149567165815,0,0.3275164190510237,0.13966099885235075,0.0
23.3,0.02,475.8308969392492,470.3710101984735,0,403.1753182980523,117.85465978472565,-0.3754817967911792,-16.235709477416812,-154.92465761984377,0.0,0,-0.043066265994184505,5.401409361665458,0,0.3248010152784596,0.13677621672086845,0.0
23.32,0.02,492.44275999058004,473.69402920961016,0,403.16818414391327,117.53259827896828,-0.35670770695162024,-16.103075287868478,-154.92465761984377,0.0,0,16.61186305133083,3.323019011136637,0,0.3221405122706348,0.13395631633651017,0.0
23.34,0.02,510.14386484493673,479.13376687488807,0,403.1614066974812,117.21313640332606,-0.33887232160403924,-15.973093782111109,-154.92465761984377,0.0,0,17.701104854356686,5.439737665277903,0,0.31953375998317296,0.13119943905920373,0.0
23.36,0.02,471.01267737997534,472.6258935631773,0,403.15496812337074,116.89622216519669,-0.3219287055238373,-15.845711906468885,-154.92465761984377,0.0,0,-39.131187464961386,-6.507873311710739,0,0.3169796358848555,0.1285038068230048,0.0
23.38,0.02,474.80191719194437,479.8181971507523,0,403.14885147796576,116.5818046118299,-0.3058322702476454,-15.72087766833951,-154.92465761984377,0.0,0,3.7892398119690256,7.192303587574997,0,0.31447704402097687,0.12586771721908005,0.0
23.400000000000002,0.02,485.05943151869127,475.399743216237,0,403.14304066483106,116.26983380953044,-0.29054065673526314,-15.59854011497272,-154.92465761984377,0.0,0,10.2575143267469,-4.418453934515298,0,0.31202491412810707,0.12328953892193933,0.0
23.42,0.02,496.49653789856734,466.2493078069016,1,403.1228795054862,115.94723807645029,-1.0080579672424252,-16.129786654007226,-154.67149421944168,12.658170020104365,0,11.43710637987607,-9.150435409335444,1,0.3232251217768321,0.8927787946146423,0.2531634004020873
23.44,0.02,495.8388353718804,455.57945938096077,1,403.08830222967856,115.61508439743204,-1.7288637903830337,-16.607683950912033,-154.8139053746773,-7.120557761780333,0,-0.6577025266869327,-10.669848425940813,0,0.33394858060431165,0.8648392111036198,-0.14241115523560666
23.46,0.02,526.7091362142226,472.28186651527085,1,403.0423958674923,115.27170253176227,-2.2953181093119244,-17.169093283488387,-153.76826698526645,52.28191947054199,0,30.870300842342147,16.70240713431008,0,0.34643686258830425,0.7975280146408776,1.0456383894108399
23.48,0.02,502.30296299541317,444.0382401004473,1,402.9827198016056,114.91991684208246,-2.983803294334851,-17.589284483990625,-154.35641170703127,-29.407236088241007,0,-24.406173218809386,-28.243626414823552,0,0.356811440824449,0.806580742998223,-0.5881447217648201
23.5,0.02,516.1729999236151,470.41172049194535,1,402.91066103571126,114.55708998035345,-3.602938294716782,-18.141343086450348,-153.6766039255958,33.99038907177356,0,13.870036928201898,26.37348039149805,0,0.3699132294664947,0.8295160331468686,0.6798077814354713
23.52,0.02,494.5136039095191,460.10128019589035,1,402.82405363020786,114.18425299060486,-4.330370275169177,-18.641849487429802,-153.84292609197234,-8.316108318827276,0,-21.65939601409599,-10.310440296054992,0,0.38276397899073794,0.8829858116676047,-0.1663221663765455
23.54,0.02,468.43577914559603,452.2460001714175,1,402.72028980261905,113.80219140083912,-5.188191379441182,-19.103079488286888,-154.60520905068245,-38.114147935505116,0,-26.077824763923047,-7.855280024472847,0,0.3959014906390283,0.9739559336156182,-0.7622829587101023
23.56,0.02,489.93165975658343,475.075708761537,1,402.6015191410059,113.40862224019723,-5.938533080658264,-19.678458032094575,-154.27273369781432,16.623767643406495,0,21.4958806109874,22.82970859011948,0,0.4110999322164712,0.9455544073503116,0.3324753528681299
23.580000000000002,0.02,508.2895369691542,473.99760140057197,1,402.4695774330896,113.00365331941528,-6.597085395812488,-20.248446039097438,-153.66484945110324,30.394212335554016,0,18.35787721257077,-1.0781073609650207,0,0.4259206981201578,0.8709635353572989,0.6078842467110803
23.6,0.02,485.61592385749043,459.88009099925375,1,402.32219731755913,112.58869638953341,-7.369005776525032,-20.747846494093707,-154.0294406632018,-18.229560604927997,0,-22.67361311166377,-14.117510401318214,0,0.4403523045366828,0.9193812531316264,-0.36459121209855994
23.62,0.02,519.8126000515089,462.2521136418442,1,402.1627984620338,112.16351424828736,-7.969942776267491,-21.25910706230293,-153.64522266331264,19.210899994457975,0,34.19667619401844,2.372022642590423,0,0.454079121274445,0.788994706107136,0.3842179998891595
23.64,0.02,499.5571379591114,434.39041045886364,1,401.98935532030436,111.73089306599542,-8.672157086471945,-21.63105911459725,-154.861594075474,-60.818570608067546,0,-20.255462092397465,-27.861703182980534,0,0.46609399350415087,0.7946403379277145,-1.216371412161351
23.66,0.02,539.5230164765687,455.2997947517479,1,401.80586448022257,111.2887419042283,-9.174542004089094,-22.107558088355987,-154.18721685984963,33.71886078121804,0,39.96587851745733,20.909384292884283,0,0.47871341974706455,0.6924174156116524,0.6743772156243608
23.68,0.02,523.8150510084072,486.71138939334014,1,401.6107551452416,110.83391960352185,-9.755466749047063,-22.741115035322686,-152.76467060116394,71.12731293428425,0,-15.707965468161547,31.411594641592217,0,0.49490501898507433,0.8595742925159209,1.422546258685685
23.7,0.02,472.972348216171,469.3682903365152,1,401.3989430450823,110.36816047378174,-10.590605007966222,-23.28795648700526,-153.15883399343193,-19.708169613399207,0,-50.842702792236196,-17.34309905682494,0,0.5116599776317843,0.9982442009793141,-0.39416339226798414
23.72,0.02,524.826621244669,443.7219136428341,1,401.17561360704747,109.89402915267735,-11.166471901742884,-23.706566055219433,-153.70696334688927,-27.406467672867052,0,51.85427302849803,-25.646376693681077,0,0.5240959335323653,0.7119386560290418,-0.548129353457341
23.740000000000002,0.02,505.0192516030134,454.18951369888225,1,400.9387860941729,109.41047888020307,-11.841375643727819,-24.177513623713843,-154.0979938400808,-19.551524659576103,0,-19.80736964165561,10.467600056048127,0,0.5384311811776014,0.8229742846626883,-0.39103049319152205
23.76,0.02,509.28641284803723,462.55442146969943,0,400.71379995694207,108.93275801317829,-11.249306861541427,-23.886043351239568,-154.0979938400808,0.0,0,4.2671612450238285,8.364907770817183,1,0.5280492294634622,0.6599245127860492,0.0
23.78,0.02,512.6038424762336,435.3892283637186,0,400.5000631265728,108.460749963494,-10.686841518464355,-23.60040248421478,-154.0979938400808,0.0,0,3.3174296281963507,-27.165193105980848,0,0.5181457629114329,0.6308390976132356,0.0
23.8,0.02,520.0049679077812,496.20164943769794,0,400.297013137722,107.99434047480338,-10.152499442541137,-23.320474434530485,-154.0979938400808,0.0,0,7.401125431547598,60.81242107397935,0,0.5086915657969517,0.6032256353156645,0.0
23.82,0.02,541.0784759135258,477.40669035029333,0,400.1041156483137,107.53341757588659,-9.644874470414079,-23.046144945839877,-154.0979938400808,0.0,0,21.073508005744657,-18.794959087404607,0,0.49965924405125495,0.5770093419453852,0.0
23.84,0.02,551.2348904061463,443.1790803269896,0,399.92086303337584,107.07787153494813,-9.162630746893374,-22.77730204692308,-154.0979938400808,0.0,0,10.156414492620456,-34.227610023303725,0,0.49102313213969456,0.5521191113999786,0.0
23.86,0.02,516.5220611513557,444.56186222370616,0,399.74677304918487,106.62759481482844,-8.704499209548704,-22.51383600598462,-154.0979938400808,0.0,0,-34.71282925479056,1.3827818967165513,0,0.48275920216745444,0.5284873321448467,0.0
23.88,0.02,532.7194112937283,458.75031353093976,0,399.58138756420345,106.18248202911114,-8.269274249071268,-22.255639285864927,-154.0979938400808,0.0,0,16.197350142372557,14.188451307233606,0,0.4748449753883385,0.5060497134700821,0.0
23.900000000000002,0.02,553.5227582311543,436.25372317557776,0,399.4242713534711,105.74242989910819,-7.855810536617704,-22.00260650014763,-154.0979938400808,0.0,0,20.803346937426,-22.496590355362002,0,0.4672594362824851,0.48474512082509874,0.0
23.92,0.02,528.4248794478301,456.3046327322283,0,399.2750109532754,105.30733721170529,-7.463020009786819,-21.754634370144675,-154.0979938400808,0.0,0,-25.097878783324177,20.050909556650538,0,0.4599829493558023,0.4645154197938815,0.0
23.94,0.02,540.6135744239477,442.5840168086688,0,399.13321357308945,104.87710477805045,-7.089869009297478,-21.511621682741783,-154.0979938400808,0.0,0,12.188694976117631,-13.720615923559478,0,0.4529971787949258,0.4453053282916924,0.0
23.96,0.02,523.5454124556667,459.9943997250744,0,398.9985060619128,104.45163539306871,-6.735375558832604,-21.273469249086947,-154.0979938400808,0.0,0,-17.06816196828106,17.41038291640558,0,0.4462850110906124,0.42706227658060963,0.0
23.98,0.02,530.1071995891617,449.0047751688509,0,398.87053392629497,104.0308337957866,-6.398606780890973,-21.04007986410521,-154.0979938400808,0.0,0,6.561787133495045,-10.989624556223475,0,0.4398304807192876,0.40973627471637536,0.0
24.0,0.02,564.0193764219922,441.44140620859366,0,398.74896039745806,103.61460663045014,-6.078676441846424,-20.811358266823106,-154.0979938400808,0.0,0,33.91217683283048,-7.5633689602572645,0,0.4336186989486121,0.3932797870529792,0.0
24.02,0.02,526.6176257506551,449.94999222033755,0,398.63346554506296,103.2028624084204,-5.774742619754103,-20.587211101486645,-154.0979938400808,0.0,0,-37.40175067133714,8.508586011743887,0,0.4276357858091878,0.37764761344409103,0.0
24.04,0.02,509.35400103841005,455.4150888249192,0,398.52374543528765,102.79551147083126,-5.486005488766398,-20.367546879456913,-154.0979938400808,0.0,0,-17.26362471224502,5.4650966045816745,0,0.42186880525094556,0.3627967767923779,0.0
24.060000000000002,0.02,520.6379535019537,439.48286860647613,0,398.4195113310011,102.3924659519939,-5.211705214328077,-20.152275941867778,-154.0979938400808,0.0,0,11.283952463543642,-15.932220218443092,0,0.41630570348158225,0.3486864166087393,0.0
24.080000000000002,0.02,572.140970013652,475.15034192536183,0,398.3204889319289,101.9936397435333,-4.9511199536116735,-19.941310423030423,-154.0979938400808,0.0,0,51.50301651169832,35.6674733188857,0,0.41093525046299084,0.3352776882540063,0.0
24.1,0.02,545.8036496603297,452.4737545099861,0,398.22641765281026,101.5989484592419,-4.70356395593109,-19.734564214569815,-154.0979938400808,0.0,0,-26.337320353322298,-22.676587415375707,0,0.40574698452435426,0.32253366754567847,0.0
24.12,0.02,552.0018221405817,462.7409814117335,0,398.1370499376476,101.20830940063632,-4.468385758134535,-19.53195293027842,-154.0979938400808,0.0,0,6.198172480251969,10.267226901747392,0,0.40073116003331094,0.31041926042216605,0.0
24.14,0.02,530.5994574864785,437.8950961978045,0,398.05215060824304,100.82164152320287,-4.2449664702278085,-19.33339387167285,-154.0979938400808,0.0,0,-21.402364654103167,-24.845885213929023,0,0.39587869805312104,0.2989011173667275,0.0
24.16,0.02,574.1581192542712,464.3458020281993,0,397.9714962453087,100.43886540331809,-4.032718146716418,-19.138805994239394,-154.0979938400808,0.0,0,43.55866176779273,26.45070583039478,0,0.39118113990119036,0.2879475523032861,0.0
24.18,0.02,500.95680615554676,454.502052002855,0,397.89487460052106,100.05990320583099,-3.8310822393805966,-18.948109874354607,-154.0979938400808,0.0,0,-73.20131309872448,-9.843750025344264,0,0.3866306035147902,0.2775284656864104,0.0
24.2,0.02,575.1429938305778,443.9691772293306,0,397.82208403797284,99.68467865229364,-3.6395281274115665,-18.761227676867517,-154.0979938400808,0.0,0,74.18618767503102,-10.532874773524384,0,0.38221974252174673,0.2676152715183638,0.0
24.22,0.02,553.8256198854846,432.65726755562906,0,397.752933003552,99.31311698982704,-3.457551721040988,-18.578083123330167,-154.0979938400808,0.0,0,-21.31737394509321,-11.311909673701564,0,0.3779417079080013,0.25818082803714365,0.0
24.240000000000002,0.02,559.9711884196776,444.7369319303536,0,397.68723952085224,98.94514496060977,-3.284674134988938,-18.398601460863564,-154.0979938400808,0.0,0,6.145568534192989,12.07966437472453,0,0.37379011216925045,0.24919937183098914,0.0
24.26,0.02,566.1498164967949,439.5138109646946,0,397.62483071228746,98.58069077197685,-3.120440428239491,-18.222709431646294,-154.0979938400808,0.0,0,6.17862807711731,-5.223120965659007,0,0.36975899583181915,0.24064645514703156,0.0
24.28,0.02,590.418171469179,420.69019584002126,0,397.5655423441509,98.21968406711657,-2.9644184068275163,-18.050335243013368,-154.0979938400808,0.0,0,24.268354972384145,-18.823615124673324,0,0.3658427962258752,0.23249888617440323,0.0
24.3,0.02,580.8072550628881,453.0235692882146,0,397.50921839442117,97.86205589635351,-2.8161974864861405,-17.881408538153103,-154.0979938400808,0.0,0,-9.610916406290926,32.333373448193356,0,0.3620363183942934,0.22473467209532136,0.0
24.32,0.02,576.4866652331609,445.3778960026242,0,397.4557106421779,97.5077386890057,-2.6753876121618334,-17.715860367390043,-154.0979938400808,0.0,0,-4.320589829727169,-7.645673285590419,0,0.3583347080215279,0.2173329647113443,0.0
24.34,0.02,552.4803408500692,409.72639915549877,0,397.40487827754686,97.15666622580486,-2.5416182315537417,-17.553623160042243,-154.0979938400808,0.0,0,-24.006324383091737,-35.65149684712543,0,0.354733426268087,0.21027400846582467,0.0
24.36,0.02,566.4411019499339,436.66867694238897,0,397.35658753114734,96.80877361186803,-2.4145373199760543,-17.3946306968414,-154.0979938400808,0.0,0,13.960761099864726,26.9422777868902,0,0.3512282263993265,0.20353909069780007,0.0
24.38,0.02,551.3252662345205,436.32088229258403,0,397.3107113220678,96.46399725020994,-2.2938104539772515,-17.238818082904572,-154.0979938400808,0.0,0,-15.115835715413368,-0.3477946498049391,0,0.34781513209994447,0.19711049397665206,0.0
24.400000000000002,0.02,570.0485845255864,419.74884650934484,0,397.2671289234422,96.12227481578502,-2.1791199312783887,-17.08612172124648,-154.0979938400808,0.0,0,18.72331829106588,-16.572035783239187,0,0.344490417369271,0.19097145038082738,0.0
24.42,0.02,603.3524600200918,434.61884549855034,0,397.2257256447479,95.78354523004859,-2.070163934714469,-16.93647928682155,-154.0979938400808,0.0,0,33.303875494505405,14.869998989205499,0,0.3412505878966543,0.18510609759771915,0.0
24.44,0.02,565.039900262435,402.58779882376746,0,397.1863925299883,95.44774863602689,-1.9666557379787453,-16.78982970108512,-154.0979938400808,0.0,0,-38.3125597576568,-32.031046674782885,0,0.33809236381980895,0.17949943673490404,0.0
24.46,0.02,546.6403432394358,429.52562367364095,0,397.1490260709667,95.11482637388562,-1.8683229510798078,-16.64611310706342,-154.0979938400808,0.0,0,-18.39955702299926,26.937824849873493,0,0.3350126637741791,0.17413729174565157,0.0
24.48,0.02,583.3607733501989,438.031876641706,1,397.1059956892802,94.77410092408019,-2.1515190843288003,-17.036272490271948,-152.68536537277436,70.63142336532167,0,36.72043011076312,8.506252968065041,1,0.3434318649939237,0.48210413210512854,1.4126284673064333
24.5,0.02,571.9757306098967,419.6200766153829,1,397.0561628806546,94.42741346661322,-2.4916404312793254,-17.334372873348862,-153.25748588269693,-28.606025496128495,0,-11.385042740302197,-18.41180002632308,0,0.35025062738048895,0.4522680278795333,-0.5721205099225699
24.52,0.02,570.1901569996379,448.87570153790176,1,396.999349087729,94.07183843899244,-2.840689646281124,-17.77875138103837,-151.95762898259878,64.99284500490745,0,-1.7855736102587798,29.255624922518848,0,0.36008527786360006,0.5650731037571376,1.299856900098149
24.54,0.02,592.0230242523637,443.1636313581533,1,396.9377375972286,93.70794704823587,-3.080574525019319,-18.194569537829132,-149.94149872833702,100.80651271308767,0,21.832867252725805,-5.71207017974848,0,0.3690703456367617,0.48005155406904615,2.0161302542617534
24.560000000000002,0.02,573.6685368066327,441.10854961354846,1,396.8694929604089,93.33594480251793,-3.41223184098617,-18.600112285896877,-149.30510506383817,31.819683224942708,0,-18.354487445731024,-2.05508174460482,0,0.37821026066705654,0.5238907288210721,0.6363936644988542
24.580000000000002,0.02,598.9994274612437,417.13637733193787,1,396.7971482663353,92.9582289190668,-3.6172347036799586,-18.885794172556565,-149.39117654112692,-4.3035738644377375,0,25.33089065461104,-23.972172281610597,0,0.38458164721144744,0.35162524664490086,-0.08607147728875475
24.6,0.02,578.6591441308137,434.709933820354,1,396.71866948667474,92.57304204223364,-3.923938983025881,-19.259343841658335,-149.04398519500091,17.359567306300505,0,-20.340283330429997,17.57355648841616,0,0.39310030391935835,0.48332894622104255,0.3471913461260101
24.62,0.02,619.395594072881,456.03478950838814,1,396.6381302664215,92.17825168644963,-4.026961012661463,-19.739517789200278,-144.3907815931514,232.6601800924763,0,40.736449942067225,21.32485568803412,0,0.4029218175019365,0.4911013729244165,4.653203601849526
24.64,0.02,599.3361600064986,438.3951821753567,1,396.5535246621689,91.77562181244808,-4.2302802126289585,-20.13149370007706,-142.96986885764545,71.04563677529683,0,-20.059434066382323,-17.63960733303145,0,0.4114230471296546,0.44156971338974815,1.4209127355059366
24.66,0.02,598.0018035425513,424.57281524877385,1,396.46471923827056,91.36653465692166,-4.44027119491621,-20.454357776320926,-143.11812538752972,-7.4128264942132205,0,-1.3343564639473016,-13.822366926582845,0,0.4186152220482005,0.3851459780015503,-0.1482565298842644
24.68,0.02,603.5823601396938,438.2803422306121,1,396.3722720503862,90.94961946717218,-4.622359394217728,-20.845759487473984,-141.46627881949956,82.59232840150759,0,5.580556597142504,13.70752698183827,0,0.42704186913178555,0.4316843891298495,1.6518465680301517
24.7,0.02,611.7756494278816,410.1440097038971,1,396.27700242744464,90.52768987645231,-4.763481147078313,-21.096479535993467,-143.01589215877624,-77.48066696383376,0,8.19328928818777,-28.136332526715023,0,0.43255159296951023,0.2877079975601231,-1.549613339276675
24.72,0.02,576.4490888470623,466.6731079199937,1,396.1753777133878,90.09509297494044,-5.081235702842992,-21.629845075593437,-141.72374165224,64.60752532681227,0,-35.32656058081932,56.5290982160966,0,0.4443733359516659,0.6208435846024148,1.2921505065362453
24.740000000000002,0.02,590.3317706000162,434.5790073185992,1,396.0687861763909,89.65503817269672,-5.329576849842898,-22.00274011218643,-141.74259518398415,-0.9426765872078136,0,13.882681752953886,-32.09410060139447,0,0.45278028307018203,0.4480223583806041,-0.01885353174415627
24.76,0.02,554.0133082158895,442.91772737180014,1,395.95359597021564,89.20669159771582,-5.759510308763442,-22.41732874904543,-142.8597969513993,-55.860088370756955,0,-36.31846238412663,8.338720053200916,0,0.4629075878572393,0.5972658678611965,-1.117201767415139
24.78,0.02,601.1695990215319,416.5931762435532,1,395.83452272394254,88.75268570511055,-5.953662313655787,-22.700294630263194,-144.31643114234532,-72.83170954730167,0,47.15629080564236,-26.324551128246924,0,0.46936104280001767,0.34316860424150425,-1.4566341909460334
24.8,0.02,589.2966294364489,421.40567816812916,1,395.71037914061304,88.29253924468847,-6.207179166473555,-23.007323021103836,-145.69492356351554,-68.9246210585111,0,-11.872969585082956,4.81250192457594,0,0.4765987770870355,0.3981673359842819,-1.3784924211702219
24.82,0.02,628.3788815302127,426.6318038333063,1,395.5850734454366,87.82572960388306,-6.265284758822492,-23.340482040270366,-139.8644313706114,291.52460964520657,0,39.082252093763714,5.226125665177165,0,0.4833350370007619,0.3381881013788408,5.830492192904131
24.84,0.02,612.6005219603644,381.30700336188943,1,395.4570278024562,87.35678926274147,-6.402282149020682,-23.44701705707981,-113.90793263542614,1297.824936759264,0,-15.778359569848249,-45.32480047141689,0,0.4861077352154083,0.17354536792350225,25.956498735185278
24.86,0.02,593.3702572792608,420.7601890627156,1,395.3243191852037,86.8817729026936,-6.6354308626243785,-23.750818002393387,-118.34959491992052,-222.08311422471922,0,-19.230264681103563,39.45318570082617,0,0.49320596043255566,0.38295343976582963,-4.4416622844943845
24.88,0.02,602.9449875520263,433.0859371670432,1,395.18790506670643,86.39944794892902,-6.820705924864246,-24.116247688228604,-119.84376859641675,-74.70868382481157,0,9.574730272765464,12.325748104327602,0,0.5012446236613286,0.4097141735132091,-1.4941736764962315
24.900000000000002,0.02,647.8778384474483,408.62045525761437,1,395.0522787320539,85.91226094963869,-6.781316732626994,-24.359349964516674,-107.83313781074824,600.5315392834256,0,44.93285089542201,-24.46548190942883,0,0.5057130361467888,0.24627266434085687,12.01063078566851
24.92,0.02,614.4577400107514,419.54730408996824,1,394.91409817140243,85.41911921993936,-6.909028032573236,-24.657086484966513,-110.93831023827732,-155.2586213764542,0,-33.42009843669689,10.926848832353869,0,0.5121353658094678,0.323971004479623,-3.1051724275290837
24.94,0.02,629.0580647520407,427.02640185861105,1,394.7748234172262,84.91927485005417,-6.963737708813046,-24.992218494259568,-107.8508120142423,154.37491120175153,0,14.600324741289228,7.479097768642816,0,0.5188852004603571,0.3395682734400626,3.0874982240350306
24.96,0.02,623.3252700813646,403.2499534963743,1,394.63388119005805,84.41510548481934,-7.047111358406216,-25.208468261741437,-86.0855648273547,1088.2623593443795,0,-5.732794670676071,-23.77644836223675,0,0.5234992456922959,0.23176524196360287,21.765247186887592
24.98,0.02,612.638672794118,411.9796577764606,1,394.4902028301693,83.90573815380687,-7.183917994435621,-25.46836655062374,-95.01810664659776,-446.6270909621528,0,-10.686597287246627,8.72970428008631,0,0.529243374075747,0.29370593495132497,-8.932541819243056
25.0,0.02,635.4804008473418,412.77494841187536,1,394.34607251036533,83.3910933279532,-7.206515990198898,-25.73224129268312,-86.27083292193102,437.36368623333703,0,22.841728053223846,0.7952906354147444,0,0.5344462983918499,0.2648406103856068,8.74727372466674
25.02,0.02,649.0172642624169,426.63763826809503,1,394.2028439169876,82.86978473827273,-7.161429668886814,-26.065429484023596,-80.83000279041259,272.04150657592123,0,13.536863415075118,13.862689856219674,0,0.5406265583890659,0.33622484622376425,5.440830131518425
25.04,0.02,633.2020102966318,414.75901020025924,1,394.05893552463954,82.34300024757223,-7.195419617403662,-26.33922453502489,-74.27938401259118,327.5309388910706,0,-15.815253965785132,-11.878628067835791,0,0.5460874701279848,0.27589680417318885,6.550618777821413
25.060000000000002,0.02,654.1831485852009,417.0549074248888,1,393.91644544715,81.81051026612924,-7.124503874477671,-26.624499072149334,-67.61387081796099,333.2756597315097,0,20.981138288569127,2.2958972246295843,0,0.5512250017190166,0.293956806565711,6.6655131946301935
25.080000000000002,0.02,676.5147457756972,415.9237376666499,1,393.77760684423805,81.27242791091959,-6.941930145599191,-26.904117760482585,-61.09284401882158,326.0513399569703,0,22.331597190496268,-1.1311697582389115,0,0.5557056582818931,0.33394577006124926,6.521026799139406
25.1,0.02,665.4735779697559,405.64795577035466,1,393.64131559912306,80.7297807601329,-6.814562255750406,-27.132357539334357,-53.74083822041103,367.6002899205276,0,-11.041167805941313,-10.275781896295257,0,0.55950087913417,0.26137325038120907,7.352005798410552
25.12,0.02,631.8757784703087,391.1199919534351,1,393.5042119318551,80.18402161015086,-6.855183363398869,-27.28795749910153,-40.70632817423828,651.7255023086374,0,-33.597799499447206,-14.527963816919566,0,0.5627170384548875,0.16081486829933914,13.034510046172748
25.14,0.02,623.3613104533391,408.71000538391695,1,393.36544439563244,79.63339145963045,-6.938376811132162,-27.531507526021116,-25.286022491401766,771.0152841418256,0,-8.514468016969545,17.59001343048186,0,0.5678468030828759,0.25736698575824196,15.420305682836513
25.16,0.02,667.8234300235472,403.8942305132483,1,393.22945920241216,79.0783718860587,-6.799259661014435,-27.75097867858736,-21.191966748437565,204.70278714821006,0,44.462119570208074,-4.815774870668633,0,0.5714356480155168,0.25984835628811115,4.094055742964201
25.18,0.02,657.460619279211,377.9326735471095,1,393.0952200711198,78.52155904513225,-6.711956564618379,-27.840642046322905,-14.001647624834176,359.51595618016944,0,-10.36281074433623,-25.9615569661388,0,0.5727658196773939,0.1251453161489431,7.190319123603389
25.2,0.02,648.2608689572941,411.6518065541242,1,392.96180702672314,77.95958102355038,-6.670652219831897,-28.09890107909353,-11.41308193569882,129.42828445676778,0,-9.199750321916895,33.719133007014705,0,0.5775970370043918,0.2615411571930104,2.588565689135356
25.22,0.02,640.8706644642597,396.41889724815513,1,392.8284810487729,77.3939611122437,-6.666298897510604,-28.280995565334308,-4.790609797146815,331.12360692760024,0,-7.390204493034389,-15.232909305969088,0,0.5811210721209163,0.18214651611965063,6.622472138552005
25.240000000000002,0.02,622.701425965611,395.506468808248,1,392.6934252134193,76.8247905540562,-6.752791767682556,-28.458527909375547,5.693051146026662,524.1830471586738,0,-18.169238498648724,-0.9124284399071598,0,0.5849745318990781,0.19748101116654002,10.483660943173478
25.26,0.02,670.098352243935,401.9294469869892,0,392.56512216983333,76.26316180703243,-6.415152179298428,-28.081437351188036,5.693051146026662,0.0,0,47.39692627832403,6.422978178741232,1,0.576097665745054,0.5061598371249663,0.0
25.28,0.02,658.1086532455877,401.09746272278426,0,392.44323427842664,75.70892403494915,-6.094394570333506,-27.711888604164276,5.693051146026662,0.0,0,-11.989698998347308,-0.831984264204948,0,0.5674823046363733,0.4893380428044856,0.0
25.3,0.02,661.6210663115684,417.00380719920526,0,392.3274407815903,75.16192941830752,-5.78967484181683,-27.34973083208099,5.693051146026662,0.0,0,3.512413065980695,15.906344476420998,0,0.5591164856668976,0.47329944520103334,0.0
25.32,0.02,663.594928418856,411.88578800957504,0,392.21743695959583,74.62203309399874,-5.500191099725988,-26.99481621543937,5.693051146026662,0.0,0,1.973862107287573,-5.118019189630218,0,0.5509890033889365,0.45800133410371646,0.0
25.34,0.02,667.2202243782119,426.7119256587265,0,392.11293332870105,74.08909309617613,-5.225181544739689,-26.646999891130584,5.693051146026662,0.0,0,3.625295959355981,14.826137649151462,0,0.5430893574259726,0.4434032597866622,0.0
25.36,0.02,605.0978701841527,392.96004107391,0,392.013654879351,73.56297029830996,-4.963922467502704,-26.30613989330797,5.693051146026662,0.0,0,-62.1223541940592,-33.75188458481648,0,0.5354077034745295,0.42946692952351045,0.0
25.38,0.02,683.9769762145348,418.54135577294716,0,391.91934035246845,73.04352835640113,-4.715726344127569,-25.972097095441814,5.693051146026662,0.0,0,78.8791060303821,25.581314699037137,0,0.5279348075237175,0.4161561082871375,0.0
25.400000000000002,0.02,701.7638062946867,379.33579915604446,0,391.82974155193006,72.53063365333047,-4.479940026921191,-25.644735153532977,5.693051146026662,0.0,0,17.786830080151844,-39.2055566169027,0,0.5206620031228099,0.40343652337396485,0.0
25.42,0.02,691.3330300684933,384.0745184096474,0,391.74462269141856,72.02415524432122,-4.255943025575131,-25.323920450462317,5.693051146026662,0.0,0,-10.430776226193416,4.738719253602937,0,0.5135811515304223,0.3912757727209064,0.0
25.44,0.02,658.5628368912677,394.6877366391168,0,391.6637597739326,71.52396480349216,-4.043145874296374,-25.00952204145307,5.693051146026662,0.0,0,-32.770193177225565,10.613218229469396,0,0.5066846045826798,0.37964323671033523,0.0
25.46,0.02,680.2069484489049,422.2116062860425,0,391.586940002321,71.02993657147968,-3.840988580581555,-24.70141160062401,5.693051146026662,0.0,0,21.64411155763719,27.523869646925732,0,0.4999651701227186,0.3685099932837345,0.0
25.48,0.02,664.6336949459721,410.8176676460633,0,391.51396121928997,70.54194730410745,-3.648939151552477,-24.39946336861153,5.693051146026662,0.0,0,-15.573253502932744,-11.39393863997924,0,0.4934160798384813,0.3578487362082701,0.0
25.5,0.02,669.9783340450324,409.9902802375664,0,391.4446313754105,70.05987622208266,-3.466492193974853,-24.1035541012393,5.693051146026662,0.0,0,5.3446390990602595,-0.8273874084968611,0,0.48703095936182755,0.3476336963617046,0.0
25.52,0.02,689.2323064156019,370.282735921228,0,391.37876802372494,69.58360496169837,-3.2931675842761106,-23.813563019214516,5.693051146026662,0.0,0,19.2539723705695,-39.70754431633844,0,0.4808038004875779,0.33784056591997125,0.0
25.54,0.02,684.5217864712844,397.5383099388777,0,391.3161978396237,69.11301752652176,-3.1285092050623047,-23.529371758830226,5.693051146026662,0.0,0,-4.710519944317525,27.255574017649735,0,0.47472893537740224,0.3284464253483798,0.0
25.560000000000002,0.02,718.4579285283145,413.8219655594893,0,391.25675616472756,68.64800024004869,-2.9720837448091895,-23.250864323653623,5.693051146026662,0.0,0,33.93614205703011,16.28365562061157,0,0.46880101261968177,0.31942967311138915,0.0
25.580000000000002,0.02,686.6824129254934,387.3653889142405,0,391.2002865735762,68.18844169930507,-2.8234795575687297,-22.977927037180553,5.693051146026662,0.0,0,-31.775515602821088,-26.456576645248788,0,0.46301497502262645,0.31076995802792823,0.0
25.6,0.02,648.1191164603136,399.4630817042925,0,391.1466404619824,67.73423272937633,-2.682305579690293,-22.710448496436943,5.693051146026662,0.0,0,-38.56329646517975,12.097692790052008,0,0.4573660390243973,0.30244811420862355,0.0
25.62,0.02,707.7342187367,385.8871512488666,0,391.09567665596825,67.28526633884617,-2.5481903007057785,-22.448319526508204,5.693051146026662,0.0,0,59.615102276386324,-13.575930455425919,0,0.451849675610291,0.2944460985188899,0.0
25.64,0.02,700.9362453246736,404.918803508769,0,391.04726104025485,66.84143767612662,-2.4207807856704893,-22.19143313597804,5.693051146026662,0.0,0,-6.797973412026408,19.031652259902387,0,0.44646159263293256,0.28674693051738637,0.0
25.66,0.02,670.6529455069375,369.77680434426503,0,391.0012662053271,66.40264398666145,-2.2997417463869647,-21.93968447325848,5.693051146026662,0.0,0,-30.283299817736065,-35.14199916450394,0,0.44119771843753625,0.2793346348231194,0.0
25.68,0.02,703.2381654058117,384.1593167461439,0,390.9575711121458,65.96878457098558,-2.1847546590676163,-21.692970783793314,5.693051146026662,0.0,0,32.58521989887424,14.382512401878842,0,0.4360541867001522,0.2721941858668228,0.0
25.7,0.02,688.8556592678627,374.49481176759673,0,390.9160607736235,65.53976074362323,-2.0755169261142354,-21.45119136811745,5.693051146026662,0.0,0,-14.382506137949008,-9.664504978547143,0,0.4310273223925248,0.265311454983302,0.0
25.72,0.02,720.2746374941042,400.6382426135269,0,390.8766259520273,65.11547579280813,-1.9717410798085235,-21.2142475407551,5.693051146026662,0.0,0,31.418978226241506,26.143430845930197,0,0.42611362879224896,0.25867315980129363,0.0
25.740000000000002,0.02,711.1577900263279,363.3930002559779,0,390.83916287151095,64.69583494100932,-1.8731540258180972,-20.982042589939997,5.693051146026662,0.0,0,-9.116847467776324,-37.245242357549046,0,0.4213097754624281,0.2522668158865835,0.0
25.76,0.02,677.0812880845818,395.1443019745965,0,390.8035729450204,64.2807453062465,-1.7794963245271922,-20.754481738141198,5.693051146026662,0.0,0,-34.07650194174607,31.751301718618606,0,0.41661258712998134,0.2460806905925196,0.0
25.78,0.02,690.2746090423562,370.4946512596487,0,390.7697625148544,63.870115864178935,-1.6905215083008325,-20.531472103378377,5.693051146026662,0.0,0,13.193320957774404,-24.649650714947768,0,0.4120190333961904,0.24010375907003498,0.0
25.8,0.02,681.4330856076236,380.7225324729295,0,390.7376426061967,63.46385741095272,-1.6059954328857908,-20.31292266131081,5.693051146026662,0.0,0,-8.841523434732608,10.227881213280796,0,0.40752621921777754,0.23432566238701577,0.0
25.82,0.02,775.7460346696917,368.0892897275361,0,390.7071286929719,63.06188252679103,-1.5256956612415011,-20.098744208084597,5.693051146026662,0.0,0,94.31294906206801,-12.633242745393432,0,0.4031313761010104,0.22873666770436862,0.0
25.84,0.02,709.7769769771153,375.8492470874464,0,390.67814047540827,62.664105540312576,-1.449410878179426,-19.888849323922905,5.693051146026662,0.0,0,-65.96905769257637,7.759957359910288,0,0.3988318539552676,0.2233276304537301,0.0
25.86,0.02,717.500847145231,364.62440506471455,0,390.65060166872286,62.270442493563685,-1.3769403342704545,-19.683152337444447,5.693051146026662,0.0,0,7.723870168115695,-11.22484202273182,0,0.3946251135562411,0.21808995845930407,0.0
25.88,0.02,708.7575711097281,379.5636516231791,0,390.62443980237174,61.88081110774977,-1.3080933175569316,-19.48156929069556,5.693051146026662,0.0,0,-8.743276035502845,14.93924655846456,0,0.3905087195726168,0.21301557794423392,0.0
25.900000000000002,0.02,742.9486573892209,379.8401561194571,0,390.5995860293382,61.49513074965214,-1.242688651679085,-19.28401790488165,5.693051146026662,0.0,0,34.191086279492765,0.2765044962779939,0,0.3864803341132896,0.20809690135989264,0.0
25.92,0.02,698.4252110585884,397.6839954212499,0,390.5759749449563,61.11332239871646,-1.1805542190951306,-19.090417546784018,5.693051146026662,0.0,0,-44.52344633063251,17.843839301792798,0,0.3825377107553081,0.20332679697487446,0.0
25.94,0.02,752.7636584263666,364.06232425700153,0,390.55354441479346,60.73530861479949,-1.121526508140374,-18.90068919584834,5.693051146026662,0.0,0,54.33844736777826,-33.62167116424837,0,0.37867868901564833,0.19869856015917653,0.0
25.96,0.02,701.7916369254514,384.3935378703492,0,390.5322354111388,60.361013506560866,-1.0654501827333553,-18.714755411931375,5.693051146026662,0.0,0,-50.972021500915275,20.331213613347643,0,0.37490118923273635,0.19420588629811059,0.0
25.98,0.02,768.0619281911735,361.91508624559714,0,390.5119918576669,59.99036270048701,-1.0121776735966874,-18.53254030369275,5.693051146026662,0.0,0,66.27029126572211,-22.47845162475204,0,0.3712032078260749,0.18984284526979325,0.0
26.0,0.02,746.9071067381972,387.5423718737057,0,390.4927604818686,59.62328331053463,-0.961568789916853,-18.353969497618895,5.693051146026662,0.0,0,-21.154821452976307,25.627285628108552,0,0.3675828129046671,0.18560385742000307,0.0
26.02,0.02,724.7802115658992,370.274766960428,0,390.47449067486014,59.259703908381304,-0.9134903504210103,-18.17897010766652,5.693051146026662,0.0,0,-22.126895172297964,-17.267604913277694,0,0.3640381401972826,0.18148367096810422,0.0
26.04,0.02,738.695328538397,378.77871302025096,0,390.45713435820215,58.899554494271044,-0.8678158328999598,-18.00747070551319,5.693051146026662,0.0,0,13.915116972497799,8.503946059822965,0,0.36056738927958537,0.17747734077828184,0.0
26.060000000000002,0.02,752.9674445015931,325.0134282333796,0,390.44064585737704,58.542766468442984,-0.8244250412549617,-17.839401291402925,5.693051146026662,0.0,0,14.272115963196143,-53.76528478687135,0,0.3571688200749668,0.17358020843099264,0.0
26.080000000000002,0.02,734.7106969944999,364.40421490543633,0,390.4249817815932,58.189272603131485,-0.7832037891922137,-17.674693265574867,5.693051146026662,0.0,0,-18.256747507093223,39.39078667205672,0,0.3538407496078228,0.1697878835305898,0.0
26.1,0.02,745.1094770400782,360.25017596263166,0,390.41010090959855,57.83900701512622,-0.7440435997326029,-17.51327940026337,5.693051146026662,0.0,0,10.398780045578292,-4.154038942804675,0,0.35058154898966754,0.16609622618623832,0.0
26.12,0.02,723.9589118630846,343.9222687690938,0,390.39596408120366,57.49190513888106,-0.7068414197459727,-17.355093812258104,5.693051146026662,0.0,0,-21.15056517699361,-16.32790719353784,0,0.3473896406198356,0.16250133060479768,0.0
26.14,0.02,738.3750870954859,374.8181002992613,0,390.3825340942285,57.147903700160796,-0.671499348758674,-17.200071936012943,5.693051146026662,0.0,0,14.416175232401315,30.89583153016747,0,0.3442634955840703,0.15899950973585233,0.0
26.16,0.02,714.312462100361,378.37309835567225,0,390.3697756066021,56.806940690214944,-0.6379243813207403,-17.048150497292685,5.693051146026662,0.0,0,-24.062624995124906,3.554998056410966,0,0.3412016312356207,0.15558728091104185,0.0
26.18,0.02,760.2615944557955,351.1551463557403,0,390.357655043357,56.46895534046801,-0.6060281622547032,-16.899267487346833,5.693051146026662,0.0,0,45.94913235543447,-27.217951999931927,0,0.3382026089446057,0.15226135242156896,0.0
26.2,0.02,768.2262412346471,378.1870844501874,0,390.3461405082742,56.13388809771601,-0.5757267541419681,-16.753362137599897,5.693051146026662,0.0,0,7.964646778851602,27.03193809444707,0,0.33526503200244295,0.14901861097993876,0.0
26.22,0.02,731.020354325785,360.79304403990335,0,390.33520169994546,55.80168059981905,-0.5469404164348697,-16.6103748948479,5.693051146026662,0.0,0,-37.20588690886211,-17.39404041028405,0,0.33238754366945045,0.14585611001396329,0.0
26.240000000000002,0.02,767.046648252998,377.87502579241055,0,390.32480983203317,55.47227565188003,-0.5195933956131261,-16.470247396950946,5.693051146026662,0.0,0,36.02629392721303,17.081981752507204,0,0.32956882535430104,0.14277105874331147,0.0
26.26,0.02,758.3828757918632,342.62045720901943,0,390.31493755751654,55.14561720289979,-0.49361372583246976,-16.332922449011928,5.693051146026662,0.0,0,-8.66377246113484,-35.25456858339112,0,0.32680759491527656,0.1397608119909362,0.0
26.28,0.02,754.2274412168099,324.0116046221418,0,390.3055588967257,54.82165032289916,-0.46893303954084625,-16.19834400003169,5.693051146026662,0.0,0,-4.1554345750532775,-18.608852586877617,0,0.3241026050737237,0.1368228606839966,0.0
26.3,0.02,725.2975231136118,374.80517360661236,0,390.2966491689744,54.50032118049854,-0.44548638756380393,-16.066457120031057,5.693051146026662,0.0,0,-28.929918103198133,50.79356898447054,0,0.32145264193115786,0.13395482300101655,0.0
26.32,0.02,751.1161771551798,343.1909836122469,0,390.2881849276107,54.18157702094593,-0.4232120681856137,-15.937207977630436,5.693051146026662,0.0,0,25.81865404156804,-31.61418999436546,0,0.3188565235819419,0.13115443612420272,0.0
26.34,0.02,729.8856533340534,380.0772833675604,0,390.28014389831515,53.86536614458437,-0.40205146477633297,-15.810543818077829,5.693051146026662,0.0,0,-21.23052382112644,36.88629975531353,0,0.31631309881425596,0.12841954855789386,0.0
26.36,0.02,763.4122117782227,350.9564324753824,0,390.2725049204844,53.55163788575005,-0.3819488915375163,-15.686412941716274,5.693051146026662,0.0,0,33.52655844416938,-29.120850892177998,0,0.31382124589249133,0.12574811297633706,0.0
26.38,0.02,751.4590609242956,389.6476989527971,1,390.27601184874607,53.234944857020444,0.17534641308396004,-15.83465143648026,5.227983538530289,-23.253380374818676,0,-11.953150853927127,38.69126647741467,1,0.31671244527451314,0.5766738314533068,-0.46506760749637355
26.400000000000002,0.02,743.2075267472466,365.1289499209747,1,390.28983952968247,52.91773893329874,0.6913840468201923,-15.860296186085133,6.168782497061458,47.039947926558455,0,-8.251534177049052,-24.51874903182238,0,0.3175071696894681,0.5166744551595195,0.9407989585311691
26.42,0.02,779.218767944562,354.91172068177815,1,390.31758908741335,52.60104183750886,1.3874778865429986,-15.834854789494024,7.0596581267125345,44.543781482553825,0,36.011241197315485,-10.21722923919657,0,0.3179105038151567,0.6965586108580857,0.8908756296510765
26.44,0.02,787.1327218353367,383.2242776222471,1,390.3600519173277,52.28202231395675,2.123141495719696,-15.95097617760526,6.701229999540238,-17.92140635861483,0,7.913953890774678,28.312556940468937,0,0.32183310633269285,0.7447718594601735,-0.35842812717229666
26.46,0.02,782.3677813990242,350.81374673131137,1,390.41675152538204,51.96392141573151,2.834980402714822,-15.905044911261815,7.7005313972276115,49.96506988436868,0,-4.764940436312486,-32.41053089093572,0,0.323114572567096,0.713319220784025,0.9993013976873737
26.48,0.02,777.4046809460237,351.53909306275517,1,390.4871916015309,51.6466666082,3.522003807444949,-15.86274037657559,8.643778462905415,47.162353283890155,0,-4.963100453000493,0.7253463314438022,0,0.324980641315321,0.688324656177587,0.9432470656778031
26.5,0.02,786.0544525309726,353.32332630844445,1,390.5722371229329,51.330079468037646,4.252276070099813,-15.829357008117814,9.336724894975651,34.64732160351183,0,8.649771584948894,1.784233245689279,0,0.3278111621447829,0.7310349012821774,0.6929464320702365
26.52,0.02,749.9611517992294,353.86873118647213,1,390.6682787595148,51.014105454756645,4.802081829095957,-15.798700664050173,10.463400479015098,56.333779201972334,0,-36.093300731743284,0.5454048780276821,0,0.33024774492225023,0.550659771598506,1.1266755840394467
26.54,0.02,764.1918173525597,345.0192084849979,1,390.77673957783196,50.69962952062714,5.423040915858766,-15.723796706475163,11.644546402434628,59.0572961709765,0,14.230665553330368,-8.849522701474257,0,0.33265426835778206,0.6254604626143057,1.18114592341953
26.560000000000002,0.02,802.0175081311628,322.31625995263005,1,390.90140214696225,50.38892196050237,6.233128456514581,-15.535378006238314,12.949098935990088,65.22762667777302,0,37.825690778603075,-22.702948532367827,0,0.33478342859354915,0.8317111458461581,1.3045525335554604
26.580000000000002,0.02,778.2450393858581,325.4078064408599,1,391.0398892200311,50.08167361973352,6.924353653443862,-15.362417038442615,14.424459590695811,73.76803273528614,0,-23.77246874530465,3.091546488229824,0,0.3370166350677536,0.7125361529429566,1.4753606547057228
26.6,0.02,784.4923561924378,352.7549859407386,1,391.19282552871925,49.7751497803706,7.6468154344060535,-15.326191968146308,14.616794249847112,9.616732957565066,0,6.247316806579647,27.347179499878735,0,0.3425585769075736,0.7233693943408406,0.19233465915130132
26.62,0.02,762.548939707203,345.3667463440931,1,391.3580167313781,49.470089266373265,8.25956013294206,-15.253025699866772,15.461170564063252,42.218815710806986,0,-21.94341648523482,-7.388239596645519,0,0.34691504815471497,0.6170975355630048,0.8443763142161398
26.64,0.02,770.4949525855453,342.0695968931565,1,391.53625742929546,49.16682179268661,8.912034895869798,-15.163373684332555,16.233607661169913,38.62185485533303,0,7.946012878342344,-3.2971494509366153,0,0.3517682575082026,0.6586051929243771,0.7724370971066605
26.66,0.02,768.0834498041007,357.0272765941772,1,391.7273064721933,48.86385159134054,9.552452144890314,-15.148510067303441,16.30792229780785,3.715731831896818,0,-2.4115027814445966,14.957679701020709,0,0.35817688325162794,0.6405897126509238,0.07431463663793636
26.68,0.02,807.8770694997913,347.653969142216,1,391.93514322204106,48.56211599308025,10.391837492389275,-15.08677991301452,16.289404552702234,-0.9258872552807773,0,39.79361969569061,-9.373307451961182,0,0.3663884357410704,0.8416521689774736,-0.018517745105615546
26.7,0.02,782.6556558914475,369.39490076782073,1,392.157245537478,48.25944090474317,11.105115771846503,-15.133754416853623,15.643608107961265,-32.28982223704841,0,-25.221413608343823,21.74093162560473,0,0.37542195943005363,0.7148234103304069,-0.6457964447409683
26.72,0.02,798.3317424560172,315.47358318023873,1,392.3951810271605,47.96121845808808,11.896774484126585,-14.911122332754818,16.971844441891314,66.41181669650243,0,15.676086564569687,-53.921317587581996,0,0.38151005876570154,0.822367655978234,1.3282363339300485
26.740000000000002,0.02,805.2495667107394,293.240189957388,1,392.6496414735141,47.669671992437245,12.723022317680293,-14.577323282541759,18.719929754693414,87.40426564010501,0,6.917824254722177,-22.233393222850736,0,0.3869747542049412,0.8911269765725516,1.7480853128021003
26.76,0.02,790.6263802885417,327.3738451909901,1,392.9191645578966,47.38138814226731,13.476154219123007,-14.414192508496708,19.49024812952031,38.51591874134481,0,-14.623186422197705,34.1336552336021,0,0.3946520889135552,0.770596723592344,0.7703183748268962
26.78,0.02,755.7399953293315,335.69280014163036,1,393.20026164181195,47.09553501208322,14.054854195769654,-14.29265650920486,20.652687341335167,58.121960590742816,0,-34.886384959210204,8.318954950640261,0,0.40090844668299147,0.5913244981350739,1.1624392118148563
26.8,0.02,820.3873549577904,335.03773884847226,1,393.4993974612231,46.81217810801427,14.956790970558618,-14.167845203447222,20.537837931530213,-5.7424704902476975,0,64.64735962845896,-0.6550612931580986,0,0.4120356459559357,0.9105316072282424,-0.11484940980495395
26.82,0.02,771.0724736944347,329.1085849076918,1,393.81164052800375,46.531910345454556,15.612153339030787,-14.013388127985682,21.538445467606252,50.03037680380196,0,-49.31488126335569,-5.929153940780452,0,0.4195780636339418,0.6733177720583219,1.0006075360760391
26.84,0.02,788.1042127673278,319.0231632723964,1,394.1386940160611,46.2557402665676,16.352674402867425,-13.808503944347663,22.45735377542911,45.94541539114285,0,17.03173907289306,-10.085421635295404,0,0.4280582863616864,0.7683417043807813,0.918908307822857
26.86,0.02,783.7783854858777,327.2285970729809,1,394.480125342667,45.982847327973346,17.071566330296807,-13.644646929712568,23.083111890418834,31.287905749486278,0,-4.325827281450074,8.205433800584501,0,0.4370879851042366,0.7373294545644152,0.6257581149897256
26.88,0.02,780.9628754139951,335.8461414700227,1,394.83565295681433,45.71236977523209,17.776380707366773,-13.523877637062682,23.365557736258847,14.122292292000616,0,-2.8155100718826134,8.617544397041797,0,0.44671914102507865,0.715086378119229,0.2824458458400123
26.900000000000002,0.02,813.8186332434633,332.6254559336361,1,395.208562434286,45.44462967689747,18.645473873584084,-13.387004916730863,23.19239035410373,-8.658369107755881,0,32.85575782946819,-3.220685536386611,0,0.45907106056082875,0.8798051336157705,-0.17316738215511762
26.92,0.02,787.9990121597192,327.8866752717825,1,395.59627181297367,45.18010091103567,19.38546893438269,-13.226438293089775,23.69309516603033,25.035240596329977,0,-25.819621083744096,-4.738780661853582,0,0.469354908667978,0.7572148510388784,0.5007048119265995
26.94,0.02,793.3385847370482,304.4189810385408,1,395.999315050135,44.921130247070025,20.15216185806793,-12.94853319828248,24.902291713745207,60.459827385743914,0,5.339572577329022,-23.46769423324173,0,0.4790716604186707,0.8155055370436639,1.2091965477148783
26.96,0.02,798.771926807515,308.01570604046105,1,396.4182354799771,44.66735801250033,20.946021492105505,-12.688611728484783,25.76207651551228,42.989240088353675,0,5.433342070466779,3.5967250019202766,0,0.48979043843014,0.8353276536880995,0.8597848017670735
26.98,0.02,820.1479385500597,322.9307209381241,1,396.8551707036742,44.41729270583682,21.84676118485581,-12.503265333175403,25.632041457019795,-6.501752924624249,0,21.376011742544733,14.91501489766307,0,0.5034332600295236,0.9196114833722435,-0.13003505849248498
27.0,0.02,818.1898641128807,323.33156355092507,1,397.3099249137826,44.17089424281822,22.737710505420214,-12.319923150930027,25.548325019662695,-4.185821867855033,0,-1.9580744371789933,0.40084261280094324,0,0.517217163471227,0.9096180778792092,-0.08371643735710066
27.02,0.02,786.7775324904458,321.0068973244262,1,397.77935687714006,43.92839509006718,23.471598167872433,-12.124957637552157,26.22883506505267,34.02550226949881,0,-31.412331622434976,-2.3246662264988913,0,0.5283674926664383,0.759343566843282,0.6805100453899762
27.04,0.02,806.9517591839009,302.62918601926197,1,398.2654840164159,43.69163301871421,24.30635696379193,-11.838103567648467,27.04656414816783,40.88645415575787,0,20.174226693455125,-18.377711305164212,0,0.5407179245890079,0.8826706660953911,0.8177290831151574
27.060000000000002,0.02,786.5169565021979,303.4413879372039,1,398.76626285134193,43.460526808567515,25.03894174630293,-11.555310507334486,28.29795125637486,62.56935541035151,0,-20.43480268170299,0.812201917941934,0,0.5515337903322526,0.7852721684412561,1.2513871082070303
27.080000000000002,0.02,803.15509721348,313.21592055219236,1,399.28335719598937,43.234099006365604,25.854717232370323,-11.321390110095447,28.66030644707229,18.117759534871603,0,16.638140711282063,9.774532614988459,0,0.5644963338023956,0.8486509270088404,0.36235519069743205
27.1,0.02,779.5106822082174,327.41845885485145,1,399.8144026088576,43.01092935827821,26.552270643411422,-11.158482404369703,29.037276622004313,18.848508746601134,0,-23.644415005262545,14.202538302659093,0,0.5760329177710792,0.7163237269837555,0.3769701749320227
27.12,0.02,788.3046103668258,328.15231992452664,1,400.3602784827625,42.79094447819836,27.293793695245544,-10.999244003992338,29.121549476735908,4.213642736579715,0,8.793928158608423,0.7338610696751857,0,0.5885353151469955,0.758428180222842,0.0842728547315943
27.14,0.02,831.3527712194559,326.4412374439663,1,400.92528963378936,42.57431547437412,28.250557551342812,-10.83145019121217,28.43630121082471,-34.262413295559924,0,43.048160852630076,-1.7110824805603215,0,0.6051162913709831,0.9713659660197181,-0.6852482659111985
27.16,0.02,780.4905032239221,312.1877093546128,1,401.5043498351386,42.36246769961441,28.953010067462433,-10.592388737985235,29.580454096652197,57.20764429137439,0,-50.862267995533784,-14.253528089353495,0,0.6165956506960397,0.7420174632862492,1.1441528858274879
27.18,0.02,842.3484622349441,308.03889603592336,1,402.10364488271136,42.155816035251114,29.964752378637147,-10.332583218164853,29.32433065247488,-12.806172208865796,0,61.85795901102199,-4.148813318689463,0,0.6339238632748806,1.0445675719407967,-0.2561234441773159
27.2,0.02,805.4250414752307,321.58716958807145,1,402.71948243443165,41.95300565392901,30.791877586013303,-10.14051906610521,29.339526949103302,0.7598148314210462,0,-36.923420759713395,13.548273552148089,0,0.6483733036460224,0.8491317607906553,0.015196296628420924
27.22,0.02,832.4576208228211,294.6081233123102,1,403.3545657482342,41.75673446027567,31.754165690127397,-9.81355968266676,29.745345259529476,20.290915521308683,0,27.0325793475904,-26.97904627576122,0,0.6647203900352063,1.0163172898942283,0.40581831042617367
27.240000000000002,0.02,852.6475017859942,304.8232596741098,1,404.0109138122154,41.565980940654924,32.81740319905737,-9.53767598103731,29.45051997654045,-14.74126414945136,0,20.189880963173096,10.21513636179958,0,0.6835054398755972,1.098447002463193,-0.2948252829890272
27.26,0.02,811.46925452176,314.565538443577,1,404.6844088016487,41.37977086718982,33.67474947166616,-9.310503673255194,29.665490649006017,10.748533623278433,0,-41.17824726423419,9.742278769467191,0,0.6987629728682475,0.886932854605829,0.21497067246556867
27.28,0.02,793.4429846656319,312.3774451223438,1,405.3732480895486,41.19832304921248,34.44196439499433,-9.072390898866914,30.486405418662777,41.04573848283799,0,-18.026269856128124,-2.188093321233225,0,0.7123362093865311,0.803315897953185,0.8209147696567598
27.3,0.02,817.245117473785,305.90055981265596,1,406.07981188919587,41.02228517525388,35.328189982363256,-8.801893697930193,30.8306734512583,17.213401629776115,0,23.802132808153033,-6.476885309687816,0,0.7281632619405032,0.9265875713725061,0.3442680325955223
27.32,0.02,835.0191718380935,307.1940039319998,1,406.80587760602697,40.85152790090207,36.30328584155373,-8.537863717590191,30.719682560895144,-5.549544518157745,0,17.77405436430854,1.2934441193438602,0,0.7458749706898062,1.0102097629347837,-0.1109908903631549
27.34,0.02,828.8173998784898,290.5043105444682,1,407.5508250628459,40.68772019549582,37.247372840946184,-8.190385270312532,31.339014775335244,30.966610722004972,0,-6.201771959603661,-16.689693387531634,0,0.7627448313633057,1.0060027503661906,0.6193322144400994
27.36,0.02,818.6119392004675,306.380091552156,1,408.31363371358486,40.529274480934355,38.14043253694851,-7.922285728073312,31.62206165813552,14.152344140013895,0,-10.205460678022291,15.875781007687806,0,0.779090548078405,0.9324339039163284,0.2830468828002779
27.38,0.02,821.0998856782944,318.25964556267536,1,409.09455235289164,40.37500280181662,39.045931965339975,-7.7135839558866905,31.36280090019939,-12.96303789680664,0,2.487946477826881,11.87955401051937,0,0.7960111005473177,0.9292392827098448,-0.2592607579361328
27.400000000000002,0.02,829.4119667221408,284.48421837392465,1,409.89441218887066,40.22828270086149,39.99299179895067,-7.336005047756313,32.176021101034856,40.66101004177334,0,8.312081043846433,-33.77542718875071,0,0.8132051064993807,1.0195529217768171,0.8132202008354668
27.42,0.02,809.7060407537685,306.19462686705134,1,410.71124262892505,40.08694313721966,40.8415220027195,-7.066978182091571,32.72464472320504,27.43118110850915,0,-19.7059259683723,21.710408493126693,0,0.8289685398432857,0.8901567059554006,0.548623622170183
27.44,0.02,828.6610625509594,311.2222092039633,1,411.5469391752345,39.950481352657434,41.7848273154743,-6.823089228111389,32.52319825048152,-10.072323636175895,0,18.955021797190852,5.027582336911962,0,0.8467647466442342,0.9743237321060092,-0.2014464727235179
27.46,0.02,879.8469172942052,281.79325219910635,1,412.4066204132734,39.8218402428753,42.984061901945324,-6.432055489106922,32.33273168918299,-9.523328064926417,0,51.18585474324584,-29.428957004856954,0,0.8692527631029168,1.2613766203747934,-0.19046656129852835
27.48,0.02,824.2496947058278,307.72558197530554,1,413.28472662078286,39.69842657489563,43.90531037547447,-6.170683398983449,32.481732864869315,7.450058784316127,0,-55.59722258837746,25.932329776199197,0,0.8867364011423262,0.95760854187674,0.14900117568632254
27.5,0.02,825.3156530838573,321.99376589198187,1,414.18136439360075,39.57881353032676,44.831888640893766,-5.980652228443358,31.991769123018095,-24.498187092560997,0,1.0659583780295634,14.268183916676321,0,0.9045808842081765,0.9458642226684898,-0.48996374185121994
27.52,0.02,782.7974531595072,299.4055749124731,1,415.0922819117346,39.46525992826665,45.54587590669129,-5.677680103005724,34.222354014554156,111.52924457680307,0,-42.51819992435014,-22.588190979508738,0,0.9179679435491858,0.7756093891342642,2.2305848915360613
27.54,0.02,809.3585142910177,284.51800595623155,1,416.0201352812975,39.35925452561091,46.39266847814639,-5.300270132786881,35.63470664305464,70.61763142502429,0,26.56106113151054,-14.88756895624158,0,0.9338891908580229,0.9270900413078135,1.4123526285004857
27.560000000000002,0.02,842.1807110020549,318.50631482670315,1,416.9682067219606,39.2573984914725,47.40357203315668,-5.0928017069203975,34.64140410543822,-49.66512688082112,0,32.82219671103712,33.9883088704716,0,0.9535271932626967,1.0319734227507769,-0.9933025376164224
27.580000000000002,0.02,839.0195924099236,287.46089739081805,1,417.9361801218647,39.16279636759501,48.39866999520629,-4.730106193874487,35.05080716316553,20.47015288636551,0,-3.161118592131288,-31.0454174358851,0,0.9725852480703455,1.0591354914546716,0.4094030577273102
27.6,0.02,847.3426447394676,309.06510006582755,1,418.9248877862428,39.073287733710934,49.43538321890364,-4.475431694203625,34.435972156694135,-30.74175032356976,0,8.323052329543998,21.604202675009503,0,0.9927510469094096,1.0675361394217766,-0.6148350064713952
27.62,0.02,806.9537873192461,292.65388800390065,1,419.93029082935277,38.99051371102647,50.27015215549986,-4.13870113422313,35.8633756072555,71.37017252806821,0,-40.388857420221484,-16.411212061926904,0,1.0088046480494637,0.9001259064879541,1.4274034505613642
27.64,0.02,812.7275570395353,297.22942750982605,1,420.95296662816673,38.91401674559103,51.13378994069754,-3.824848271772261,36.77542312325789,45.60237580011943,0,5.773769720289238,4.575539505925406,0,1.025532825023466,0.9188981680740043,0.9120475160023886
27.66,0.02,810.9711926236411,304.5148960861732,1,421.99273954624306,38.84306829054697,51.98864590381575,-3.5474227522031256,37.40277737856967,31.367712765588962,0,-1.756364415894268,7.285468576347171,0,1.0421906756626123,0.898745590579987,0.6273542553117792
27.68,0.02,821.0386052821775,309.058695464509,1,423.05061632484757,38.777213965956456,52.89383893022665,-3.29271622952567,37.40216608595628,-0.03056463066926085,0,10.067412658536455,4.543799378335791,0,1.0599245590031048,0.9403455895347006,-0.000611292613385217
27.7,0.02,833.5115112797914,311.6429958422103,1,424.12784425458005,38.71619534178172,53.86139648662561,-3.0509312087367206,36.90269646526251,-24.97348103468866,0,12.472905997613907,2.584300377701311,0,1.0789547187402806,0.9973101930806864,-0.4994696206937732
27.72,0.02,848.0486706894071,289.19337545962134,1,425.22587705138153,38.66225738006102,54.90163984007265,-2.696898086034828,36.99218955029987,4.47465425186806,0,14.537159409615697,-22.44962038258899,0,1.0993567785601976,1.0988383349523234,0.0894930850373612
27.740000000000002,0.02,848.9944980734775,270.41423766206424,1,426.3448092979903,38.61727799457412,55.94661233044005,-2.24896927434515,37.70254517570814,35.51778127041345,0,0.9458273840704123,-18.779137797557098,0,1.1198359333490546,1.1369290769288876,0.710355625408269
27.76,0.02,835.1945465259029,294.8750033631843,1,427.4832609992517,38.5788111087509,56.92258506306956,-1.9233442911610723,37.96156942900387,12.951212664786738,0,-13.799951547574665,24.460765701120067,0,1.1391013903116147,1.0288607313480058,0.25902425329573475
27.78,0.02,827.6081832531729,280.56953872616316,1,428.6404735188384,38.54828726905506,57.860625979335424,-1.5261919847918897,39.058073803583056,54.82521872895916,0,-7.586363272729955,-14.305464637021146,0,1.157615013844424,1.0186514197915102,1.0965043745791831
27.8,0.02,869.8593244192829,292.7075498414561,1,429.82067197086707,38.524492674375075,59.00992260143184,-1.1897297339991688,38.34440624630575,-35.68337786386522,0,42.25114116610996,12.138011115292954,0,1.1804382952559762,1.1975347893780512,-0.7136675572773044
27.82,0.02,839.0113661647878,301.7984685873266,1,431.0207715595122,38.506518232836356,60.004979432255766,-0.8987220769358011,38.231513389631594,-5.644642833707891,0,-30.847958254495097,9.09091874587051,0,1.2002341868213913,1.03673697389399,-0.11289285667415783
27.84,0.02,834.5682477078376,291.3752289741317,1,432.24032797292807,38.495406268400224,60.977820670794955,-0.5555982218064592,38.792592125669444,28.053936801892476,0,-4.443118456950174,-10.423239613194937,0,1.2196070355886983,1.0315784290887848,0.5610787360378495
27.86,0.02,856.2469296072376,297.9507232492354,1,433.4815090793047,38.49049923163917,62.059055318831156,-0.24535183805263472,38.33032407446215,-23.113402560364804,0,21.678681899399976,6.575494275103722,0,1.241190806377538,1.1248649620049034,-0.4622680512072961
27.88,0.02,798.9137016439507,289.7665634951602,1,434.7385815558457,38.492615538528604,62.85362382705091,0.10581534447156571,40.96011967300589,131.4897799271872,0,-57.333227963286845,-8.18415975407521,0,1.2570742579624195,0.8687102533851842,2.629795598543744
27.900000000000002,0.02,851.2718287904665,298.2266550796036,1,436.0167812152658,38.500909179910074,63.909982971003245,0.41468206907354954,40.47813232594708,-24.099367352940604,0,52.35812714651581,8.460091584443376,0,1.2782265659220753,1.1005877041735783,-0.4819873470588121
27.92,0.02,804.4928528812632,289.01828490324215,1,437.31143015997395,38.51630099280122,64.73244723540955,0.7695906445573399,42.75360610912433,113.77368915886237,0,-46.77897590920338,-9.208370176361427,0,1.2947404365115267,0.8957720486693813,2.2754737831772474
27.94,0.02,858.4636215311149,273.90751402970915,1,438.6279254668353,38.5403020542894,65.82476534306514,1.2000530744087925,42.87335746368685,5.9875677281262085,0,53.97076864985172,-15.110770873533,0,1.3167140706852265,1.1740769786627696,0.11975135456252417
27.96,0.02,850.8920947016754,265.0567677261806,1,439.9655099831667,38.573797439004956,66.87922581657352,1.674769235777891,43.57585368502057,35.12481106668588,0,-7.571526829439449,-8.850746303528524,0,1.3380038412227646,1.1563919422308941,0.7024962213337176
27.98,0.02,812.6797407240356,295.4797736794706,1,441.3203624735706,38.61374484635257,67.74262452019371,1.9973703673805367,45.06108719339204,74.2616754185736,0,-38.21235397763985,30.423005953289987,0,1.3554412809514582,0.9216988724764368,1.485233508371472
28.0,0.02,825.7780967995028,287.5093529174426,1,442.6937927736544,38.66094131840843,68.67151500419124,2.3598236027933233,45.999687747270514,46.93002769392365,0,13.098356075467223,-7.970420762028027,0,1.3742409891146843,0.997100736697323,0.938600553878473
28.02,0.02,873.5099408304396,274.36559941613274,1,444.0905740678213,38.71670123052269,69.83906470834344,2.787995605712659,45.44683919434129,-27.642427646461343,0,47.73184403093683,-13.143753501309845,0,1.3978938269888412,1.2435849692521472,-0.5528485529292269
28.04,0.02,829.9902449867418,287.5112908864482,1,445.50635438648686,38.779710013548296,70.78901593327714,3.1504391512804197,46.2838442683223,41.850253699050555,0,-43.51969584369783,13.145691470315455,0,1.4171817164566816,1.0167461106278028,0.8370050739810111
28.060000000000002,0.02,833.7368859979136,271.86372354048405,1,446.9415083937522,38.851532424219855,71.75770036326671,3.5911205335779997,47.47403595371698,59.509584269734006,0,3.746641011171846,-15.647567345964148,0,1.4369500628916914,1.0642131391821448,1.1901916853946801
28.080000000000002,0.02,854.7527018643857,287.4855688114784,1,448.398137671204,38.930606278010266,72.83146387258864,3.953692689520608,47.03459695240437,-21.971950065630352,0,21.015815866472053,15.621845270994356,0,1.4587739805339852,1.1333254793819068,-0.43943900131260705
28.1,0.02,844.8253331477266,270.99114938470734,1,449.8752494819705,39.01858101686221,73.85559053832728,4.398736942597072,47.78587755211427,37.56402998549504,0,-9.927368716659089,-16.49441942677106,0,1.4797293185518914,1.1166466830082473,0.7512805997099008
28.12,0.02,841.9441661076121,273.44069581027503,1,451.3725557093478,39.11521168613312,74.86531136886535,4.831533463545696,48.58958842409231,40.18554359890203,0,-2.8811670401145193,2.4495464255676893,0,1.5004210824920348,1.098566786393857,0.8037108719780406
28.14,0.02,849.3263733970829,267.3706671597005,1,452.89079457406484,39.221105288688065,75.91194323585077,5.2946801277471955,49.22793682206433,31.91741989860084,0,7.382207289470784,-6.070028650574557,0,1.5219272996432296,1.1445274560054757,0.6383483979720168
28.16,0.02,853.7759716288275,249.62920526837632,1,454.43041103594476,39.33803597071617,76.9808230939949,5.8465341014053145,50.18289339883592,47.747828838579665,0,4.4495982317446305,-17.74146189132415,0,1.5440503988183771,1.2029326495645836,0.9549565767715933
28.18,0.02,847.7212116732602,282.4583605680688,1,455.99079961899196,39.46272081668747,78.0194291523612,6.234242298564972,50.31887608746988,6.799134431697951,0,-6.054759955567306,32.8291552996925,0,1.5653622075797455,1.108611830452828,0.13598268863395901
28.2,0.02,851.1486499684937,286.1131778655341,1,457.57230306703605,39.59479434487222,79.07517240220366,6.603676409237302,50.17354630824942,-7.266488961023043,0,3.4274382952335145,3.6548172974652857,0,1.5870086871288727,1.11851480621232,-0.14532977922046086
28.22,0.02,833.3674807982209,283.220077623368,1,459.17314326315994,39.73454586529463,80.04200980619476,6.987576021120461,51.36405115501502,59.52524233827994,0,-17.781169170272847,-2.893100242166099,0,1.6069286919419832,1.040266061044133,1.1905048467655988
28.240000000000002,0.02,816.6896457026411,264.25965912191435,1,460.7916524238541,39.88387141980485,80.92545803470796,7.4662777255108885,54.187116117953295,141.15324814691377,0,-16.67783509557978,-18.96041850145366,0,1.6253830393112425,1.0048064959231784,2.8230649629382754
28.26,0.02,847.535502306767,234.48733784344154,1,462.4309151347789,40.04574824053072,81.9631355462418,8.093841036293682,55.593721596203245,70.33027391249753,0,30.845856604125856,-29.772321278472816,0,1.64723596989529,1.212687233784429,1.4066054782499506
28.28,0.02,883.1930737116004,268.15780362907054,1,464.0944971530749,40.216809280893685,83.17910091479979,8.553052018148328,54.45501793253215,-56.93518318355473,0,35.65757140483345,33.670465785629005,0,1.6723537338517223,1.2997870992544405,-1.1387036636710945
28.3,0.02,852.4844374140677,270.1820332289981,1,465.77932761511227,40.396852117933754,84.24152310187011,9.002141852003337,54.85986940968623,20.242573857704116,0,-30.708636297532735,2.024229599927537,0,1.6944229427679904,1.1534394576444889,0.4048514771540823
28.32,0.02,835.7472053597276,277.87014218223476,1,467.48373279768566,40.5851079407556,85.22025912866874,9.412791141092164,56.19491378842194,66.75221893678547,0,-16.737232054340097,7.688108953236679,0,1.714770328997263,1.061393917818792,1.3350443787357094
28.34,0.02,851.2946231973866,291.0350898490169,1,469.2092674425788,40.78026025459254,86.27673224465568,9.757615691847079,55.767743781956014,-21.358500323296425,0,15.547417837659054,13.164947666782155,0,1.736535123837789,1.1113232723228947,-0.4271700064659285
28.36,0.02,888.2350853817835,268.0847298587981,1,470.9596255960101,40.9846040954436,87.51790767156459,10.217192042553087,54.62292170238521,-57.24110397854005,0,36.94046218439689,-22.95035999021883,0,1.762245746363775,1.3235281872671876,-1.144822079570801
28.38,0.02,846.6506946512932,279.4084861528827,1,472.7306488189065,41.197007087679374,88.55116114482107,10.620149611788673,55.513959124820936,44.551871121786135,0,-41.58439073049033,11.323756294084603,0,1.783714743771863,1.1090480343974423,0.8910374224357227
28.400000000000002,0.02,846.5523650639724,252.4468185923372,1,474.5223272783093,41.420165398055914,89.58392297014092,11.157915518826986,57.18147860069073,83.37597379348978,0,-0.09832958732079078,-26.961667560545493,0,1.805522454409849,1.1643835959900555,1.6675194758697955
28.42,0.02,812.3734736552873,261.0008749920727,1,476.3312430850777,41.65322362093325,90.44579033841737,11.652911143866621,61.10540454157121,196.196297044024,0,-34.178891408685104,8.554056399735487,0,1.8238674653678093,0.9938994060306869,3.92392594088048
28.44,0.02,850.8849018292213,267.3180630892182,1,478.16124738202893,41.89555003750166,91.50021484756348,12.11632082842053,61.7783930285931,33.64942435109448,0,38.511428173934064,6.317188097145504,0,1.8459788241003485,1.1517636828908882,0.6729884870218896
28.46,0.02,840.651666880141,261.4281732635468,1,480.0113168456682,42.147733636743716,92.50347318196418,12.609179962102797,63.39659647581753,80.91017236122156,0,-10.233234949080384,-5.889889825671389,0,1.8671779743819774,1.1177823630736428,1.618203447224431
28.48,0.02,860.0463270007086,260.26809143084415,1,481.88339094200757,42.409890426842686,93.60370481696773,13.107839504948576,63.64995611281594,12.667981849920551,0,19.394660120567664,-1.1600818327026445,0,1.8903406054941079,1.207961502008136,0.253359636998411
28.5,0.02,845.6021596271559,284.76870800258905,1,483.7760252543096,42.679570346141396,94.6317156151035,13.48399596493563,64.41469394839389,38.23689177889733,0,-14.444167373552773,24.5006165717449,0,1.9117510033934892,1.0946688464890786,0.7647378355779466
28.52,0.02,862.9498157117916,282.40249844721615,1,485.69095454818284,42.95701001559539,95.74646469366246,13.87198347269955,63.74808904091294,-33.33024537404761,0,17.347656084635787,-2.3662095553729046,0,1.934922988317768,1.1803388557227559,-0.6666049074809521
28.54,0.02,820.5862930381165,247.84597593896208,1,487.6239424713599,43.24566508745548,96.64939615885305,14.43275359300474,67.24109981123472,174.65053851608906,0,-42.36352267367511,-34.55652250825406,0,1.95442166935871,1.0628962125524408,3.4930107703217814
28.560000000000002,0.02,837.5856626734886,273.76372512846996,0,489.4602809983781,43.52470545787837,91.81692635091039,13.952018521144646,67.24109981123472,0.0,0,16.99936963537209,25.917749189507873,1,1.8574182927216782,4.856322750188014,0.0
28.580000000000002,0.02,814.5536996729896,259.7119502607248,0,491.20480259904537,43.7943234208928,87.22608003336487,13.480898150721753,67.24109981123472,0.0,0,-23.03196300049899,-14.051774867745166,0,1.7652335429553632,4.614956588609337,0.0
28.6,0.02,823.6313002489692,261.8463148894601,0,492.8620981196793,44.05470742464695,82.86477603169662,13.019200187707318,67.24109981123472,0.0,0,9.077600575979545,2.134364628735284,0,1.6776257842928675,4.38567413335956,0.0
28.62,0.02,827.6891579586672,233.60669775049254,0,494.4365288642815,44.306042148326014,78.72153723011179,12.566736183953171,67.24109981123472,0.0,0,4.057857709698055,-28.23961713896753,0,1.5943654891133314,4.167871332185211,0.0
28.64,0.02,869.785813510381,240.70774818931412,0,495.9322380716536,44.5485085775315,74.7854603686062,12.123321460274108,67.24109981123472,0.0,0,42.09665555171375,7.101050438821574,0,1.5152346360578413,3.9609743342838177,0.0
28.66,0.02,838.4380318332143,253.10205975022427,0,497.35316181865716,44.78228407815287,71.04618735017588,11.688775031068625,67.24109981123472,0.0,0,-31.347781677166722,12.394311560910154,0,1.4400261384743533,3.7644379800305066,0.0
28.68,0.02,842.3098288728243,261.1255508036811,0,498.7030393783105,45.00754246876181,67.49387798266709,11.262919530447252,67.24109981123472,0.0,0,3.8717970396099872,8.023491053456837,0,1.3685433016881183,3.5777443662034094,0.0
28.7,0.02,851.1562625965404,245.4032272728357,0,499.9854230599812,45.22445409155858,64.11918408353372,10.845581139838307,67.24109981123472,0.0,0,8.846433723716132,-15.722323530845415,0,1.3005993076730475,3.4004014829316844,0.0
28.72,0.02,835.5542081012035,220.73504902644854,0,501.20368755756834,45.433185881899405,60.91322487935704,10.436589517041542,67.24109981123472,0.0,0,-15.602054495336915,-24.668178246387157,0,1.2360167257687658,3.2319419187793494,0.0
28.740000000000002,0.02,846.7629727916858,270.75809275331306,0,502.36103883027613,45.63390143643342,57.86756363538918,10.035777726700712,67.24109981123472,0.0,0,11.208764690482326,50.02304372686453,0,1.1746270481604908,3.071921630557012,0.0
28.76,0.02,854.4390546842329,262.90441061075626,0,503.4605225393485,45.82676107987675,54.97418545361972,9.642982172166697,67.24109981123472,0.0,0,7.676081892547131,-7.853682142556806,0,1.1162702489024174,2.9199187746239197,0.0
28.78,0.02,837.5806937855937,224.81095495909386,0,504.5050320629673,46.01192193045122,52.22547618093873,9.258042528723363,67.24109981123472,0.0,0,-16.858360898639262,-38.093455651662396,0,1.060794365329965,2.7755325966049726,0.0
28.8,0.02,865.8547184544395,260.5705957825914,0,505.49731611040517,46.1895379640142,49.614202371891786,8.880801678148897,67.24109981123472,0.0,0,28.27402466884587,35.759640823497534,0,1.008055100764989,2.638382376600608,0.0
28.82,0.02,838.3302043483469,254.67087377455235,0,506.4399859554711,46.35976007690592,47.13349225329719,8.51110564458592,67.24109981123472,0.0,0,-27.524514106092624,-5.899722008039049,0,0.957915447476438,2.50810642711385,0.0
28.84,0.02,824.5340645246686,232.31701136045552,0,507.33552230828377,46.5227361475398,44.77681764063233,8.1488035316942,67.24109981123472,0.0,0,-13.796139823678345,-22.353862414096824,0,0.9102453289131742,2.384361141057469,0.0
28.86,0.02,862.0077280892644,275.91702205632674,0,508.1862818434558,46.67861109676101,42.53797675860071,7.793747461060317,67.24109981123472,0.0,0,37.47366356459588,43.60001069587122,0,0.8649212602779632,2.2668200873360207,0.0
28.88,0.02,829.9523326043919,242.5922514766322,0,508.9945034018692,46.82752694699779,40.41107792067068,7.445792511839111,67.24109981123472,0.0,0,-32.05539548487252,-33.32477057969453,0,0.8218260265627921,2.15517315162278,0.0
28.900000000000002,0.02,848.2437350731514,256.7243225527909,0,509.762313882362,46.96962288022984,38.390524024637145,7.104796661602329,67.24109981123472,0.0,0,18.29140246875943,14.132071076158695,0,0.7808483772126337,2.0491257200706343,0.0
28.92,0.02,800.9134525137099,268.0912805774724,0,510.4917338388301,47.10503529479725,36.470997823405284,6.770620728370282,67.24109981123472,0.0,0,-47.33028255944146,11.36695802468148,0,0.7418827366322321,1.9483979038089543,0.0
28.94,0.02,812.8805595598008,244.02465695298739,0,511.1846827974748,47.2338978610733,34.64744793223502,6.443128313802877,67.24109981123472,0.0,0,11.96710704609086,-24.066623624485004,0,0.7048289297936298,1.8527238021859276,0.0
28.96,0.02,831.0889039324892,278.2683407238161,0,511.8429843081873,47.35634157602384,32.91507553562327,6.122185747526819,67.24109981123472,0.0,0,18.20834437268843,34.24368377082871,0,0.6695919222460922,1.7618508028179356,0.0
28.98,0.02,785.2222230140601,252.60955658901298,0,512.4683707433642,47.472494816675365,31.2693217588421,5.807662032576283,67.24109981123472,0.0,0,-45.8666809184291,-25.658784134803113,0,0.6360815738701392,1.6755389166043742,0.0
29.0,0.02,841.3843610440267,274.6365028843166,0,513.0624878567821,47.58248339251386,29.705855670899993,5.499428791924757,67.24109981123472,0.0,0,56.16213802996663,22.026946295303617,0,0.6042124057573286,1.593560145958582,0.0
29.02,0.02,814.2596943783441,260.8816981196028,0,513.6268991145292,47.686430596835585,28.22056288735499,5.1973602160862615,67.24109981123472,0.0,0,-27.12466666568264,-13.75480476471381,0,0.5739033796363097,1.5156978845930869,0.0
29.04,0.02,824.2254609280263,240.1084486101051,0,514.163089809389,47.784457257070876,26.80953474298724,4.901333011764536,67.24109981123472,0.0,0,9.965766549682257,-20.773249509497674,0,0.5450776892986015,1.441746347280421,0.0
29.060000000000002,0.02,844.505162460034,272.89821453307115,1,514.7197310204948,47.89119409585286,27.8320605552874,5.336841939099181,63.23498565403687,-200.30570785989246,0,20.279701532007607,32.78976592296604,1,0.5667823132865788,1.1114076941466053,-4.00611415719785
29.080000000000002,0.02,833.1485181746829,247.5878908505957,1,515.295687083418,48.00917214554978,28.79780314616079,5.898902484846201,60.56995650331817,-133.2514575359351,0,-11.35664428535108,-25.310323682475456,0,0.5879151355665738,1.1173946522658345,-2.665029150718702
29.1,0.02,823.1057171465717,239.70523677361174,1,515.8899537180558,48.139179671569345,29.713331731893675,6.500376300978144,58.607188963784594,-98.13837697667864,0,-10.042801028111171,-7.882654076983954,0,0.608321288354698,1.0954283832302234,-1.9627675395335729
29.12,0.02,829.0048995456224,275.0511207851167,1,516.5031208426483,48.2776820855104,30.658356229621802,6.92512069705256,55.657439649597656,-147.4874657093469,0,5.899182399050687,35.34588401150498,0,0.6286150183923969,1.0360883665512899,-2.9497493141869384
29.14,0.02,801.882462553752,248.883740883414,1,517.1324762134961,48.42729612536311,31.46776854239056,7.480701992635489,54.509706208984696,-57.386672030648,0,-27.12243699187036,-26.16737990170273,0,0.6468945383415263,0.9817427708230264,-1.14773344061296
29.16,0.02,809.2806614890019,231.11943063948365,1,517.7787596504928,48.58979822215187,32.31417184983559,8.12510483943807,53.769015984925424,-37.03451120296357,0,7.398198935249866,-17.76431024393034,0,0.6664001893734511,1.0637920792246742,-0.7406902240592714
29.18,0.02,834.7290508554056,236.2447526439433,1,518.444515992575,48.76467584367624,33.287817104112605,8.743881076218354,52.35873743306227,-70.51392759315789,0,25.448389366403717,5.125322004459633,0,0.6883412595019252,1.153633005933918,-1.4102785518631578
29.2,0.02,815.6357514592205,258.7634793480315,1,519.1278359098031,48.9496771172658,34.1659958614087,9.250063679478195,50.88625996834819,-73.62387323570374,0,-19.093299396185103,22.518726704088238,0,0.70792060325322,1.013616671927326,-1.4724774647140748
29.22,0.02,806.1716908968411,243.92650985291382,1,519.827772996121,49.14628573987007,34.996854315892904,9.830431130213626,50.30461468419519,-29.082264207650255,0,-9.464060562379359,-14.8369694951177,0,0.7270260485604796,1.0134851499953101,-0.5816452841530051
29.240000000000002,0.02,777.1621204511921,242.33071027242468,1,520.5414262944839,49.3546612914471,35.68266491814887,10.4187775788515,50.854557522122626,27.497141896371957,0,-29.009570445649047,-1.5957995804891425,0,0.7434523527162565,0.903597103686978,0.5499428379274391
29.26,0.02,796.6627677128096,243.6643330502371,1,521.2707458696182,49.574670409719104,36.4659787567129,11.000455913600316,50.60990018088123,-12.23286706206963,0,19.500647261617473,1.3336227778124226,0,0.7617815006921695,0.9756691318280318,-0.2446573412413926
29.28,0.02,813.033066587547,241.3320237917167,1,522.0173687514111,49.80654632561194,37.33114408965065,11.593795794641732,49.9634863295112,-32.32069256850174,0,16.370298874737387,-2.332309258520411,0,0.7818005934942655,1.0490773411677181,-0.6464138513700348
29.3,0.02,820.7501387250534,239.48700691545378,1,522.7820666470767,50.05047354081323,38.234894783275934,12.196360760064461,49.23396483236977,-36.47607485707134,0,7.71707213750642,-1.8450168762629175,0,0.8026601758846618,1.0862089365232994,-0.7295214971414268
29.32,0.02,842.6555628354712,229.05059184831904,1,523.5670300990257,50.30749569682968,39.24817259745328,12.851107800822867,48.33929361601466,-44.7335608177557,0,21.905424110417812,-10.436415067134732,0,0.8259709495975349,1.2064102188252146,-0.894671216355114
29.34,0.02,819.8429000141128,231.13225856436804,1,524.3699778409762,50.577404626989704,40.14738709752385,13.495446508001027,48.07160233287202,-13.384564157131962,0,-22.812662821358344,2.081666716049,0,0.8470985225364576,1.1062364515351994,-0.26769128314263924
29.36,0.02,823.4871681307862,264.1119406906188,1,525.1912742997397,50.856902363080664,41.06482293817777,13.974886804547932,46.64777198252778,-71.19151751721198,0,3.644268116673402,32.97968212625074,0,0.8675522218618783,1.0351577269524455,-1.4238303503442395
29.38,0.02,814.8099351556375,229.53008022431212,1,526.0300517520188,51.14944709114919,41.93887261395594,14.627236403426373,46.78933510737512,7.078156242367228,0,-8.67723297514874,-34.581860466306665,0,0.8883299118979299,1.0906524812628364,0.14156312484734457
29.400000000000002,0.02,800.9408701821914,274.86180937968913,1,526.8849232913162,51.45050563827975,42.74357696486692,15.052927356527928,45.72092405467016,-53.42055263524834,0,-13.869064973446143,45.33172915537702,0,0.9063341533347703,0.9103635976507264,-1.0684110527049668
29.42,0.02,811.314948979022,233.71413311434208,1,527.7569263255115,51.76419277209887,43.60015170976203,15.684356690956218,45.99412707920815,13.660151226899586,0,10.374078796830645,-41.14767626534706,0,0.9267086433013184,1.064153794321423,0.2732030245379917
29.44,0.02,813.6255981007299,240.49113943952625,1,528.6462919195168,52.089830791974045,44.46827970026567,16.281900993758587,45.97002165331741,-1.2052712945369137,0,2.310649121707911,6.777006325184175,0,0.9471067942891364,1.05390009095144,-0.024105425890738275
29.46,0.02,807.2941710712569,261.25574180789823,1,529.5523869306293,52.42534323766843,45.30475055562198,16.775622284719095,45.40995216848932,-28.003474241404547,0,-6.331427029473048,20.764602368371982,0,0.9662177655056646,0.9713105605357271,-0.5600694848280909
29.48,0.02,804.2128249284283,243.36872478905966,1,530.4749032242346,52.7725188108839,46.125814680264114,17.358778660773797,45.73902658947658,16.453721049363068,0,-3.081346142828579,-17.887017018838577,0,0.9856810795611336,1.0070837381804993,0.32907442098726136
29.5,0.02,798.6966024590281,213.1431653614744,1,531.4132891780857,53.13438006756323,46.91929769255927,18.093062833966425,47.1279020716464,69.44377410849114,0,-5.516222469400191,-30.225559427585267,0,1.0057394133027961,1.0811052390041285,1.3888754821698228
29.52,0.02,805.9302730069452,244.81835795560124,1,532.3682681592376,53.50775948844699,47.74894905759402,18.668971044188417,47.20125684655819,3.667738745589233,0,7.233670547917086,31.675192594126855,0,1.0253765388291762,1.009946361994102,0.07335477491178466
29.54,0.02,783.4460432535241,238.51245200329245,1,533.3375917447148,53.89328766413043,48.466179273861655,19.276408784171956,48.55255599908889,67.564957626535,0,-22.48422975342112,-6.305905952308791,0,1.0431779271093957,0.9398934998624211,1.3512991525307
29.560000000000002,0.02,773.8610993321039,256.6897288769236,1,534.3203014401253,54.28914686692618,49.13548477052217,19.792960139787336,49.77895908274502,61.32015418280652,0,-9.584943921420177,18.177276873631143,0,1.059444596895837,0.8454555877443022,1.2264030836561304
29.580000000000002,0.02,799.0087204894278,236.20021785084876,1,535.3189120075847,54.697386047936845,49.93052837296932,20.411959050533092,50.25282302832706,23.693197279101952,0,25.147621157323897,-20.489511026074837,0,1.0788337658573206,1.0075981248973105,0.47386394558203904
29.6,0.02,795.8322324287631,247.90680149542544,1,536.333105798287,55.11683454879797,50.709689535113114,20.972425043055964,50.447529671964695,9.735332181881873,0,-3.176488060664724,11.706583644576682,0,1.0975090386751727,0.959799065100563,0.19470664363763746
29.62,0.02,778.5790221930205,200.4399801151452,1,537.3611574912085,55.552239051647575,51.402584646078196,21.77022514248024,52.68909729019734,112.07838091163218,0,-17.253210235742586,-47.46682138028024,0,1.11645302830907,1.0566875760794663,2.2415676182326436
29.64,0.02,788.074813133219,216.0328677614721,1,538.4040166654434,56.002040267721036,52.14295871174431,22.49006080367288,54.03387089374582,67.23868017742411,0,9.495790940198503,15.592887646326886,0,1.1357272521459603,1.032626329431717,1.3447736035484823
29.66,0.02,791.0550264021247,237.82512858817066,0,539.3947328809664,56.439003859473026,49.53581077615709,21.848179587599418,54.03387089374582,0.0,0,2.980213268905686,21.792260826698566,1,1.0827999816296638,2.6850012762724442,0.0
29.68,0.02,834.7772340924441,245.72231945445967,1,540.4049268198988,56.88739521927957,50.5096969466193,22.41956799032712,52.28290734710745,-87.54817733191871,0,43.722207690319465,7.897190866289009,1,1.1052359955253428,1.129131958536849,-1.7509635466383742
29.7,0.02,796.6471627502202,220.14793581197426,1,541.4307854751063,57.34977178550491,51.292932760370405,23.11882831126725,53.05402019267428,38.55564227834165,0,-38.130071342223914,-25.5743836424854,0,1.125245781799867,1.0499634928813715,0.771112845566833
29.72,0.02,763.541554097729,241.72834396646306,1,542.4689982857235,57.823975517333615,51.91064053085907,23.710186591434937,55.19325246595662,106.96161366411694,0,-33.10560865249124,21.580408154488794,0,1.1413829416151071,0.8551418041734129,2.139232273282339
29.740000000000002,0.02,797.1315407504073,209.08691396557018,1,543.5229242504157,58.313270557765755,52.69629823461108,24.464752021607087,55.98393972385626,39.53436289498207,0,33.58998665267836,-32.64143000089288,0,1.1619679753090868,1.0893241096550466,0.7906872578996413
29.76,0.02,808.5894404588009,230.11499457929398,1,544.5937091591538,58.815554098739966,53.53924543690508,25.114177048710616,55.618010004006095,-18.296485992508238,0,11.457899708393597,21.0280806137238,0,1.182737957586081,1.0641018991072704,-0.36592971985016476
29.78,0.02,822.0967772111878,231.55872758981886,1,545.682703745613,59.330681766955195,54.44972932296102,25.756383410761522,54.69858108941567,-45.97144572952132,0,13.507336752386891,1.4437330105248805,0,1.2046849064789882,1.1141857646847722,-0.9194289145904264
29.8,0.02,802.3573668374243,227.6077662801783,1,546.787934068756,59.859048658542406,55.26151615714812,26.41834457936063,54.920101592300014,11.076025144217283,0,-19.739410373763576,-3.9509613096405474,0,1.225032913566143,1.047468592795325,0.22152050288434566
29.82,0.02,802.3724458384411,208.44975557441495,1,547.9094016364828,60.402570574572174,56.07337838634035,27.176095801488557,55.69539080666856,38.76446071842743,0,0.015079001016829352,-19.15801070576336,0,1.2462365660931565,1.1105436478704207,0.7752892143685486
29.84,0.02,779.7341385772131,221.77639900210886,1,549.0448426180674,60.959914850701736,56.772049079226434,27.867213806478013,57.36440456690484,83.45068801181377,0,-22.638307261227965,13.32664342769391,0,1.2648552742492352,0.9827435239768939,1.6690137602362753
29.86,0.02,764.349971011152,252.97360773366404,1,550.192718596753,61.52796176605793,57.393798934282216,28.402345767809692,59.5499378241572,109.27666286261797,0,-15.384167566061137,31.19720873155518,0,1.280740629670667,0.8203286526146552,2.1855332572523594
29.88,0.02,760.0098524391003,227.59632742954264,1,551.3525955606826,62.10924904867117,57.99384819647773,29.06436413066198,62.28497720327898,136.75196895608897,0,-4.340118572051665,-25.3772803041214,0,1.297385631330347,0.8934917066291101,2.7350393791217797
29.900000000000002,0.02,733.2847039271094,215.28203219257168,1,552.5218009950049,62.70500812806515,58.46027171611328,29.78795396969912,66.60797013473389,216.1496465727456,0,-26.725148511990938,-12.314295236970963,0,1.3122386323870947,0.8608909076224563,4.3229929314549125
29.92,0.02,799.2264776009099,242.9372525992387,1,553.7069290770872,63.31247348219921,59.25640410411782,30.373267706702926,65.36067742868275,-62.36463530255705,0,65.94177367380053,27.655220406667013,0,1.331744242493025,0.9881391349173283,-1.247292706051141
29.94,0.02,770.9055252458743,230.41404371905784,1,554.9051477116942,63.932897431961365,59.91093173034719,31.02119748810764,66.89271139870846,76.6016985012854,0,-28.320952355035615,-12.523208880180846,0,1.349316039242799,0.92098828175423,1.532033970025708
29.96,0.02,761.7861143166097,221.91214303542924,1,556.1155449577328,64.56713016741998,60.51986230193026,31.71163677293049,69.14616604123859,112.6727321265065,0,-9.119410929264632,-8.501900683628605,0,1.3664964895473255,0.9205991782720525,2.25345464253013
29.98,0.02,771.8867385724388,209.7468991238954,1,557.3391308776287,65.2163882129662,61.179295994792454,32.46290227731101,70.5943906952913,72.41123270263543,0,10.100624255829189,-12.16524391153385,0,1.3851709327999606,0.9996262568350169,1.4482246540527086
