timestamp,deltaTime,mouseX,mouseY,isGripping,playerX,playerY,velocityX,velocityY,hammerAngle,hammerAngularVel,isGrounded,mouseDeltaX,mouseDeltaY,grippingChanged,positionDelta,velocityDelta,angleDelta
0.0,0.04,642.3372773009087,527.833630518283,0,-40.0,-5.0153664,0.0,-0.38416,0.0,0.0,0,0.0,0.0,0,0.0,0.0,0.0
0.04,0.04,652.4647808031012,498.3134584723257,0,-40.0,-5.045791872,0.0,-0.7606368,0.0,0.0,0,10.127503502192553,-29.520172045957338,0,0.03042547200000012,0.3764768,0.0
0.08,0.04,622.4096338528643,505.2588647893854,0,-40.0,-5.09097523456,0.0,-1.1295840639999999,0.0,0.0,0,-30.055146950236917,6.945406317059735,0,0.04518336256000044,0.3689472639999999,0.0
0.12,0.04,641.6727475732691,516.0978957928254,0,-40.0,-5.1506213298688,0.0,-1.4911523827199997,0.0,0.0,0,19.263113720404817,10.83903100343997,0,0.05964609530879983,0.36156831871999984,0.0
0.16,0.04,652.1496240438362,475.90715878616913,0,-40.0,-5.224440903271424,0.0,-1.8454893350655996,0.0,0.0,0,10.47687647056705,-40.19073700665626,0,0.07381957340262435,0.3543369523455999,0.0
0.2,0.04,670.753855088126,531.759449944324,0,-40.0,-5.312150485205996,0.0,-2.1927395483642877,0.0,0.0,0,18.604231044289804,55.85229115815491,0,0.0877095819345719,0.3472502132986881,0.0
0.24,0.04,695.9814805634405,510.831249464706,0,-40.0,-5.413472275501876,0.0,-2.533044757397002,0.0,0.0,0,25.22762547531454,-20.928200479618056,0,0.10132179029587984,0.3403052090327141,0.0
0.28,0.04,657.7731754643044,521.9979570436085,0,-40.0,-5.528134029991839,0.0,-2.8665438622490615,0.0,0.0,0,-38.20830509913617,11.166707578902503,0,0.11466175448996285,0.3334991048520597,0.0
0.32,0.04,678.9377795446444,502.82502795450495,0,-40.0,-5.655868949392002,0.0,-3.19337298500408,0.0,0.0,0,21.16460408034004,-19.172929089103548,0,0.12773491940016335,0.32682912275501863,0.0
0.36,0.04,660.7202091959367,496.62480565611435,0,-40.0,-5.796415570404162,0.0,-3.5136655253039986,0.0,0.0,0,-18.21757034870768,-6.2002222983905995,0,0.14054662101215953,0.3202925402999184,0.0
0.4,0.04,699.7326674407001,497.50556773045986,0,-40.0,-5.949517658996078,0.0,-3.8275522147979184,0.0,0.0,0,39.012458244763366,0.8807620743455118,0,0.15310208859191654,0.31388668949391985,0.0
0.44,0.04,691.2978684788496,548.5259162917383,0,-40.0,-6.114924105816157,0.0,-4.13516117050196,0.0,0.0,0,-8.434798961850447,51.02034856127847,0,0.16540644682007866,0.3076089557040418,0.0
0.48,0.04,689.6616068831656,536.976075973789,0,-40.0,-6.2923888236998335,0.0,-4.436617947091921,0.0,0.0,0,-1.6362615956840045,-11.54984031794936,0,0.17746471788367657,0.3014567765899612,0.0
0.52,0.04,752.7649894502072,539.9763624773461,0,-40.0,-6.481670647225837,0.0,-4.732045588150084,0.0,0.0,0,63.103382567041535,3.000286503557163,0,0.1892818235260032,0.2954276410581622,0.0
0.56,0.04,696.960538288232,492.825551924128,0,-40.0,-6.68253323428132,0.0,-5.021564676387082,0.0,0.0,0,-55.80445116197518,-47.15081055321815,0,0.2008625870554832,0.28951908823699846,0.0
0.6,0.04,701.7363556774416,496.10843493745404,0,-40.0,-6.894744969595694,0.0,-5.3052933828593405,0.0,0.0,0,4.775817389209578,3.2828830133260567,0,0.21221173531437376,0.28372870647225845,0.0
0.64,0.04,716.6876535015867,518.8008631333989,0,-40.0,-7.11807887020378,0.0,-5.583347515202154,0.0,0.0,0,14.951297824145172,22.6924281959449,0,0.2233339006080861,0.2780541323428132,0.0
0.68,0.04,720.3752533857844,497.4109283777061,0,-40.0,-7.352312492799705,0.0,-5.855840564898111,0.0,0.0,0,3.6875998841976525,-21.38993475569282,0,0.23423362259592473,0.27249304969595745,0.0
0.72,0.04,692.7167452654111,502.4045771143416,0,-40.0,-7.597227842943711,0.0,-6.122883753600149,0.0,0.0,0,-27.658508120373313,4.993648736635464,0,0.244915350144006,0.26704318870203814,0.0
0.76,0.04,717.4394497686199,505.4219960188471,0,-40.0,-7.852611286084836,0.0,-6.384586078528146,0.0,0.0,0,24.722704503208774,3.0174189045055186,0,0.2553834431411257,0.26170232492799705,0.0
0.8,0.04,706.4443955661566,516.5703975045024,0,-40.0,-8.118253460363139,0.0,-6.641054356957584,0.0,0.0,0,-10.99505420246328,11.148401485655256,0,0.2656421742783026,0.25646827842943765,0.0
0.84,0.04,697.9100998884342,512.3854444774803,0,-40.0,-8.393949191155876,0.0,-6.892393269818433,0.0,0.0,0,-8.534295677722412,-4.184953027022061,0,0.27569573079273724,0.25133891286084875,0.0
0.88,0.04,717.3857605123657,508.73488286678815,0,-40.0,-8.679497407332759,0.0,-7.138705404422065,0.0,0.0,0,19.475660623931503,-3.6505616106921366,0,0.285548216176883,0.24631213460363188,0.0
0.92,0.04,687.8156210542129,513.8678915974104,0,-40.0,-8.974701059186105,0.0,-7.380091296333624,0.0,0.0,0,-29.570139458152767,5.133008730622294,0,0.2952036518533454,0.24138589191155901,0.0
0.96,0.04,713.494072207928,504.3847291878594,0,-40.0,-9.279367038002382,0.0,-7.616649470406951,0.0,0.0,0,25.67845115371506,-9.483162409551028,0,0.30466597881627777,0.2365581740733278,0.0
1.0,0.04,733.75530316539,519.9582868894714,0,-40.0,-9.593306097242335,0.0,-7.848476480998812,0.0,0.0,0,20.26123095746209,15.573557701612003,0,0.3139390592399529,0.23182701059186073,0.0
1.04,0.04,744.4529209965904,521.5131028785609,0,-40.0,-9.916332775297489,0.0,-8.075666951378835,0.0,0.0,0,10.697617831200319,1.554815989089434,0,0.32302667805515384,0.22719047038002316,0.0
1.08,0.04,710.4212033212135,521.7249223555573,0,-40.0,-10.0,0.0,0.0,0.0,0.0,1,-34.03171767537685,0.21181947699642478,0,0.08366722470251098,8.075666951378835,0.0
1.12,0.04,767.873522710692,515.2248427258523,0,-40.0,-10.0,0.0,0.0,0.0,0.0,1,57.452319389478475,-6.500079629704942,0,0.0,0.0,0.0
1.16,0.04,752.2166361589309,506.86596665760027,0,-40.0,-10.0,0.0,0.0,0.0,0.0,1,-15.65688655176109,-8.358876068252073,0,0.0,0.0,0.0
1.2,0.04,726.4951818705681,521.571004950617,0,-40.0,-10.0,0.0,0.0,0.0,0.0,1,-25.721454288362793,14.705038293016685,0,0.0,0.0,0.0
1.24,0.04,766.18713027514,511.72907076309616,0,-40.0,-10.0,0.0,0.0,0.0,0.0,1,39.69194840457192,-9.841934187520792,0,0.0,0.0,0.0
1.28,0.04,781.150819558397,531.3280970360029,0,-40.0,-10.0,0.0,0.0,0.0,0.0,1,14.96368928325694,19.599026272906713,0,0.0,0.0,0.0
1.32,0.04,749.7814844044335,527.0274656058955,0,-40.0,-10.0,0.0,0.0,0.0,0.0,1,-31.369335153963448,-4.300631430107387,0,0.0,0.0,0.0
1.36,0.04,786.1609766853172,501.11174361676865,0,-40.0,-10.0,0.0,0.0,0.0,0.0,1,36.37949228088371,-25.915721989126837,0,0.0,0.0,0.0
1.4000000000000001,0.04,775.9410109921766,480.76052451129755,0,-40.0,-10.0,0.0,0.0,0.0,0.0,1,-10.21996569314058,-20.351219105471102,0,0.0,0.0,0.0
1.44,0.04,774.8540319084016,499.5345465525912,0,-40.0,-10.0,0.0,0.0,0.0,0.0,1,-1.086979083775077,18.774022041293676,0,0.0,0.0,0.0
1.48,0.04,796.252494182861,515.1972387012391,0,-40.0,-10.0,0.0,0.0,0.0,0.0,1,21.39846227445946,15.66269214864792,0,0.0,0.0,0.0
1.52,0.04,788.9066897136101,478.56770205349227,0,-40.0,-10.0,0.0,0.0,0.0,0.0,1,-7.345804469250879,-36.629536647746875,0,0.0,0.0,0.0
1.56,0.04,782.8255371555946,495.8894747596112,0,-40.0,-10.0,0.0,0.0,0.0,0.0,1,-6.08115255801556,17.321772706118907,0,0.0,0.0,0.0
1.6,0.04,781.2090288004017,514.5104622549791,0,-40.0,-10.0,0.0,0.0,0.0,0.0,1,-1.6165083551928774,18.6209874953679,0,0.0,0.0,0.0
1.6400000000000001,0.04,835.9077400632438,504.57269274249103,0,-40.0,-10.0,0.0,0.0,0.0,0.0,1,54.69871126284204,-9.937769512488046,0,0.0,0.0,0.0
1.68,0.04,778.8787559537748,480.9463112301919,0,-40.0,-10.0,0.0,0.0,0.0,0.0,1,-57.02898410946898,-23.626381512299133,0,0.0,0.0,0.0
1.72,0.04,785.9240653265542,477.3811623767502,0,-40.0,-10.0,0.0,0.0,0.0,0.0,1,7.045309372779457,-3.5651488534417126,0,0.0,0.0,0.0
1.76,0.04,796.8639378432433,483.99983847118085,0,-40.0,-10.0,0.0,0.0,0.0,0.0,1,10.939872516689093,6.618676094430668,0,0.0,0.0,0.0
1.8,0.04,773.6670211882036,478.34277945684386,0,-40.0,-10.0,0.0,0.0,0.0,0.0,1,-23.196916655039672,-5.657059014336994,0,0.0,0.0,0.0
1.84,0.04,797.682086630653,478.75055734187055,1,-39.96846358267387,-10.0,0.7884104331532633,0.0,-3.7541216548591083,-93.8530413714777,1,24.015065442449327,0.40777788502668955,1,0.031536417326130106,0.7884104331532633,-3.7541216548591083
1.8800000000000001,0.04,797.0569890924565,483.9038496688643,1,-39.905515767529245,-10.0,1.5736953786155468,0.0,-7.320215432156223,-89.15234443242787,1,-0.6250975381964281,5.153292326993778,0,0.062947815144625,0.7852849454622834,-3.5660937772971146
1.92,0.04,768.701391493453,490.9017950855142,1,-39.816827674085935,-10.0,2.2172023360828135,0.0,-11.340974399800864,-100.51897419111602,1,-28.355597599003545,6.997945416649884,0,0.08868809344330941,0.6435069574672667,-4.020758967644641
1.96,0.04,792.0417586506379,457.35155170172766,1,-39.697731228912495,-10.0,2.9774111293360015,0.0,-13.685696683710503,-58.618057097740994,1,23.340367157184915,-33.55024338378655,0,0.1190964451734402,0.760208793253188,-2.3447222839096398
2.0,0.04,798.4110752989192,504.8103649877453,1,-39.546952568679274,-10.0,3.7694665058305965,0.0,-16.846499194400245,-79.02006276724353,1,6.369316648281256,47.45881328601763,0,0.15077866023322173,0.792055376494595,-3.1608025106897415
2.04,0.04,803.5373176551311,464.04676105591636,1,-39.363466444915026,-10.0,4.587153094106252,0.0,-18.724505876862644,-46.950167061559966,1,5.126242356211947,-40.763603931828925,0,0.1834861237642471,0.8176865882756559,-1.8780066824623987
2.08,0.04,813.6500048358366,477.60780214463637,1,-39.14525032018361,-10.0,5.455403118285435,0.0,-20.628227679495268,-47.59304506581561,1,10.112687180705507,13.561041088720003,0,0.21821612473141982,0.8682500241791828,-1.9037218026326244
2.12,0.04,825.4269509547407,477.6067311917018,1,-38.88994880526124,-10.0,6.382537873059139,0.0,-22.19891436829412,-39.26716721997128,1,11.776946118904107,-0.001070952934583147,0,0.2553015149223654,0.9271347547737037,-1.570686688798851
2.16,0.04,785.119406164866,496.4964815132308,1,-38.6056234091059,-10.0,7.108134903883467,0.0,-24.926406102612535,-68.18729335796041,1,-40.30754478987478,18.889750321528993,0,0.2843253961553387,0.7255970308243285,-2.7274917343184164
2.2,0.04,788.9117958355126,477.9573964545074,1,-38.29151565378346,-10.0,7.852693883061029,0.0,-26.94487080553218,-50.4616175729911,1,3.792389670646685,-18.5390850587234,0,0.3141077553224392,0.7445589791775618,-2.018464702919644
2.24,0.04,852.198696156845,467.84387008783216,1,-37.934968159229655,-10.0,8.913687363845256,0.0,-27.392298171895813,-11.185684159090847,1,63.28690032133238,-10.113526366675217,0,0.3565474945538085,1.0609934807842265,-0.4474273663636339
2.2800000000000002,0.04,817.3743153398552,506.5914474314433,1,-37.54294580160787,-10.0,9.800558940544533,0.0,-29.32242071520837,-48.253063582813915,1,-34.82438081698979,38.74757734361117,0,0.3920223576217836,0.8868715766992779,-1.9301225433125566
2.32,0.04,870.4049000015341,484.99175716994995,1,-37.10484246398578,-10.0,10.952583440552203,0.0,-29.771823356984914,-11.2350660444136,1,53.03058466167886,-21.59969026149338,0,0.4381033376220884,1.1520245000076699,-0.449402641776544
2.36,0.04,800.9651891909477,510.1404966373035,1,-36.634546088525504,-10.0,11.757409386506943,0.0,-32.075301775167,-57.58696045455211,1,-69.43971081058635,25.14873946735355,0,0.47029637546027914,0.8048259459547396,-2.3034784181820847
2.4,0.04,847.0575040864433,473.4393111767805,0,-36.18776453183824,-10.0,11.169538917181596,0.0,-32.075301775167,0.0,1,46.09231489549552,-36.70118546052299,1,0.44678155668726305,0.5878704693253471,0.0
2.44,0.04,882.301707340049,501.91932148756956,0,-35.76332205298534,-10.0,10.611061971322515,0.0,-32.075301775167,0.0,1,35.24420325360575,28.480010310789055,0,0.4244424788529031,0.5584769458590806,0.0
2.48,0.04,818.6881416762741,470.5989393068659,0,-35.360101698075084,-10.0,10.080508872756388,0.0,-32.075301775167,0.0,1,-63.61356566377492,-31.32038218070369,0,0.4032203549102533,0.5305530985661271,0.0
2.52,0.04,799.4382666018028,485.6840044866496,0,-34.97704236091034,-10.0,9.576483429118568,0.0,-32.075301775167,0.0,1,-19.249875074471333,15.085065179783726,0,0.3830593371647453,0.5040254436378202,0.0
2.56,0.04,855.3326812900552,486.10970534651426,0,-34.61313599060383,-10.0,9.09765925766264,0.0,-32.075301775167,0.0,1,55.89441468825248,0.4257008598646621,0,0.3639063703065091,0.47882417145592804,0.0
2.6,0.04,832.9684912434237,464.49589736635056,0,-34.26742493881265,-10.0,8.642776294779507,0.0,-32.075301775167,0.0,1,-22.364190046631506,-21.6138079801637,0,0.3457110517911772,0.4548829628831328,0.0
2.64,0.04,834.0903268796627,461.5527100877433,0,-33.93899943961103,-10.0,8.210637480040532,0.0,-32.075301775167,0.0,1,1.121835636238984,-2.9431872786072404,0,0.32842549920162156,0.4321388147389751,0.0
2.68,0.04,801.9123926082923,467.5447856837254,0,-33.62699521536949,-10.0,7.800105606038505,0.0,-32.075301775167,0.0,1,-32.17793427137042,5.992075595982101,0,0.31200422424154084,0.41053187400202695,0.0
2.72,0.04,824.4318040557528,478.53714516479994,0,-33.330591202340024,-10.0,7.41010032573658,0.0,-32.075301775167,0.0,1,22.51941144746047,10.992359481074516,0,0.2964040130294663,0.39000528030192516,0.0
2.7600000000000002,0.04,827.098585281066,485.7511298342199,0,-33.049007389962036,-10.0,7.0395953094497505,0.0,-32.075301775167,0.0,1,2.6667812253132297,7.213984669419972,0,0.28158381237798835,0.3705050162868293,0.0
2.8000000000000003,0.04,829.4031182087543,448.50143507100057,0,-32.78150276820295,-10.0,6.687615543977262,0.0,-32.075301775167,0.0,1,2.304532927688342,-37.24969476321934,0,0.2675046217590875,0.3519797654724881,0.0
2.84,0.04,806.107190774428,441.29347676231714,0,-32.52737337753181,-10.0,6.353234766778399,0.0,-32.075301775167,0.0,1,-23.29592743432636,-7.2079583086834305,0,0.2541293906711388,0.33438077719886383,0.0
2.88,0.04,842.9349556087192,494.26515855187705,0,-32.28595045639423,-10.0,6.035573028439479,0.0,-32.075301775167,0.0,1,36.8277648342912,52.97168178955991,0,0.2414229211375769,0.31766173833892,0.0
2.92,0.04,833.2519025569997,438.01506682993585,0,-32.05659868131353,-10.0,5.733794377017505,0.0,-32.075301775167,0.0,1,-9.683053051719526,-56.2500917219412,0,0.22935177508070126,0.3017786514219738,0.0
2.96,0.04,856.3315999184948,441.0987402224332,0,-31.838714494986867,-10.0,5.447104658166629,0.0,-32.075301775167,0.0,1,23.079697361495164,3.08367339249736,0,0.21788418632666406,0.2866897188508757,0.0
3.0,0.04,843.1046939811363,467.0773112624235,0,-31.631724517976537,-10.0,5.174749425258297,0.0,-32.075301775167,0.0,1,-13.226905937358538,25.9785710399903,0,0.2069899770103305,0.27235523290833186,0.0
3.04,0.04,820.2417840548223,458.71744314728284,0,-31.435084039816722,-10.0,4.916011953995382,0.0,-32.075301775167,0.0,1,-22.862909926313932,-8.35986811514067,0,0.19664047815981434,0.2587374712629149,0.0
3.08,0.04,859.0555847338185,450.96844364025884,1,-31.194632444710145,-10.0,6.011289877664475,0.0,-31.368582155196997,17.667990499250052,1,38.81380067899613,-7.748999507023996,1,0.24045159510657754,1.0952779236690926,0.7067196199700021
3.12,0.04,815.7167684520276,429.7462004553917,1,-30.91903749591316,-10.0,6.889873719924613,0.0,-30.752631906860127,15.398756208421727,1,-43.338816281790855,-21.222243184867125,0,0.27559494879698576,0.878583842260138,0.6159502483368691
3.16,0.04,841.114802475473,425.50166835912546,1,-30.60321958662108,-10.0,7.895447732301977,0.0,-29.78984879209984,24.069577869007208,1,25.398034023445348,-4.244532096266255,0,0.315817909292079,1.0055740123773642,0.9627831147602883
3.2,0.04,820.375873882964,472.7298331384647,1,-30.25132650255241,-10.0,8.797327101716796,0.0,-30.593612317079824,-20.09408812449962,1,-20.738928592508955,47.22816477933924,0,0.3518930840686707,0.9018793694148188,-0.8037635249799848
3.24,0.04,864.5962931153158,428.34462481787426,1,-29.854514159860674,-10.0,9.920308567293375,0.0,-29.56268285386343,25.773236580409886,1,44.22041923235179,-44.385208320590436,0,0.39681234269173515,1.1229814655765793,1.0309294632163954
3.2800000000000002,0.04,870.1281729527062,447.5614501124509,1,-29.411676182578397,-10.0,11.070949432056906,0.0,-29.129183499935127,10.83748384820753,1,5.53187983739042,19.216825294576665,0,0.44283797728227725,1.1506408647635311,0.4334993539283012
3.3200000000000003,0.04,846.0408963975163,443.99505832391435,1,-28.92763002601662,-10.0,12.101153914044488,0.0,-29.0213167929038,2.696667675783182,1,-24.087276555189874,-3.5663917885365777,0,0.48404615656177796,1.0302044819875817,0.10786670703132728
3.36,0.04,807.7230432290739,414.7940262921662,1,-28.410039260809025,-10.0,12.939769130189857,0.0,-28.648301044677076,9.325393705668095,1,-38.31785316844241,-29.201032031748127,0,0.5175907652075935,0.838615216145369,0.3730157482267238
3.4,0.04,847.4781430406284,469.55606661117736,0,-27.918328033861812,-10.0,12.292780673680364,0.0,-28.648301044677076,0.0,1,39.75509981155449,54.762040319011135,1,0.4917112269472135,0.6469884565094937,0.0
3.44,0.04,833.0472651597157,425.81368768840156,0,-27.451202368261956,-10.0,11.678141639996344,0.0,-28.648301044677076,0.0,1,-14.430877880912703,-43.7423789227758,0,0.46712566559985547,0.6146390336840195,0.0
3.48,0.04,820.465398859124,430.90292222102636,0,-27.007432985942096,-10.0,11.094234557996526,0.0,-28.648301044677076,0.0,1,-12.581866300591741,5.0892345326248005,0,0.44376938231986074,0.5839070819998184,0.0
3.52,0.04,823.13985769813,430.2036740128926,0,-26.585852072738227,-10.0,10.539522830096699,0.0,-28.648301044677076,0.0,1,2.674458839005979,-0.6992482081337812,0,0.4215809132038686,0.5547117278998268,0.0
3.56,0.04,833.179034246969,438.5277004925999,0,-26.185350205194553,-10.0,10.012546688591863,0.0,-28.648301044677076,0.0,1,10.03917654883901,8.3240264797073,0,0.40050186754367445,0.5269761415048357,0.0
3.6,0.04,823.0853517302521,441.5392546609452,0,-25.80487343102806,-10.0,9.51191935416227,0.0,-28.648301044677076,0.0,1,-10.093682516716854,3.011554168345299,0,0.3804767741664925,0.5006273344295931,0.0
3.64,0.04,799.9344880743499,440.7074722808715,0,-25.443420495569892,-10.0,9.036323386454155,0.0,-28.648301044677076,0.0,1,-23.150863655902185,-0.8317823800736619,0,0.3614529354581677,0.47559596770811474,0.0
3.68,0.04,845.4992265823056,437.77561297926724,0,-25.100040206884636,-10.0,8.584507217131447,0.0,-28.648301044677076,0.0,1,45.56473850795567,-2.931859301604277,0,0.34338028868525683,0.45181616932270785,0.0
3.72,0.04,811.4399420754227,424.083860092172,0,-24.77382893263364,-10.0,8.155281856274875,0.0,-28.648301044677076,0.0,1,-34.05928450688293,-13.69175288709522,0,0.32621127425099417,0.4292253608565719,0.0
3.7600000000000002,0.04,866.1469067795924,431.1512732667048,0,-24.463928222095195,-10.0,7.747517763461131,0.0,-28.648301044677076,0.0,1,54.70696470416976,7.06741317453276,0,0.3099007105384466,0.4077640928137445,0.0
3.8000000000000003,0.04,812.3238623017388,434.49892077266304,0,-24.169522547083673,-10.0,7.3601418752880745,0.0,-28.648301044677076,0.0,1,-53.823044477853614,3.347647505958264,0,0.2944056750115216,0.38737588817305646,0.0
3.84,0.04,849.3633324768045,442.3360582194229,0,-23.889837155822725,-10.0,6.992134781523671,0.0,-28.648301044677076,0.0,1,37.03947017506573,7.8371374467598685,0,0.2796853912609478,0.36800709376440377,0.0
3.88,0.04,810.4113166707946,413.8653697976366,0,-23.624136034124827,-10.0,6.642528042447487,0.0,-28.648301044677076,0.0,1,-38.95201580600997,-28.470688421786292,0,0.26570112169789795,0.3496067390761839,0.0
3.92,0.04,822.2206848557095,441.325044033764,0,-23.371719968511822,-10.0,6.310401640325113,0.0,-28.648301044677076,0.0,1,11.809368184914888,27.459674236127398,0,0.252416065613005,0.3321264021223742,0.0
3.96,0.04,867.5419624280476,406.32581369628565,0,-23.13192470617947,-10.0,5.994881558308856,0.0,-28.648301044677076,0.0,1,45.32127757233809,-34.999230337478366,0,0.23979526233235404,0.31552008201625625,0.0
4.0,0.04,825.6728705090383,407.62418620892305,0,-22.90411920696373,-10.0,5.695137480393413,0.0,-28.648301044677076,0.0,1,-41.86909191900929,1.2983725126373997,0,0.22780549921573723,0.29974407791544344,0.0
4.04,0.04,788.4250856601943,405.82633465902967,0,-22.687703982708783,-10.0,5.410380606373742,0.0,-28.648301044677076,0.0,1,-37.247784848843935,-1.7978515498933803,0,0.2164152242549484,0.28475687401967065,0.0
4.08,0.04,809.7492569381149,416.5385453930679,0,-22.48210951966658,-10.0,5.139861576055055,0.0,-28.648301044677076,0.0,1,21.324171277920527,10.712210734038251,0,0.2055944630422033,0.2705190303186873,0.0
4.12,0.04,802.4351170976619,397.4234085773542,0,-22.286794779776486,-10.0,4.882868497252302,0.0,-28.648301044677076,0.0,1,-7.314139840452981,-19.115136815713697,0,0.19531473989009385,0.25699307880275324,0.0
4.16,0.04,847.0924193820761,406.55330358181686,0,-22.101245776880898,-10.0,4.638725072389686,0.0,-28.648301044677076,0.0,1,44.657302284414186,9.12989500446264,0,0.18554900289558773,0.24414342486261553,0.0
4.2,0.04,820.4377425222726,422.009160118564,0,-21.92497422413009,-10.0,4.406788818770202,0.0,-28.648301044677076,0.0,1,-26.65467685980343,15.455856536747149,0,0.17627155275080852,0.23193625361948467,0.0
4.24,0.04,823.3584649803349,394.9245165635938,0,-21.75751624901682,-10.0,4.186449377831691,0.0,-28.648301044677076,0.0,1,2.9207224580623006,-27.084643554970228,0,0.167457975113269,0.22033944093851066,0.0
4.28,0.04,798.4291466192005,368.5566621346106,0,-21.598431172659215,-10.0,3.977126908940106,0.0,-28.648301044677076,0.0,1,-24.929318361134392,-26.367854428983208,0,0.15908507635760571,0.2093224688915849,0.0
4.32,0.04,824.3809906731977,416.3110993135806,0,-21.44730035011949,-10.0,3.7782705634931006,0.0,-28.648301044677076,0.0,1,25.951844053997206,47.75443717897002,0,0.15113082253972365,0.19885634544700537,0.0
4.36,0.04,768.1102612499236,425.6284306786304,0,-21.30372606870675,-10.0,3.5893570353184456,0.0,-28.648301044677076,0.0,1,-56.27072942327413,9.317331365049824,0,0.14357428141273942,0.188913528174655,0.0
4.4,0.04,825.9981792807256,411.0792507194739,0,-21.16733050136465,-10.0,3.409889183552523,0.0,-28.648301044677076,0.0,1,57.887918030801984,-14.549179959156504,0,0.13639556734210245,0.1794678517659225,0.0
4.44,0.04,799.0733773283928,381.6596892025215,0,-21.037754712389653,-10.0,3.239394724374897,0.0,-28.648301044677076,0.0,1,-26.924801952332814,-29.4195615169524,0,0.12957578897499644,0.1704944591776263,0.0
4.48,0.04,816.1751681681005,397.49826818095283,0,-20.914657712863406,-10.0,3.0774249881561517,0.0,-28.648301044677076,0.0,1,17.101790839707746,15.838578978431315,0,0.12309699952624698,0.1619697362187451,0.0
4.5200000000000005,0.04,771.7394331989336,398.8475070822158,0,-20.79771556331347,-10.0,2.923553738748344,0.0,-28.648301044677076,0.0,1,-44.4357349691669,1.3492389012629928,0,0.11694214954993498,0.15387124940780783,0.0
4.5600000000000005,0.04,787.7392835897417,399.63355753224766,0,-20.686620521241032,-10.0,2.7773760518109265,0.0,-28.648301044677076,0.0,1,15.999850390808092,0.786050450031837,0,0.11109504207243859,0.1461776869374174,0.0
4.6000000000000005,0.04,779.615006793493,393.2395505288723,0,-20.581080231272217,-10.0,2.63850724922038,0.0,-28.648301044677076,0.0,1,-8.12427679624875,-6.39400700337535,0,0.1055402899688147,0.13886880259054646,0.0
4.64,0.04,794.4086944066997,413.660132406511,0,-20.480816955801842,-10.0,2.5065818867593608,0.0,-28.648301044677076,0.0,1,14.793687613206771,20.42058187763871,0,0.10026327547037539,0.13192536246101927,0.0
4.68,0.04,806.6306180143465,407.31625556182246,0,-20.385566844104986,-10.0,2.3812527924213924,0.0,-28.648301044677076,0.0,1,12.221923607646772,-6.343876844688566,0,0.09525011169685627,0.12532909433796835,0.0
4.72,0.04,758.375201583632,388.2099755237922,1,-20.266641692091405,-10.0,2.973128800339552,0.0,-27.267294622635813,34.52516055103158,1,-48.25541643071449,-19.106280038030263,1,0.11892515201358123,0.5918760079181595,1.3810064220412634
4.76,0.04,737.2398894393672,383.63923314480064,1,-20.128268562189948,-10.0,3.459328247536387,0.0,-26.123025279553932,28.606733577047017,1,-21.135312144264844,-4.570742378991554,0,0.13837312990145634,0.48619944719683517,1.1442693430818807
4.8,0.04,801.4813426380052,361.1390677884189,1,-19.957599163760893,-10.0,4.266734960726414,0.0,-23.55591382827375,64.17778628200459,1,64.24145319863806,-22.50016535638173,0,0.17066939842905526,0.8074067131900264,2.5671114512801836
4.84,0.04,796.9589747172727,372.11033405298815,1,-19.75553797038838,-10.0,5.0515298343127775,0.0,-21.70639281851036,46.23802524408473,1,-4.522367920732563,10.971266264569238,0,0.20206119337251138,0.7847948735863639,1.8495210097633894
4.88,0.04,736.7319252148762,387.8829216557953,1,-19.534130391972894,-10.0,5.5351894603871585,0.0,-21.585377946624376,3.0253717971495675,1,-60.227049502396426,15.772587602807164,0,0.2214075784154872,0.48365962607438107,0.1210148718859827
4.92,0.04,768.332145375484,373.9219117421316,1,-19.287056384482312,-10.0,6.176850187264579,0.0,-20.192023099351154,34.83387118183057,1,31.600220160607705,-13.961009913663702,0,0.24707400749058195,0.6416607268774204,1.3933548472732227
4.96,0.04,754.4903103247996,363.24801014306445,1,-19.01708431492677,-10.0,6.749301738888576,0.0,-18.385422524100154,45.165014381275,1,-13.84183505068438,-10.673901599067165,0,0.26997206955554276,0.5724515516239972,1.8066005752510002
5.0,0.04,767.3983419826983,374.1222145171419,1,-18.721632576974688,-10.0,7.386293448802068,0.0,-17.368105339990475,25.43292960274197,1,12.908031657898732,10.874204374077465,0,0.2954517379520816,0.6369917099134916,1.0173171841096789
5.04,0.04,765.2072281979569,351.18012159172804,1,-18.401139393383016,-9.998236024318345,8.012329589791852,0.044099392041359486,-15.101204384194869,56.67252389489015,1,-2.1911137847414466,-22.942092925413874,0,0.3204980379642455,0.6275874490489741,2.266900955795606
5.08,0.04,763.6348532357797,374.763137590281,1,-18.055919239144185,-9.999424676154748,8.630503855970751,-0.02971629591004543,-14.524307501754981,14.422422060997198,1,-1.5723749621771503,23.58301599855298,0,0.34522220059820946,0.6225658030710968,0.5768968824398879
5.12,0.04,774.1059246302771,372.692008230908,1,-17.6838778999793,-10.0,9.301033479122136,0.0,-13.814733356317925,17.739353635926403,1,10.471071394497358,-2.0711293593730034,0,0.3720417840043335,0.6711877783200105,0.7095741454370561
5.16,0.04,753.7924596748209,345.4684178173702,1,-17.28907806887945,-9.997093683563474,9.869995777496241,0.07265791091314888,-11.348418684163793,61.6578668038533,1,-20.313464955456197,-27.223590413537806,0,0.39481052836987357,0.5735828353336657,2.466314672154132
5.2,0.04,755.977420862592,373.1901854491475,1,-16.871082753607084,-9.996825404216777,10.4498828818092,0.0067069836674109595,-11.223870199029578,3.1137121283553615,1,2.184961187771137,27.72176763177731,0,0.4179954013663953,0.5836253751791827,0.12454848513421446
5.24,0.04,776.7854159558893,333.94478016600635,1,-16.42573035514354,-9.991346080903282,11.133809961588646,0.13698308283737948,-8.555864441407934,66.70014394054111,0,20.807995093297336,-39.24540528314117,0,0.4453861041851279,0.6962241826240914,2.6680057576216445
5.28,0.04,781.2484081102065,349.37977988446823,1,-15.952128275057952,-9.98374271356668,11.840052002139679,0.1900841834150384,-7.1007707760952865,36.37734163281618,0,4.462992154317135,15.434999718461881,0,0.4736631096636623,0.7082355164239115,1.4550936653126474
5.32,0.04,717.0568941369219,364.8292368247977,1,-15.46311481614498,-9.977105193595039,12.225336472824289,0.16593799929104947,-7.494635458369562,-9.846617056856877,0,-64.1915139732846,15.449456940329469,0,0.4890585033197996,0.386040362602759,-0.39386468227427507
5.36,0.04,733.5044123288648,363.66189528360735,1,-14.955400474766236,-9.971200052680118,12.692858534468613,0.14762852287301254,-7.313458128567962,4.529433245039982,0,16.44751819194289,-1.1673415411903534,0,0.5077486810725133,0.46788044952836166,0.18117732980159929
5.4,0.04,713.3446252451298,352.45477778391285,1,-14.433017208338466,-9.96378586732198,13.059581660694262,0.1853546339534482,-4.795393372779277,62.95161889471714,0,-20.159787083734955,-11.207117499694505,0,0.5224358785423063,0.36865852867656085,2.5180647557886857
5.44,0.04,717.25902249122,343.47953478341,1,-13.895182137412451,-9.953067588920524,13.445876773150362,0.2679569600363987,-0.981064639954548,95.3582183206182,0,3.914397246090175,-8.975243000502871,0,0.5379418602506059,0.3950279207622988,3.8143287328247286
5.48,0.04,727.1798803714934,368.54838282336425,1,-13.339911090412139,-9.944058987083741,13.881776175007829,0.22521504591957786,-2.545142439955242,-39.101945000017345,0,9.920857880273388,25.068848039954275,0,0.5553441190324039,0.4379899082879279,-1.5640778000006939
5.5200000000000005,0.04,703.8370080830052,341.6057147498294,1,-12.771872641795225,-9.931371528196923,14.200961215422854,0.31718647217043117,4.476660882790464,175.54508306864264,0,-23.342872288488138,-26.942668073534833,0,0.5681801217220777,0.3321713914101535,7.021803322745706
5.5600000000000005,0.04,717.0483647498298,353.7189226642284,1,-12.188424520228345,-9.917427853842952,14.586203039172004,0.34859185884928934,5.493239499803115,25.41446542531629,0,13.2113566668246,12.11320791439897,0,0.5836147158994625,0.3865198068379153,1.0165786170126516
5.6000000000000005,0.04,686.9420643182226,335.3720622293694,1,-11.59558798579782,-9.898558591934854,14.820913360763116,0.47173154770244263,16.792792142675644,282.48881607181323,0,-30.106300431607224,-18.346860434858968,0,0.5931367511801569,0.26505153844536516,11.299552642872529
5.64,0.04,700.4658027278181,364.040712523192,1,-10.990658290821733,-9.880497472531395,15.123242374402206,0.45152798508648306,6.086891126088071,-267.6475254146893,0,13.523738409595467,28.668650293822566,0,0.6051992563593981,0.30300332742457164,-10.705901016587573
5.68,0.04,711.7431587178241,308.16782332904666,1,-10.37137996410208,-9.852069917793745,15.481958167991326,0.7106888684412498,13.345247444998598,181.45890797276317,0,11.277355990006072,-55.87288919414533,0,0.6199304572394037,0.4425396976899305,7.258356318910527
5.72,0.04,713.3085629410575,320.70282997011685,1,-9.737439924794215,-9.815782929050119,15.848500982696613,0.9071747185906656,19.45731989759482,152.80181131490556,0,1.5654042232333722,12.535006641070197,0,0.6349777310975061,0.41588498929513334,6.112072452596223
5.76,0.04,709.534812751517,344.0923231354785,1,-9.089592922936047,-9.776314404933588,16.1961750464542,0.9867131029132725,24.34559107946821,122.20677954683472,0,-3.773750189540465,23.38949316536167,0,0.6490481509199095,0.3566561498002881,4.888271181873389
5.8,0.04,664.6406917316477,333.4569374936045,1,-8.43681778273155,-9.731537268315778,16.31937850511244,1.1194284154452498,37.06088447066133,317.88233477982794,0,-44.89412101986932,-10.635385641873995,0,0.6543090826457254,0.18108684768865116,12.715293391193118
5.84,0.04,679.1037283822245,346.7214531207801,1,-7.776221896850608,-9.684104422322124,16.51489714702356,1.1858211498413498,49.59781698834762,313.4233129421572,0,14.463036650576782,13.26451562717557,0,0.6622966097768319,0.20648373910640133,12.536932517686289
5.88,0.04,707.0735882665898,336.76485329751836,1,-7.102211293316348,-9.632024546987973,16.850265088356508,1.301996883353758,53.74210440493425,103.60718541466589,0,27.96985988436529,-9.95659982326174,0,0.6760196795149073,0.35492035322174087,4.144287416586636
5.92,0.04,671.1717654114283,355.114659519505,1,-6.421966336699802,-9.578967603557723,17.00612391541365,1.326423585756233,30.433244503318303,-582.7214975403988,0,-35.90182285516153,18.349806221986626,0,0.6823109556854611,0.15776133164336228,-23.30885990161595
5.96,0.04,640.6546868525468,305.2260758637109,1,-5.741590442712746,-9.514955875300217,17.009397349676384,1.6002932064376783,41.82254391525504,284.7324852984184,0,-30.517078558881508,-49.88858365579409,0,0.6833804639241585,0.27388918288985264,11.389299411936737
6.0,0.04,652.0834860662128,304.0277670331995,1,-5.058797851512448,-9.43974970044935,17.069814780007448,1.880154371271681,51.56352056213234,243.5244161719325,0,11.428799213666025,-1.1983088305113938,0,0.6869218960942475,0.2863084655927133,9.7409766468773
6.04,0.04,662.4501679382014,295.1558496098776,1,-4.37151522672451,-9.351574695520457,17.182065619698456,2.2043751232222935,59.36284412275673,194.98308901560966,0,10.36668187198859,-8.871917423321918,0,0.6929157508886693,0.3431025313324821,7.799323560624387
6.08,0.04,676.8626658992932,327.04583192528725,1,-3.676860068756713,-9.256808856976622,17.36637894919492,2.369145963595857,67.85076218076897,212.19795145030602,0,14.412497961091844,31.889982315409668,0,0.7010894041748036,0.24722627948396358,8.48791805801224
6.12,0.04,660.5010736047295,341.67593200698946,1,-2.97810469606797,-9.158378204834186,17.468884317218567,2.4607663035609093,78.09103332802297,256.00677868135017,0,-16.361592294563707,14.63010008170221,0,0.7056540683242527,0.1374832250457302,10.240271147254006
6.16,0.04,641.886729800501,314.23232915691636,1,-2.2789719774191273,-9.050794018523133,17.478317966221073,2.6896046577763277,85.55870891866147,186.69188976596232,0,-18.614343804228497,-27.44360285007309,0,0.7073619408969735,0.22903271839089673,7.467675590638493
6.2,0.04,638.4991574494223,320.9685221377068,1,-1.5801394272804,-8.93540353663962,17.470813753468185,2.8847620470877935,92.89649977896943,183.44477150769904,0,-3.3875723510786884,6.736192980790463,0,0.708295063121794,0.19530161241502236,7.337790860307962
6.24,0.04,622.4921217752037,318.6715054210296,1,-0.8848084527866318,-8.811747355840314,17.383274362344203,3.091404519982645,99.7663639568172,171.74660444619434,0,-16.007035674218628,-2.2970167166772057,0,0.7062407628707961,0.22441982221376328,6.869864177847774
6.28,0.04,617.8198685029156,303.2920704535059,1,-0.19391350459228063,-8.67674958913171,17.27237370485878,3.3749441677151157,105.25638308572341,137.2504782226553,0,-4.672253272288117,-15.379434967523707,0,0.7039603869940311,0.3044563805653491,5.490019128906212
6.32,0.04,626.54445973034,311.78286874640975,1,0.4942903355481386,-8.532108396172386,17.20509600351048,3.616029823983067,110.50019659760768,131.09533779710674,0,8.724591227424412,8.490798292903833,0,0.7032393620131882,0.2502969891086579,5.2438135118842695
6.36,0.04,668.1641702494346,309.94153468611165,1,1.1881270097384449,-8.377455510150286,17.345916854757654,3.8663221505525085,113.44969474603697,73.73745371073213,0,41.61971051909461,-1.8413340602980952,0,0.7108634507459433,0.287187675371912,2.949498148429285
6.4,0.04,640.5727382896594,306.0936447855904,1,1.882078231586683,-8.212021353085303,17.34878054620595,4.135853926624557,117.25501886500645,95.133102974237,0,-27.591431959775264,-3.8478899005212384,0,0.7133980366026137,0.2695469885590706,3.80532411896948
6.44,0.04,639.3365570362893,313.20411421351844,1,2.575896764842179,-8.037228018863024,17.345463331387396,4.369833355556965,121.25840527795829,100.08466032379602,0,-1.2361812533700913,7.110469427928024,0,0.7154976357594407,0.2340029424551931,4.003386412951841
6.48,0.04,629.9130402423368,291.274258183199,1,3.267697906146142,-7.848689536277385,17.29502853259908,4.71346206464097,123.91490719657335,66.41254796537659,0,-9.423516793952444,-21.929856030319456,0,0.7170324808020632,0.34731017640656237,2.6565019186150636
6.5200000000000005,0.04,618.0668381029507,292.28658076103886,1,3.9551124150706958,-7.646608369843954,17.185362723113833,5.052029160835776,126.75836889504093,71.08654246168946,0,-11.84620213938615,1.0123225778398819,0,0.7165022713900363,0.3558851899079779,2.8434616984675785
6.5600000000000005,0.04,579.4151720720886,292.0476895751845,1,4.6304099584096665,-7.43093674132556,16.882438583474276,5.391790712959853,130.09220318183316,83.34585716980563,0,-38.65166603086209,-0.23889118585435654,0,0.7089012790138168,0.4551933069346784,3.333834286792225
6.6000000000000005,0.04,634.9765187342788,300.1732342591463,1,5.304702805495493,-7.203299759658995,16.85732117714567,5.690924541664122,132.3737904751608,57.039682333191166,0,55.5613466621902,8.125544683961778,0,0.711680714262635,0.30018649465948866,2.2815872933276466
6.640000000000001,0.04,612.969241951784,303.38958172674063,1,5.973589500971677,-6.964340694337778,16.72216738690459,5.97397663303042,135.2159594956111,71.05422551125713,0,-22.007276782494728,3.216347467594346,0,0.710289269441851,0.31366388610001733,2.842169020450285
6.68,0.04,598.1810738551587,291.8990583054715,1,6.634112411218893,-6.711761440677656,16.513072756180385,6.314481341503062,137.52822336417415,57.80659671407662,0,-14.788168096625327,-11.490523421269131,0,0.7071681513904282,0.3995798056580577,2.3122638685630648
6.72,0.04,596.0019683916689,322.2971350013241,1,7.285835715144442,-6.451641614017799,16.29308259813873,6.502995666496442,141.16415899570472,90.8983907882643,0,-2.1791054634898046,30.39807669585258,0,0.7017161741767024,0.28971247878353734,3.6359356315305718
6.76,0.04,596.6740028589675,274.8915890285442,1,7.928893819641785,-6.17450010516365,16.07645261243357,6.928537721353721,142.2408827774169,26.918094542804738,0,0.6720344672985448,-47.40554597277986,0,0.7002364898301644,0.4775087341177894,1.0767237817121895
6.8,0.04,577.8958263348121,289.17728342559536,1,8.55953108940609,-5.883194052994621,15.76593174410763,7.282651304225745,144.17455715106468,48.34185934119404,0,-18.778176524155356,14.285694397051145,0,0.6946672455543599,0.47097732348846355,1.9336743736477615
6.84,0.04,600.8317196873797,261.799398614192,1,9.18233470310787,-5.57224788054843,15.570090342544528,7.773654311154784,144.40872790137786,5.854268757829573,0,22.935893352567632,-27.377884811403362,0,0.6961119618272141,0.5286187732000812,0.2341707503131829
6.88,0.04,568.1360019988953,311.8639928486642,1,9.79076551720943,-5.251674506671971,15.210770352539004,8.014334346911463,147.2770318146812,71.70759783258376,0,-32.69571768848448,50.064594234472224,0,0.6877174882077831,0.43247859464880567,2.8683039133033503
6.92,0.04,547.8006343904655,288.0046683836327,1,10.380756458189083,-4.916702066472239,14.749773524491332,8.374311004993299,149.12082022815528,46.09471033685182,0,-20.335367608429806,-23.859324465031534,0,0.6784510639179662,0.5848942381608683,1.8437884134740727
6.96,0.04,532.2767184631053,306.4313855927541,1,10.949202742861358,-4.571015903391058,14.21115711680686,8.642154077029527,151.5501522936622,60.73330163767281,0,-15.523915927360122,18.42671720912142,0,0.6653045181745739,0.6015376512444834,2.4293320655069124
7.0,0.04,563.446620338715,305.3222267450815,1,11.502338351601376,-4.214394185658893,13.828390218500434,8.91554294330412,153.57457158291436,50.61048223130413,0,31.16990187560964,-1.1091588476726315,0,0.6581322444725146,0.4703742878198467,2.0244192892521653
7.04,0.04,547.0108007126689,266.95717904390824,1,12.036876120483926,-3.83916390373551,13.36344422206378,9.380757048084579,154.1408310927679,14.156487746338797,0,-16.435819626046055,-38.36504770117324,0,0.6530914107797138,0.6577225424821302,0.5662595098535519
7.08,0.04,564.539549121039,289.2585234862637,1,12.556321799190686,-3.44978532650938,12.986141967668974,9.73446443065326,155.3251400506302,29.607723946557485,0,17.52874840837012,22.301344442355457,0,0.6491837101543533,0.5171710584081344,1.1843089578622994
7.12,0.04,572.2906978461922,252.15232536675413,1,13.062225617466684,-3.0388372143566,12.647595456899936,10.27370280381949,154.8491563474718,-11.899592578960494,0,7.7511487251531435,-37.10619811950957,0,0.651779889401451,0.6367038267898605,-0.47598370315841976
7.16,0.04,556.959134319584,293.1706936447524,1,13.551521262606599,-2.6145232409327708,12.232391128497856,10.607849335595727,156.31681662726473,36.69150699482344,0,-15.331563526608193,41.01836827799829,0,0.6476515856504975,0.5329620427590603,1.4676602797929377
7.2,0.04,563.569496564912,281.71560714414426,1,14.025530807059496,-2.1745523889377707,11.850238611322416,10.999271299875005,157.13746370103166,20.516176844173373,0,6.6103622453280195,-11.45508650060816,0,0.6467297726544292,0.547039030146637,0.8206470737669349
7.24,0.04,548.3865062450246,286.2611847752835,1,14.481217652761398,-1.719833773897827,11.39217114254754,11.367965375998587,158.25940980231434,28.048652532066853,0,-15.18299031988738,4.545577631139224,0,0.6437542389837856,0.588014564206061,1.1219461012826741
7.28,0.04,561.3520590498595,292.06919917036157,1,14.92117491027327,-1.251528998691956,10.998931437796838,11.70761938014678,159.45727602442298,29.946655552716095,0,12.965552804834829,5.808014395078089,0,0.6425509714551756,0.5196174630690537,1.1978662221086438
7.32,0.04,527.7722928820384,270.5664313848887,1,15.338686626361552,-0.7653375097630626,10.437792902207029,12.154787223222336,160.0269774502685,14.242535646138066,0,-33.57976616782105,-21.502767785472884,0,0.6408573920755506,0.7175204080754222,0.5697014258455226
7.36,0.04,518.3895539670037,268.96249650803304,1,15.731876253243234,-0.2609385201357758,9.829740672042048,12.609974740682171,160.60842275858886,14.536132708008864,0,-9.382738915034679,-1.6039348768556465,0,0.639543918292078,0.7595546001834595,0.5814453083203546
7.4,0.04,518.7078525186863,283.4754820808243,1,16.100807450628654,0.2587653730753462,9.223279934635478,12.99259733027805,161.66525466615298,26.420797689102926,0,0.3182985516825738,14.512985572791251,0,0.6373400701533185,0.7170736866492712,1.056831907564117
7.44,0.04,556.2564100649828,260.1464579428046,1,16.45298993002707,0.7984399746979073,8.804561984960392,13.491865040564027,161.38946164261353,-6.894825588486242,0,37.54855754629648,-23.32902413801969,0,0.6444231330668423,0.6516079863800861,-0.2757930235394497
7.48,0.04,521.0141552986498,243.0389710381896,1,16.781375240485215,1.3615067821128304,8.20963276145364,14.076670185373079,161.07282800005586,-7.915841063941542,0,-35.24225476633296,-17.107486904615,0,0.651829074019506,0.8342288884817413,-0.3166336425576617
7.5200000000000005,0.04,517.4691823274733,265.0857070087509,1,17.085254387408856,1.9435564481260035,7.596978673091007,14.551241650329324,161.61565902920114,13.5707757286319,0,-3.5449729711765485,22.046735970561286,0,0.6566006013103296,0.7749600682216901,0.542831029145276
7.5600000000000005,0.04,507.9737139513299,266.7304520057441,1,17.362728277122763,2.5442600237380275,6.936847242847657,15.017589390300603,162.2802543710379,16.614883545918957,0,-9.495468376143378,1.6447449969932109,0,0.6616921831380781,0.8082411272457318,0.6645953418367583
7.6000000000000005,0.04,527.3922763857854,260.45878591818655,1,17.617680622113827,3.1648718421664146,6.373808624776585,15.515295460709671,162.53384059313998,6.339655552552159,0,19.41856243445551,-6.2716660875575485,0,0.6709394364541647,0.751481082903235,0.25358622210208637
7.640000000000001,0.04,516.4628699825015,254.37869514037413,1,17.84792554110139,3.8066079215667266,5.756122974689092,16.0434019850078,162.70136368561987,4.188077311997063,0,-10.929406403283906,-6.080090777812416,0,0.6817902304401792,0.8126697135554269,0.1675230924798825
7.68,0.04,508.49059204685585,268.9018850077831,1,18.051868578498325,4.466563623965482,5.098575934923371,16.498892559968887,163.49287767539644,19.787849744414387,0,-7.97227793564565,14.523189867408973,0,0.6907490800799683,0.7998998520959001,0.7915139897765755
7.72,0.04,517.0205099734577,237.75036344843957,1,18.231215717889953,5.15096925367455,4.48367848479066,17.11014074272669,163.0536193043608,-10.98145927589087,0,8.529917926601854,-31.151521559343536,0,0.7075142842271281,0.8670197316695994,-0.4392583710356348
7.76,0.04,516.0597124540329,245.16810300996042,1,18.385774799772385,5.858341262781625,3.863977047060825,17.684300227676886,162.99290359739038,-1.517892674260679,0,-0.9607975194247729,7.417739561520847,0,0.7240605423999577,0.8448011518000558,-0.06071570697042716
7.8,0.04,499.41466758349816,253.76486151243722,1,18.512216815171517,6.586960299586213,3.1610503849783154,18.2154759201147,163.46490570062414,11.800052580844067,0,-16.645044870534775,8.596758502476803,0,0.7395088126941015,0.8810525004239239,0.4720021032337627
7.84,0.04,511.27941274539006,256.5046090213104,0,18.63233672980069,7.285640555654709,3.0029978657293994,17.467006401712403,163.46490570062414,0.0,0,11.864745161891904,2.7397475088731653,1,0.7089308105241716,0.7649753060186276,0.0
7.88,0.04,501.943175812644,248.22583636385883,0,18.74645064869841,7.954980806601835,2.8528479724429294,16.733506273678156,163.46490570062414,0.0,0,-9.33623693274609,-8.278772657451555,0,0.6789980545069013,0.7487105103310596,0.0
7.92,0.04,483.1783891070084,250.96869152358525,0,18.854858871651242,8.595567852530019,2.7102055738207826,16.014676148204593,163.46490570062414,0.0,0,-18.764786705635572,2.7428551597264175,0,0.6496953949465766,0.7328462343309251,0.0
7.96,0.04,494.0866001451519,240.5932350156097,0,18.95784668345643,9.207976757539639,2.5746952951297435,15.3102226252405,163.46490570062414,0.0,0,10.90821103814352,-10.375456507975542,0,0.6210081773338434,0.7173686650861216,0.0
8.0,0.04,508.65801563236585,235.39554252141986,0,19.055685104671362,9.792771084449067,2.4459605303732563,14.619858172735691,163.46490570062414,0.0,0,14.571415487213926,-5.197692494189852,0,0.5929222220926461,0.702264705747892,0.0
8.040000000000001,0.04,498.84889213137177,234.40412286760755,0,19.148631604825546,10.350503124820305,2.3236625038545933,13.943301009280978,163.46490570062414,0.0,0,-9.809123500994076,-0.9914196538123008,0,0.5654238063148531,0.6875219288955428,0.0
8.08,0.04,468.4664669547909,228.55195568066708,0,19.23693077997202,10.88171412438412,2.2074793786618634,13.280274989095359,163.46490570062414,0.0,0,-30.382425176580853,-5.852167186940477,0,0.5384996475292577,0.6731285330623938,0.0
8.120000000000001,0.04,501.683639311825,234.7200120855868,0,19.32081499636117,11.386934503956658,2.09710540972877,12.630509489313452,163.46490570062414,0.0,0,33.21717235703409,6.168056404919724,0,0.5121368896053492,0.6590733022394965,0.0
8.16,0.04,472.65172686469367,232.33541225540264,0,19.400505001930863,11.866684075937744,1.9922501392423315,11.993739299527183,163.46490570062414,0.0,0,-29.031912447131333,-2.3845998301841576,0,0.48632309096292475,0.6453455681642394,0.0
8.2,0.04,478.2733994883595,222.7645528118314,0,19.47621050722207,12.32147225647921,1.8926376322802148,11.36970451353664,163.46490570062414,0.0,0,5.621672623665802,-9.570859443571237,0,0.46104621535331275,0.6319351752114623,0.0
8.24,0.04,467.88293142287336,233.21797637452522,0,19.54813073724872,12.751798273409845,1.798005750666204,10.758150423265906,163.46490570062414,0.0,0,-10.390468065486118,10.453423562693814,0,0.43629462560805365,0.618832447714785,0.0
8.28,0.04,440.66428061151555,225.52096624429095,0,19.616454955774035,13.15815137000187,1.7081054631328936,10.158827414800589,163.46490570062414,0.0,0,-27.218650811357804,-7.6970101302342755,0,0.41205708093299664,0.606028159555718,0.0
8.32,0.04,493.5288374997257,235.5983548866181,0,19.681362963373086,13.541011004662053,1.6227001899762488,9.571490866504577,163.46490570062414,0.0,0,52.86455688821013,10.07738864232715,0,0.38832273858558414,0.5935135058675872,0.0
8.36,0.04,483.13127328089814,236.56848053744054,0,19.743025570592184,13.900847046629032,1.5415651804774362,8.995901049174487,163.46490570062414,0.0,0,-10.39756421882754,0.970125650822439,0,0.36508116115121325,0.5812800767104095,0.0
8.4,0.04,495.0077243638528,230.26368313164068,0,19.801605047450327,14.238119967756672,1.4644869214535643,8.431823028190998,163.46490570062414,0.0,0,11.876451082954645,-6.30479740579986,0,0.3423223311952423,0.5693198325816523,0.0
8.44,0.04,447.9139433253139,224.6156419174151,0,19.857255550465563,14.55328103046176,1.391262575380886,7.879026567627178,163.46490570062414,0.0,0,-47.09378103853891,-5.648041214225572,0,0.32003667591582174,0.5576250816360918,0.0
8.48,0.04,441.2312225060737,266.11053275192285,0,19.910123528330036,14.846772471912745,1.3216994466118417,7.337286036274634,163.46490570062414,0.0,0,-6.68272081924016,41.49489083450774,0,0.2982151057348632,0.5461884584960355,0.0
8.52,0.04,450.0461309101451,243.6957093440042,0,19.960348107301286,15.11902768453471,1.2556144742812496,6.8063803155491405,163.46490570062414,0.0,0,8.814908404071389,-22.414823407918647,0,0.276849072840548,0.5350029045407049,0.0
8.56,0.04,444.45469869683865,228.15073353507952,0,20.008061457323972,15.370471392904237,1.192833750567187,6.286092709238157,163.46490570062414,0.0,0,-5.591432213306462,-15.544975808924676,0,0.2559306590641437,0.524061649570806,0.0
8.6,0.04,428.5339003589481,224.84191928454544,0,20.053389139845525,15.601519827106372,1.1331920630388277,5.776210855053393,163.46490570062414,0.0,0,-15.920798337890574,-3.308814250534084,0,0.23545270809662178,0.5133581947511145,0.0
8.64,0.04,449.70233174155015,227.44762171734345,0,20.096450438241,15.812580892624466,1.0765324598868862,5.276526637952325,163.46490570062414,0.0,0,21.16843138260208,2.6057024327980116,0,0.21540902673086137,0.5028862967403693,0.0
8.68,0.04,458.22370488584255,249.24524414344478,0,20.1373586717167,16.004054336832198,1.022705836892542,4.786836105193278,163.46490570062414,0.0,0,8.521373144292397,21.797622426101327,0,0.19579469707546723,0.4926399529238515,0.0
8.72,0.04,462.64697990684607,223.2689448249939,0,20.176221493518618,16.176331912155774,0.9715705450479147,4.3069393830894125,163.46490570062414,0.0,0,4.423275021003519,-25.976299318450884,0,0.176606573710545,0.48261338766974765,0.0
8.76,0.04,474.2416233777522,233.20718978562792,0,20.21314117423044,16.32979753597288,0.922992017795519,3.836640595427624,163.46490570062414,0.0,0,11.594643470906135,9.938244960634023,0,0.1578441019406052,0.472801039535828,0.0
8.8,0.04,437.41903909550865,223.23683685306884,0,20.24821487090667,16.464827447313642,0.8768424169057429,3.375747783519072,163.46490570062414,0.0,0,-36.822584282243554,-9.97035293255908,0,0.13951072057455008,0.46319754935800095,0.0
8.84,0.04,464.1013040592991,229.31302337027424,0,20.281534882749085,16.58179036042759,0.8330002960604558,2.9240728278486907,163.46490570062414,0.0,0,26.68226496379043,6.0761865172054,0,0.12161638965731443,0.45379774915710364,0.0
8.88,0.04,460.6985916046531,245.81978502596584,0,20.31318889399938,16.681047615279258,0.791350281257433,2.481431371291717,163.46490570062414,0.0,0,-3.4027124546460072,16.506761655691605,0,0.10418243167119363,0.44459665180472424,0.0
8.92,0.04,447.0701869700325,208.32387737429622,0,20.343260204687162,16.762953325033894,0.7517827671945613,2.047642743865883,163.46490570062414,0.0,0,-13.628404634620551,-37.495907651669626,0,0.08725152730406363,0.4355894413930448,0.0
8.96,0.04,468.49288883554067,221.63786269491402,0,20.371827949840554,16.827854520593437,0.7141936288348332,1.6225298889885653,163.46490570062414,0.0,0,21.422701865508145,13.313985320617803,0,0.07091037475720431,0.42677146425759305,0.0
9.0,0.04,409.14461018312113,230.45229706713852,0,20.398967307736278,16.87609129224179,0.6784839473930915,1.205919291208794,163.46490570062414,0.0,0,-59.34827865241954,8.814434372224497,0,0.05534736566492935,0.4181382206054466,0.0
9.040000000000001,0.04,448.6222544702861,202.84301987463695,0,20.424749697737216,16.907996928457173,0.6445597500234369,0.7976409053846181,163.46490570062414,0.0,0,39.47764428716499,-27.609277192501565,0,0.04102074178350394,0.4096853567048374,0.0
9.08,0.04,441.20690937916993,216.39687916269148,0,20.449242968238106,16.92389805194825,0.6123317625222651,0.3975280872769257,163.46490570062414,0.0,0,-7.415345091116194,13.553859288054525,0,0.029202157935814668,0.4014086575952928,0.0
9.120000000000001,0.04,435.0898088776135,209.77702054648614,0,20.472511575213954,16.924114752969505,0.5817151743961518,0.005417525531387151,163.46490570062414,0.0,1,-6.117100501556422,-6.619858616205335,0,0.023269616024529892,0.39330404028039917,0.0
9.16,0.04,484.12787959958587,229.3012829661547,0,20.494616751841008,16.908960719970334,0.5526294156763443,-0.3788508249792406,163.46490570062414,0.0,0,49.03807072197236,19.52426241966856,0,0.02680081248494541,0.38536754736804907,0.0
9.200000000000001,0.04,443.8725047299814,198.69778823029506,0,20.51561666963671,16.87874336763115,0.524997944892527,-0.7554338084796558,163.46490570062414,0.0,0,-40.25537486960445,-30.60349473585964,0,0.036797893007844217,0.37759534112559034,0.0
9.24,0.04,423.360772003941,214.19034443062057,0,20.535566591542626,16.833763962338747,0.49874804764790065,-1.1244851323100626,163.46490570062414,0.0,0,-20.511732726040407,15.49255620032551,0,0.04920514489878359,0.36998369791969116,0.0
9.28,0.04,430.0555758600223,230.82604985167654,0,20.554519017353247,16.774317745152192,0.4738106452655056,-1.4861554296638615,163.46490570062414,0.0,0,6.6948038560813075,16.635705421055974,0,0.062394288055062315,0.3625290030129545,0.0
9.32,0.04,412.98551104799145,214.74424453600417,0,20.572523821873336,16.70069405230937,0.4501201130022303,-1.8405923210705841,163.46490570062414,0.0,0,-17.070064812030864,-16.08180531567237,0,0.07579327894754863,0.3552277456913778,0.0
9.36,0.04,481.5025770854756,219.81597311473908,1,20.55882914181052,16.6551071648436,-0.3423670015703908,-1.1396721866442794,160.8533581826114,-65.28868795031855,0,68.51706603748414,5.071728578734906,1,0.04759945977466232,1.057981503433698,-2.611547518012742
9.4,0.04,443.6550248672135,244.70780040930293,1,20.505865466721147,16.632578717295967,-1.324091877234323,-0.5632111886907933,159.6077796444303,-31.139463454527316,0,-37.84755221826208,24.891827294563853,0,0.057555901764103023,1.1384599306338772,-1.2455785381810927
9.44,0.04,442.1253143522014,227.7146648344152,1,20.413326854502216,16.636507336781452,-2.3134653054733163,0.09821548713713057,158.1506977134305,-36.427048274995144,1,-1.5297105150120842,-16.99313557488773,0,0.0926219671701449,1.1901029484889767,-1.4570819309998058
9.48,0.04,431.6964074221437,204.41321802024032,1,20.279127523767713,16.67155331266289,-3.354983268362598,0.8761493970359295,156.5388720072374,-40.2956426548279,0,-10.428906930057735,-23.30144681417488,0,0.13869996681712293,1.2999772441052466,-1.611825706193116
9.52,0.04,438.3330472685685,213.00855379321507,1,20.104594802486922,16.735997577785685,-4.363318032019755,1.6111066280698536,155.15077928581022,-34.70231803567927,0,6.636639846424828,8.59533577297475,0,0.18605035368118833,1.2477584409847076,-1.3880927214271708
9.56,0.04,465.4560099326008,215.4556127478764,1,19.895153283192652,16.829350720358903,-5.236037982356752,2.333828564330471,153.50005730711706,-41.26804946732889,0,27.122962664032286,2.4470589546613155,0,0.22930451201968857,1.1331227245398028,-1.6507219786931557
9.6,0.04,420.7130734171811,204.2034021689327,1,19.64185437858182,16.953863182498335,-6.332472615270847,3.112811553485807,152.50339935992423,-24.916448679820746,0,-44.74293651541973,-11.252210578943675,0,0.2822475656317898,1.344984535839297,-0.9966579471928299
9.64,0.04,434.11554178897086,197.58027881024506,1,19.34737858232878,17.11085958887572,-7.361894906325993,3.9249101594345817,151.2784610706701,-30.623457231353512,0,13.40246837178978,-6.62312335868765,0,0.3337122505906461,1.3111881631196836,-1.2249382892541405
9.68,0.04,436.4929038519443,208.8922821877099,1,19.012201366846128,17.298077538815562,-8.379430387066272,4.6804487484960315,150.35950691473397,-22.973853898403007,0,2.3773620629734182,11.312003377464833,0,0.3839196876410242,1.2673661720774765,-0.9189541559361203
9.72,0.04,473.55724836506494,219.63313704453174,1,18.64373560103649,17.513368861346496,-9.211644145240946,5.382283063273373,149.07152099312378,-32.19964804025466,0,37.06434451312066,10.74085485682184,0,0.426752122584999,1.0886464736975896,-1.2879859216101863
9.76,0.04,409.0393936066939,200.9310207497087,1,18.22907771394819,17.76047397972749,-10.366447177207476,6.1776279595248305,148.63057117673634,-11.023745409686114,0,-64.51785475837102,-18.702116294823043,0,0.4827029136587202,1.402192407136885,-0.44094981638744457
9.8,0.04,466.7105844400262,201.0768833052167,1,17.779761943747896,18.03936372144744,-11.232894255007345,6.972243542998747,147.20840063488077,-35.55426354638911,0,57.671190833332275,0.14586255550801752,0,0.5288328179938377,1.1756464026770654,-1.4221705418555644
9.84,0.04,431.96229286947477,207.1303185615758,1,17.288838632121497,18.348827399455075,-12.27308279065997,7.736591950190869,146.73846284694176,-11.748444698475424,0,-34.74829157055143,6.05343525635908,0,0.5803218640584243,1.2908217062322302,-0.46993778793901697
9.88,0.04,460.58248324623446,206.79579194703817,1,16.762031817144344,18.6889319190733,-13.170170374428798,8.502612990455678,145.7402966795002,-24.954154186038835,0,28.620190376759695,-0.3345266145376229,0,0.6270538290857625,1.1796416265462037,-0.9981661674415534
9.92,0.04,450.26030345149684,164.74149469610518,1,16.19727706285749,19.06808813975231,-14.118868857171314,9.478905516975152,144.1926166592269,-38.69200050683261,0,-10.322179794737622,-42.05429725093299,0,0.6802259714015565,1.3613140374269748,-1.5476800202733045
9.96,0.04,454.18133713263296,211.23283701243182,1,15.595358575997166,19.47699779302883,-15.04796217150815,10.222741331912992,143.7080744715532,-12.11355469184241,0,3.921033681136123,46.49134231632664,0,0.7276764180368553,1.190170620679929,-0.4845421876736964
10.0,0.04,440.04124555597076,197.98446633514394,1,14.953448338248034,19.91831055303832,-16.047755943728298,11.032819000237273,143.2405576914653,-11.687919502197275,0,-14.1400915766622,-13.24837067728788,0,0.778977345931409,1.286784137176044,-0.467516780087891
10.040000000000001,0.04,459.17153626654914,232.32477408567192,1,14.275372407752212,20.385158358230676,-16.951898262395552,11.671195129808913,143.35397396051647,2.835406726278933,0,19.13029071057838,34.340307750527984,0,0.8232459175305361,1.1067960133700638,0.11341626905115731
10.08,0.04,467.5654344451391,221.84711428472073,1,13.562809564145418,20.879636740566088,-17.814071090169858,12.36195955838531,142.89440648780027,-11.48918681790505,0,8.39389817858995,-10.477659800951187,0,0.8673261651109377,1.1047612777151534,-0.459567472716202
10.120000000000001,0.04,443.2805753320232,210.7905657106546,1,12.81090283560503,21.40395700975937,-18.79766821350974,13.108006729832038,142.7518176502369,-3.564720939084509,0,-24.284859113115886,-11.056548574066142,0,0.9166654095749582,1.2345240714810537,-0.14258883756338037
10.16,0.04,448.7791043215634,210.74636589155114,1,12.020751927928952,21.95812800577434,-19.753772691901922,13.854274900374282,142.4860974039011,-6.643006158394371,0,5.498528989540205,-0.044199819103454274,0,0.9651134387861116,1.2128693070426229,-0.26572024633577485
10.200000000000001,0.04,478.72446476717874,215.79775945284067,1,11.19834591320631,22.541139449898743,-20.56015036806603,14.575286103110079,141.49910730038738,-24.67475258784333,0,29.945360445615336,5.0513935612895295,0,1.0080942401541628,1.0817125824757454,-0.9869901035137332
10.24,0.04,441.61220185881916,220.30384853890337,1,10.336262338855432,23.152090124315365,-21.552089358771934,15.273766860415561,141.84740817274476,8.707521808934615,0,-37.11226290835958,4.506089086062701,0,1.0566214155201048,1.2131852000451901,0.3483008723573846
10.28,0.04,466.03540675151834,208.07024214463848,1,9.439385845854858,23.79342675030306,-22.42191232501434,16.03341564969237,141.04550524015406,-20.047573314767675,0,24.423204892699175,-12.233606394264882,0,1.1025879155560745,1.1548412339592218,-0.801902932590707
10.32,0.04,452.2565655180417,220.58569607821406,1,8.504960665957892,24.46264623707511,-23.36062949742413,16.7304871693013,141.1858828069296,3.509439169388884,0,-13.778841233476612,12.515453933575571,0,1.149349876365297,1.1692299317187091,0.14037756677555535
10.36,0.04,408.55964468370206,237.91123977275964,1,7.524247414997667,25.15628347589261,-24.517831274005623,17.340930970437498,142.9102475759891,43.10911922648728,0,-43.696920834339664,17.325543694545587,0,1.201220670686007,1.3083415402978578,1.7243647690594912
10.4,0.04,463.6854957504207,211.43008664981497,1,6.508271263187527,25.879634697380148,-25.39940379525352,18.083780537188424,142.06161070392224,-21.215921801671556,0,55.12585106671867,-26.481153122944676,0,1.2471746191590227,1.152820709842347,-0.8486368720668622
10.44,0.04,445.1720627626265,219.85829557384136,1,5.453329523929911,26.631014259752916,-26.373543481440386,18.784489059319217,142.25129725575036,4.742163795702936,0,-18.513432987794204,8.428208924026393,0,1.295173084950184,1.199975233573996,0.18968655182811744
10.48,0.04,493.1999409182431,209.66755596482477,1,4.369027772855945,27.41246031093272,-27.10754377684917,19.536151279495094,139.82535868727285,-60.648464211937636,0,48.02787815561658,-10.190739609016589,0,1.3365508663296646,1.0505962720759627,-2.4259385684775054
10.52,0.04,449.195435556574,227.9454692350898,1,3.2465651088932925,28.220317268265504,-28.0615665990663,20.196423933319643,140.52988973354806,17.613276156880175,0,-44.00450536166909,18.27791327026503,0,1.3829516605800503,1.1602239105878014,0.704531046275207
10.56,0.04,487.5866009040607,222.1581626225623,1,2.0936197651114528,29.055742593073777,-28.823633594545996,20.885633120206833,138.91254183931088,-40.43369735592961,0,38.39116534748666,-5.787306612527516,0,1.423804213745427,1.027499590700236,-1.6173478942371844
10.6,0.04,490.1819351194614,241.81350165633933,1,0.9107108083535052,29.914805217550782,-29.57272391894869,21.47656561192514,138.45366926557776,-11.471814343327935,0,2.595334215400726,19.65533903377704,0,1.4619378210961969,0.9541160955995547,-0.4588725737331174
10.64,0.04,469.9819128995135,216.50721852534934,1,-0.30620176582453973,30.802566398322718,-30.422814354451123,22.19402951929839,137.7534596450528,-17.505240513123965,0,-20.200022219947925,-25.306283130989982,0,1.5063187336278523,1.1123885143761645,-0.7002096205249586
10.68,0.04,483.80110169916264,217.426677999229,1,-1.5543541196627522,31.71884224349481,-31.20380884595531,22.906896129302243,136.14150936369077,-40.29875703405068,0,13.819188799649169,0.9194594738796695,0,1.5483687296111672,1.0574172305283625,-1.6119502813620272
10.72,0.04,466.78492214963165,222.7481103805421,1,-2.8371494890710385,32.66256846659079,-32.069884235207155,23.593155577399536,136.16149784532675,0.4997120408994249,0,-17.01617954953099,5.3214323813130875,0,1.5925398406113267,1.1050061583405464,0.019988481635976996
10.76,0.04,493.33936944204345,203.8326345874118,1,-4.149276984590916,33.63752816276929,-32.803187387996935,24.373992404462477,133.0204386180281,-78.52648068246637,0,26.554447292411794,-18.915475793130298,0,1.6346941529447465,1.071186101659816,-3.141059227298655
10.8,0.04,534.9038830695908,200.6335106048827,1,-5.482423703496875,34.64436115682682,-33.32866797264898,25.170824851438063,126.15027838525113,-171.75400581942418,0,41.5645136275474,-3.199123982529102,0,1.6706264849009682,0.9545008084854373,-6.870160232776968
10.84,0.04,499.03915427632245,219.47126604272054,1,-6.84376259154757,35.6792998976758,-34.033472201267365,25.87346852122446,123.27783199614112,-71.81115972775025,0,-35.8647287932684,18.837755437837842,0,1.710070690184816,0.9952171257415405,-2.87244638911001
10.88,0.04,447.2896488122427,228.7531002095418,1,-8.243643549835816,36.740488018482864,-34.99702395720615,26.52970302017675,126.40174339101118,78.09778487175159,0,-51.74950546407973,9.281834166821255,0,1.7566408070860855,1.1657940229679877,3.1239113948700634
10.92,0.04,500.56875708768246,212.14122413302897,1,-9.671410756706527,37.83124789446333,-35.69418017176774,27.268996899511606,122.26854512373076,-103.3299566820105,0,53.27910827543974,-16.61187607651283,0,1.7967404665294076,1.0161605323588505,-4.13319826728042
10.96,0.04,491.5895458195269,191.92136810202035,1,-11.12886005441333,38.95562349682339,-36.436232442670104,28.109390059001505,119.31596036181422,-73.81461904791351,0,-8.979211268155552,-20.219856031008618,0,1.8407549947151047,1.1211165127981877,-2.9525847619165404
11.0,0.04,521.0621341911864,224.77054474747487,1,-12.610096925281898,40.10704499023396,-37.03092177171417,28.78553733526413,110.8381554864999,-211.945121882858,0,29.47258837165947,32.84917664545452,0,1.8761220970683983,0.9004612913813942,-8.47780487531432
11.040000000000001,0.04,484.9979006781764,196.22995260869305,1,-14.12233421601483,41.291220493122786,-37.80593226832329,29.604387572220666,109.23057807778022,-40.18943521799194,0,-36.06423351300998,-28.540592138781818,0,1.9207116506975441,1.1274559771530281,-1.6075774087196777
11.08,0.04,495.71101007039874,183.6667227168514,1,-15.66342930473368,42.510662651468245,-38.52737721797129,30.486053958636408,106.28401227156321,-73.66414515542523,0,10.71310939222235,-12.563229891841644,0,1.9652005622896596,1.1392183426841407,-2.9465658062170093
11.120000000000001,0.04,527.5328663428028,187.05660427631486,1,-17.22701782018397,43.764693488958436,-39.08971288625728,31.350770937254833,100.38412853958857,-147.49709329936599,0,31.821856272404034,3.389881559463447,0,2.004345875098505,1.0314828437437182,-5.89988373197464
11.16,0.04,492.10505724263624,197.87726594244162,1,-18.820185324185736,45.05114887326014,-39.8291876000441,32.16138460754263,97.46184531872967,-73.05708052147253,0,-35.42780910016654,10.820661666126767,0,2.0477182793553563,1.0972316869228447,-2.922283220858901
11.200000000000001,0.04,530.698097326642,180.95550528331805,1,-20.43521320872217,46.37341315650518,-40.375697113410894,33.05660708112604,91.90449857079645,-138.9336686983306,0,38.59304008400579,-16.921760659123578,0,2.08727044308488,1.0488545778177292,-5.557346747933224
11.24,0.04,535.9135613139084,238.38204013761035,1,-22.071058380995826,47.7200010317227,-40.89612930684135,33.66469688043799,81.4777854220405,-260.66782871889876,0,5.215463987266389,57.4265348542923,0,2.1187940752545695,0.8003892003182473,-10.426713148755951
11.28,0.04,526.6025560813698,227.9456785435349,1,-23.729583042053207,49.09299977123152,-41.463116526434504,34.32496848772031,72.75894212892393,-217.97108232791408,0,-9.311005232538605,-10.436361594075436,0,2.153097673127789,0.8703063268557564,-8.718843293116564
11.32,0.04,516.0096476624485,206.87816697903395,1,-25.412905773578096,50.49662287734452,-42.08306828812226,35.09057765282515,67.08838126951973,-141.7640214851051,0,-10.592908418921297,-21.06751156450096,0,2.1917420565574606,0.9851383560253233,-5.670560859404205
11.36,0.04,548.5236233565827,194.4011553730642,1,-27.11452378043167,51.93336575238291,-42.54045017133935,35.91857187595983,61.93651589965562,-128.7966342466028,0,32.51397569413416,-12.47701160596975,0,2.227046009902336,0.9459242150614466,-5.151865369864112
11.4,0.04,521.1463970003563,225.7552799534834,1,-28.839912507885174,53.396957571430605,-43.13471818633757,36.58979547619241,54.471243016955505,-186.6318220675028,0,-27.3772263562264,31.35412458041921,0,2.262535585047659,0.8964907111393354,-7.465272882700113
11.44,0.04,529.7439146297564,209.7418417679883,1,-30.587352452412727,54.890601022124706,-43.68599861318879,37.341086267352466,49.103526535528204,-134.19291203568253,0,8.597517629400159,-16.01343818549512,0,2.2988077600207983,0.931851899129451,-5.367716481427301
11.48,0.04,527.3213715502404,218.21169748226112,1,-32.35732812263023,56.41260213332235,-44.249391755437586,38.05002777994116,43.27365879936535,-145.74669340407132,0,-2.4225430795160037,8.469855714272825,0,2.3343738465911503,0.9055439807124342,-5.8298677361628535
11.52,0.04,537.8238762562618,209.59627588341453,1,-34.14773901759648,57.964683989343314,-44.76027237415627,38.80204640052409,38.58862969802259,-117.12572753356909,0,10.502504706021341,-8.61542159884658,0,2.3694997912224687,0.9091375101082576,-4.685029101342764
11.56,0.04,534.0402585919925,196.7656932346842,1,-35.95934186084433,59.54941270671734,-45.29007108119631,39.61821793435067,35.092059913900755,-87.41424460304579,0,-3.7836176642692863,-12.830582648730342,0,2.4069212636340307,0.9730481193703224,-3.4965697841218315
11.6,0.04,521.1108109050664,232.87921051014246,1,-37.79472254191117,61.15956558198934,-45.88451702667098,40.25382188179995,28.816114863733574,-156.8986262541795,0,-12.929447686926096,36.113517275458264,0,2.4415598551295146,0.8702633854784325,-6.275945050167181
11.64,0.04,539.2560191003178,215.19730099135614,1,-39.650252019157946,62.79867899706307,-46.38823693116939,40.977835376843174,24.664753070859657,-103.78404482184793,0,18.14520819525137,-17.681909518786313,0,2.4758195468180553,0.8820029950020531,-4.151361792873917
11.68,0.04,537.93888481622,248.03429110316947,1,-41.52619371944148,64.46018555391616,-46.89854250708829,41.53766392132732,18.962863551275596,-142.5472379896015,0,-1.3171342840977331,32.83699011181332,0,2.5059451912060022,0.7575089306623116,-5.701889519584061
11.72,0.04,590.0361909508845,211.21647702103166,1,-43.41212818153483,66.15144881536504,-47.14836155233387,42.28158153622216,16.231764979458976,-68.2774642954155,0,52.09730613466445,-36.8178140821378,0,2.5332035478496495,0.7847438901439383,-2.73109857181662
11.76,0.04,577.1952294615865,209.97203980034334,1,-45.31062359773587,67.87271766885387,-47.462385405025934,43.031721337220446,13.62182470622917,-65.24850683074517,0,-12.840961489298024,-1.2444372206883259,0,2.5626258625337948,0.8132162695748982,-2.6099402732298067
11.8,0.04,570.579279097287,209.87459449718472,1,-47.22300315811745,69.62401160344325,-47.8094890095395,43.782348364734524,11.09970990204699,-63.05287010455447,0,-6.615950364299465,-0.09744530315862221,0,2.593111264156402,0.8269956751404014,-2.522114804182179
11.84,0.04,568.6916610746073,211.61285221581176,1,-49.14964438628411,71.40498296758948,-48.16603070416646,44.52428410365547,8.614096702489313,-62.14032998894194,0,-1.8876180226797032,1.7382577186270396,0,2.623700711205529,0.8231589279693399,-2.485613199557678
11.88,0.04,587.2524292456524,201.7719942162122,1,-51.086835128601635,73.21759993289245,-48.429768557938196,45.31542413257441,6.824716850206413,-44.73449630707249,0,18.560768171045083,-9.840857999599564,0,2.652977239824139,0.8339425644910933,-1.7893798522828996
11.92,0.04,572.3396497801164,202.14708893940997,1,-53.03755794096314,75.06178748040755,-48.76807030903761,46.104688687877356,4.9644814406086955,-46.50588523994294,0,-14.912779465536005,0.37509472319777615,0,2.684464043543386,0.8587121828962795,-1.8602354095977178
11.96,0.04,605.8221938722098,223.83006330716117,1,-54.9951163145502,76.93320901526121,-48.93895933967656,46.78553837134155,2.7171670285491163,-56.18286030148948,0,33.48254409209346,21.6829743677512,0,2.708182665020009,0.701968198899362,-2.247314412059579
12.0,0.04,576.5686681236805,263.2722506080146,1,-56.965360954512526,78.82397609999327,-49.25611599905815,47.26917711830148,-1.0200448962177195,-93.4302981191709,0,-29.25352574852934,39.44218730085342,0,2.7307259309580023,0.5783552404457494,-3.737211924766836
12.040000000000001,0.04,580.5172999627433,185.9826274944498,1,-58.947502134482306,80.74954665922644,-49.55352949924443,48.13926398082923,-1.6792155018566643,-16.47926514097362,0,3.948631839062841,-77.2896231135648,0,2.763458998414399,0.9195139685923414,-0.6591706056389448
12.08,0.04,562.8213088677861,207.0226482769564,1,-60.94507905267853,82.70571268880421,-49.9394229549055,48.90415073944445,-3.429323059170525,-43.75268893284652,0,-17.695991094957208,21.040020782506616,0,2.795871792372531,0.8567178722467147,-1.7501075573138607
12.120000000000001,0.04,600.8584780582082,253.8723377555071,1,-62.95048427526311,84.6831042508309,-50.13513056461446,49.434789050666915,-6.04435333119852,-65.37575680069988,0,38.037169190422105,46.84968947855069,0,2.816332277332315,0.5655780103885096,-2.615030272027995
12.16,0.04,590.7690676460666,204.79777119952914,1,-64.96573568431847,86.69153625861766,-50.38128522638412,50.21080019466927,-7.108210029093178,-26.59641744736645,0,-10.08941041214166,-49.07456655597795,0,2.845177915632346,0.8141163388157616,-1.063856697894658
12.200000000000001,0.04,609.9990819417159,217.43409280755736,1,-66.9869872769855,88.72848144784292,-50.531289816675546,50.92362973063148,-8.352599673599114,-31.109741112648393,0,19.230014295649312,12.636321608028226,0,2.869599920680049,0.7284417097123171,-1.2443896445059357
12.24,0.04,627.356289091357,229.6186489177441,1,-69.01076761183425,90.79150290728464,-50.59450837121876,51.575536486042765,-9.698185216118173,-33.63963856297647,0,17.357207149641113,12.184556110186747,0,2.8899384744034853,0.6549648871423556,-1.3455855425190588
12.280000000000001,0.04,628.014459742896,234.4462899374298,1,-71.03694505473443,92.87963510873887,-50.654436072504275,52.203305036355616,-11.087719248023156,-34.73835079762457,0,0.6581706515389669,4.8276410196857,0,2.909586073802868,0.6306224561044942,-1.389534031904983
12.32,0.04,600.7489952170508,194.82827116402575,1,-73.07097269859119,95.00080165596029,-50.85069109641902,53.02916368053549,-11.574920340128001,-12.180027302621133,0,-27.26546452584512,-39.61801877340406,0,2.9388120009665,0.8488571932771712,-0.4872010921048453
12.36,0.04,618.655509584226,233.91662618235912,1,-75.1092692405311,97.14718487794524,-50.95741354849789,53.6595805496237,-13.006028565978704,-35.777705646267584,0,17.90651436717519,39.088355018333374,0,2.9600023190029257,0.6393865111250826,-1.4311082258507035
12.4,0.04,617.9007425898801,225.3459626430503,1,-77.15198563395305,99.32049890740157,-51.06790983554849,54.332850736408446,-14.146477022581195,-28.511211415062252,0,-0.7547669943459141,-8.57066353930881,0,2.982613641520885,0.6822771972337479,-1.1404484566024902
12.44,0.04,646.5009866524649,228.90949315600503,1,-79.1934018300445,101.5200310382267,-51.03540490228617,54.98830327062842,-15.01914634919227,-21.8167331652769,0,28.600244062584807,3.5635305129547135,0,3.000886815625779,0.6562580249427629,-0.8726693266110761
12.48,0.04,613.3488628489215,241.5429702966201,1,-81.24014825356616,103.74325457499252,-51.16866058804156,55.58058841914532,-16.543314355272116,-38.10420015199614,0,-33.15212380354342,12.63347714061507,0,3.021902350610992,0.6070904174337025,-1.5241680060798455
12.52,0.04,629.266516465309,224.96231363876586,0,-83.18455735591174,105.90664724102302,-48.61022755863948,54.08481665076241,-16.543314355272116,0.0,0,15.917653616387497,-16.580656657854234,1,2.908778882060115,2.9635979398404984,0.0
12.56,0.04,648.5412738295892,232.316033310505,0,-85.03174600314003,108.01140565373291,-46.1797161807075,52.61896031774716,-16.543314355272116,0.0,0,19.274757364280163,7.353719671739128,0,2.800377452116433,2.8383305563830525,0.0
12.6,0.04,661.3982805443349,255.70636649903662,0,-86.78657521800692,110.0587024981886,-43.870730371672124,51.182421111392216,-16.543314355272116,0.0,0,12.857006714745694,23.390333188531628,0,2.696451361079697,2.7193860258745257,0.0
12.64,0.04,651.5882412507694,241.1206788180944,0,-88.45366297213046,112.04968700575517,-41.67719385308852,49.77461268916437,-16.543314355272116,0.0,0,-9.81003929356541,-14.585687680942215,0,2.596767392224189,2.6064395277956365,0.0
12.68,0.04,616.4447468539964,230.77285514813028,0,-90.03739633854782,113.98548542317042,-39.59333416043409,48.39496043538108,-16.543314355272116,0.0,0,-35.14349439677301,-10.347823669964129,0,2.5011051334901993,2.4991821782413393,0.0
12.72,0.04,652.6918523119477,239.60984057855538,0,-91.54194303664431,115.86720147223735,-37.613667452412386,47.04290122667346,-16.543314355272116,0.0,0,36.24710545795131,8.836985430425102,0,2.409256328427745,2.3973202495078896,0.0
12.76,0.04,671.4122084093365,244.97881523307916,1,-93.04020729305894,117.77192175825768,-37.4566064103657,47.61800715050806,-17.149211457772516,-15.147427562509996,0,18.72035609738873,5.368974654523782,1,2.423376807272657,0.596166918369718,-0.6058971025003999
12.8,0.04,657.8043881020408,258.159903118444,1,-94.53491067185315,119.6970100636543,-37.367584469855494,48.12720763491584,-18.280213989420012,-28.275063291187408,0,-13.607820307295697,13.181087885364832,0,2.437232687732892,0.5169236299622203,-1.1310025316474963
12.84,0.04,676.6406976749752,259.7963215572203,1,-96.02228591111238,121.6421391047395,-37.184380981480615,48.62822602712974,-19.14861647594878,-21.710062163219224,0,18.836309572934397,1.6364184387763316,0,2.4486347397752977,0.5334631641353753,-0.868402486528769
12.88,0.04,683.5980796426907,217.50676069899185,1,-97.50094153444306,123.61576679368488,-36.96639058326716,49.34069222363478,-18.83287584946326,7.893515662138029,0,6.9573819677154916,-42.28956085822847,0,2.466095843023816,0.7450690537632191,0.31574062648552115
12.92,0.04,700.1016177899335,251.675300059622,1,-98.96757683421576,125.61105942261835,-36.66588249431749,49.882315723336674,-19.32982643084017,-12.423764534422777,0,16.503538147242807,34.16853936063015,0,2.4763303046273144,0.6194038480293029,-0.49695058137691106
12.96,0.04,673.1725440742587,256.5683875631063,1,-100.42757762517361,127.6270383740392,-36.5000197739462,50.399473785521145,-20.268618296948016,-23.46979665269613,0,-26.929073715674804,4.893087503484281,0,2.489131061669805,0.5431048731979519,-0.9387918661078452
13.0,0.04,666.7621815965396,288.6803921352397,1,-101.88222597981215,129.657281247033,-36.3662088659635,50.75607182484495,-21.982327111048733,-42.8427203525179,0,-6.410362477719104,32.1120045721334,0,2.497576417048087,0.380877304055699,-1.7137088141007162
13.040000000000001,0.04,633.7689097922945,256.6152105264598,1,-103.33812055249223,131.70820107792153,-36.39736431700203,51.27299577221265,-23.39638394146041,-35.35142076029194,0,-32.99327180424507,-32.06518160877988,0,2.5151344217538547,0.5178619791910002,-1.4140568304116776
13.08,0.04,690.3218016498623,227.27557719891084,1,-104.78395076484233,133.78566579337024,-36.14575530875272,51.9366178862181,-23.161998576355455,5.859634127623892,0,56.55289185756783,-29.339633327548967,0,2.531063935754833,0.7097192425383876,0.23438536510495567
13.120000000000001,0.04,675.4349030749852,236.23460731274804,1,-106.22269399657745,135.8878835873564,-35.96858079337779,52.555444849654364,-23.41996610588366,-6.449188238205128,0,-14.886898574877137,8.959030113837201,0,2.5474107914146256,0.6436906241154104,-0.2579675295282051
13.16,0.04,664.1955920040675,249.81302446637272,1,-107.65659810991174,138.01213877644932,-35.84760283335745,53.106379727322505,-24.216564708701714,-19.914965070451363,0,-11.239311070917665,13.578417153624684,0,2.5629165250989243,0.5640610837860489,-0.7965986028180545
13.200000000000001,0.04,662.5447349917403,248.7671430372491,1,-109.08599327624769,140.15864053693477,-35.73487915839875,53.662544012136266,-24.995189156463603,-19.465611194047217,0,-1.6508570123272648,-1.0458814291236251,0,2.578883547062898,0.5674727646315699,-0.7786244477618887
13.24,0.04,732.6825512817729,277.90287046109125,1,-110.49685193232729,142.321561723328,-35.27146640198988,54.07302965983081,-25.48147234065675,-12.157079604828702,0,70.13781629003267,29.135727423842155,0,2.5823923416056247,0.6190717646328816,-0.4862831841931481
13.280000000000001,0.04,727.9199532344321,249.01082208708863,1,-111.89012659776,144.5066807453038,-34.831866635817725,54.62797554939536,-25.465454816811132,0.4004380961404763,0,-4.762598047340816,-28.892048374002627,0,2.5915168210021737,0.7079639078111297,0.016017523845619053
13.32,0.04,716.6573428090206,255.7238953571838,1,-113.2680697946309,146.7126549882082,-34.44857992177262,55.149356072609436,-25.7665062761251,-7.526286482849187,0,-11.26261042541148,6.71307327009518,0,2.6009709368157754,0.6471061390146747,-0.3010514593139675
13.36,0.04,728.112161404471,291.47522062799635,0,-114.57711583165826,148.85914334625448,-32.72615092568399,53.66220895115724,-25.7665062761251,0.0,0,11.45481859545032,35.75132527081254,1,2.514162643562529,2.2756028228604483,0.0
13.4,0.04,699.0209688912755,240.01856627915814,0,-115.82070956683425,150.94733553713985,-31.089843379399788,52.20480477213409,-25.7665062761251,0.0,0,-29.091192513195438,-51.456654348838214,0,2.430446873363744,2.1912392217785728,0.0
13.44,0.04,717.3289963415812,242.04274797099242,0,-117.00212361525145,152.9783974842075,-29.5353512104298,50.776548676691405,-25.7665062761251,0.0,0,18.308027450305644,2.0241816918342863,0,2.3496705698084073,2.111009563587575,0.0
13.48,0.04,690.1278279225777,269.8050175256037,0,-118.12446696124778,154.9534717923338,-28.058583649908307,49.376857703157576,-25.7665062761251,0.0,0,-27.201168419003466,27.762269554611294,0,2.2716894833851735,2.034693404225972,0.0
13.52,0.04,717.135081024456,266.46656316692446,0,-119.19069313994429,156.87367821429757,-26.65565446741289,48.00516054909442,-25.7665062761251,0.0,0,27.00725310187829,-3.3384543586792574,0,2.196367675752096,1.9620813881086125,0.0
13.56,0.04,719.7558795010775,266.4914395769687,0,-120.20360800970597,158.74011410782208,-25.322871744042246,46.66089733811253,-25.7665062761251,0.0,0,2.6207984766215304,0.02487641004421448,0,2.1235770478183675,1.8929747404850976,0.0
13.6,0.04,726.1399488103262,272.5412898582439,0,-121.16587713597958,160.55385488347608,-24.056728156840133,45.34351939135027,-25.7665062761251,0.0,0,6.38406930924873,6.049850281275212,0,2.053196890862964,1.8271847848612828,0.0
13.64,0.04,755.3474211136834,287.3649774279585,0,-122.08003280593951,162.31595444361702,-22.853891748998127,44.05248900352326,-25.7665062761251,0.0,0,29.20747230335712,14.823687569714593,0,1.9851134599233289,1.7645324837823233,0.0
13.68,0.04,760.0133732586763,279.1585827916132,0,-122.94848069240143,164.02744561255514,-21.71119716154822,42.78727922345279,-25.7665062761251,0.0,0,4.665952144992957,-8.206394636345294,0,1.9192195686927975,1.7048480013694125,0.0
13.72,0.04,763.0968910030269,276.44143613582884,0,-123.77350618454027,165.68934055811448,-20.625637303470807,41.547373638983736,-25.7665062761251,0.0,0,3.0835177443506154,-2.7171466557843473,0,1.8554142051721514,1.6479702860994208,0.0
13.76,0.04,752.3107997023649,278.310380538621,0,-124.55728040207215,167.30263120476263,-19.594355438297267,40.33226616620406,-25.7665062761251,0.0,0,-10.786091300662065,1.8689444027921809,0,1.7936021673242186,1.5937466724171792,0.0
13.8,0.04,746.4872258967749,299.769546483064,0,-125.30186590872745,168.86828963847782,-18.614637666382404,39.14146084287997,-25.7665062761251,0.0,0,-5.823573805589945,21.459165944442987,0,1.7336937179861427,1.5420324998724257,0.0
13.84,0.04,784.6118098589604,263.3182589713484,0,-126.00922214004999,170.38726850351873,-17.68390578306328,37.97447162602237,-25.7665062761251,0.0,0,38.12458396218551,-36.45128751171558,0,1.6756042582996087,1.49269074857744,0.0
13.88,0.04,768.1745624008336,271.3379976677491,0,-126.68121055980639,171.8605013912588,-16.799710493910116,36.83082219350192,-25.7665062761251,0.0,0,-16.437247458126876,8.01973869640068,0,1.6192540189252724,1.445591689885146,0.0
13.92,0.04,819.7895598863062,281.6135467486711,0,-127.31959955857498,173.28890322124406,-15.959724969214609,35.71004574963188,-25.7665062761251,0.0,0,51.6149974854726,10.27554908092202,0,1.5645677683162238,1.4006125512903147,0.0
13.96,0.04,799.9788771119706,296.42279367634495,0,-127.92606910740513,174.67337061462962,-15.161738720753878,34.61168483463924,-25.7665062761251,0.0,0,-19.810682774335532,14.809246927673826,0,1.5114745373330174,1.3576371946569155,0.0
14.0,0.04,765.5933313151667,280.0581272772228,0,-128.50221517879376,176.01478226014748,-14.403651784716184,33.53529113794645,-25.7665062761251,0.0,0,-34.38554579680397,-16.364666399122143,0,1.4599073594949463,1.316555806971732,0.0
14.040000000000001,0.04,757.3385942182854,293.7193854336191,0,-129.04955394661297,177.31399927275498,-13.683469195480374,32.48042531518752,-25.7665062761251,0.0,0,-8.254737096881286,13.661258156396286,0,1.4098030261730217,1.277264602916435,0.0
14.08,0.04,814.8140681105115,309.3141512441077,0,-129.56952577604122,178.57186554511034,-12.999295735706355,31.446656808883763,-25.7665062761251,0.0,0,57.47547389222609,15.594765810488582,0,1.3611018560446229,1.2396655386371953,0.0
14.120000000000001,0.04,779.0722431876916,305.240818808517,0,-130.06349901399807,179.78920809201858,-12.349330948921036,30.433563672706086,-25.7665062761251,0.0,0,-35.74182492281989,-4.0733324355906575,0,1.3137474781443428,1.203666036170833,0.0
14.16,0.04,790.3705497601205,308.8836106799492,0,-130.53277359005708,180.96683738798868,-11.731864401474983,29.440732399251964,-25.7665062761251,0.0,0,11.298306572428942,3.6427918714321663,0,1.2676866278628864,1.1691787180595972,0.0
14.200000000000001,0.04,768.9908145063185,293.1287286494191,0,-130.97858443731312,182.10554769803935,-11.145271181401233,28.467757751266923,-25.7665062761251,0.0,0,-21.379735253801982,-15.754882030530098,0,1.2228689552633352,1.1361211517519179,0.0
14.24,0.04,805.535527181948,308.9521424426499,0,-131.40210474220638,183.206117401889,-10.58800762233117,27.514242596241584,-25.7665062761251,0.0,0,36.54471267562951,15.823413793230827,0,1.1792468451043667,1.1044156034439345,0.0
14.280000000000001,0.04,778.1304963791973,282.16305652340196,0,-131.80444903185497,184.2693093116617,-10.058607241214611,26.579797744316753,-25.7665062761251,0.0,0,-27.40503080275073,-26.789085919247952,0,1.136775247979529,1.0739888010659964,0.0
14.32,0.04,776.8699480684949,314.1960402569968,0,-132.18667610702113,185.2958709832389,-9.55567687915388,25.664041789430417,-25.7665062761251,0.0,0,-1.260548310702461,32.03298373359485,0,1.095411522005075,1.044771706159926,0.0
14.36,0.04,815.5407759370856,272.68598889192856,0,-132.54979182842897,186.28653502138457,-9.077893035196187,24.76660095364181,-25.7665062761251,0.0,0,38.67082786859078,-41.51005136506825,0,1.0551152845109455,1.0166992944267959,0.0
14.4,0.04,818.3498906116181,289.3463680882755,0,-132.8947517637664,187.24201937876734,-8.623998383436376,23.887108934568975,-25.7665062761251,0.0,0,2.8091146745324522,16.660379196346923,0,1.0158482732136636,0.9897103447519235,0.0
14.44,0.04,778.8027883181873,319.1593789558711,0,-133.222463702337,188.16302764900243,-8.192798464264557,23.025206755877594,-25.7665062761251,0.0,0,-39.54710229343084,29.813010867595608,0,0.9775742163759885,0.9637472365339014,0.0
14.48,0.04,795.3553860879174,282.27925144600954,0,-133.53379004397905,189.05024935383284,-7.783158541051329,22.180542620760043,-25.7665062761251,0.0,0,16.55259776973014,-36.88012750986155,0,0.9402587114844538,0.9387557551589334,0.0
14.52,0.04,790.885214021991,346.0622830945813,0,-133.829550068539,189.90436022456663,-7.394000613998762,21.352771768344844,-25.7665062761251,0.0,0,-4.470172065926363,63.78303164857175,0,0.9038691120031324,0.9146849054707508,0.0
14.56,0.04,800.8067986912424,332.09614048844395,0,-134.11052209187093,190.72602247788575,-7.024300583298824,20.541556332977947,-25.7665062761251,0.0,0,9.921584669251388,-13.966142606137339,0,0.8683744217932124,0.8914867330908742,0.0
14.6,0.04,796.5475321335001,311.4220298336079,0,-134.37744551403628,191.5158850861385,-6.673085554133882,19.74656520631839,-25.7665062761251,0.0,0,-4.259266557742308,-20.674110654836056,0,0.8337451968175249,0.8691161534448446,0.0
14.64,0.04,822.8192821064697,321.1013491630626,0,-134.63102276509338,192.27458404222617,-6.339431276427188,18.967473902192022,-25.7665062761251,0.0,0,26.271749972969587,9.6793193294547,0,0.7999534537847771,0.8475307883477157,0.0
14.68,0.04,785.2370513737343,330.53165923784803,0,-134.8719211535976,193.0027426191921,-6.022459712605828,18.203964424148182,-25.7665062761251,0.0,0,-37.58223073273541,9.430310074785439,0,0.7669725854246668,0.8266908099973869,0.0
14.72,0.04,832.7357467679217,325.4104286811628,0,-135.10077462267662,193.70097162461872,-5.721336726975537,17.45572513566522,-25.7665062761251,0.0,0,47.49869539418739,-5.121230556685248,0,0.7347772821260425,0.8065587922181447,0.0
14.76,0.04,822.3718583649154,327.45878012458525,0,-135.31818541830168,194.3698696499368,-5.43526989062676,16.722450632951915,-25.7665062761251,0.0,0,-10.363888403006285,2.0483514434224617,0,0.703343459718462,0.7870995687891339,0.0
14.8,0.04,831.8720082525912,313.87605275118136,0,-135.5247256741455,195.0100233147485,-5.163506396095421,16.003841620292878,-25.7665062761251,0.0,0,9.500149887675775,-13.582727373403884,0,0.6726481932302357,0.7682800986845104,0.0
14.84,0.04,829.7922965288296,333.4585322967535,0,-135.72093891719712,195.622007506264,-4.90533107629065,15.29960478788702,-25.7665062761251,0.0,0,-2.079711723761534,19.58247954557214,0,0.6426696565216887,0.7500693380437121,0.0
14.88,0.04,806.1506557585942,314.4395310752969,0,-135.90734149809617,196.20638561394918,-4.660064522476117,14.60945269212928,-25.7665062761251,0.0,0,-23.641640770235426,-19.01900122145662,0,0.6133870677700534,0.7324381186822945,0.0
14.92,0.04,796.8587462845823,307.62029557811206,0,-136.08442394995026,196.76370975948066,-4.427061296352311,13.933103638286694,-25.7665062761251,0.0,0,-9.291909474011959,-6.81923549718482,0,0.5847806408791695,0.7153590329462977,0.0
14.96,0.04,810.0375986783815,327.11698669302524,0,-136.25265227921165,197.2945210221015,-4.205708231534695,13.27028156552096,-25.7665062761251,0.0,0,13.178852393799275,19.496691114913176,0,0.5568315430102676,0.6988063247063628,0.0
15.0,0.04,826.7275154701899,338.2375013098813,0,-136.41246919200995,197.79934965946993,-3.9954228199579602,12.620715934210542,-25.7665062761251,0.0,0,16.6899167918084,11.120514616856042,0,0.529521858589096,0.6827557862821074,0.0
15.040000000000001,0.04,823.0975636316749,344.8913763065041,0,-136.56429525916835,198.27871532409097,-3.795651678960062,11.984141615526331,-25.7665062761251,0.0,0,-3.6299518385150122,6.6538749966228465,0,0.5028345603539591,0.6671846610825743,0.0
15.08,0.04,851.9156753450953,332.77574892055827,0,-136.70853002296883,198.7331272754196,-3.6058690950120584,11.360298783215805,-25.7665062761251,0.0,0,28.81811171342042,-12.115627385945857,0,0.47675348829230524,0.652071551745052,0.0
15.120000000000001,0.04,800.888342334065,337.07304976638454,0,-136.8455530485793,199.16308458772167,-3.4255756402614552,10.748932807551489,-25.7665062761251,0.0,0,-51.02733301103035,4.297300845826271,0,0.45126333769702626,0.6373963335522802,0.0
15.16,0.04,805.976621651637,318.31203271472856,0,-136.97572492290922,199.5690763537777,-3.254296858248382,10.14979415140046,-25.7665062761251,0.0,0,5.08827931757196,-18.761017051655983,0,0.42634965811157005,0.6231400729068403,0.0
15.200000000000001,0.04,835.3192150015484,325.6052897408543,1,-137.06683295423886,199.98194706188553,-2.277700783240634,10.321767702696196,-23.382955295511735,59.58877451533411,0,29.342593349911454,7.29325702612573,1,0.4228036127875881,0.9916223051473815,2.3835509806133643
15.24,0.04,864.6743018531167,342.4969086983335,1,-137.11300612519787,200.39831838825373,-1.1543292739750526,10.409283159204524,-21.645512945892378,43.43605874048393,0,29.35508685156833,16.89161895747924,0,0.41892367221012694,1.1267752672815867,1.7374423496193572
15.280000000000001,0.04,841.4590754341463,341.71879475083904,1,-137.11888748107003,200.81834595567173,-0.1470338968043179,10.50068918545033,-20.150582890062015,37.37325139575906,0,-23.215226418970474,-0.7781139474944894,0,0.42006874168162095,1.0114341493659296,1.4949300558303626
15.32,0.04,818.9320736856208,367.8987116615961,1,-137.08898242220508,201.23679378075744,0.7476264716237879,10.461195627142349,-19.714229499148903,10.908834772827802,0,-22.527001748525436,26.179916910757072,0,0.41951507108168923,0.8955316387396595,0.4363533909131121
15.36,0.04,823.1558922260709,332.85063593415214,1,-137.0224461848949,201.6606714786563,1.6634059327541437,10.596942447471594,-18.236248754489115,36.949518616494714,0,4.223818540450111,-35.04807572744397,0,0.4290680291648782,0.9257857315047069,1.4779807446597886
15.4,0.04,824.1260089396811,339.2470644548318,1,-136.9190847457968,202.08869976366418,2.5840359774525425,10.700707125197429,-17.1357106019568,27.513453813307898,0,0.9701167136101958,6.396428520679649,0,0.4403314658972509,0.9264592746283682,1.100538152532316
15.44,0.04,814.2639342142342,337.1007223375595,1,-136.78087051985585,202.52130790420458,3.4553556485237196,10.815203513509633,-16.145405935165098,24.757616669792526,0,-9.862074725446973,-2.1463421172722974,0,0.454150829036205,0.8788102139439,0.990304666791701
15.48,0.04,845.727496210073,338.3522257410982,1,-136.6015107946729,202.95824559959675,4.4839931295740865,10.923442384804137,-15.200430806721997,23.624378211077524,0,31.46356199583886,1.2515034035387202,0,0.47231817736810894,1.0343165476200948,0.9449751284431009
15.52,0.04,814.4854141399575,348.01092639724936,1,-136.38725398666193,203.39758110970948,5.356420200273872,10.983387752817894,-14.859262608264013,8.529204961449599,0,-31.242082070115544,9.658700656151154,0,0.48879614383202197,0.8744840998189238,0.34116819845798396
15.56,0.04,832.631128519321,360.0260349688043,1,-136.1344709529471,203.83691141282844,6.319575842870476,10.983257577973877,-14.845093909329414,0.35421747336497056,0,18.14571437936354,12.015108571554947,0,0.5068632728583412,0.9631556513934635,0.014168698934598822
15.6,0.04,850.7030603535111,351.3360190148393,1,-135.83954730716158,204.27797451214443,7.373091144638037,11.026577482899686,-14.467241240137547,9.446316729796678,0,18.07193183419008,-8.69001595396503,0,0.5305813928339832,1.054405569608382,0.3778526691918671
15.64,0.04,821.8014651132801,318.64373413968184,1,-135.5082633683534,204.72730886463248,8.282098470204444,11.233358812201278,-13.158347840812244,32.72233498313257,0,-28.901595240231018,-32.69228487515744,0,0.5582565793952824,0.9322300338870897,1.308893399325303
15.68,0.04,819.9297066463466,366.9817574092521,1,-135.14099348821594,205.17524686563868,9.18174700343617,11.198450025155015,-13.830280491177245,-16.798316259125023,0,-1.8717584669334428,48.33802326957027,0,0.5792543634722302,0.9003255559846327,-0.6719326503650009
15.72,0.04,809.5839364030269,375.7504108876003,1,-134.7398068207979,205.62003478446738,10.029666685451302,11.119697970717016,-14.942108610129484,-27.79570297380598,0,-10.345770243319748,8.768653478348199,0,0.598988342833113,0.8515689480170395,-1.1118281189522392
15.76,0.04,854.6011899221178,376.25605782051997,1,-134.29569991539543,206.06157149173197,11.102672635061891,11.038417681614423,-15.402147823537373,-11.50098033519722,0,45.0172535190909,0.5056469329196602,0,0.6262472413417951,1.07608004037633,-0.4600392134078888
15.8,0.04,811.3965444892086,383.2315940300364,1,-133.81731370109512,206.49846188019055,11.95965535750794,10.922259711464239,-16.705990152774536,-32.59605823092908,0,-43.20464543290916,6.975536209516406,0,0.6478630885920843,0.8648190912557675,-1.3038423292371633
15.84,0.04,848.077232667743,348.7862681472734,1,-133.29731204026126,206.93759501501967,13.000041520846649,10.97832837072787,-16.21867549122192,12.182866538815418,0,36.68068817853441,-34.44532588276297,0,0.6806171004131609,1.0418958985514153,0.4873146615526167
15.88,0.04,827.7508628934228,365.05994199418853,1,-132.7397602068487,207.37571616144996,13.938795835313767,10.953028660756932,-16.628540176085867,-10.246617121598689,0,-20.326369774320256,16.27367384691513,0,0.7090939189494575,0.9390951699669438,-0.40986468486394756
15.92,0.04,826.7913697168486,381.668128745396,1,-132.14485009949277,207.80950368213115,14.872752683898012,10.844688017029956,-17.672260824189113,-26.093016202581154,0,-0.9594931765741421,16.608186751207484,0,0.7362673759803429,0.9402197031016685,-1.0437206481032462
15.96,0.04,795.6934161124298,353.6616867467101,1,-131.51880130891436,208.244558865463,15.651219764460164,10.876379583296401,-18.081555557346928,-10.232368328945363,0,-31.097953604418876,-28.006441998685943,0,0.7623713666767675,0.7791118988254383,-0.4092947331578145
16.0,0.04,808.13830136813,385.3700235193131,1,-130.85912485806233,208.674540044091,16.491911271300822,10.74952946569984,-19.652270984808133,-39.26788568653014,0,12.444885255700228,31.708336772603047,0,0.7874368760624916,0.8502077169776087,-1.5707154274612058
16.04,0.04,821.8131126453882,378.512593893923,1,-130.16308578468121,209.1008187039402,17.400976834527768,10.656966496230229,-20.5455485497922,-22.331939124601696,0,13.674811277258186,-6.857429625390125,0,0.8162008867405585,0.9137658899095308,-0.8932775649840679
16.080000000000002,0.04,863.2977917165301,395.45613086856036,1,-129.4223871529568,209.5200061376157,18.517465793110418,10.47968584188742,-21.231673465871612,-17.153122901985274,0,41.484679071141954,16.943536974637368,0,0.8510890479790477,1.1304760170128267,-0.686124916079411
16.12,0.04,831.8684494291077,364.3340835334584,1,-128.64331483134654,209.9383267545845,19.476808040255953,10.458015424220125,-21.31381276884419,-2.053482574314458,0,-31.4293422874224,-31.122047335101968,0,0.8842770046090374,0.9595869706077301,-0.08213930297257832
16.16,0.04,863.086720046218,373.9169514503798,1,-127.81962516572706,210.35386398126323,20.592241640487046,10.388430666968222,-21.333858066113113,-0.5011324317230503,0,31.218270617110306,9.58286791692143,0,0.9225702423144763,1.1176019662501957,-0.020045297268922013
16.2,0.04,853.8661414974302,382.08311250264626,1,-126.9531622718081,210.76498458544143,21.6615723479742,10.278015104454997,-21.842014568205006,-12.703912552297325,0,-9.220578548787785,8.166161052266432,0,0.959050623125948,1.0750161665854563,-0.508156502091893
16.240000000000002,0.04,859.272588798253,377.39745780179453,1,-126.04284486012948,211.17262569805928,22.757935291965467,10.191027815446024,-22.097403306924974,-6.3847184679992175,0,5.40644730082272,-4.685654700851728,0,0.9974212082673908,1.0998083894053217,-0.2553887387199687
16.28,0.04,854.7948120536437,401.981193878378,1,-125.08956848604014,211.57187057190146,23.831909352233687,9.98112184605414,-23.331083426323268,-30.84200298495734,0,-4.477776744609287,24.583736076583477,0,1.0335048692126125,1.0942946578117585,-1.2336801193982936
16.32,0.04,827.7574114372513,379.20411892802434,1,-124.09874062966334,211.967274621958,24.77069640941994,9.885101251414017,-24.35031393302358,-25.48076266750776,0,-27.037400616392347,-22.777074950353665,0,1.0668102941823183,0.9436848485249029,-1.0192305067003105
16.36,0.04,837.4841753969553,390.44912053216143,1,-123.06841593820715,212.35658884790814,25.75811728640472,9.732855648753205,-25.54523790806963,-29.873099376151302,0,9.72676395970393,11.245001604137087,0,1.1014238677055421,0.9990889409031324,-1.194923975046052
16.4,0.04,842.1648561235767,402.63938228352254,1,-121.99765827552625,212.73737519740158,26.7689415670226,9.519658737335593,-27.023397890062828,-36.95399954982994,0,4.680680726621404,12.190261751361106,0,1.1364507099520018,1.0330627518813502,-1.4781599819931976
16.44,0.04,813.4286412537758,382.11747941670285,0,-120.98043849597939,213.09517941990512,25.43049448867147,8.945105562588882,-27.023397890062828,0.0,0,-28.736214869800847,-20.521902866819687,1,1.0783134709085,1.456554816049915,0.0
16.48,0.04,834.4520874112098,395.9129131058647,0,-120.01407970540987,213.4304611579586,24.158969764237895,8.382043451337104,-27.023397890062828,0.0,0,21.023446157434023,13.795433689161825,0,1.0228700582102985,1.3906164338066735,0.0
16.52,0.04,821.9122788795527,381.06931578129127,0,-119.09603885436883,213.74367086125102,22.951021276025998,7.830242582310362,-27.023397890062828,0.0,0,-12.539808531657172,-14.843597324573409,0,0.9699996507301859,1.3280149657410028,0.0
16.56,0.04,836.0722006958792,416.20648967760116,0,-118.22390004587984,214.0352499704776,21.803470212224696,7.289477730664154,-27.023397890062828,0.0,0,14.159921816326573,35.13717389630989,0,0.9195892986599764,1.2685819125336153,0.0
16.6,0.04,824.6663550799013,395.65775657110424,0,-117.3953681778153,214.30563109751964,20.71329670161346,6.75952817605087,-27.023397890062828,0.0,0,-11.40584561597791,-20.54873310649691,0,0.8715337114874269,1.2121570911698063,0.0
16.64,0.04,847.155542331296,398.1240839866371,0,-116.60826290315399,214.55523820202083,19.677631866532785,6.240177612529853,-27.023397890062828,0.0,0,22.489187251394696,2.4663274155328736,0,0.8257350785918772,1.1585882178117803,0.0
16.68,0.04,837.5077226379408,423.55790004257165,0,-115.86051289222574,214.784486764432,18.693750273206145,5.731214060279255,-27.023397890062828,0.0,0,-9.647819693355245,25.43381605593453,0,0.782102923029169,1.1077305119958165,0.0
16.72,0.04,808.5378432631447,379.8292857837956,0,-115.15015038184391,214.99378395559495,17.759062759545838,5.232429779073669,-27.023397890062828,0.0,0,-28.96987937479605,-43.72861425877602,0,0.7405539888385428,1.0594463211367813,0.0
16.76,0.04,840.4877598125493,396.0179949838937,0,-114.47530599698118,215.18352880293463,16.871109621568547,4.743621183492196,-27.023397890062828,0.0,0,31.94991654940452,16.18870920009806,0,0.701012161715277,1.013604764372214,0.0
16.8,0.04,792.0366605992035,418.891614966715,0,-113.83420383136158,215.35411235332754,16.027554140490118,4.2645887598223515,-27.023397890062828,0.0,0,-48.45109921334574,22.87361998282131,0,0.663408422034865,0.9700813948244058,0.0
16.84,0.04,846.2114084975746,403.2484896036895,0,-113.22515677402295,215.50591783271258,15.22617643346561,3.7951369846259047,-27.023397890062828,0.0,0,54.17474789837104,-15.64312536302549,0,0.6276808278290539,0.9287578794018125,0.0
16.88,0.04,857.9845760590615,419.4860708330334,0,-112.64656206955125,215.63932080250993,14.464867611792329,3.3350742449333866,-27.023397890062828,0.0,0,11.773167561486957,16.237581229343903,0,0.5937745231933099,0.8895216953008772,0.0
16.92,0.04,760.4785878660625,406.7271572485524,0,-112.09689710030314,215.75468931291132,13.741624231202712,2.884212760034719,-27.023397890062828,0.0,0,-97.50598819299898,-12.758913584481036,0,0.5616417644822773,0.8522658424058357,0.0
16.96,0.04,796.5127478601099,426.1522373038319,0,-111.57471537951743,215.8523840531047,13.054543019642576,2.4423685048340245,-27.023397890062828,0.0,0,36.0341599940474,19.425080055279523,0,0.5312419522065004,0.8168885708178321,0.0
17.0,0.04,819.7347736717005,422.8651039751911,0,-111.07864274477102,215.93275849849417,12.401815868660448,2.009361134737344,-27.023397890062828,0.0,0,23.222025811590584,-3.2871333286407776,0,0.5025416504290102,0.7832931227754333,0.0
17.04,0.04,796.2566550752249,442.84871558829656,0,-110.60737374176192,215.99615905497586,11.781725075227424,1.5850139120425972,-27.023397890062828,0.0,0,-23.47811859647561,19.983611613105438,0,0.4755145673471825,0.7513874882569856,0.0
17.080000000000002,0.04,818.9752536942856,424.83642026146725,0,-110.15966818890328,216.04292520032794,11.192638821466053,1.1691536338017452,-27.023397890062828,0.0,0,22.718598619060685,-18.012295326829303,0,0.4501414604449906,0.721084173581119,0.0
17.12,0.04,763.1497876220515,400.9993484202732,0,-109.73434791368757,216.07338962277296,10.63300688039275,0.7616105611257102,-27.023397890062828,0.0,0,-55.82546607223412,-23.837071841194074,0,0.4264099172679697,0.6922999823455841,0.0
17.16,0.04,802.9996762348744,441.4892748313333,0,-109.33029365223264,216.0878783567691,10.101356536373112,0.362218349903196,-27.023397890062828,0.0,0,39.84988861282295,40.48992641106014,0,0.40431394931748316,0.6649558080665281,0.0
17.2,0.04,769.2640723810817,424.23048416478764,0,-108.94644210385046,216.0867109160853,9.596288709554456,-0.02918601709486792,-27.023397890062828,0.0,1,-33.73560385379267,-17.25879066654568,0,0.38385332369688946,0.6389764379008631,0.0
17.240000000000002,0.04,754.2262342676576,426.4465827878776,0,-108.5817831328874,216.0702004242152,9.116474274076733,-0.41276229675297055,-27.023397890062828,0.0,0,-15.037838113424186,2.2160986230899766,0,0.3650325484742881,0.6142903668536212,0.0
17.28,0.04,771.7477432515528,442.3136592288639,0,-108.23535711047248,216.03865374218248,8.660650560372895,-0.7886670508179112,-27.023397890062828,0.0,0,17.521508983895274,15.867076440986295,0,0.3478594287258773,0.5908296218905937,0.0
17.32,0.04,788.3648488335947,414.03957242143855,0,-107.9062523891783,215.9923715937904,8.22761803235425,-1.1570537098015532,-27.023397890062828,0.0,0,16.61710558204186,-28.274086807425363,0,0.3323431281641007,0.5685295953944248,0.0
17.36,0.04,790.1087890489271,450.42690169008256,0,-107.59360290394885,215.93164868836618,7.816237130736537,-1.5180726356055223,-27.023397890062828,0.0,0,1.7439402153323726,36.38732926864401,0,0.31849171395407483,0.5473288874200359,0.0
17.400000000000002,0.04,786.0034279432281,452.0050364366279,0,-107.29658589298086,215.85677384105045,7.42542527419971,-1.871871182893412,-27.023397890062828,0.0,0,-4.105361105698989,1.578134746545345,0,0.30630923519364084,0.5271691562229177,0.0
17.44,0.04,790.0242077060287,438.10766666612426,0,-107.01441973256127,215.76803009068104,7.054154010489724,-2.2185937592355436,-27.023397890062828,0.0,0,4.020779762800657,-13.897369770503644,0,0.2957924869153451,0.5079949765520667,0.0
17.48,0.04,770.8790462673138,438.1671477740935,0,-106.74636188016265,215.665694815319,6.701446309965237,-2.5583818840508328,-27.023397890062828,0.0,0,-19.145161438714922,0.05948110796924766,0,0.28692772751335915,0.48975370521800216,0.0
17.52,0.04,762.4657384521627,459.58652824012694,0,-106.49170692038398,215.5500398454642,6.366373994466975,-2.891374246369816,-27.023397890062828,0.0,0,-8.413307815151143,21.41938046603343,0,0.2796877197733116,0.47239535346586986,0.0
17.56,0.04,771.1764881138392,438.842160935131,0,-106.24978470859423,215.4213315750065,6.048055294743626,-3.2177067614424195,-27.023397890062828,0.0,0,8.710749661676573,-20.744367304995933,0,0.274029515639201,0.45587246570414264,0.0
17.6,0.04,748.6708029167331,443.98198532865246,0,-106.01995860739397,215.27983106995794,5.745652530006444,-3.5375126262135708,-27.023397890062828,0.0,0,-22.505685197106118,5.139824393521451,0,0.26989336731736874,0.44014000416085247,0.0
17.64,0.04,812.2398759382907,441.6948332623251,0,-105.80162381125373,215.12579417501036,5.458369903506122,-3.8509223736892992,-27.023397890062828,0.0,0,63.56907302155753,-2.2871520663273373,0,0.26720300935934893,0.42515523906183195,0.0
17.68,0.04,726.4794155726615,437.22963410874013,0,-105.5942057549205,214.95947161796173,5.185451408330815,-4.1580639262155135,-27.023397890062828,0.0,0,-85.76046036562911,-4.46519915358499,0,0.2658673411238275,0.41087764394886117,0.0
17.72,0.04,709.6614140845348,440.13661705599327,0,-105.39715860140393,214.78110911205408,4.926178837914274,-4.459062647691203,-27.023397890062828,0.0,0,-16.818001488126697,2.906982947253141,0,0.26578330312988885,0.397268795779885,0.0
17.76,0.04,743.2197212684048,451.92631726660085,0,-105.20996380556319,214.5909474562646,4.67986989601856,-4.75404139473738,-27.023397890062828,0.0,0,33.55830718386994,11.789700210607577,0,0.26683955276993415,0.384292279478418,0.0
17.8,0.04,715.5292479306339,421.5334908607916,0,-105.03212874951448,214.3892226335909,4.445876401217632,-5.043120566842632,-27.023397890062828,0.0,0,-27.690473337770868,-30.392826405809274,0,0.26892045523273445,0.37191359662455253,0.0
17.84,0.04,754.9853061630401,437.5409265016115,0,-104.86318544626822,214.17616590737066,4.22358258115675,-5.32641815550578,-27.023397890062828,0.0,0,39.456058232406235,16.00743564081995,0,0.2719099268129835,0.3601000780055647,0.0
17.88,0.04,753.0222962892485,461.44655002140286,0,-104.70268930818426,213.95200391567482,4.012403452098912,-5.6040497923956645,-27.023397890062828,0.0,0,-1.9630098737916342,23.905623519791334,0,0.2756947748161163,0.34882079976942815,0.0
17.92,0.04,763.9498720489472,463.0233881329726,0,-104.55021797700451,213.71695876381293,3.8117832794939663,-5.876128796547752,-27.023397890062828,0.0,0,10.927575759698698,1.5768381115697707,0,0.28016732544232986,0.33804650294956423,0.0
17.96,0.04,711.4415833533213,456.9640203007352,0,-104.40537021238373,213.47124811498824,3.621194115519268,-6.142766220616797,-27.023397890062828,0.0,0,-52.50828869562588,-6.059367832237399,0,0.285227274049105,0.32774951615334263,0.0
18.0,0.04,765.4735469558842,422.4181971391884,0,-104.267764835994,213.21508527914006,3.440134409743304,-6.404070896204461,-27.023397890062828,0.0,0,54.03196360256288,-34.54582316154682,0,0.2907828022444658,0.3179036812301061,0.0
18.04,0.04,706.6291633152368,468.35667255333055,0,-104.13703972842376,212.94867930000885,3.268127689256139,-6.660149478280371,-27.023397890062828,0.0,0,-58.84438364064738,45.93847541414215,0,0.29675107323497346,0.3084842817563946,0.0
18.080000000000002,0.04,708.7778293176409,463.39802032357375,0,-104.01285087623202,212.67223504046027,3.104721304793332,-6.911106488714764,-27.023397890062828,0.0,0,2.1486660024040702,-4.958652229756808,0,0.3030582446429486,0.29946797419653165,0.0
18.12,0.04,703.1254278184182,466.77474536088863,0,-103.89487146664987,212.38595326610263,2.949485239553665,-7.157044358940469,-27.023397890062828,0.0,0,-5.652401499222719,3.376725037314884,0,0.3096391374078975,0.2908327216154503,0.0
18.16,0.04,705.3152899516634,465.9636830730228,0,-103.78279102754684,212.09003072723218,2.8020109775759816,-7.3980634717616605,-27.023397890062828,0.0,0,2.189862133245242,-0.8110622878658091,0,0.3164366821989306,0.282557729837597,0.0
18.2,0.04,705.6829601265378,472.1808528316773,0,-103.67631461039895,211.78466023913913,2.6619104286971824,-7.634262202326427,-27.023397890062828,0.0,0,0.36767017487431986,6.2171697586545065,0,0.3234012405771456,0.2746233859607519,0.0
18.240000000000002,0.04,701.7077014770333,450.79385702560313,0,-103.57516201410846,211.47003076080793,2.528814907262323,-7.865736958279898,-27.023397890062828,0.0,0,-3.9752586495044397,-21.386995806074196,0,0.33048987332635327,0.2670111991466575,0.0
18.28,0.04,666.7141931947835,459.8636414801269,0,-103.47906704763248,211.14632747204337,2.402374161899207,-8.0925822191143,-27.023397890062828,0.0,0,-34.99350828224976,9.069784454523756,0,0.3376656063904233,0.259703743621474,0.0
18.32,0.04,647.5434969905934,479.70495536782886,0,-103.38777682948032,210.81373184905408,2.2822554538042463,-8.314890574732013,-27.023397890062828,0.0,0,-19.170696204190108,19.841313887701972,0,0.3448967270965368,0.2526846038282782,0.0
18.36,0.04,651.8260710037823,462.6638179190445,0,-103.30105112223575,210.4724217385246,2.168142681114034,-8.532752763237372,-27.023397890062828,0.0,0,4.282574013188878,-17.041137448784355,0,0.3521561299292178,0.24593832168125543,0.0
18.400000000000002,0.04,708.0244630782511,453.9908212787546,0,-103.21866170035341,210.12257143020568,2.0597355470583323,-8.746257707972624,-27.023397890062828,0.0,0,56.19839207446876,-8.67299664028991,0,0.35942072153527826,0.2394503458769145,0.0
18.44,0.04,698.1196957863162,485.5267776372077,0,-103.1403917495652,209.76435172805316,1.9567487697054156,-8.95549255381317,-27.023397890062828,0.0,0,-9.904767291934832,31.53595635845312,0,0.3666708881362584,0.2332069832218934,0.0
18.48,0.04,684.2373469056184,448.4106394787181,0,-103.06603529631639,209.3979300199437,1.8589113312201446,-9.160542702736906,-27.023397890062828,0.0,0,-13.882348880697805,-37.116138158489605,0,0.3738900243569018,0.22719535193970253,0.0
18.52,0.04,669.7114851794605,452.30243974601126,0,-102.99539666573003,209.0234703459964,1.7659657646591373,-9.361491848682167,-27.023397890062828,0.0,0,-14.525861726157927,3.8918002672931493,0,0.38106411999009215,0.22140333692037337,0.0
18.56,0.04,674.4014902456342,478.4648506630048,0,-102.92828996667298,208.64113346552807,1.6776674764261803,-9.558422011708522,-27.023397890062828,0.0,0,4.69000506617374,26.162410916993565,0,0.3881813998951873,0.21581954687761062,0.0
18.6,0.04,645.3632365139683,485.8260006453207,0,-102.86453860256879,208.25107692266909,1.5937841026048711,-9.751413571474352,-27.023397890062828,0.0,0,-29.038253731665918,7.361149982315851,0,0.3952320116744708,0.21043327337779352,0.0
18.64,0.04,639.3070123643568,485.3371213694012,0,-102.8039748066698,207.85345511066728,1.5140948974746276,-9.940545300044864,-27.023397890062828,0.0,0,-6.05622414961158,-0.4888792759194871,0,0.40220775571001893,0.20523445170428842,0.0
18.68,0.04,671.871223021335,472.5290813703461,0,-102.74643920056576,207.44841933490554,1.4383901526008962,-10.125894394043966,-27.023397890062828,0.0,0,32.564210656978275,-12.808039999055097,0,0.40910185237502744,0.2002136235191921,0.0
18.72,0.04,644.8849415131097,488.3632765858087,0,-102.69178037476692,207.03611787465903,1.3664706449708512,-10.307536506163085,-27.023397890062828,0.0,0,-26.986281508225375,15.834195215462614,0,0.4159087416238239,0.1953619012828316,0.0
18.76,0.04,613.5614209819009,487.37311836587367,0,-102.63985449025803,206.61669604361742,1.2981471127223085,-10.485545776039823,-27.023397890062828,0.0,0,-31.323520531208715,-0.99015821993504,0,0.422623910630151,0.19067093438950453,0.0
18.8,0.04,633.7423567285043,479.6921158078503,0,-102.59052489997458,206.19029624919665,1.233239757086193,-10.659994860519026,-27.023397890062828,0.0,0,20.18093574660338,-7.681002558023351,0,0.429243745626668,0.18613287697584588,0.0
18.84,0.04,657.2409615038255,512.8529049872495,0,-102.5436617892053,205.7570580506643,1.1715777692318834,-10.830954963308645,-27.023397890062828,0.0,0,23.498604775321155,33.16078917939922,0,0.43576540456823565,0.18174035735626332,0.0
18.88,0.04,624.7171508038451,483.64912487937255,0,-102.49914183397449,205.3171182161026,1.112998880770289,-10.998495864042471,-27.023397890062828,0.0,0,-32.523810699980345,-29.20378010787698,0,0.4421867076789263,0.17748644903794103,0.0
18.92,0.04,641.1901406192806,495.1413441071784,1,-102.45438385061982,204.8501501127195,1.1189495838666919,-11.674202584578357,-33.53381041258852,-162.76031306314235,0,16.472989815435426,11.492219227805833,1,0.4691081822471325,0.6757329228657594,-6.510412522525694
18.96,0.04,646.2271056321586,487.00077547475826,1,-102.40838044613872,204.3577818542414,1.1500851120274878,-12.309206461952147,-39.06058825335175,-138.16944601908077,0,5.0369650128779995,-8.140568632420127,0,0.49451270477166664,0.6357667381938127,-5.526777840763231
19.0,0.04,605.3960779941925,517.7948848735964,1,-102.36929782605878,203.8338546187886,0.9770655019984507,-13.098180886320126,-46.16167510084426,-177.52717118731275,0,-40.83102763796603,30.794109398838145,0,0.5253829072605467,0.8077229894966363,-7.10108684749251
19.04,0.04,621.5916491051855,482.0678669504393,1,-102.33389687615781,203.2855138099457,0.8850237475243763,-13.708520221072323,-52.35343293057511,-154.79394574327117,0,16.195571110993,-35.72701792315712,0,0.5494823654098059,0.6172404621477925,-6.191757829730847
19.080000000000002,0.04,631.772140498954,486.50792167321896,1,-102.30014149815705,202.71187141676816,0.843884450019144,-14.341059829438425,-57.07072635538233,-117.93233562018041,0,10.18049139376842,4.440054722779678,0,0.574634684642723,0.6338760114968586,-4.717293424807217
19.12,0.04,590.7395267731946,484.7959228709543,1,-102.27623821480164,202.11326983901643,0.5975820838851196,-14.965039443793192,-64.21357599267262,-178.57124093225724,0,-41.03261372575935,-1.7119988022646453,0,0.5990786391134617,0.6708318825857504,-7.14284963729029
19.16,0.04,621.6014481696703,482.9493090736964,1,-102.2560146418123,201.49007839944997,0.5055893247334684,-15.579785989161667,-68.65362775282796,-111.00129400388354,0,30.861921396475736,-1.8466137972579304,0,0.6235194970916027,0.6215914918809695,-4.440051760155342
19.2,0.04,603.4132745677562,483.73827845027466,1,-102.24310841390941,200.84213930419344,0.3226556975722492,-16.198477381413046,-74.0607241271215,-135.1774093573386,0,-18.188173601914173,0.7889693765782795,0,0.6480676213795403,0.645169551972432,-5.407096374293545
19.240000000000002,0.04,604.0541237047257,493.0058697352554,1,-102.23739136126558,200.16759903498988,0.1429263160958787,-16.863506730089316,-78.56677961855229,-112.65138728576964,0,0.6408491369695639,9.26759128498071,0,0.6745644961515134,0.6888880062583929,-4.506055491430786
19.28,0.04,595.9906600131901,480.0107915368695,1,-102.24047617661911,199.46905660747893,-0.07712038383817332,-17.46356068777367,-83.8166301443851,-131.2462631458203,0,-8.063463691535617,-12.995078198385897,0,0.6985492388648401,0.6391285491077058,-5.249850525832812
19.32,0.04,592.6968789760283,480.6991695590581,1,-102.25302161617743,198.74637434605617,-0.3136359889580287,-18.067056535568955,-88.79052247448261,-124.34730825243783,0,-3.293781037161807,0.6883780221886013,0,0.7227911448190467,0.6481873724251064,-4.973892330097513
19.36,0.04,605.2882140237891,475.19998365889575,1,-102.272509412931,198.00065208790164,-0.4871949188390825,-18.64305645386344,-92.79980753908558,-100.23212661507408,0,12.591335047760822,-5.499185900162331,0,0.7459768498615752,0.6015800927696247,-4.009285064602963
19.400000000000002,0.04,610.9073788332868,510.5830941278599,1,-102.2978157339179,197.22481321092152,-0.6326580246726461,-19.395971924502735,-94.5193035567308,-42.987400441130674,0,5.619164809497647,35.38311046896416,0,0.7762514881890156,0.7668384582731468,-1.719496017645227
19.44,0.04,590.3022868005168,510.8724123589147,1,-102.3330615975447,196.41879985146963,-0.8811465906700657,-20.150333986297316,-97.39815103344303,-71.9711869178056,0,-20.605092032770017,0.2893182310547786,0,0.8067836181515649,0.7942346553169438,-2.878847476712224
19.48,0.04,605.3605689155556,489.4154715652972,1,-102.3752353473884,195.58690339770467,-1.0543437460922884,-20.797411344123805,-99.99330003359202,-64.87872500372482,0,15.058282115038878,-21.45694079361749,0,0.8329647861480018,0.6698554781876912,-2.595149000148993
19.52,0.04,608.6735587422467,506.79338629240505,1,-102.42367438548364,194.72564826668125,-1.2109759523810577,-21.531378275585826,-101.35217713305178,-33.971927486494025,0,3.312989826691023,17.37791472710785,0,0.8626162189095287,0.7504939070549891,-1.358877099459761
19.56,0.04,567.0098196602806,475.9349336463669,1,-102.48671145964683,193.84120614892853,-1.5759268540796565,-22.111052943817658,-106.97662591613536,-140.61121957708949,0,-41.663739081966014,-30.85845264603813,0,0.8866857010090771,0.6849904244880392,-5.624448783083579
19.6,0.04,558.7634425903551,496.7723140875475,1,-102.56599584529194,192.92940956835832,-1.9821096411278798,-22.7949145142554,-111.09108354856335,-102.86144081069963,0,-8.24637706992553,20.837380441180585,0,0.9152371376570404,0.7953936786370864,-4.114457632427985
19.64,0.04,573.526199809851,494.20727174517424,1,-102.65857499097508,191.99077153343907,-2.3144786420786216,-23.46595087298127,-114.4631722119608,-84.30221658493622,0,14.762757219495938,-2.5650423423732605,0,0.943192588399895,0.7488383988051562,-3.3720886633974487
19.68,0.04,554.695437111548,511.7499428690872,1,-102.76821504923592,191.021783509946,-2.7410014565208796,-24.224700587326712,-117.37473074440194,-72.78896331102871,0,-18.830762698303033,17.542671123912953,0,0.9751711296221002,0.8704153263006308,-2.9115585324411484
19.72,0.04,538.6869094702562,509.04401645839783,1,-102.8981177256027,190.02298668316126,-3.247566909169602,-24.969920669618705,-120.72703573217858,-83.80762469441585,0,-16.008527641291835,-2.705926410689358,0,1.0072089190046525,0.9010890793192925,-3.352304987776634
19.76,0.04,570.2257398057712,531.4368885044456,1,-103.04197525400834,188.98990247867562,-3.596438210140742,-25.82710511214093,-121.56544642040164,-20.9602672055766,0,31.53883033551506,22.392872046047785,0,1.0430522336089976,0.925460076471932,-0.838410688223064
19.8,0.04,532.6032484898766,506.0666985647449,1,-103.20731213271598,187.92760493447702,-4.1334219676913575,-26.55743860496465,-125.04150095345594,-86.90136332635738,0,-37.62249131589465,-25.37018993970071,0,1.075087138733956,0.9064979683448107,-3.4760545330542953
19.84,0.04,514.312955074715,509.00790086253403,1,-103.39778642040869,186.83550581010593,-4.7618571923177795,-27.30247810927732,-128.49078948130057,-86.23221319611574,0,-18.290293415161614,2.9412022977891183,0,1.1085851125304467,0.9746869725905508,-3.4492885278446295
19.88,0.04,550.0547724903355,479.8318565000475,1,-103.60624975360334,185.71944031443482,-5.211583329866104,-27.90163739177756,-132.96287455092943,-111.80212674072152,0,35.74181741562052,-29.17604436248655,0,1.1353674083371506,0.7491631628693014,-4.472085069628861
19.92,0.04,546.0368455525868,476.68279288185647,1,-103.83350571768746,184.58003826018734,-5.681399102103174,-28.485051356186847,-137.44611193745237,-112.0809346630736,0,-4.017926937748712,-3.1490636181910077,0,1.1618443589548426,0.7490652266061191,-4.483237386522944
19.96,0.04,558.1849394272555,499.0082575633864,1,-104.07712469388613,183.41283455442718,-6.090474404966893,-29.180092644003782,-139.5812169681106,-53.377625766455594,0,12.148093874668689,22.325464681529922,0,1.1923567823031567,0.8064893025845208,-2.1351050306582238
20.0,0.04,531.2322412360578,484.87601198899966,1,-104.3424972218376,182.22065564626922,-6.634313198786603,-29.80447270394878,-143.22947457983696,-91.20644029315912,0,-26.95269819119767,-14.13224557438673,0,1.2213570844139114,0.8280163602974246,-3.6482576117263648
20.04,0.04,496.8217300311066,486.78515235127054,1,-104.63650540378285,181.00311970764102,-7.350204548631072,-30.438398465705138,-146.65331407191314,-85.59598730190459,0,-34.410511204951206,1.9091403622708754,0,1.2525312662372967,0.9562229322707733,-3.4238394920761834
20.080000000000002,0.04,517.8927463915489,500.85912814171047,1,-104.95493503644978,179.75741194338448,-7.960740816673325,-31.14269410641369,-148.9650782261167,-57.79410385508896,0,21.071016360442343,14.073975790439931,0,1.285762522742601,0.9320873800862398,-2.3117641542035585
20.12,0.04,528.6913593801966,522.7044823796293,1,-105.29562639724068,178.479163282652,-8.517284019772344,-31.956216518311837,-149.63828433501874,-16.830152722550906,0,10.79861298864762,21.845354237918855,0,1.3228719673430045,0.985676950920684,-0.6732061089020362
20.16,0.04,551.2074992896312,511.0036545523329,1,-105.65407625817365,177.17071389100906,-8.961246523324188,-32.711234791073494,-150.59012208248416,-23.795943686635468,0,22.516139909434628,-11.70082782729645,0,1.3566599106974584,0.8758740187743993,-0.9518377474654187
20.2,0.04,525.1072654000731,501.93456292492965,1,-106.0355046660266,175.83387758678114,-9.535710196323823,-33.42090760569815,-152.917513004232,-58.184773043696225,0,-26.100233889558126,-9.069091627403225,0,1.390186654596781,0.9130410809013516,-2.327390921747849
20.240000000000002,0.04,516.5279690088367,494.4303231022128,1,-106.44162748007778,174.47015521793278,-10.153070351279641,-34.09305922120922,-119.76001639391043,828.9374152580393,0,-8.579296391236312,-7.5042398227168405,0,1.422910552139603,0.9126452515414807,33.15749661032157
20.28,0.04,497.38675357180443,548.8944722598904,1,-106.8762729434146,173.06865395463245,-10.866136583420616,-35.03753158250866,-123.16600921667768,-85.14982056918114,0,-19.141215437032315,54.46414915767764,0,1.4673521969287766,1.1834236319586822,-3.405992822767246
20.32,0.04,518.059053239172,516.4628340547589,1,-107.33530659610359,171.63586012452114,-11.475841317224752,-35.819845752782456,-127.86578828385335,-117.49447667939172,0,20.67229966736761,-32.43163820513155,0,1.5045298448040254,0.9918444048510561,-4.699779067175669
20.36,0.04,508.2390760729771,530.2028648203196,1,-107.82069243357799,170.1690257214458,-12.134645936859865,-36.670860076884054,-131.50112982072417,-90.88353842177064,0,-9.819977166194917,13.740030765560732,0,1.5450574673021547,1.076219729738619,-3.6353415368708255
20.400000000000002,0.04,528.003658565188,508.58346240935373,1,-108.32847753933935,168.67247462588855,-12.694627644033925,-37.413777388930825,-100.45130557312633,776.245606189946,0,19.76458249221082,-21.619402410965904,0,1.580351510027639,0.9303255585591391,31.04982424759784
20.44,0.04,565.8771514967893,471.5265930307992,1,-108.85108721480134,167.15361821172516,-13.06524188654998,-37.971410354084824,-78.56180205611805,547.237587925207,0,37.87349293160139,-37.05686937855455,0,1.6062520598373642,0.6695591389729444,21.88950351700828
20.48,0.04,505.57930193264417,493.0190473007534,1,-109.4005810298768,165.60815798810162,-13.737345376886761,-38.6365055905886,-54.221263308305936,608.513468695303,0,-60.29784956414517,21.492454269954237,0,1.6402410663096747,0.9455552735524742,24.34053874781212
20.52,0.04,487.88356909133574,521.1419384357988,1,-109.98049813113401,164.03046937679093,-14.497927531430083,-39.44221528276759,-66.59389820094364,-309.3158723159426,0,-17.695732841308427,28.122891135045393,0,1.6808941663858616,1.107995181343732,-12.372634892637706
20.56,0.04,468.31340171529064,481.62826233246415,1,-110.59475255204816,162.42845511301374,-15.356360522853631,-40.050356594429914,-43.86266854916546,568.2807412944545,0,-19.570167376045106,-39.51367610333466,0,1.7157383818514287,1.052018562438302,22.73122965177818
20.6,0.04,485.42147418587757,511.9852572336544,1,-111.23992267812514,160.79604379778982,-16.129253151924242,-40.81028288059818,-22.188789646352646,541.8469725703204,0,17.108072470586933,30.356994901190262,0,1.7552809443656785,1.0839054278308486,21.673878902812817
20.64,0.04,530.843705125196,529.8629567819239,1,-111.90692406317707,159.1296598912095,-16.67503462629826,-41.6595976645078,-37.53558025688629,-383.6697652633411,0,45.42223093931847,17.877699548269504,0,1.7949167590089081,1.0095608054680607,-15.346790610533645
20.68,0.04,490.43822769569033,486.51965650350786,1,-112.60383780268987,157.4379720533285,-17.422843487819808,-42.292195947025334,-18.59215096739108,473.5857322373802,0,-40.40547742950571,-43.34330027841605,0,1.8296164901848195,0.9794889894298398,18.94342928949521
20.72,0.04,483.9805010346083,505.8825867009256,1,-113.33195544199573,155.7171076981073,-18.20294098264677,-43.02160888052997,-0.4809659195981091,452.7796261948243,0,-6.457726661082006,19.36293019741771,0,1.868563465804481,1.067986577162436,18.111185047792972
20.76,0.04,456.6942386545871,508.7595184499423,1,-114.09673423357069,153.96649143919612,-19.119469789373834,-43.765406472779674,16.18396148550173,416.62318512749596,0,-27.286262380021242,2.8769317490167055,0,1.9103779432371548,1.1803643131664892,16.66492740509984
20.8,0.04,515.0159495580294,508.4519185712815,1,-114.88650983523404,152.18618479657067,-19.74439004158369,-44.50766606563609,29.291765595191265,327.69510274223836,0,58.32171090344235,-0.307599878660767,0,1.9476234858819608,0.9702961531457273,13.107804109689535
20.84,0.04,469.15945160654024,522.1787685074825,1,-115.71045354657608,150.37344240024373,-20.598592783550988,-45.3185599081735,43.144276767922975,346.3127793182927,0,-45.85649795148919,13.72684993620095,0,1.9912102437716688,1.1777992818173812,13.85251117273171
20.88,0.04,410.2927292227021,520.32279744232,1,-116.58033871207357,148.52863544442832,-21.74712913743748,-46.12017389538509,55.86911427251301,318.12093761475086,0,-58.86672238383812,-1.8559710651624073,0,2.039610969125617,1.400614415423513,12.724837504590035
20.92,0.04,493.8010942659223,508.53420938518667,1,-117.47946365871789,146.6541216467359,-22.478123666107866,-46.86284494231103,64.81615329338064,223.6759755216907,0,83.50836504322018,-11.788588057133381,0,2.078996788698205,1.0420716313613496,8.947039020867628
20.96,0.04,491.6516048095802,496.1599740877979,1,-118.40825828440029,144.75237585422587,-23.21986564205997,-47.54364481275002,71.91064248767228,177.362229857291,0,-2.14948945634211,-12.374235297388793,0,2.1164348598589204,1.006811612209093,7.09448919429164
21.0,0.04,461.8322814422697,487.23093565272507,1,-119.37268645379423,142.82518387458532,-24.110704234848622,-48.17979949101364,78.84896895435313,173.45816166702122,0,-29.819323367310517,-8.929038435072812,0,2.1550384266438094,1.0946625841227802,6.938326466680849
21.04,0.04,464.31264293130494,498.03856608906193,1,-120.37225209460192,140.87038418172696,-24.989141020192097,-48.86999232145895,85.24605971477986,159.92726901066837,0,2.4803614890352605,10.807630436336865,0,2.1955348572688203,1.1171469594653556,6.397090760426735
21.080000000000002,0.04,434.1892731635326,494.04618527402516,0,-121.32183945336922,138.93931408272576,-23.73968396918249,-48.276752475029774,85.24605971477986,0.0,0,-30.123369767772317,-3.9923808150367677,1,2.151917256584737,1.3831400643857215,0.0
21.12,0.04,473.2472418849226,504.0621134690738,0,-122.22394744419816,137.0314989857046,-22.552699770723365,-47.69537742552918,85.24605971477986,0.0,0,39.057968721389955,10.015928195048616,0,2.110345296755799,1.3217142034394083,0.0
21.16,0.04,449.7406573984056,509.3218681878609,0,-123.08095003548564,135.14647379062384,-21.425064782187196,-47.125629877018596,85.24605971477986,0.0,0,-23.506584486517,5.259754718787121,0,2.070693948308792,1.2633973786599315,0.0
21.2,0.04,424.59229799479624,539.2000053240855,0,-123.89510249720875,133.2837826994447,-20.353811543077835,-46.567277279478226,85.24605971477986,0.0,0,-25.148359403609334,29.87813713622461,0,2.0328458702242775,1.208031922377209,0.0
21.240000000000002,0.04,433.3156442329018,522.8334709972814,0,-124.66854733584572,131.44297903008916,-19.336120965923943,-46.02009173388866,85.24605971477986,0.0,0,8.723346238105535,-16.36653432680407,0,1.9966910295604123,1.1554679277807633,0.0
21.28,0.04,486.68452746361413,505.81715004731024,0,-125.40331993255083,129.62362503412072,-18.369314917627744,-45.48384989921089,85.24605971477986,0.0,0,53.368883230712356,-17.016320949971202,0,1.9621263291427264,1.1055628612976731,0.0
21.32,0.04,452.31098637832093,524.672671541066,0,-126.10135389942069,127.82529171807165,-17.450849171746356,-44.958332901226676,85.24605971477986,0.0,0,-34.3735410852932,18.855521493755816,0,1.9290552440290827,1.0581811950359887,0.0
21.36,0.04,431.00247773636136,501.286491469018,0,-126.76448616794706,126.04755866834357,-16.578306713159037,-44.443326243202144,85.24605971477986,0.0,0,-21.308508641959577,-23.386180072048035,0,1.8973874674553015,1.0131940583359142,0.0
21.400000000000002,0.04,468.53498783567045,500.4621051453857,0,-127.3944618230471,124.29001387961004,-15.749391377501084,-43.9386197183381,85.24605971477986,0.0,0,37.53251009930909,-0.824386323632325,0,1.867038566935107,0.9704789075138491,0.0
21.44,0.04,427.85625303154677,516.3606768676394,0,-127.99293869539214,122.55225358665119,-14.961921808626029,-43.44400732397134,85.24605971477986,0.0,0,-40.67873480412368,15.898571722253735,0,1.8379296511336738,0.9299192129241584,0.0
21.48,0.04,434.39557353364535,521.19584195846,0,-128.56149172411992,120.83388209955152,-14.213825718194727,-42.959287177491916,85.24605971477986,0.0,0,6.539320502098576,4.835165090820624,0,1.8099870480621325,0.8914041624996117,0.0
21.52,0.04,476.3353140032749,499.92131940096743,0,-129.1016171014113,119.13451164219383,-13.50313443228499,-42.48426143394208,85.24605971477986,0.0,0,41.939740469629555,-21.274522557492617,0,1.7831419950565468,0.8548283809649222,0.0
21.56,0.04,476.86703755649125,523.9462477814996,0,-129.61473620983813,117.4537621939833,-12.827977710670739,-42.01873620526324,85.24605971477986,0.0,0,0.5317235532163522,24.024928380532117,0,1.757330340912815,0.8200916639482388,0.0
21.6,0.04,466.41985449306134,511.9001901148234,0,-130.1021993628436,115.79126133473697,-12.186578825137202,-41.56252148115797,85.24605971477986,0.0,0,-10.447183063429918,-12.046057666676177,0,1.7324922604539392,0.7870987262434788,0.0
21.64,0.04,439.40158226677363,503.12929880683066,0,-130.5652893581988,114.14664409267559,-11.577249883880341,-41.11543105153481,85.24605971477986,0.0,0,-27.018272226287706,-8.770891307992713,0,1.7085719817097798,0.7557589635021393,0.0
21.68,0.04,454.993221522845,498.3264803609799,0,-131.00522485378627,112.51955279545543,-10.998387389686323,-40.67728243050412,85.24605971477986,0.0,0,15.591639256071346,-4.802818445850789,0,1.685517525796565,0.7259862266569639,0.0
21.72,0.04,438.5844997894263,491.9378584425055,0,-131.42316357459435,110.90963692417967,-10.448468020202007,-40.24789678189404,85.24605971477986,0.0,0,-16.4087217334187,-6.388621918474371,0,1.663280459494515,0.6976986084021712,0.0
21.76,0.04,404.29386625925804,496.13889285909045,0,-131.82020535936203,109.31655297032943,-9.926044619191906,-39.82709884625616,85.24605971477986,0.0,0,-34.290633530168236,4.201034416584946,0,1.641815660440178,0.6708182410758233,0.0
21.8,0.04,432.5485604286089,485.52141874096714,0,-132.19739505489133,107.73996429555618,-9.42974238823231,-39.414716869331045,85.24605971477986,0.0,0,28.25469416935084,-10.617474118123312,0,1.6210810947749497,0.6452711053101181,0.0
21.84,0.04,405.608199601589,510.05069663020845,0,-132.55572526564416,106.1795409942784,-8.958255268820693,-39.01058253194443,85.24605971477986,0.0,0,-26.9403608270199,24.529277889241314,0,1.601037607025147,0.6209868488349674,0.0
21.88,0.04,455.9156397443093,509.55730008765715,0,-132.89613896585934,104.63495975902617,-8.510342505379658,-38.61453088130554,85.24605971477986,0.0,0,50.30744014272034,-0.49339654255129517,0,1.5816487219314774,0.5978986148396508,0.0
21.92,0.04,428.6699611735826,509.1398754931683,0,-133.21953198106377,103.105903748479,-8.084825380110674,-38.22640026367943,85.24605971477986,0.0,0,-27.24567857072674,-0.41742459448886393,0,1.562880457896083,0.5759428793170431,0.0
21.96,0.04,451.0384332136238,504.4930671107569,0,-133.52675534550798,101.59206245814276,-7.68058411110514,-37.84603225840584,85.24605971477986,0.0,0,22.36847204004124,-4.646808382411393,0,1.544701151675393,0.5550592968350438,0.0
22.0,0.04,445.5342411825634,509.93507740896496,0,-133.81861754172996,100.09313159361325,-7.296554905549883,-37.47327161323773,85.24605971477986,0.0,0,-5.504192031060427,5.442010298208061,0,1.5270812939142147,0.5351905542006049,0.0
22.04,0.04,462.2281550804797,506.8619700483541,0,-134.09588662814085,98.60881294637433,-6.931727160272388,-37.10796618097297,85.24605971477986,0.0,0,16.69391389791633,-3.073107360610834,0,1.5099933750915295,0.5162822315036613,0.0
22.080000000000002,0.04,433.13315391273744,498.6896577509575,0,-134.3592922602312,97.13881427208018,-6.585140802258768,-36.74996685735351,85.24605971477986,0.0,0,-29.095001167742282,-8.172312297396616,0,1.4934117414308308,0.4982826700509819,0.0
22.12,0.04,457.9858564670787,497.56348167765225,0,-134.60952761071704,95.68284917127193,-6.255883762145829,-36.39912752020645,85.24605971477986,0.0,0,24.85270255434125,-1.1261760733052597,0,1.4773124603158154,0.48114284672405255,0.0
22.16,0.04,407.4009538529716,515.6951796831682,0,-134.84725119367857,94.24063697247983,-5.943089574038537,-36.05530496980232,85.24605971477986,0.0,0,-50.58490261410708,18.131698005516,0,1.46167319474662,0.4648162543200251,0.0
22.2,0.04,437.81029000445074,517.1515165040962,0,-135.07308859749205,92.81190261766358,-5.64593509533661,-35.71835887040628,85.24605971477986,0.0,0,30.409336151479124,1.4563368209279588,0,1.4464730863702353,0.44925878746088316,0.0
22.240000000000002,0.04,457.8512858771052,508.44743761124164,0,-135.28763413111483,91.39637654994365,-5.363638340569779,-35.38815169299816,85.24605971477986,0.0,0,20.04099587265449,-8.704078892854568,0,1.4316926466222122,0.43442863368305024,0.0
22.28,0.04,470.21660866610074,516.6910616666286,0,-135.49145238805647,89.99379460357812,-5.0954564235412905,-35.0645486591382,85.24605971477986,0.0,0,12.365322788995513,8.243624055386931,0,1.417313655523451,0.42028616934708435,0.0
22.32,0.04,476.196366362585,515.4673828828516,0,-135.68507973215105,88.60389789613991,-4.8406836023642255,-34.74741768595543,85.24605971477986,0.0,0,5.979757696484285,-1.223678783777018,0,1.403319067685144,0.4067938600352362,0.0
22.36,0.04,465.9235888243401,492.6536402532539,0,-135.8690257090409,87.22643272285046,-4.598649422246014,-34.43662933223633,85.24605971477986,0.0,0,-10.272777538244952,-22.81374262959764,0,1.389692925087876,0.393916165132793,0.0
22.400000000000002,0.04,443.7236973208554,502.03226610587507,0,-136.04377438708624,85.8611504530268,-4.368716951133713,-34.132056745591605,85.24605971477986,0.0,0,-22.19989150348465,9.378625852621155,0,1.3764202762141577,0.38161944631696526,0.0
22.44,0.04,439.65408733683324,473.1409401998335,0,-136.20978563122932,84.5078074285996,-4.1502811035770275,-33.83357561067977,85.24605971477986,0.0,0,-4.069609984022179,-28.891325906041573,0,1.3634871011299177,0.36987187970439533,0.0
22.48,0.04,440.91520834743346,494.360194335897,0,-136.36749631316525,83.16616486466096,-3.942767048398176,-33.54106409846618,85.24605971477986,0.0,0,1.2611210106002204,21.219254136063512,0,1.3508802421268016,0.35864337143498787,0.0
22.52,0.04,469.2472792815523,480.2119056618056,0,-136.51732146100437,81.83598875200109,-3.745628695978267,-33.25440281649686,85.24605971477986,0.0,0,28.33207093411886,-14.148288674091418,0,1.338587339554629,0.34790547649488357,0.0
22.56,0.04,473.05508148539275,523.4059844133074,0,-136.65965535145153,80.51704976159441,-3.5583472611793536,-32.97347476016692,85.24605971477986,0.0,0,3.8078022038404242,43.19407875150176,0,1.3265967724914807,0.33763132060526335,0.0
22.6,0.04,471.50076191084776,505.51815043960977,0,-136.79487254737634,79.20912315099586,-3.380429898120386,-32.698165264963585,85.24605971477986,0.0,0,-1.5543195745449907,-17.88783397369758,0,1.3148976039165787,0.3277955250258509,0.0
22.64,0.04,458.88692686778245,477.0518131602697,0,-136.92332888350492,77.9119886726093,-3.2114084032143664,-32.428361959664315,85.24605971477986,0.0,0,-12.613835043065308,-28.466337279340053,0,1.3034795300697173,0.3183741341420132,0.0
22.68,0.04,455.4879649960041,475.7643428044655,0,-137.04536240282707,76.62543048379045,-3.050837983053648,-32.16395472047103,85.24605971477986,0.0,0,-3.39896187177834,-1.2874703558042029,0,1.2923328336984143,0.3093445457227318,0.0
22.72,0.04,436.9878777177363,487.6590393991708,0,-137.1612942461831,75.34923705874799,-2.8982960839009655,-31.904835626061615,85.24605971477986,0.0,0,-18.500087278267813,11.894696594705295,0,1.2814483409117767,0.30068544375254286,0.0
22.76,0.04,464.9564923894316,493.7526090685623,0,-137.27142949737134,74.08320110220637,-2.753381279705917,-31.65089891354038,85.24605971477986,0.0,0,27.96861467169532,6.093569669391513,0,1.2708173813772525,0.2923767337545538,0.0
22.8,0.04,448.02739425685104,487.5685529367089,0,-137.37605798600018,72.82711946479559,-2.615712215720621,-31.402040935269575,85.24605971477986,0.0,0,-16.929098132580577,-6.184056131853424,0,1.2604317516126442,0.2843994805333167,0.0
22.84,0.04,433.2186805755537,487.3000540423645,0,-137.47545505019755,71.58079306013302,-2.48492660493459,-31.158160116564183,85.24605971477986,0.0,0,-14.80871368129732,-0.2684988943444182,0,1.250283681142076,0.2767358482760909,0.0
22.88,0.04,451.9831332807952,498.8997025212863,0,-137.56988226118506,70.3440267835637,-2.3606802746878603,-30.919156914232897,85.24605971477986,0.0,0,18.764452705241467,11.599648478921836,0,1.2403658012997618,0.2693690429585204,0.0
22.92,0.04,454.71855022827356,473.07239707690627,0,-137.6595881116232,69.11662943252577,-2.2426462609534674,-30.684933775948238,85.24605971477986,0.0,0,2.7354169474783703,-25.827305444380045,0,1.2306711164798558,0.26228325700693345,0.0
22.96,0.04,433.684682210177,498.0333400858877,0,-137.74480866953945,67.89841362850859,-2.130513947905794,-30.45539510042927,85.24605971477986,0.0,0,-21.03386801809654,24.960943008981417,0,1.2211929776447181,0.255463616173464,0.0
23.0,0.04,471.53449425751415,485.79671630680014,0,-137.82576819955986,66.68919574057176,-2.023988250510504,-30.230447198420684,85.24605971477986,0.0,0,37.84981204733714,-12.236623779087552,0,1.2119250579171694,0.2488961285830252,0.0
23.04,0.04,444.20120360405406,474.09673464679304,0,-137.90267975307927,65.48879581039367,-1.9227888379849787,-30.00999825445227,85.24605971477986,0.0,0,-27.333290653460097,-11.699981660007097,0,1.2028613300943467,0.24256763591274977,0.0
23.080000000000002,0.04,512.3532734889603,449.21941277430676,0,-137.9757457289227,64.29703747881914,-1.8266493960857297,-29.793958289363225,85.24605971477986,0.0,0,68.15206988490627,-24.877321872486277,0,1.193996045932845,0.23646576666480718,0.0
23.12,0.04,462.9943681515539,475.290056821227,0,-138.04515840597395,63.1137479138761,-1.7353169262814432,-29.58223912357596,85.24605971477986,0.0,0,-49.35890533740644,26.070644046920222,0,1.1853237170657245,0.23057889149314256,0.0
23.16,0.04,473.9381037709045,471.85717219635023,1,-138.14778346227104,61.908086914493786,-2.56562640742692,-30.141524984557712,94.40151278555219,228.8863267693081,0,10.943735619350605,-3.432884624876749,1,1.210020804619297,1.0011066420587627,9.155453070772325
23.2,0.04,497.39144646458755,452.2729457819825,1,-138.2789302292752,60.683971325955085,-3.2786691751039867,-30.602889713467626,101.65117498130637,181.24155489385458,0,23.453342693683055,-19.58422641436772,0,1.2311208099122917,0.8492864072965545,7.249662195754183
23.240000000000002,0.04,482.0216379402265,486.9836581762988,1,-138.44167266869133,59.43445900578112,-4.068560985402856,-31.23780800434912,73.5682297294742,-702.0736312958043,0,-15.36980852436102,34.71071239431626,0,1.2600659267886065,1.013434905691087,-28.08294525183217
23.28,0.04,486.9867504380429,487.1699978718627,1,-138.63501775801984,58.159512686032784,-4.83362723321264,-31.873657993708434,84.1974927060694,265.73157441488,0,4.965112497816392,0.18633969556390184,0,1.2895233389928555,0.9948022780964985,10.6292629765952
23.32,0.04,494.42856501073555,470.8285039893569,1,-138.8574771343462,56.862400665486575,-5.561484408158963,-32.427800513655214,92.90723295951868,217.74350633623206,0,7.4418145726926355,-16.3414938825058,0,1.3160500628627236,0.914795058761146,8.709740253449283
23.36,0.04,508.07799284409793,468.116197937245,1,-139.10632091210374,55.54366540535292,-6.221094443938471,-32.96838150334144,100.36509865518629,186.44664239169018,0,13.649427833362381,-2.7123060521118987,0,1.3420081639276378,0.8528265976804337,7.457865695667607
23.400000000000002,0.04,492.1304448074522,450.9052544927148,1,-139.3847386008998,54.20674909432072,-6.960442219901212,-33.422907775805015,106.36662315905708,150.03811259676993,0,-15.947548036645742,-17.210943444530187,0,1.3655993673616273,0.8678878188917529,6.001524503870797
23.44,0.04,508.6333306852074,479.7031286948289,1,-139.6894296235588,52.84589215754956,-7.617275566475174,-34.02142341927916,112.8077074867998,161.02710819356787,0,16.502885877755205,28.797874202114087,0,1.394549469057008,0.888623103826824,6.441084327742715
23.48,0.04,476.5059515995273,466.4819918938933,1,-140.0268194558979,51.46373882239961,-8.434745808477532,-34.55383337874862,118.15266671789807,133.6239807774568,0,-32.127379085680104,-13.221136800935597,0,1.4227367081902147,0.9755603320664834,5.344959231098272
23.52,0.04,478.0158266250265,497.9483440378033,1,-140.396606122912,50.053995818442104,-9.244666675352393,-35.24357509893764,124.19873361342478,151.15167238816767,0,1.5098750254991842,31.46635214391,0,1.457435252870101,1.0638211556312624,6.046066895526707
23.56,0.04,496.4572022654937,432.91991837535363,1,-140.79510134947301,48.62966883080953,-9.962380664024922,-35.60817469081441,126.39519190653641,54.911457327790814,0,18.441375640467243,-65.02842566244965,0,1.4790219110244438,0.8050131874279678,2.1964582931116325
23.6,0.04,497.06020531932995,440.4419817235099,1,-141.22218453497015,47.18925344683225,-10.677079637428266,-36.01038459943196,128.5160505893992,53.02146707157007,0,0.6030030538362325,7.52206334815628,0,1.5023969268248667,0.8201020870440044,2.120858682862803
23.64,0.04,491.0828798649799,451.7391782477746,1,-141.67905114449428,45.730490227205415,-11.42166523810336,-36.469080490670834,130.89705931453386,59.52521812836622,0,-5.97732545435008,11.297196524264677,0,1.5286324704892642,0.8745339543849153,2.381008725134649
23.68,0.04,495.97352382014645,479.387799200803,1,-142.16472304925438,44.247849447738425,-12.141797619002633,-37.06601948667485,134.12430531797693,80.68115008607677,0,4.890643955166581,27.6486209530284,0,1.5601605302057173,0.9353752246932427,3.2272460034430708
23.72,0.04,522.7541912036219,467.04836041420924,1,-142.67384411577376,42.74379899618859,-12.72802666298452,-37.60126128874589,135.39495258301906,31.766181626053225,0,26.780667383475418,-12.339438786593746,0,1.5878828738862019,0.7938187946201414,1.270647265042129
23.76,0.04,478.8207955954054,439.6764563032594,1,-143.21520102317407,41.2238132533781,-13.533922685007498,-37.99964357026219,136.45103191722205,26.401983355074776,0,-43.93339560821647,-27.371904110949856,0,1.6135129251224456,0.8989865630467404,1.056079334202991
23.8,0.04,490.08073018548725,464.8375347562062,1,-143.78654178453726,39.68286000361637,-14.28351903408006,-38.52383124404322,138.00963551577902,38.96508996392427,0,11.259934590081855,25.16107845294681,0,1.64346195074492,0.9146952519210357,1.5586035985569708
23.84,0.04,485.2267297111524,461.0008170607002,1,-144.38883719995823,38.1217065904425,-15.0573853855243,-39.02883532934672,139.18465558906055,29.375501832038253,0,-4.854000474334839,-3.8367176955060245,0,1.6733080251111985,0.9240661535143699,1.1750200732815301
23.88,0.04,538.4829444740459,473.2042923084949,1,-145.0114360264844,36.53791231880693,-15.564970663154073,-39.594856790889196,138.3652527353587,-20.48507134254649,0,53.25621476289348,12.203475247794756,0,1.7017736611128422,0.7602783102214439,-0.8194028537018596
23.92,0.04,493.95728416543983,450.9342452465995,1,-145.66324339617748,34.93593119812204,-16.29518424232687,-40.04952801712219,138.47049384662947,2.6310277817692906,0,-44.525660308606064,-22.27004706189541,0,1.7295075478924686,0.86019637012287,0.10524111127077163
23.96,0.04,560.5975331888883,441.1581056422171,1,-146.33093125923278,33.31771845630871,-16.69219657638243,-40.45531854533328,134.51359459041277,-98.92248140541753,0,66.64024902344846,-9.776139604382422,0,1.7505483598685236,0.5677012825228381,-3.956899256216701
24.0,0.04,557.2028943593302,466.1597604208252,1,-147.01517854341623,31.678273762411216,-17.106182104585784,-40.9861173474374,131.45897029770285,-76.36560731774793,0,-3.394638829558062,25.0016547786081,0,1.7765059105618164,0.6731503441854445,-3.054624292709917
24.04,0.04,533.0121135102771,471.175385297453,1,-147.7208234048976,30.01659399145423,-17.641121537034394,-41.541994273924665,130.6648549880947,-19.852882740203626,0,-24.190780849053112,5.015624876627783,0,1.8053017287264563,0.7714657178315633,-0.794115309608145
24.080000000000002,0.04,498.1217782206198,461.8521939392724,1,-148.45484391073487,28.33454378170939,-18.35051264593129,-42.05125524362103,131.1885938507379,13.093471566079984,0,-34.890335289657344,-9.323191358180566,0,1.8352326858173205,0.8732596868274907,0.5237388626431994
24.12,0.04,544.5713631589081,458.25604137235297,1,-149.20795014394034,26.632842363690077,-18.82765583013675,-42.542535450482795,128.63263401184165,-63.898995972406425,0,46.4495849382883,-3.596152566919443,0,1.8609021238587133,0.6848517064940887,-2.555959838896257
24.16,0.04,517.1600356079246,445.5307086683605,1,-149.98562437002423,24.914034803937092,-19.441855652097132,-42.9701889938246,127.52571267633445,-27.67303338767988,0,-27.411327550983515,-12.725332703992478,0,1.8865515178174137,0.748417647058758,-1.1069213355071952
24.2,0.04,575.151138898985,441.1819844059181,1,-150.77626836832832,23.178990847302924,-19.766099957602208,-43.376098915854186,122.89779218215082,-115.69801235459067,0,57.991103291060426,-4.348724262442374,0,1.9066975280591911,0.5195163466672956,-4.627920494183627
24.240000000000002,0.04,570.1751829863688,436.14229161632994,1,-151.58087733003512,21.42871843234549,-20.115224042670363,-43.756810373935835,118.99409898583664,-97.59232990785449,0,-4.9759559126162,-5.039692789588173,0,1.9263564332230485,0.5165547803373146,-3.9036931963141797
24.28,0.04,545.0944335733587,442.40520213254916,0,-152.3452558436566,19.698085065687206,-19.109462840536843,-43.26583416645712,118.99409898583664,0.0,0,-25.08074941301004,6.262910516219222,1,1.8919213413557003,1.1192020514756251,0.0
24.32,0.04,568.4381974177948,448.9501774154197,0,-153.071415431597,17.986697966362087,-18.15398969851,-42.78467748312798,118.99409898583664,0.0,0,23.343763844436012,6.544975282870553,0,1.8590733043358507,1.0697853425089288,0.0
24.36,0.04,521.1775265596427,445.05378949805237,0,-153.76126704014038,16.29417220902347,-17.246290213584498,-42.31314393346542,118.99409898583664,0.0,0,-47.260670858152025,-3.896387917367349,0,1.8277140588901124,1.0228696121165173,0.0
24.400000000000002,0.04,557.680365167464,430.5258867218834,0,-154.4166260682566,14.620130566831623,-16.38397570290527,-41.85104105479611,118.99409898583664,0.0,0,36.50283860782122,-14.527902776168958,0,1.7977516167495977,0.978327851899563,0.0
24.44,0.04,578.0488241505585,460.30131815558946,0,-155.03921714496698,12.964203357483616,-15.564776917760007,-41.398180233700195,118.99409898583664,0.0,0,20.36845898309457,29.775431433706046,0,1.7690999325811094,0.9360393009201836,0.0
24.48,0.04,578.2237274357096,430.1906563700917,0,-155.63067866784186,11.326028292322567,-14.786538071872005,-40.95437662902619,118.99409898583664,0.0,0,0.17490328515111742,-30.11066178549777,0,1.741678580323269,0.8958891341961496,0.0
24.52,0.04,565.0110854175208,450.629580268576,0,-156.192567114573,9.70525032846474,-14.047211168278405,-40.51944909644567,118.99409898583664,0.0,0,-13.21264201818883,20.43892389848429,0,1.715412438656386,0.8577681673820048,0.0
24.560000000000002,0.04,581.6365381688122,417.0039294313582,0,-156.72636113896758,8.101521523884069,-13.344850609864485,-40.09322011451676,118.99409898583664,0.0,0,16.62545275129139,-33.62565083721779,0,1.6902313862667175,0.8215725768620001,0.0
24.6,0.04,585.7664846331141,425.70658827884944,0,-157.23346546214242,6.514500895395011,-12.67760807937126,-39.67551571222643,118.99409898583664,0.0,0,4.129946464301952,8.70265884749125,0,1.666070007482404,0.7872036345137933,0.0
24.64,0.04,574.6728092851681,396.90413162657865,0,-157.71521456915852,4.943854279475735,-12.043727675402698,-39.2661653979819,118.99409898583664,0.0,0,-11.093675347946032,-28.80245665227079,0,1.6428673087652224,0.7545674564327843,0.0
24.68,0.04,584.8519010068893,411.07013382119953,0,-158.1728762208238,3.3892541958748446,-11.441541291632563,-38.865002090022266,118.99409898583664,0.0,0,10.179091721721193,14.166002194620887,0,1.6205664464430014,0.7235747649353657,0.0
24.72,0.04,586.9328897515898,432.45689497461126,0,-158.60765478990584,1.8503797139459717,-10.869464227050933,-38.47186204822182,118.99409898583664,0.0,0,2.0809887447004485,21.386761153411726,0,1.5991144659669838,0.6941406631851986,0.0
24.76,0.04,596.6997005676404,417.9484241418028,0,-159.02069443053378,0.3269163216556761,-10.325991015698387,-38.08658480725739,118.99409898583664,0.0,0,9.766810816050679,-14.508470832808484,0,1.578462052878914,0.66618442181052,0.0
24.8,0.04,607.5118077814094,425.0308743524243,0,-159.4130820891303,-1.1814442027888137,-9.809691464913467,-37.70901311111224,118.99409898583664,0.0,0,10.812107213768968,7.082450210621516,0,1.558563295577477,0.6396292769023577,0.0
24.84,0.04,604.6532865206857,389.6528790601002,0,-159.78585036479703,-2.675003916744414,-9.319206891667793,-37.33899284889,118.99409898583664,0.0,0,-2.8585212607237054,-35.3779952923241,0,1.5393754598845177,0.6144022388037059,0.0
24.88,0.04,610.3845030267272,407.2943816309758,0,-160.1399802266804,-4.1540588364209015,-8.853246547084403,-36.9763729919122,118.99409898583664,0.0,0,5.7312165060415055,17.641502570875616,0,1.5208587753295018,0.5904339111186558,0.0
24.92,0.04,656.3550091393117,418.84549520705093,0,-160.4764035954696,-5.61889905770386,-8.410584219730183,-36.62100553207396,118.99409898583664,0.0,0,45.97050611258453,11.551113576075124,0,1.5029762329976446,0.5676583193881151,0.0
24.96,0.04,627.7354195011272,403.03980406599527,0,-160.79600579581935,-7.06980887456116,-7.990055008743673,-36.27274542143248,118.99409898583664,0.0,0,-28.619589638184493,-15.80569114105566,0,1.4856933947222366,0.5460127488959844,0.0
25.0,0.04,646.8054024064677,407.80926205307435,0,-161.0996278861516,-8.507066895081312,-7.590552258306489,-35.93145051300384,118.99409898583664,0.0,0,19.069982905340453,4.769457987079079,0,1.4689782133466904,0.5254375910859364,0.0
25.04,0.04,629.1262733524378,412.716410931541,0,-161.38806887196725,-9.930946155191062,-7.211024645391164,-35.596981502743766,118.99409898583664,0.0,0,-17.679129054029886,4.907148878466671,0,1.4528008637349399,0.5058761980856158,0.0
25.080000000000002,0.04,629.5482929010806,416.6527949996142,0,-161.66208780849212,-10.0,-6.850473413121605,0.0,118.99409898583664,0.0,1,0.4220195486427656,3.9363840680731528,0,0.28258593570295854,35.59880741398191,0.0
25.12,0.04,640.7523059493503,422.068891052357,0,-161.92240579819074,-10.0,-6.507949742465525,0.0,118.99409898583664,0.0,1,11.204013048269758,5.41609605274283,0,0.2603179896986205,0.3425236706560808,0.0
25.16,0.04,655.3018465708801,390.27310829153544,0,-162.16970788840442,-10.0,-6.182552255342248,0.0,118.99409898583664,0.0,1,14.549540621529786,-31.795782760821567,0,0.24730209021367955,0.32539748712327654,0.0
25.2,0.04,633.7911840811297,413.8335584616883,0,-162.40464487410742,-10.0,-5.873424642575135,0.0,118.99409898583664,0.0,1,-21.510662489750416,23.560450170152876,0,0.23493698570300126,0.30912761276711276,0.0
25.240000000000002,0.04,648.0975325139592,416.13078389017915,0,-162.62783501052527,-10.0,-5.579753410446378,0.0,118.99409898583664,0.0,1,14.306348432829509,2.297225428490833,0,0.22319013641785546,0.2936712321287569,0.0
25.28,0.04,659.2806584407804,404.55275172736293,0,-162.83986564012224,-10.0,-5.300765739924059,0.0,118.99409898583664,0.0,1,11.183125926821162,-11.578032162816214,0,0.21203062959696695,0.2789876705223193,0.0
25.32,0.04,688.7264515173454,364.70302004928635,0,-163.04129473823934,-10.0,-5.035727452927856,0.0,118.99409898583664,0.0,1,29.445793076564996,-39.84973167807658,0,0.20142909811710297,0.26503828699620335,0.0
25.36,0.04,685.7563918785612,394.517984035119,0,-163.2326523814506,-10.0,-4.783941080281463,0.0,118.99409898583664,0.0,1,-2.9700596387841642,29.814963985832662,0,0.19135764321126203,0.2517863726463929,0.0
25.400000000000002,0.04,683.9164391444166,376.3768575119514,0,-163.41444214250131,-10.0,-4.54474402626739,0.0,118.99409898583664,0.0,1,-1.8399527341446174,-18.1411265231676,0,0.18178976105070888,0.2391970540140731,0.0
25.44,0.04,701.1656152385254,390.78836069179295,0,-163.58714241549947,-10.0,-4.31750682495402,0.0,118.99409898583664,0.0,1,17.24917609410886,14.411503179841532,0,0.17270027299815638,0.2272372013133701,0.0
25.48,0.04,651.3962289211191,400.80433847119934,0,-163.75120767484773,-10.0,-4.101631483706319,0.0,118.99409898583664,0.0,1,-49.769386317406315,10.015977779406398,0,0.16406525934826277,0.2158753412477008,0.0
25.52,0.04,683.5118319235623,372.9850022687249,0,-163.90706967122858,-10.0,-3.8965499095210028,0.0,118.99409898583664,0.0,1,32.11560300244321,-27.81933620247446,0,0.15586199638084963,0.20508157418531603,0.0
25.560000000000002,0.04,639.9664418061063,378.4791010622075,0,-164.05513856779038,-10.0,-3.7017224140449523,0.0,118.99409898583664,0.0,1,-43.54539011745601,5.494098793482635,0,0.14806889656179578,0.1948274954760505,0.0
25.6,0.04,701.2755222766525,399.55345634764365,0,-164.19580401952408,-10.0,-3.5166362933427044,0.0,118.99409898583664,0.0,1,61.30908047054618,21.074355285436127,0,0.14066545173369605,0.18508612070224784,0.0
25.64,0.04,696.24188236615,390.72450721528736,0,-164.3294361986711,-10.0,-3.340804478675569,0.0,118.99409898583664,0.0,1,-5.033639910502529,-8.828949132356286,0,0.13363217914701409,0.1758318146671356,0.0
25.68,0.04,716.9385377580121,390.4075717539337,0,-164.45638676886077,-10.0,-3.17376425474179,0.0,118.99409898583664,0.0,1,20.696655391862123,-0.31693546135363704,0,0.1269505701896776,0.1670402239337787,0.0
25.72,0.04,685.6800672458515,387.49116861590244,0,-164.57698981054097,-10.0,-3.0150760420047007,0.0,118.99409898583664,0.0,1,-31.258470512160557,-2.916403138031285,0,0.12060304168019798,0.15868821273708944,0.0
25.76,0.04,698.9027835343394,368.1785031010892,0,-164.69156270013715,-10.0,-2.8643222399044657,0.0,118.99409898583664,0.0,1,13.222716288487845,-19.31266551481326,0,0.1145728895961895,0.15075380210023503,0.0
25.8,0.04,671.7394719018142,395.43513655650224,0,-164.8004069452535,-10.0,-2.721106127909242,0.0,118.99409898583664,0.0,1,-27.163311632525165,27.256633455413066,0,0.1088442451163587,0.14321611199522355,0.0
25.84,0.04,706.657422536522,348.99142882456925,0,-164.90380897811406,-10.0,-2.58505082151378,0.0,118.99409898583664,0.0,1,34.91795063470772,-46.44370773193299,0,0.10340203286054361,0.13605530639546215,0.0
25.88,0.04,694.232651182709,384.15501319851575,0,-165.00204090933158,-10.0,-2.4557982804380907,0.0,118.99409898583664,0.0,1,-12.424771353812957,35.16358437394649,0,0.09823193121752638,0.1292525410756893,0.0
25.92,0.04,712.3308503062113,378.2444795004817,0,-165.09536124398824,-10.0,-2.3330083664161863,0.0,118.99409898583664,0.0,1,18.098199123502354,-5.910533698034044,0,0.0933203346566529,0.12278991402190442,0.0
25.96,0.04,706.55990635424,353.3382544000333,0,-165.18401556191205,-10.0,-2.216357948095377,0.0,118.99409898583664,0.0,1,-5.77094395197139,-24.90622510044841,0,0.08865431792381173,0.11665041832080947,0.0
26.0,0.04,705.0136408652936,364.5230371460726,0,-165.26823716393966,-10.0,-2.1055400506906077,0.0,118.99409898583664,0.0,1,-1.5462654889463465,11.184782746039332,0,0.0842216020276112,0.1108178974047691,0.0
26.04,0.04,721.1724933055607,374.3713105391277,0,-165.3482476858659,-10.0,-2.0002630481560773,0.0,118.99409898583664,0.0,1,16.158852440267083,9.84827339305508,0,0.0800105219262548,0.10527700253453043,0.0
26.080000000000002,0.04,716.8483626072383,345.931783270215,0,-165.42425768169585,-10.0,-1.9002498957482732,0.0,118.99409898583664,0.0,1,-4.324130698322392,-28.439527268912684,0,0.07600999582993495,0.10001315240780406,0.0
26.12,0.04,692.557021392304,396.02956572196945,0,-165.49646717773427,-10.0,-1.8052374009608594,0.0,118.99409898583664,0.0,1,-24.291341214934278,50.097782451754426,0,0.07220949603842541,0.0950124947874138,0.0
26.16,0.04,746.7915345959342,336.2139375052167,0,-165.56506619897078,-10.0,-1.7149755309128163,0.0,118.99409898583664,0.0,1,54.23451320363017,-59.81562821675277,0,0.0685990212365084,0.09026187004804309,0.0
26.2,0.04,699.0224167623969,340.3357253537745,0,-165.63023526914546,-10.0,-1.6292267543671755,0.0,118.99409898583664,0.0,1,-47.76911783353728,4.121787848557801,0,0.06516907017467588,0.08574877654564084,0.0
26.240000000000002,0.04,743.0395160266216,362.0537076357603,0,-165.6921458858114,-10.0,-1.5477654166488166,0.0,118.99409898583664,0.0,1,44.017099264224726,21.717982281985826,0,0.061910616665954876,0.08146133771835884,0.0
26.28,0.04,717.5007531738277,349.17200717101366,0,-165.75096097164408,-10.0,-1.4703771458163757,0.0,118.99409898583664,0.0,1,-25.53876285279398,-12.881700464746643,0,0.05881508583266282,0.07738827083244093,0.0
26.32,0.04,769.9010794050082,348.0854418847182,0,-165.8068353031851,-10.0,-1.396858288525557,0.0,118.99409898583664,0.0,1,52.40032623118054,-1.0865652862954676,0,0.05587433154101973,0.07351885729081875,0.0
26.36,0.04,753.1013656218003,336.255553245093,0,-165.85991591814906,-10.0,-1.327015374099279,0.0,118.99409898583664,0.0,1,-16.79971378320795,-11.82988863962521,0,0.053080614963960215,0.06984291442627799,0.0
26.400000000000002,0.04,715.856014595714,341.6426389282565,0,-165.91034250236484,-10.0,-1.260664605394315,0.0,118.99409898583664,0.0,1,-37.24535102608627,5.387085683163491,0,0.05042658421578494,0.06635076870496404,0.0
26.44,0.04,769.6785839019542,353.9578954922453,0,-165.95824775736983,-10.0,-1.197631375124599,0.0,118.99409898583664,0.0,1,53.82256930624021,12.31525656398884,0,0.04790525500499143,0.06303323026971586,0.0
26.48,0.04,784.1031445555485,343.8686420738399,0,-166.00375774962455,-10.0,-1.137749806368369,0.0,118.99409898583664,0.0,1,14.424560653594312,-10.089253418405406,0,0.045509992254721965,0.059881568756229964,0.0
26.52,0.04,748.2287469986777,348.47170058187606,0,-166.04699224226655,-10.0,-1.0808623160499506,0.0,118.99409898583664,0.0,1,-35.874397556870804,4.603058508036156,0,0.04323449264200008,0.05688749031841844,0.0
26.560000000000002,0.04,778.2881181959899,329.0859539736648,0,-166.08806501027647,-10.0,-1.026819200247453,0.0,118.99409898583664,0.0,1,30.059371197312203,-19.385746608211264,0,0.04107276800991144,0.054043115802497654,0.0
26.6,0.04,793.1816522343987,355.1916506210924,0,-166.12708413988588,-10.0,-0.9754782402350803,0.0,118.99409898583664,0.0,1,14.893534038408802,26.10569664742758,0,0.03901912960941445,0.05134096001237265,0.0
26.64,0.04,786.1999771666214,328.890568334186,0,-166.16415231301482,-10.0,-0.9267043282233263,0.0,118.99409898583664,0.0,1,-6.98167506777736,-26.301082286906365,0,0.03706817312894373,0.04877391201175407,0.0
26.68,0.04,784.3562385521201,321.9499096598469,0,-166.19936707748732,-10.0,-0.8803691118121599,0.0,118.99409898583664,0.0,1,-1.8437386145012624,-6.94065867433909,0,0.03521476447249938,0.046335216411166336,0.0
26.72,0.04,804.9302611149946,350.02305187234896,0,-166.2328211037362,-10.0,-0.8363506562215519,0.0,118.99409898583664,0.0,1,20.57402256287446,28.073142212502034,0,0.033454026248875834,0.04401845559060802,0.0
26.76,0.04,792.6845427388748,296.70803478628295,0,-166.26460242867262,-10.0,-0.7945331234104743,0.0,118.99409898583664,0.0,1,-12.245718376119726,-53.31501708606601,0,0.03178132493641783,0.041817532811077585,0.0
26.8,0.04,764.0459037876785,298.5463154285546,0,-166.2947946873622,-10.0,-0.7548064672399506,0.0,118.99409898583664,0.0,1,-28.6386389511963,1.8382806422716271,0,0.03019225868959552,0.03972665617052373,0.0
26.84,0.04,795.2230691163084,330.4390797237274,0,-166.32347733311732,-10.0,-0.717066143877953,0.0,118.99409898583664,0.0,1,31.177165328629826,31.89276429517281,0,0.02868264575511148,0.03774032336199762,0.0
26.88,0.04,798.7093169430351,348.22855765435867,0,-166.35072584658468,-10.0,-0.6812128366840553,0.0,118.99409898583664,0.0,1,3.4862478267267534,17.78947793063128,0,0.027248513467355906,0.03585330719389768,0.0
26.92,0.04,830.214808924406,314.91736733911347,0,-166.37661193437867,-10.0,-0.6471521948498525,0.0,118.99409898583664,0.0,1,31.505491981370938,-33.3111903152452,0,0.025886087793992374,0.034060641834202765,0.0
26.96,0.04,796.6791523148855,288.23754480355854,0,-166.40120371778298,-10.0,-0.6147945851073598,0.0,118.99409898583664,0.0,1,-33.535656609520515,-26.679822535554933,0,0.024591783404304124,0.03235760974249269,0.0
27.0,0.04,804.4419303818813,327.7508821229745,0,-166.42456591201704,-10.0,-0.5840548558519918,0.0,118.99409898583664,0.0,1,7.762778066995793,39.51333731941594,0,0.0233621942340676,0.030739729255368053,0.0
27.04,0.04,783.8723635224812,340.2322180027714,0,-166.4467599965394,-10.0,-0.5548521130593922,0.0,118.99409898583664,0.0,1,-20.569566859400084,12.481335879796916,0,0.022194084522368485,0.0292027427925996,0.0
27.080000000000002,0.04,790.2912799115367,323.35469399563533,0,-166.46784437683567,-10.0,-0.5271095074064226,0.0,118.99409898583664,0.0,1,6.4189163890554255,-16.87752400713606,0,0.021084380296258587,0.0277426056529696,0.0
27.12,0.04,815.7647229241966,329.4140412588806,0,-166.48787453811713,-10.0,-0.5007540320361015,0.0,118.99409898583664,0.0,1,25.473443012659914,6.059347263245286,0,0.020030161281454184,0.026355475370321124,0.0
27.16,0.04,807.6440632101408,293.2934466186083,0,-166.5069031913345,-10.0,-0.4757163304342964,0.0,118.99409898583664,0.0,1,-8.120659714055819,-36.120594640272316,0,0.01902865321736158,0.025037701601805074,0.0
27.2,0.04,797.3929936868464,319.12657534723417,0,-166.524980411891,-10.0,-0.45193051391258154,0.0,118.99409898583664,0.0,1,-10.251069523294404,25.833128728625866,0,0.01807722055650629,0.023785816521714853,0.0
27.240000000000002,0.04,832.4579354528155,320.9709377959904,0,-166.54215377141966,-10.0,-0.42933398821695246,0.0,118.99409898583664,0.0,1,35.06494176596914,1.8443624487562147,0,0.017173359528669607,0.02259652569562909,0.0
27.28,0.04,817.7600709581478,315.14306608079426,0,-166.55846846297192,-10.0,-0.4078672888061048,0.0,118.99409898583664,0.0,1,-14.69786449466767,-5.827871715196125,0,0.01631469155225318,0.021466699410847667,0.0
27.32,0.04,820.0795184158816,304.0201705132381,0,-166.57396741994654,-10.0,-0.3874739243657995,0.0,118.99409898583664,0.0,1,2.3194474577337587,-11.122895567556156,0,0.015498956974624889,0.02039336444030526,0.0
27.36,0.04,826.3814929456792,300.05619242324855,0,-166.58869142907244,-10.0,-0.36810022814750953,0.0,118.99409898583664,0.0,1,6.301974529797576,-3.9639780899895527,0,0.014724009125899329,0.019373696218289993,0.0
27.400000000000002,0.04,822.8233672661348,318.6026353554278,0,-166.60267923774205,-10.0,-0.34969521674013404,0.0,118.99409898583664,0.0,1,-3.5581256795443323,18.546442932179275,0,0.013987808669611468,0.018405011407375493,0.0
27.44,0.04,836.3511783019807,327.22618562210766,0,-166.61596765597818,-10.0,-0.3322104559031273,0.0,118.99409898583664,0.0,1,13.527811035845843,8.623550266679842,0,0.013288418236129473,0.01748476083700673,0.0
27.48,0.04,833.5889816645613,308.0371715554114,0,-166.6285916533025,-10.0,-0.3155999331079709,0.0,118.99409898583664,0.0,1,-2.762196637419379,-19.189014066696245,0,0.012623997324311631,0.0166105227951564,0.0
27.52,0.04,808.8482603710273,327.34835979661636,0,-166.6405844507606,-10.0,-0.2998199364525723,0.0,118.99409898583664,0.0,1,-24.740721293533966,19.311188241204945,0,0.011992797458105997,0.015779996655398587,0.0
27.560000000000002,0.04,821.3919978436761,295.5086184570138,0,-166.6519776083458,-10.0,-0.2848289396299437,0.0,118.99409898583664,0.0,1,12.543737472648786,-31.83974133960254,0,0.011393157585189329,0.01499099682262861,0.0
27.6,0.04,807.4979910992583,295.3136556648308,0,-166.66280110805172,-10.0,-0.2705874926484465,0.0,118.99409898583664,0.0,1,-13.894006744417766,-0.19496279218304835,0,0.010823499705935546,0.014241446981497208,0.0
27.64,0.04,790.2227379582465,288.23164687555385,0,-166.67308343277236,-10.0,-0.2570581180160242,0.0,118.99409898583664,0.0,1,-17.27525314101183,-7.082008789276927,0,0.010282324720634506,0.01352937463242232,0.0
27.68,0.04,840.9358486519144,293.0579744047422,0,-166.68285164125697,-10.0,-0.24420521211522297,0.0,118.99409898583664,0.0,1,50.713110693667886,4.826327529188347,0,0.00976820848461557,0.01285290590080121,0.0
27.72,0.04,828.3479259424669,292.62532282467544,0,-166.69213143931736,-10.0,-0.2319949515094618,0.0,118.99409898583664,0.0,1,-12.587922709447525,-0.43265158006676074,0,0.009279798060390476,0.012210260605761164,0.0
27.76,0.04,860.2961999090861,270.28540953847136,0,-166.70094724747472,-10.0,-0.2203952039339887,0.0,118.99409898583664,0.0,1,31.94827396661924,-22.33991328620408,0,0.008815808157351057,0.011599747575473107,0.0
27.8,0.04,819.4730863993443,310.69040949745033,0,-166.70932226522422,-10.0,-0.20937544373728925,0.0,118.99409898583664,0.0,1,-40.8231135097418,40.404999958978976,0,0.008375017749500557,0.011019760196699452,0.0
27.84,0.04,849.1635810749443,280.57862665955673,0,-166.71727853208623,-10.0,-0.19890667155042477,0.0,118.99409898583664,0.0,1,29.690494675600007,-30.1117828378936,0,0.007956266862009898,0.010468772186864483,0.0
27.88,0.04,824.8638753895412,260.25141731596335,0,-166.72483698560515,-10.0,-0.18896133797290351,0.0,118.99409898583664,0.0,1,-24.29970568540307,-20.32720934359338,0,0.007558453518925035,0.009945333577521254,0.0
27.92,0.04,844.8223803405785,274.6112691796335,0,-166.7320175164481,-10.0,-0.17951327107425832,0.0,118.99409898583664,0.0,1,19.9585049510373,14.359851863670144,0,0.007180530842958888,0.009448066898645191,0.0
27.96,0.04,798.0390233800352,302.50105195657653,0,-166.73883902074894,-10.0,-0.1705376075205454,0.0,118.99409898583664,0.0,1,-46.7833569605433,27.889782776943036,0,0.0068215043008308385,0.008975663553712931,0.0
28.0,0.04,840.9773946411634,303.71673337397476,0,-166.7453194498347,-10.0,-0.1620107271445181,0.0,118.99409898583664,0.0,1,42.93837126112817,1.2156814173982298,0,0.006480429085769401,0.00852688037602728,0.0
28.04,0.04,831.1941079966425,275.44566505917675,0,-166.7514758574662,-10.0,-0.1539101907872922,0.0,118.99409898583664,0.0,1,-9.7832866445209,-28.271068314798015,0,0.006156407631493721,0.008100536357225907,0.0
28.080000000000002,0.04,849.0006365103002,274.6588912319484,0,-166.75732444471612,-10.0,-0.14621468124792758,0.0,118.99409898583664,0.0,1,17.806528513657668,-0.7867738272283304,0,0.005848587249914772,0.0076955095393646256,0.0
28.12,0.04,838.0789102020253,264.6787316338342,0,-166.76288060260353,-10.0,-0.1389039471855312,0.0,118.99409898583664,0.0,1,-10.921726308274856,-9.980159598114199,0,0.005556157887411928,0.007310734062396379,0.0
28.16,0.04,855.3408060534287,264.1481614116296,0,-166.7681589525966,-10.0,-0.13195874982625463,0.0,118.99409898583664,0.0,1,17.261895851403324,-0.5305702222046307,0,0.005278349993062648,0.006945197359276567,0.0
28.2,0.04,832.0673794370074,275.6115369369513,0,-166.77317338509,-10.0,-0.1253608123349419,0.0,118.99409898583664,0.0,1,-23.27342661642126,11.463375525321737,0,0.0050144324933967255,0.006597937491312739,0.0
28.240000000000002,0.04,877.0909877679322,263.7665315340545,0,-166.77793709595872,-10.0,-0.1190927717181948,0.0,118.99409898583664,0.0,1,45.023608330924844,-11.845005402896845,0,0.004763710868729731,0.0062680406167471,0.0
28.28,0.04,798.6794790948263,274.5624257535183,0,-166.782462621284,-10.0,-0.11313813313228505,0.0,118.99409898583664,0.0,1,-78.41150867310591,10.795894219463833,0,0.004525525325277613,0.0059546385859097495,0.0
28.32,0.04,828.9164194273541,278.6118639360696,0,-166.786761870343,-10.0,-0.1074812264756708,0.0,118.99409898583664,0.0,1,30.23694033252775,4.049438182551285,0,0.004299249059016574,0.005656906656614252,0.0
28.36,0.04,863.0600214747533,273.4692282328819,0,-166.7908461569491,-10.0,-0.10210716515188725,0.0,118.99409898583664,0.0,1,34.14360204739921,-5.142635703187693,0,0.004084286606087062,0.005374061323783541,0.0
28.400000000000002,0.04,786.7250834049016,266.05289489821905,0,-166.79472622922486,-10.0,-0.09700180689429289,0.0,118.99409898583664,0.0,1,-76.33493806985166,-7.416333334662852,0,0.0038800722757628137,0.005105358257594367,0.0
28.44,0.04,849.3349389151064,275.50091286285226,0,-166.79841229788684,-10.0,-0.09215171654957824,0.0,118.99409898583664,0.0,1,62.60985551020474,9.448017964633209,0,0.003686068661977515,0.004850090344714647,0.0
28.48,0.04,815.0632265427556,261.9190900858973,0,-166.80191406311573,-10.0,-0.08754413072209932,0.0,118.99409898583664,0.0,1,-34.27171237235075,-13.581822776954937,0,0.003501765228890008,0.004607585827478916,0.0
28.52,0.04,825.0847835797281,265.67828815254717,0,-166.80524074008318,-10.0,-0.08316692418599435,0.0,118.99409898583664,0.0,1,10.021557036972467,3.7591980666498443,0,0.0033266769674469288,0.0043772065361049745,0.0
28.560000000000002,0.04,854.880000321719,238.22156765563705,0,-166.80840108320226,-10.0,-0.07900857797669462,0.0,118.99409898583664,0.0,1,29.795216741990885,-27.456720496910123,0,0.0031603431190774245,0.004158346209299724,0.0
28.6,0.04,854.383696607505,259.4466291817567,0,-166.81140340916537,-10.0,-0.07505814907785989,0.0,118.99409898583664,0.0,1,-0.49630371421392283,21.225061526119646,0,0.0030023259631093424,0.003950428898834735,0.0
28.64,0.04,839.9126807645118,259.0011147563247,0,-166.81425561883032,-10.0,-0.0713052416239669,0.0,118.99409898583664,0.0,1,-14.47101584299321,-0.4455144254320089,0,0.002852209664951033,0.0037529074538929924,0.0
28.68,0.04,865.7816740514429,253.49956779139686,0,-166.81696521801203,-10.0,-0.06773997954276854,0.0,118.99409898583664,0.0,1,25.868993286931072,-5.501546964927826,0,0.002709599181713429,0.003565262081198353,0.0
28.72,0.04,846.6202834926931,256.03074498748094,0,-166.81953933723466,-10.0,-0.06435298056563012,0.0,118.99409898583664,0.0,1,-19.16139055874976,2.531177196084087,0,0.0025741192226291787,0.003386998977138428,0.0
28.76,0.04,835.8008559310088,280.51565902194176,0,-166.82198475049614,-10.0,-0.061135331537348604,0.0,118.99409898583664,0.0,1,-10.819427561684392,24.484914034460814,0,0.002445413261483509,0.003217649028281512,0.0
28.8,0.04,832.9406373659057,243.29622383088963,0,-166.82430789309456,-10.0,-0.05807856496048117,0.0,118.99409898583664,0.0,1,-2.8602185651030823,-37.21943519105213,0,0.0023231425984135967,0.0030567665768674313,0.0
28.84,0.04,825.8013795141569,254.34485915848367,0,-166.82651487856305,-10.0,-0.05517463671245711,0.0,118.99409898583664,0.0,1,-7.139257851748766,11.048635327594042,0,0.0022069854684900747,0.0029039282480240597,0.0
28.88,0.04,803.8537886867078,270.2419672448589,0,-166.8286115147581,-10.0,-0.05241590487683426,0.0,118.99409898583664,0.0,1,-21.947590827449062,15.897108086375255,0,0.002096636195062729,0.002758731835622856,0.0
28.92,0.04,828.2186673001244,241.68389867404386,0,-166.83060331914342,-10.0,-0.049795109632992544,0.0,118.99409898583664,0.0,1,24.364878613416522,-28.558068570815067,0,0.0019918043853124345,0.002620795243841713,0.0
28.96,0.04,774.0743954327565,256.1018088902425,0,-166.83249553330947,-10.0,-0.04730535415134292,0.0,118.99409898583664,0.0,1,-54.14427186736782,14.417910216198663,0,0.001892214166048234,0.002489755481649626,0.0
29.0,0.04,808.5137328427506,244.6703197307038,0,-166.83429313676723,-10.0,-0.04494008644377577,0.0,118.99409898583664,0.0,1,34.439337409994096,-11.431489159538728,0,0.001797603457760033,0.002365267707567148,0.0
29.04,0.04,835.3335705615165,232.86929753065914,0,-166.83600086005208,-10.0,-0.04269308212158698,0.0,118.99409898583664,0.0,1,26.819837718765825,-11.801022200044656,0,0.0017077232848521362,0.0022470043221887934,0.0
29.080000000000002,0.04,849.2185869654666,280.6773038635492,0,-166.8376231971727,-10.0,-0.040558428015507623,0.0,118.99409898583664,0.0,1,13.88501640395009,47.808006332890045,0,0.0016223371206081083,0.0021346541060793534,0.0
29.12,0.04,867.2972541624616,267.98727616512826,0,-166.83916441743727,-10.0,-0.03853050661473224,0.0,118.99409898583664,0.0,1,18.07866719699507,-12.69002769842092,0,0.0015412202645848083,0.00202792140077538,0.0
29.16,0.04,819.0908557255195,242.09125433134184,0,-166.84062857668863,-10.0,-0.036603981283995626,0.0,118.99409898583664,0.0,1,-48.206398436942095,-25.89602183378642,0,0.001464159251355568,0.001926525330736617,0.0
29.2,0.04,798.8290966615406,236.36746827704448,0,-166.8420195279774,-10.0,-0.034773782219795844,0.0,118.99409898583664,0.0,1,-20.261759063978957,-5.7237860542973635,0,0.0013909512887835263,0.001830199064199782,0.0
29.240000000000002,0.04,819.5402281126147,238.61346876423542,0,-166.84334093170176,-10.0,-0.03303509310880605,0.0,118.99409898583664,0.0,1,20.711131451074152,2.2460004871909405,0,0.0013214037243471921,0.0017386891109897953,0.0
29.28,0.04,828.6414394013201,245.33155983825236,0,-166.8445962652399,-10.0,-0.031383338453365744,0.0,118.99409898583664,0.0,1,9.101211288705372,6.7180910740169395,0,0.0012553335381255692,0.0016517546554403045,0.0
29.32,0.04,841.8926211282549,224.97624075876857,0,-166.8457888321011,-10.0,-0.029814171530697455,0.0,118.99409898583664,0.0,1,13.25118172693476,-20.35531907948379,0,0.0011925668612207119,0.0015691669226682893,0.0
29.36,0.04,786.7768966071394,238.15043395670529,0,-166.84692177061928,-10.0,-0.02832346295416258,0.0,118.99409898583664,0.0,1,-55.11572452111545,13.174193197936717,0,0.0011329385181682028,0.0014907085765348757,0.0
29.400000000000002,0.04,836.9345870447196,237.6288223572722,0,-166.84799806221153,-10.0,-0.02690728980645445,0.0,118.99409898583664,0.0,1,50.157690437580186,-0.5216115994330721,0,0.0010762915922555294,0.0014161731477081302,0.0
29.44,0.04,814.1589521149061,217.96892005708176,0,-166.84902053922417,-10.0,-0.025561925316131724,0.0,118.99409898583664,0.0,1,-22.775634929813464,-19.659902300190453,0,0.0010224770126399108,0.001345364490322725,0.0
29.48,0.04,818.6971723504108,253.84695397534992,0,-166.84999189238619,-10.0,-0.024283829050325136,0.0,118.99409898583664,0.0,1,4.538220235504696,35.87803391826816,0,0.0009713531620150206,0.001278096265806588,0.0
29.52,0.04,784.39561078485,240.3171431858697,0,-166.8509146778901,-10.0,-0.02306963759780888,0.0,118.99409898583664,0.0,1,-34.30156156556086,-13.529810789480223,0,0.0009227855039171118,0.001214191452516257,0.0
29.560000000000002,0.04,768.45500300886,211.51151465599335,0,-166.8517913241188,-10.0,-0.021916155717918433,0.0,118.99409898583664,0.0,1,-15.940607775989974,-28.805628529876344,0,0.0008766462287042032,0.0011534818798904466,0.0
29.6,0.04,822.0588491986051,268.9104228161043,0,-166.85262413803608,-10.0,-0.02082034793202251,0.0,118.99409898583664,0.0,1,53.60384618974513,57.39890816011095,0,0.0008328139172704141,0.001095807785895922,0.0
29.64,0.04,811.7868424913764,203.14397707870214,0,-166.8534153112575,-10.0,-0.019779330535421386,0.0,118.99409898583664,0.0,1,-10.272006707228684,-65.76644573740217,0,0.0007911732214154199,0.0010410173966011252,0.0
29.68,0.04,822.2514148585146,246.4002790064479,0,-166.85416692581785,-10.0,-0.018790364008650317,0.0,118.99409898583664,0.0,1,10.464572367138203,43.25630192774577,0,0.0007516145603574387,0.0009889665267710686,0.0
29.72,0.04,772.4780356573733,225.36028266396718,0,-166.8548809596502,-10.0,-0.0178508458082178,0.0,118.99409898583664,0.0,1,-49.773379201141324,-21.03999634248072,0,0.0007140338323381457,0.0009395182004325181,0.0
29.76,0.04,786.1376189864327,208.96487165438293,0,-166.8555592917909,-10.0,-0.01695830351780691,0.0,118.99409898583664,0.0,1,13.659583329059387,-16.39541100958425,0,0.0006783321407226595,0.0008925422904108894,0.0
29.8,0.04,814.0485587786811,232.70175817023625,0,-166.8562037073246,-10.0,-0.016110388341916564,0.0,118.99409898583664,0.0,1,27.910939792248428,23.736886515853314,0,0.0006444155336851054,0.0008479151758903451,0.0
29.84,0.04,823.2779702152397,212.86279249003735,0,-166.8568159020816,-10.0,-0.015304868924820735,0.0,118.99409898583664,0.0,1,9.229411436558621,-19.838965680198896,0,0.0006121947569965869,0.0008055194170958294,0.0
29.88,0.04,781.1697495866193,243.06539648245482,0,-166.85739748710074,-10.0,-0.014539625478579697,0.0,118.99409898583664,0.0,1,-42.108220628620415,30.202603992417465,0,0.0005815850191481786,0.0007652434462410377,0.0
29.92,0.04,775.3287237635549,221.90557329284658,0,-166.85794999286892,-10.0,-0.013812644204650712,0.0,118.99409898583664,0.0,1,-5.841025823064456,-21.159823189608232,0,0.0005525057681836643,0.0007269812739289852,0.0
29.96,0.04,795.6091713979201,218.84192559915215,1,-166.82738066435752,-9.97176838511983,0.7642332127849563,0.7057903720042393,111.31487437719072,-191.9806152161481,0,20.28044763436526,-3.063647693694435,1,0.041611391762117235,1.050473895340848,-7.679224608645924
30.0,0.04,777.0899637611462,216.63066057602663,1,-166.7693933430939,-9.914862902354866,1.4496830315906926,1.4226370691241064,104.81942865124294,-162.38614314869437,0,-18.5192076367739,-2.21126502312552,0,0.08124508228837268,0.9918218798113294,-6.495445725947775
30.04,0.04,803.6188107029938,201.14813840229453,1,-166.67868225968968,-9.826187047270361,2.2677770851056613,2.2168963771126338,98.751634211929,-151.69486098284855,0,26.52884694184752,-15.482522173732093,0,0.1268538841633739,1.1402305594584663,-6.067794439313943
30.080000000000002,0.04,761.6341813680416,226.25082864975613,1,-166.56364434001185,-9.710761357915807,2.875947991945876,2.8856422338638534,93.67401012877542,-126.9406020788395,0,-41.98462933495216,25.102690247461595,0,0.16296261143825985,0.9039318961342011,-5.07762408315358
30.12,0.04,787.388767967986,235.91290506665624,1,-166.41912866674042,-9.570518249574585,3.6128918317858,3.5060777085305723,88.26884906645797,-135.12902655793616,0,25.754586599944446,9.662076416900106,0,0.20137752917915624,0.9633412693863626,-5.405161062317447
30.16,0.04,744.9354817274277,187.88381101333448,1,-166.2536258971235,-9.395851903436029,4.137569240422932,4.3666586534639,85.46708417697684,-70.04412223702836,0,-42.45328624055833,-48.02909405332176,0,0.24062314773160476,1.0079116756524429,-2.8017648894811344
30.2,0.04,763.1624700759903,222.19025903198258,1,-166.06349063349137,-9.193623609103868,4.753381590802887,5.055707358303987,81.76718403982541,-92.49750342878578,0,18.2269883485626,34.3064480186481,0,0.2775746773481942,0.9241282208234339,-3.699900137151431
30.240000000000002,0.04,759.8489856238012,205.0704902658481,1,-165.8493855727345,-8.960409412824879,5.352626518921893,5.830354906974747,78.91093882093934,-71.40613047215183,0,-3.3134844521890727,-17.119768766134484,0,0.3165909638441405,0.979373937032209,-2.856245218886073
30.28,0.04,751.7247108043231,211.744817484515,1,-165.61293556981676,-8.697544180042792,5.911250072943515,6.571630819552172,76.43635026915564,-61.86471379459242,0,-8.12427481947816,6.674327218666917,0,0.35356291446555516,0.9281973139776061,-2.4745885517836967
30.32,0.04,748.8420664412922,217.75261128735852,1,-165.35471715361075,-8.406229469518177,6.455460405149976,7.282867763115379,74.1650741173735,-56.7819037945533,0,-2.882644363030863,6.0077938028435085,0,0.3892826878195052,0.895557298875622,-2.271276151782132
30.36,0.04,723.5576171367179,229.5996998047403,1,-165.0797872139774,-8.08883469895451,6.873248490833559,7.934869264091677,72.78779952711035,-34.43186475657889,0,-25.28444930457431,11.847088517381792,0,0.4199117908417926,0.7743725471725469,-1.3772745902631556
30.400000000000002,0.04,693.6698097644216,192.69638721603363,1,-164.79412331239118,-7.73797920583405,7.1415975396556615,8.77138732801151,73.43397624522859,16.154417952956024,0,-29.887807372296265,-36.90331258870668,0,0.4524416445490645,0.8785065072427823,0.646176718118241
30.44,0.04,751.3774054941323,218.90685616640621,1,-164.48618392970613,-7.358905083946871,7.698484567126327,9.476853047179478,71.29175325864584,-53.555574664568795,0,57.70759572971065,26.210468950372587,0,0.48838903887473295,0.8987797518225987,-2.142222986582752
30.48,0.04,722.6461026890587,207.89598890945277,1,-164.16171532648326,-6.949410159841582,8.111715080571626,10.237373102632215,70.73210470413832,-13.991213862687957,0,-28.731302805073597,-11.010867256953446,0,0.5224614505830985,0.8655346393923815,-0.5596485545075183
30.52,0.04,758.3348973867172,206.2511676231285,1,-163.81357974378307,-6.509165469260919,8.70338956750521,11.006117264516572,68.93108313414021,-45.02553924995283,0,35.68879469765852,-1.6448212863242588,0,0.5612608765328897,0.9700754016670055,-1.8010215699981131
30.560000000000002,0.04,726.1201059446967,229.51369391306667,1,-163.44822013989392,-6.04282351746287,9.133990097228688,11.658548794951239,67.97827121163022,-23.820298062749856,0,-32.214791442020555,23.262526289938165,0,0.5924208437933696,0.7817184391476647,-0.9528119225099942
30.6,0.04,715.0811047816434,233.04572405598645,1,-163.06784431504843,-5.551090710476018,9.509395621136902,12.293320174671306,67.63381217146025,-8.611476004249141,0,-11.039001163053285,3.53203014291978,0,0.621680723196444,0.7374713634389599,-0.34445904016996565
30.64,0.04,729.164468288095,213.59981982431242,1,-162.66963559654533,-5.030077867454028,9.955217962577377,13.025321075549744,67.10826855758489,-13.138590346883916,0,14.083363506451633,-19.445904231674035,0,0.6557625836274413,0.8570781055506626,-0.5255436138753566
30.68,0.04,698.2140240067212,217.59175273569238,1,-162.2597840732409,-4.480583374979177,10.246288082610986,13.737362311871282,68.28301783738047,29.36873199488943,0,-30.950444281373848,3.991932911379962,0,0.6855089119881403,0.7692363336444031,1.1747492797955772
30.72,0.04,740.5592417697777,231.1757114297402,1,-161.8298207015825,-3.9053240247902736,10.749084291459878,14.38148375472258,66.56314014233004,-42.996942376260705,0,42.34521776305655,13.583958694047823,0,0.7181864806215867,0.8171269551138659,-1.7198776950504282
30.76,0.04,682.3119528492061,204.38105710460536,1,-161.39139493935426,-3.2989408860222915,10.960644055705911,15.159578469199554,68.99915092081388,60.900269462095835,0,-58.24728892057158,-26.794654325134843,0,0.7482764595839686,0.8063429286258045,2.4360107784838334
30.8,0.04,697.8377494219008,204.45726409392057,1,-160.94140162724165,-2.6614492000730934,11.249832802815417,15.93729214872995,70.30305112505422,32.59750510600874,0,15.525796572694617,0.0762069893152102,0,0.7803138026463637,0.829740139310781,1.3039002042403496
30.84,0.04,660.7799840111801,192.85127521614538,1,-160.4872523183268,-1.9905277691671244,11.353732722871312,16.773035772649223,73.65591532128126,83.82160490567578,0,-37.05776541072066,-11.60598887777519,0,0.8101772406311777,0.8421772962442884,3.3528641962270314
30.88,0.04,705.2222733466533,228.23623004360974,1,-160.0200585547426,-1.2932535842698774,11.679844089604584,17.431854622431175,73.62955556883223,-0.6589938112256277,0,44.44228933547322,35.384954827464355,0,0.8393219296885323,0.7351128487114454,-0.02635975244902511
30.92,0.04,678.2278963785278,213.41251225697525,1,-159.5452192118827,-0.5666619018240254,11.870983571497218,18.164792061146297,75.98024610534503,58.767263412820014,0,-26.994376968125493,-14.82371778663449,0,0.8679907110834253,0.7574507182704817,2.3506905365128006
30.96,0.04,659.7815682580839,199.14391487102105,1,-159.06642355537122,0.19210099764762223,11.969891412787645,18.96907248679119,79.21183356758743,80.78968655606005,0,-18.446328120443923,-14.268597385954195,0,0.8971992077063456,0.8103392895227676,3.231587462242402
31.0,0.04,692.9195086853675,193.11565846578958,1,-158.57704399712264,0.9842407654261119,12.234488956214475,19.803494194462242,80.03061989093341,20.469658083649378,0,33.13794042728364,-6.028256405231474,0,0.9311164071842614,0.8753693198988568,0.8187863233459751
31.04,0.04,669.5442688602245,208.45647334736947,1,-158.08175558510203,1.8066892385351276,12.382210300515593,20.561211827725394,82.63622496564871,65.14012686788249,0,-23.375239825143012,15.340814881579888,0,0.9600688006602717,0.7719829061061141,2.6056050747152995
31.080000000000002,0.04,663.9625235231588,213.58110635318585,1,-157.58167466837676,2.6584214903735064,12.502022918131386,21.293306295959464,85.67643196455397,76.00517497263155,0,-5.58174533706574,5.124633005816378,0,0.9876885906471021,0.7418337911950859,3.040206998905262
31.12,0.04,649.4235721735347,222.39075538110484,1,-157.0797090372168,3.537675591135664,12.549140778999059,21.98135251905394,90.04618689694739,109.2438733098355,0,-14.538951349624085,8.809649027918994,0,1.0124511191029935,0.6896576671996887,4.36975493239342
31.16,0.04,669.4347834624897,197.40417256443104,1,-156.57185644936433,4.449448857384936,12.696314696311502,22.794331656231783,91.70596542251117,41.494463139094506,0,20.011211288954996,-24.986582816673803,0,1.0436688842900799,0.8261932216034712,1.6597785255637802
31.2,0.04,667.6865980605365,224.9125008339395,1,-156.05846654189978,5.3882396234674195,12.834747686614191,23.469769152062085,94.52082139564399,70.37139932832055,0,-1.748185401953151,27.508328269508468,0,1.0699987381152387,0.6894777034666556,2.814855973132822
31.240000000000002,0.04,639.8672519659257,228.07972156119288,1,-155.54510318404203,6.353414445237664,12.834083946443824,24.12937054425612,99.6165415543042,127.39300396650535,0,-27.819346094610864,3.1672207272533797,0,1.093208293862702,0.6596017261464086,5.095720158660214
31.28,0.04,662.8335733126493,250.46069867798303,1,-155.02717311152176,7.340497127272313,12.948251813007074,24.677067050866203,105.60427216780353,149.69326533748307,0,22.96632134672359,22.38097711679015,0,1.1147124208483412,0.5594691815538132,5.987730613499323
31.32,0.04,644.2636001973012,233.18924915412887,1,-154.50839031896203,8.352941959476135,12.969569813993585,25.31112080509556,110.22052803108298,115.40639658198621,0,-18.569973115348034,-17.27144952385416,0,1.1376203778555927,0.6344120273279831,4.616255863279449
31.36,0.04,671.8177401231875,225.5806628400073,1,-153.98324397837766,9.392270659111956,13.128658514609524,25.983217490895523,111.61568609111272,34.87895150074358,0,27.55413992588626,-7.608586314121567,0,1.164466755607837,0.6906686396000354,1.3951580600297433
31.400000000000002,0.04,674.1695847163318,202.4069865946516,1,-153.45126372085002,10.463117961428846,13.299506438191186,26.771182557922266,111.51845242964771,-2.4308415366252945,0,2.3518445931442784,-23.173676245355693,0,1.195707714819358,0.8062741220246529,-0.09723366146501178
31.44,0.04,623.1516380762133,233.9137385136488,1,-152.92265313570712,11.559182516043007,13.215264628572255,27.401613865354022,117.03651398527016,137.9515388905613,0,-51.01794664011845,31.506751918997196,0,1.2168757778042334,0.6360348385725311,5.518061555622452
31.48,0.04,653.3892588906385,213.77551863416934,1,-152.3913646987861,12.684491966930334,13.282210923025444,28.132736272183177,119.30354047696471,56.67566229236378,0,30.237620814425213,-20.138219879479465,0,1.2444230645011023,0.7341810267969805,2.2670264916945513
31.52,0.04,631.3220161584856,196.10195455380577,1,-151.8618118586334,13.8425810269069,13.238821003817874,28.95222649941415,121.57688546386429,56.833624672489336,0,-22.067242732152977,-17.673564080363576,0,1.273419208804083,0.8206381161120347,2.2733449868995734
31.560000000000002,0.04,612.8995936581051,215.87016511075083,1,-151.33767909974904,15.029496053861317,13.103318972108395,29.672875673860396,125.64512496495169,101.70598752718512,0,-18.422422500380435,19.768210556945064,0,1.2974908208330116,0.7332775962945102,4.068239501087405
31.6,0.04,642.542932547215,221.2244193939436,1,-150.81303775435526,16.244166196936945,13.116033634844468,30.366753576890677,129.16837860899832,88.08134110116583,0,29.643338889109828,5.354254283192773,0,1.3231296602283376,0.6939943853967345,3.5232536440466333
31.64,0.04,635.8354950496276,217.84411443341378,1,-150.28922930995157,17.48726751712589,13.095211110092604,31.077533004723605,132.49996732207094,83.28971782681549,0,-6.707437497587307,-3.380304960529827,0,1.3489537348197382,0.711084363889087,3.3315887130726196
31.68,0.04,586.2317436082753,221.84677261756218,1,-149.77617451682622,18.75799948279132,12.826369828133975,31.768299141635794,136.64801092965382,103.70109018957194,0,-49.6037514413523,4.002658184148402,0,1.3703959096964722,0.7412378098759851,4.148043607582878
31.720000000000002,0.04,637.9114139033569,190.23542995007773,1,-149.26353744092017,20.062684362466737,12.815926897650753,32.617121991885405,137.34589779769436,17.44717170101353,0,51.679670295081564,-31.61134266748445,0,1.4017843653169892,0.8488870866628563,0.6978868680405412
31.76,0.04,597.7215513005012,215.68796778491287,1,-148.75935605475405,21.39623164858517,12.604534654153253,33.33868215296084,140.93716510686028,89.78168272914786,0,-40.18986260285567,25.45253783483514,0,1.4256743086940429,0.7518881211072014,3.5912673091659144
31.8,0.04,607.9985872516709,197.11759398792682,1,-148.2615749511376,22.76235541590602,12.444527590411608,34.15309418302121,143.06259139594704,53.13565722716902,0,10.277035951169637,-18.570373796986047,0,1.4539876804005338,0.8299814547050264,2.125426289086761
31.84,0.04,610.5430871828354,217.65807955549656,1,-147.76968523008455,24.15694756731577,12.297243026325786,34.86480378524373,146.54641289675254,87.09553752013761,0,2.5444999311645233,20.540485567569732,0,1.4787977435915007,0.7267897224876588,3.4838215008055045
31.88,0.04,587.5375122222629,199.7794652760814,1,-147.28828800658707,25.583583825670303,12.0349305874371,35.66590645886332,148.90182618523258,58.88533221200092,0,-23.005574960572517,-17.87861427941516,0,1.505667393697197,0.8429551051367941,2.3554132884800367
31.92,0.04,586.0287388533443,214.42346530193885,1,-146.8176850353189,27.039335390964446,11.765074281703816,36.393789132353625,152.0115654096975,77.74348061162328,0,-1.5087733689185825,14.644000025857451,0,1.5299280298179951,0.7762960853381988,3.1097392244649313
31.96,0.04,578.7128398073933,228.99538272877646,1,-146.35933949608926,28.521287879712837,11.458638480740786,37.04881221870974,119.72210429600611,-807.236527842285,0,-7.315899045951028,14.571917426837615,0,1.5512136578302997,0.7231584499757618,-32.2894611136914
32.0,0.04,603.1072036346739,214.2638985495708,1,-145.9083725161327,30.032387588751313,11.274174498914162,37.77749272596189,90.12489345437218,-739.9302710408481,0,24.394363827280586,-14.731484179205665,0,1.5769570532095414,0.7516663104334158,-29.597210841633924
32.04,0.04,599.4131760343994,217.04766983517854,1,-145.46552290096923,31.57207776382275,11.071240379086161,38.492254376786,63.85199030280722,-656.822578789124,0,-3.6940276002744667,2.7837712856077417,0,1.6021116118616505,0.7430117593141917,-26.27290315156496
32.08,0.04,583.0394910291773,229.2610091319325,1,-145.03406538759995,33.13791573706781,10.786437834232045,39.14594933112634,40.91440733645801,-573.4395741587302,0,-16.373685005222114,12.213339296753958,0,1.6241933826669128,0.7130424832262084,-22.93758296634921
32.12,0.04,571.1602110262779,204.32921224574082,1,-144.61637583202543,34.73488786786371,10.442238889363436,39.924303269897635,19.031445017330086,-547.0740579781982,0,-11.87928000289935,-24.931796886191677,0,1.6506921431250763,0.8510627283869588,-21.882962319127927
32.160000000000004,0.04,561.441904216239,217.03782324362433,1,-144.21439789560765,36.360452434010895,10.049448410444624,40.639114153679515,0.06521827022936932,-474.1556686775179,0,-9.71830681003894,12.708610997883511,0,1.6745287158122957,0.8156218240718559,-18.966226747100716
32.2,0.04,578.9988903652672,232.97350612728243,1,-143.8246201811168,38.01142229893262,9.744442862270956,41.2742466230431,-15.856693561191374,-398.0477957855186,0,17.556986149028262,15.935682883658103,0,1.696357321319233,0.7045719537822964,-15.921911831420744
32.24,0.04,546.3259761404119,216.7234885527497,1,-143.4535772713979,39.69104746614379,9.276072742973012,41.99062918027935,-31.202073894551,-383.6345083339906,0,-32.67291422485539,-16.250017574532734,0,1.72012021184039,0.8559056822825288,-15.345380333359625
32.28,0.04,545.5245423438029,215.51537478745283,1,-143.10142945321022,41.399569558397474,8.803695454692031,42.713052306342085,-44.932638344643195,-343.2641112523049,0,-0.8014337966089897,-1.208113765296872,0,1.744435675389965,0.8631543752735945,-13.730564450092196
32.32,0.04,545.7826834538401,190.2756478574185,1,-142.76812509833178,43.142036521079675,8.332608871961225,43.561674067054994,-58.23631116298965,-332.5918204586614,0,0.2581411100372861,-25.239726930034323,0,1.7740583161271404,0.9706088095543262,-13.303672818346456
32.36,0.04,532.0561208970475,204.37953378968066,1,-142.45640951927393,44.91562757700394,7.79288947644646,44.33977639810659,-69.52453965950015,-282.20571241276247,0,-13.7265625567926,14.103885932262159,0,1.8007753429792164,0.9469637075848031,-11.288228496510499
32.4,0.04,552.7642104244242,234.03218674492192,1,-142.1621410981312,46.71441219557922,7.356710528568582,44.96961546438199,-78.09188556999891,-214.18364776246895,0,20.708089527376615,29.65265295524125,0,1.8226958077816666,0.7661261801939111,-8.567345910498759
32.44,0.04,530.4528006617667,234.60521728231413,1,-141.8897821168561,48.538275770698036,6.808974531877409,45.59658937797042,-86.02075986140576,-198.2218572851714,0,-22.31140976265749,0.5730305373922135,0,1.8440872417883019,0.8325328884744821,-7.928874291406856
32.480000000000004,0.04,525.3371553374335,205.4230307344914,1,-141.64035570451352,50.39305473966996,6.235660308564574,46.36947422429796,-94.17059548644079,-203.7458906258756,0,-5.1156453243331725,-29.182186547822738,0,1.871474968818615,0.962309817229123,-8.149835625035024
32.52,0.04,553.7384836023739,222.36137250453012,1,-141.40818159545046,52.27536143414097,5.804352726576438,47.05766736177531,-100.2732911675647,-152.5673920280976,0,28.40132826494039,16.938341770038733,0,1.8965714616037057,0.8121797982906063,-6.102695681123905
32.56,0.04,524.4296014926718,231.132581790249,1,-141.19912156608888,54.18344161225393,5.226500734039801,47.70200445282406,-105.80484247348463,-138.28878264799832,0,-29.30888210970204,8.771209285718868,0,1.9194989090864973,0.8654959342363961,-5.531551305919933
32.6,0.04,529.6441096697351,206.23557734965152,1,-141.01213271479332,56.122274674896964,4.674721282388473,48.47082656607581,-111.49748318633615,-142.3160178212882,0,5.214508177063294,-24.89700444059747,0,1.9478291699496133,0.9463339817894724,-5.692640712851528
32.64,0.04,512.0011118419441,228.88174942865786,1,-140.85074364112938,58.08733138765427,4.034726841598198,49.12641781893252,-115.90761563146725,-110.25331112827743,0,-17.642997827791078,22.646172079006334,0,1.9716729742659256,0.916183810741429,-4.410132445131097
32.68,0.04,504.0144380578637,233.55668350597716,1,-140.7165516798539,60.07767676371037,3.354799031887522,49.75863440140263,-119.72548356988366,-95.44669846041032,0,-7.986673784080381,4.674934077319307,0,1.9948639548748381,0.9284393537373073,-3.8178679384164127
32.72,0.04,526.0914841987047,231.3531874136824,1,-140.60514142173867,62.09375150228374,2.7852564528810415,50.401868464334214,-122.7267754777584,-75.03229769686826,0,22.07704614084105,-2.203496092294756,0,2.01915071184074,0.8591442306253501,-3.00129190787473
32.76,0.04,518.8283510197172,219.2825765413464,1,-140.51796549341947,64.13796972554884,2.179398207979629,51.10545558162748,-125.84152595349924,-77.86876189352121,0,-7.263133178987573,-12.070610872336005,0,2.0460761928157654,0.9284928887913303,-3.1147504757408484
32.8,0.04,564.0761589651063,179.12709446394885,1,-140.44597433330725,66.21836252992115,1.799779002805165,52.00982010930774,-129.44752253094993,-90.14991443626705,0,45.24780794538913,-40.15548207739755,0,2.081638044333929,0.9808088192219866,-3.605996577450682
32.84,0.04,517.648540789339,213.95896948869304,1,-140.39845346503716,68.32796354039573,1.1880217067518668,52.740025261864275,-131.79716955540738,-58.74117561143635,0,-46.42761817576729,34.83187502474419,0,2.1101361700886745,0.9525998919244936,-2.349647024457454
32.88,0.04,505.68661460171495,232.13869593714,1,-140.37779527384674,70.46313681168287,0.5164547797604353,53.379331782178575,-133.40427275458234,-40.177579979373945,0,-11.961926187624044,18.179726448446957,0,2.1352732048340566,0.9272081558879283,-1.6071031991749578
32.92,0.04,517.9821929517398,212.15186783530152,1,-140.38154064406598,72.62787970940296,-0.09363425548086646,54.118572443002066,-135.12085411743433,-42.914534071299926,0,12.295578350024812,-19.986828101838483,0,2.164746137778665,0.958480769518311,-1.716581362851997
32.96,0.04,500.6716279161171,241.15407535040475,1,-140.413151688702,74.81639179205297,-0.7902761159002853,54.71280206625004,-135.97930218659184,-21.461201728937596,0,-17.310565035622687,29.002207515103237,0,2.18874036698007,0.9156520773929696,-0.8584480691575038
33.0,0.04,511.64171432941635,203.15651927651976,1,-140.47043439047212,77.03627257084767,-1.4320675442532025,55.497019469867446,-137.5835192182184,-40.105425790664384,0,10.97008641329927,-37.997556073884994,0,2.2206197288109157,1.013357377060877,-1.6042170316265754
33.04,0.04,514.5212167176628,237.47312389558215,0,-140.52485295715374,79.19638933406648,-1.3604641670405424,54.00291908047009,-137.5835192182184,0.0,0,2.8795023882464648,34.31660461906239,1,2.160802122161719,1.49581516813595,0.0
33.08,0.04,484.23901473593594,244.2798235714071,0,-140.5765505955013,81.2979373620209,-1.2924409586885153,52.53870069886069,-137.5835192182184,0.0,0,-30.28220198172687,6.8066996758249445,0,2.1021838072846615,1.4657976074197188,0.0
33.12,0.04,493.4728060550377,244.40860857701657,0,-140.62566335193145,83.34208802941625,-1.2278189107540896,51.10376668488347,-137.5835192182184,0.0,0,9.233791319101783,0.1287850056094726,0,2.04474057372983,1.4363883992667215,0.0
33.160000000000004,0.04,471.0065823111989,243.1207610368882,0,-140.67232047054011,85.32998928346368,-1.166427965216385,49.697531351185795,-137.5835192182184,0.0,0,-22.46622374383884,-1.2878475401283538,0,1.9884487125797852,1.4075747447058782,0.0
33.2,0.04,465.2359573819162,216.42231737017593,0,-140.71664473321835,87.26276611243016,-1.1081065669555656,48.31942072416207,-137.5835192182184,0.0,0,-5.77062492928269,-26.69844366671228,0,1.9332850050759969,1.3793441506059378,0.0
33.24,0.04,501.8073966840274,244.41781389061745,0,-140.75875278276266,89.1415210048173,-1.0527012386077874,46.96887230967883,-137.5835192182184,0.0,0,36.57143930211123,27.99549652044152,0,1.8792267115771522,1.3516844196307527,0.0
33.28,0.04,467.36436255656946,214.07563142620393,0,-140.79875542982975,90.96733439935672,-1.000066176677398,45.645334863485246,-137.5835192182184,0.0,0,-34.44303412745796,-30.342182464413526,0,1.8262515608348964,1.3245836407041454,0.0
33.32,0.04,463.3077122982659,249.13886484022717,0,-140.8367579445435,92.74126512600533,-0.950062867843528,44.34826816621554,-137.5835192182184,0.0,0,-4.056650258303534,35.063233414023244,0,1.7743377395728954,1.2980301799497878,0.0
33.36,0.04,466.6701328907865,223.09638224498056,0,-140.87286033352157,94.46435083812098,-0.9025597244513516,43.077142802891224,-137.5835192182184,0.0,0,3.36242059252055,-26.04248259524661,0,1.7234638823564048,1.2720126720746583,0.0
33.4,0.04,465.74056748657273,245.37364023272656,0,-140.90715760305073,96.13760843599431,-0.8574317382287839,41.8314399468334,-137.5835192182184,0.0,0,-0.9295654042137471,22.277257987745998,0,1.673609061739923,1.2465200121663218,0.0
33.44,0.04,470.74957250822973,257.268960109648,0,-140.93974000910342,97.76203448191018,-0.8145601513173447,40.610651147896725,-137.5835192182184,0.0,0,5.0090050216570035,11.895319876921434,0,1.6247527786817428,1.2215413478771613,0.0
33.480000000000004,0.04,476.76364729134406,245.0958402449905,0,-140.97069329485348,99.33860560690773,-0.7738321437514775,39.41427812493879,-137.5835192182184,0.0,0,6.014074783114324,-12.17311986465748,0,1.5768749532143589,1.1970660719700454,0.0
33.52,0.04,515.9435064941097,237.30551050570486,0,-141.00009891631603,100.86827890940533,-0.7351405365639035,38.24183256244001,-137.5835192182184,0.0,0,39.17985920276561,-7.790329739285653,0,1.5299559153608024,1.1730838152024081,0.0
33.56,0.04,448.5762456287407,226.31992413020524,0,-141.02803425670547,102.35199234585298,-0.6983835097357083,37.09283591119121,-137.5835192182184,0.0,0,-67.36726086536896,-10.985586375499622,0,1.4839763962873367,1.1495844395268264,0.0
33.6,0.04,464.64019763557536,236.19288183286156,0,-141.05457283007541,103.79066511357168,-0.6634643342489228,35.96681919296738,-137.5835192182184,0.0,0,16.063952006834654,9.872957702656322,0,1.4389175196834236,1.1265580315883608,0.0
33.64,0.04,444.1650659102894,242.65094711295689,0,-141.0797844747769,105.185198025936,-0.6302911175364766,34.86332280910803,-137.5835192182184,0.0,0,-20.475131725285962,6.458065280095326,0,1.3947607933605972,1.1039948964998505,0.0
33.68,0.04,499.50375212007043,259.2169627087798,0,-141.10373553724327,106.53647388005304,-0.5987765616596528,33.78189635292586,-137.5835192182184,0.0,0,55.33868620978103,16.566015595822932,0,1.3514881010623025,1.0818855518782142,0.0
33.72,0.04,461.6614341610136,231.76955086890197,0,-141.12648904658633,107.84535781708773,-0.5688377335766701,32.722098425867344,-137.5835192182184,0.0,0,-37.84231795905686,-27.447411839877844,0,1.3090816944770343,1.0602207221255937,0.0
33.76,0.04,470.6623601411977,235.49002754255673,0,-141.14810488046226,109.11269767538172,-0.5403958468978366,31.683496457349992,-137.5835192182184,0.0,0,9.00092598018415,3.7204766736547583,0,1.267524185447675,1.038991332940737,0.0
33.8,0.04,450.73202172769885,256.66101970762116,0,-141.16863992264436,110.33932433650985,-0.5133760545529448,30.665666528202994,-137.5835192182184,0.0,0,-19.930338413498873,21.170992165064433,0,1.2267985383703988,1.0181885060467657,0.0
33.84,0.04,432.4433581331542,241.94009453523023,0,-141.18814821271738,111.52605206441541,-0.4877072518252975,29.668193197638935,-137.5835192182184,0.0,0,-18.28866359454463,-14.720925172390935,0,1.1868880627765503,0.997803554122768,0.0
33.88,0.04,480.2415763926579,234.28439361921698,0,-141.20668108828673,112.67367883776285,-0.4633218892340326,28.690669333686156,-137.5835192182184,0.0,0,47.7982182595037,-7.655700916013245,0,1.1477764060916769,0.9778279759271972,0.0
33.92,0.04,453.6538307592281,280.14362690517873,0,-141.22428732007762,113.78298667564334,-0.44015579477233097,27.732695947012434,-137.5835192182184,0.0,0,-26.587745633429847,45.85923328596175,0,1.1094475465658433,0.9582534516023034,0.0
33.96,0.04,467.9109296588433,232.94518623990007,0,-141.24101324027896,114.85474195676623,-0.4181480050337144,26.793882028072186,-137.5835192182184,0.0,0,14.257098899615244,-47.19844066527867,0,1.0718857863696982,0.9390718381493111,0.0
34.0,0.04,444.9010778459059,246.02349764937694,0,-141.25690286447025,115.88969573226666,-0.39724060478202866,25.873844387510744,-137.5835192182184,0.0,0,-23.009851812937427,13.078311409476868,0,1.035075744851326,0.9202751650648575,0.0
34.04,0.04,439.9967329812764,260.3894090572879,0,-141.27199800745197,116.88858403225709,-0.3773785745429272,24.97220749976053,-137.5835192182184,0.0,0,-4.904344864629479,14.365911407910943,0,0.9990023519488842,0.9018556301299627,0.0
34.08,0.04,408.41905025770944,279.9190188271508,0,-141.2863383932846,117.8521281662477,-0.3585096458157808,24.088603349765318,-137.5835192182184,0.0,0,-31.577682723566966,19.52960976986293,0,0.9636508417541815,0.8838055953432686,0.0
34.12,0.04,453.90163461380564,233.42302607936531,0,-141.2999617598256,118.7810350175585,-0.34058416352499177,23.222671282770012,-137.5835192182184,0.0,0,45.4825843560962,-46.49599274778549,0,0.929006746223112,0.8661175829909705,0.0
34.160000000000004,0.04,452.3317863154589,272.9468801738991,0,-141.31290395803956,119.67599733184308,-0.3235549553487422,22.37405785711461,-137.5835192182184,0.0,0,-1.5698482983467557,39.52385409453379,0,0.8950558890282926,0.8487842718463302,0.0
34.2,0.04,445.405980206583,260.2208302224845,0,-141.32519904634282,120.53769399984198,-0.30737720758130505,21.542416699972318,-137.5835192182184,0.0,0,-6.925806108875861,-12.726049951414609,0,0.8617843795502387,0.8317984934921434,0.0
34.24,0.04,422.44289023492047,267.12749344818184,0,-141.3368793802309,121.3667903344809,-0.2920083472022398,20.72740836597287,-137.5835192182184,0.0,0,-22.963089971662555,6.9066632256973435,0,0.8291786070029952,0.8151532287600326,0.0
34.28,0.04,441.82647488254327,254.2123739577688,0,-141.34797569742457,122.16393834242703,-0.27740792984212775,19.928700198653413,-137.5835192182184,0.0,0,19.383584647622797,-12.915119490413048,0,0.7972252346907698,0.7988416042807834,0.0
34.32,0.04,450.04688966320174,273.6691539619983,0,-141.35851719875856,122.92977699021425,-0.26353753335002134,19.145966194680344,-137.5835192182184,0.0,0,8.220414780658473,19.4567800042295,0,0.7659111943919686,0.7828568891403843,0.0
34.36,0.04,413.0358150424712,254.37078969273537,0,-141.36853162502587,123.66493246504572,-0.2503606566825203,18.378886870786737,-137.5835192182184,0.0,0,-37.01107462073054,-19.29836426926292,0,0.735223680867361,0.7671924916367371,0.0
34.4,0.04,446.1119977145624,248.2140666816578,0,-141.3780453299798,124.37001843038057,-0.23784262384839425,17.627149133371002,-137.5835192182184,0.0,0,33.07618267209119,-6.15672301107756,0,0.7051501464894704,0.7518419561323799,0.0
34.44,0.04,459.7467982883733,289.47216370296434,0,-141.38708334968607,125.04563627640871,-0.22595049265597453,16.890446150703582,-137.5835192182184,0.0,0,13.634800573810935,41.258097021306526,0,0.6756782959899795,0.7367989599988395,0.0
34.480000000000004,0.04,439.58293582933965,279.89448243037106,0,-141.395669468407,125.6923753655163,-0.2146529680231758,16.16847722768951,-137.5835192182184,0.0,0,-20.16386245903368,-9.577681272593281,0,0.6467960813226971,0.7220573106484873,0.0
34.52,0.04,425.4330383833664,247.98678632038286,0,-141.40382628119187,126.31081327284173,-0.20392031962201698,15.460947683135721,-137.5835192182184,0.0,0,-14.149897445973238,-31.907696109988194,0,0.6184916966393839,0.7076109426501231,0.0
34.56,0.04,467.3013573426286,268.27058972839677,0,-141.4115752533375,126.90151602202064,-0.1937243036409161,14.767568729473007,-137.5835192182184,0.0,0,41.86831895926218,20.28380340801391,0,0.59075357337628,0.6934539149246237,0.0
34.6,0.04,461.0250281656888,261.18751123043427,0,-141.41893677687585,127.46503831621598,-0.1840380884588703,14.088057354883547,-137.5835192182184,0.0,0,-6.276329176939782,-7.083078497962504,0,0.5635703754492264,0.6795804080173367,0.0
34.64,0.04,425.95239110412956,272.2323885773442,0,-141.42593022423728,128.00192376452742,-0.17483618403592677,13.422136207785877,-137.5835192182184,0.0,0,-35.07263706155925,11.044877346909914,0,0.5369309945556974,0.6659847214440325,0.0
34.68,0.04,463.95772944072473,279.51724254292066,0,-141.43257399923064,128.51270510387263,-0.16609437483413042,12.76953348363016,-137.5835192182184,0.0,0,38.00533833659517,7.284853965576474,0,0.5108245455823887,0.6526612711074429,0.0
34.72,0.04,465.53872299726237,312.15157250501915,0,-141.43888558547434,128.99790441643094,-0.1577896560924239,12.129982813957557,-137.5835192182184,0.0,0,1.580993556537635,32.63432996209849,0,0.48524036211754495,0.6396045867815946,0.0
34.76,0.04,462.08118508849185,279.80906758882355,0,-141.44488159240586,129.45803334273808,-0.1499001732878027,11.503223157678407,-137.5835192182184,0.0,0,-3.4575379087705187,-32.342504916195594,0,0.4601679920677663,0.6268093096613057,0.0
34.800000000000004,0.04,412.31190226546573,281.4801504318028,0,-141.4505777989908,129.89359329051908,-0.14240516462341254,10.88899869452484,-137.5835192182184,0.0,0,-49.76928282302612,1.6710828429792741,0,0.43559719337990127,0.614270189974385,0.0
34.84,0.04,426.35328950522234,288.6291119190022,0,-141.45598919524647,130.30507563934447,-0.13528490639224192,10.287058720634343,-137.5835192182184,0.0,0,14.041387239756602,7.148961487199358,0,0.4115179298697615,0.6019820846541619,0.0
34.88,0.04,459.5300530256787,297.900734862482,0,-141.46113002168937,130.69296194119335,-0.12852066107262983,9.697157546221657,-137.5835192182184,0.0,0,33.17676352045635,9.271622943479827,0,0.3879203671612468,0.5899399550701837,0.0
34.92,0.04,429.3151990644966,298.2149158882269,0,-141.46601380681014,131.05772411700522,-0.12209462801899833,9.119054395297225,-137.5835192182184,0.0,0,-30.214853961182087,0.31418102574491513,0,0.3647948687414884,0.5781388648149886,0.0
34.96,0.04,418.9390146510886,276.63074115527996,0,-141.47065340267486,131.39982464930088,-0.1159898966180484,8.55251330739128,-137.5835192182184,0.0,0,-10.376184413407998,-21.584174732946963,0,0.3421319921415739,0.5665739775449709,0.0
35.0,0.04,429.4168758006856,302.1485137369558,0,-141.47506101874635,131.7197167709506,-0.11019040178714598,7.9973030412434545,-137.5835192182184,0.0,0,10.477861149597004,25.517772581675843,0,0.3199224852569746,0.5552405548735004,0.0
35.04,0.04,461.8526755366999,280.22812382273906,0,-141.47924825401427,132.01784465016735,-0.10468088169778868,7.453196980418585,-137.5835192182184,0.0,0,32.4357997360143,-21.92038991421674,0,0.2981572828314908,0.5441339543145345,0.0
35.08,0.04,440.10780806691355,286.8418727778401,0,-141.48322612751878,132.29464357179975,-0.09944683761289924,6.919973040810213,-137.5835192182184,0.0,0,-21.744867469786357,6.613748955101016,0,0.2768275031395551,0.5332496272750271,0.0
35.12,0.04,445.98982876440425,287.56420704019195,0,-141.48700510734807,132.5505401149995,-0.09447449573225428,6.397413579994008,-137.5835192182184,0.0,0,5.882020697490702,0.7223342623518647,0,0.25592444492493,0.5225831170945928,0.0
35.160000000000004,0.04,448.85142858531367,299.26991575973585,0,-141.49059513818588,132.78595232733528,-0.08975077094564156,5.885305308394127,-137.5835192182184,0.0,0,2.8615998209094187,11.705708719543907,0,0.2354395846883867,0.5121300571308786,0.0
35.2,0.04,448.14592467327645,290.7375496513268,0,-141.49400566748182,133.00128989542432,-0.08526323239835948,5.383439202226244,-137.5835192182184,0.0,0,-0.7055039120372157,-8.532366108409065,0,0.215364574479139,0.5018861688892474,0.0
35.24,0.04,425.14803077800394,285.39837309045583,0,-141.49724567031296,133.1969543121516,-0.0810000707784415,4.891610418181719,-137.5835192182184,0.0,0,-22.99789389527251,-5.339176560870953,0,0.19569124045693415,0.49184726019539216,0.0
35.28,0.04,487.2356610129671,283.7303502035766,0,-141.50032367300255,133.37333904054432,-0.07695006723951942,4.409618209818084,-137.5835192182184,0.0,0,62.08763023496317,-1.6680228868792142,0,0.17641158270003254,0.48200922340959285,0.0
35.32,0.04,507.63951203577216,294.0479923657783,0,-141.50324777555767,133.5308296743692,-0.07310256387754344,3.9372658456217215,-137.5835192182184,0.0,0,20.403851022805043,10.317642162201707,0,0.15751777715010506,0.4723680336813799,0.0
35.36,0.04,433.884160664252,296.03525220167285,0,-141.506025672985,133.66980409551755,-0.06944743568366626,3.4743605287092874,-137.5835192182184,0.0,0,-73.75535137152013,1.9872598358945197,0,0.13900218144920962,0.4629197472434232,0.0
35.4,0.04,455.76870934194415,317.94714844986584,0,-141.50866467554098,133.79063262824295,-0.06597506389948295,3.0207133181351016,-137.5835192182184,0.0,0,21.884548677692123,21.91189624819299,0,0.1208573483701464,0.4536604997435276,0.0
35.44,0.04,465.6834548747997,289.1988606790816,0,-141.51117172796916,133.89367819031384,-0.0626763107045088,2.5761390517723997,-137.5835192182184,0.0,0,9.914745532855534,-28.74828777078426,0,0.10307605529114452,0.4445865046136421,0.0
35.480000000000004,0.04,449.04398785964753,303.6699931867799,0,-141.51355342777592,133.9792964411433,-0.05954249516928335,2.140456270736952,-137.5835192182184,0.0,0,-16.63946701515215,14.471132507698314,0,0.08565137108690943,0.4356940514748747,0.0
35.52,0.04,468.11541633422945,320.9927573806148,0,-141.51581604259235,134.0478359269562,-0.05656537041081918,1.713487145322213,-137.5835192182184,0.0,0,19.07142847458192,17.322764193834928,0,0.06857682218726018,0.42697950457750844,0.0
35.56,0.04,474.1144667083006,304.34476387170076,0,-141.51796552666795,134.09963822305284,-0.05373710189027822,1.2950574024157686,-137.5835192182184,0.0,0,5.999050374071146,-16.647993508914055,0,0.05184687225547109,0.4184393012750802,0.0
35.6,0.04,419.970772905616,330.0377915693674,0,-141.5200075365398,134.13503807322752,-0.05105024679576431,0.8849962543674532,-137.5835192182184,0.0,0,-54.143693802684595,25.69302769766665,0,0.03545869705314632,0.4100699505316152,0.0
35.64,0.04,455.22556031613607,328.8611428636433,0,-141.52194744591804,134.15436352639873,-0.04849773445597609,0.48313632928010414,-137.5835192182184,0.0,0,35.254787410520066,-1.1766487057241193,0,0.01942257420292921,0.40186803146114347,0.0
35.68,0.04,495.2689697613925,320.8094104685122,0,-141.52379035982736,134.1579360705065,-0.04607284773317728,0.08931360269450205,-137.5835192182184,0.0,1,40.04340944525643,-8.051732395131069,0,0.004019876002963156,0.3938301918986612,0.0
35.72,0.04,452.1184535997718,346.49309047454307,0,-141.52554112804123,134.14607076373213,-0.04376920534651842,-0.296632669359388,-137.5835192182184,0.0,0,-43.150516161620715,25.68368000603084,0,0.011993777311126214,0.3859531470017325,0.0
35.76,0.04,460.01300743268797,332.8337835235102,0,-141.5272043578444,134.11907636309323,-0.041580745079192495,-0.6748600159722002,-137.5835192182184,0.0,0,7.894553832916188,-13.659306951032875,0,0.027045591123721176,0.37823367788195444,0.0
35.800000000000004,0.04,467.56013244179246,302.8038624763089,0,-141.52878442615742,134.0772554504671,-0.039501707825232865,-1.045522815652756,-137.5835192182184,0.0,0,7.547125009104491,-30.0299210472013,0,0.04185075087445282,0.3706686302655395,0.0
35.84,0.04,443.73122649939575,298.9133859532313,0,-141.53028549105477,134.0209045560935,-0.03752662243397122,-1.4087723593397008,-137.5835192182184,0.0,0,-23.828905942396716,-3.8904765230776093,0,0.05637088337546268,0.3632549131822945,0.0
35.88,0.04,491.97571245284064,299.8405572310489,0,-141.53171150270725,133.9503142796074,-0.03565029131227266,-1.764756912152907,-137.5835192182184,0.0,0,48.244485953444894,0.9271712778175925,0,0.07060467862414775,0.3559894976823005,0.0
35.92,0.04,489.9693747703058,337.4259905657722,0,-141.53306621377712,133.865769408651,-0.03386777674665903,-2.113621773909849,-137.5835192182184,0.0,0,-2.00633768253482,37.58543333472335,0,0.08455572391692875,0.3488694155796217,0.0
35.96,0.04,509.58288836508194,343.8512352785207,0,-141.53435318929348,133.76754903511375,-0.03217438790932608,-2.4555093384316518,-137.5835192182184,0.0,0,19.613513594776123,6.4252447127484515,0,0.09822880475592928,0.3418917582224005,0.0
36.0,0.04,504.32838500743287,335.3439236064992,0,-141.53557581603403,133.65592666904723,-0.03056566851385977,-2.7905591516630186,-137.5835192182184,0.0,0,-5.254503357649071,-8.507311672021501,0,0.11162906172871503,0.33505367528870234,0.0
36.04,0.04,506.5190397513808,329.70932684368654,0,-141.53673731143755,133.53117035030203,-0.029037385088166782,-3.1189079686297583,-137.5835192182184,0.0,0,2.1906547439479027,-5.6345967628126346,0,0.12476172545466833,0.3283523736075114,0.0
36.08,0.04,470.4103996613949,318.4457473280623,0,-141.5378407320709,133.39354275793175,-0.027585515833758442,-3.440689809257163,-137.5835192182184,0.0,0,-36.1086400899859,-11.263579515624258,0,0.13763201560223487,0.32178511600428683,0.0
36.12,0.04,477.5237530259245,350.715056607977,0,-141.53888898167259,133.24330131740888,-0.02620624004207052,-3.7560360130720194,-137.5835192182184,0.0,0,7.113353364529644,32.269309279914694,0,0.1502450973496853,0.31534922017051276,0.0
36.160000000000004,0.04,502.736836827131,353.18188744460394,0,-141.53988481879418,133.08069830569644,-0.024895928039966993,-4.065075292810579,-137.5835192182184,0.0,0,25.213083801206494,2.4668308366269684,0,0.16260606110943965,0.3090420575566865,0.0
36.2,0.04,468.7713904742426,338.45212999353254,0,-141.5408308640597,132.90598095421828,-0.023651131637968642,-4.367933786954367,-137.5835192182184,0.0,0,-33.96544635288842,-14.729757451071407,0,0.1747199127437656,0.3028610522882163,0.0
36.24,0.04,477.16446146144483,342.9050663945319,0,-141.54172960706194,132.71939154976965,-0.02246857505607021,-4.66473511121528,-137.5835192182184,0.0,0,8.393070987202236,4.452936400999363,0,0.1865915689185253,0.2968036801037022,0.0
36.28,0.04,484.17642713072996,328.4183291016461,0,-141.54258341291407,132.52116753341002,-0.0213451463032667,-4.955600408990975,-137.5835192182184,0.0,0,7.011965669285132,-14.486737292885778,0,0.1982258551404852,0.29086746731510954,0.0
36.32,0.04,504.1944543362124,353.3387317752026,1,-141.57059832789895,132.32427577069535,-0.7003728746222092,-4.922294067866986,-106.94578628405907,765.9433233539836,0,20.01802720548244,24.920402673556453,1,0.1988748392494644,0.679844076377114,30.637732934159345
36.36,0.04,512.2889729370424,334.47196894355835,1,-141.62415544829642,132.13248961419197,-1.338928009936998,-4.794653912584778,-80.25835598642507,667.1857574408499,0,8.094518600830042,-18.866762831644223,0,0.19912381819262456,0.6511871237035898,26.687430297633995
36.4,0.04,523.0436688800169,362.3628530997817,1,-141.7011038349179,131.94023088706862,-1.9237096655369097,-4.806468178083691,-55.10988007281715,628.7118978401982,0,10.754695942974422,27.890884156223365,0,0.20708566430039463,0.5849009844370691,25.148475913607925
36.44,0.04,531.9889508715905,344.60295796599064,1,-141.79965443136504,131.75105156835207,-2.463764911178961,-4.72948296791364,-33.525835986121535,539.6011021673903,0,8.945281991573665,-17.759895133791076,0,0.21330971541434682,0.5455147944193844,21.584044086695613
36.480000000000004,0.04,525.6381784221363,342.7389460159172,1,-141.92107739212778,131.56532446043235,-3.0355740190682834,-4.643177697993224,-14.105099340390819,485.5184161432679,0,-6.350772449454212,-1.8640119500734613,0,0.22189658405800902,0.5782856175638632,19.420736645730717
36.52,0.04,493.6937127136164,364.6346525233667,1,-142.0717616103478,131.37867042200796,-3.7671054555002055,-4.66635096061006,4.69517450419535,470.0068461146542,0,-31.944465708519942,21.895706507449518,0,0.2398863557618774,0.7318983826928845,18.80027384458617
36.56,0.04,581.4735101273134,348.09284510225433,1,-142.23415112654234,131.1943978145631,-4.059737904863644,-4.606815186121338,18.660329686896375,349.12887956752564,0,87.779797413697,-16.541807421112367,0,0.24561504193436703,0.2986272908901952,13.965155182701025
36.6,0.04,532.0601325382252,364.8104563088194,1,-142.41812861622924,131.0091631158565,-4.5994372421725185,-4.630867467665439,33.923599968734216,381.581757045946,0,-49.41337758908821,16.717611206565095,0,0.2610739556455602,0.5402350293521471,15.26327028183784
36.64,0.04,527.8286635652801,352.493303084723,1,-142.62454037320308,130.82542975653294,-5.160293924346112,-4.593333983089053,46.95242189541625,325.7205481670509,0,-4.231468972945095,-12.317153224096444,0,0.27633993693518877,0.5621111815319252,13.028821926682035
36.68,0.04,548.7439817042733,354.7685439658724,1,-142.84920333383607,130.6427426884162,-5.616574015824744,-4.567176702918417,58.37104412873928,285.4655558330757,0,20.915318138993257,2.2752408811494433,0,0.28956520981891515,0.4570292388739195,11.418622233323028
36.72,0.04,541.8787280053924,386.9767772544189,1,-143.09349054886798,130.4546602648486,-6.107180375797787,-4.702060589190509,35.16645919844297,-580.1146232574076,0,-6.865253698880906,32.20823328854647,0,0.3083038136045485,0.5088106359166069,-23.204584930296306
36.76,0.04,579.809897946418,356.1415841304547,1,-143.3498157843106,130.2673495244549,-6.408130886065697,-4.682768509842788,46.332641597481356,279.1545599759596,0,37.93116994102559,-30.83519312396419,0,0.31747116371658246,0.3015682243806104,11.166182399038384
36.800000000000004,0.04,546.5002475900118,342.0013292881518,1,-143.62484097023523,130.08363851820354,-6.875629648115639,-4.592775156283551,56.81354836210656,262.0226691156301,0,-33.30965035640622,-14.140254842302909,0,0.33073945442107805,0.4760818167112311,10.480906764625203
36.84,0.04,544.0498093883257,362.371532018797,1,-143.91905619428218,129.89945320554844,-7.35538060117401,-4.604632816377531,67.77609778389093,274.06373554460936,0,-2.4504382016860973,20.37020273064519,0,0.34711212519711215,0.47989746932372923,10.962549421784374
36.88,0.04,577.1103604977193,385.16901972573334,1,-144.22584934622958,129.7102340889482,-7.669828798685421,-4.730477915006205,44.09609763065928,-592.0000038307913,0,33.0605511093936,22.79748770693635,0,0.3604523715677263,0.3386955236891026,-23.680000153231653
36.92,0.04,572.689379143314,369.1237542661127,1,-144.54610462234834,129.51919022149474,-8.006381902968846,-4.776096686336771,56.107095637581715,300.27495017306086,0,-4.420981354405285,-16.045265459620623,0,0.37290910577978176,0.3396307764330559,12.010998006922435
36.96,0.04,588.4134251282173,383.0344645803044,1,-144.87667721344144,129.3235394611252,-8.26431477732776,-4.8912690092383,33.55690032561611,-563.7548827991401,0,15.724045984903341,13.910710314191704,0,0.3841320840742002,0.2824783737520194,-22.550195311965602
37.0,0.04,567.499213323605,361.1894814844732,1,-145.22174996186982,129.12765080445877,-8.626818710709733,-4.897216416660669,45.61722631932913,301.5081498428254,0,-20.914211804612364,-21.844983095831196,0,0.3967966324434877,0.36255271805966294,12.060325993713015
37.04,0.04,570.8741715791052,383.25158166110265,1,-145.58064787598238,128.9271118314601,-8.972447852814204,-5.013474324966182,23.605062659355923,-550.3040914993301,0,3.374958255500246,22.06210017662943,0,0.41112478938359237,0.36465792890796417,-22.012163659973204
37.08,0.04,567.988047244555,372.9001023561934,1,-145.95394818064602,128.72399283799024,-9.332507616591434,-5.077974836747146,38.03824694603164,360.82960716689297,0,-2.8861243345502317,-10.351479304909276,0,0.4249828737374992,0.36579140163667123,14.433184286675719
37.12,0.04,607.4182101260369,413.68600685896484,1,-146.33376484328448,128.51013664314857,-9.495416565961255,-5.346404871041969,26.183498260351094,-296.3687171420137,0,39.43016288148192,40.78590450277147,0,0.4358843531144198,0.3139968297551731,-11.854748685680548
37.160000000000004,0.04,588.7263405969452,385.6453393296273,1,-146.72383623780354,128.29115138044097,-9.751784862976526,-5.4746315676901105,7.263679541876019,-472.99546796187684,0,-18.69186952909172,-28.040667529337554,0,0.4473368284695088,0.2866475003341296,-18.919818718475074
37.2,0.04,560.3646279787497,372.95734969759474,1,-147.12983470672685,128.06957464779384,-10.149961723082773,-5.539418316178086,23.21110488425006,398.68563355935095,0,-28.361712618195497,-12.687989632032554,0,0.462526761624287,0.4034131067574701,15.94742534237404
37.24,0.04,607.6393482844026,390.6706416398314,1,-147.5423053059933,127.84186378681875,-10.311764981660763,-5.6927715243772425,16.726451008058238,-162.11634690479553,0,47.27472030565286,17.71329194223665,0,0.47115202585284094,0.22292936314319342,-6.484653876191821
37.28,0.04,619.5417341452443,384.1940713592101,1,-147.95886755843068,127.60931411157182,-10.414056310934546,-5.813741881173293,14.80014221386577,-48.157719854811674,0,11.902385860841719,-6.476570280621274,0,0.47707804562059003,0.15842141038370136,-1.926308794192467
37.32,0.04,590.0544420429939,389.50028505420494,1,-148.38541892245948,127.37086437931404,-10.663784100719573,-5.961243306444317,-0.8997340311087054,-392.4969061243619,0,-29.48729210225042,5.306213694994824,0,0.4886761104951135,0.2900355830719706,-15.699876244974476
37.36,0.04,620.1259520255186,395.4204503456159,1,-148.81594509608317,127.12533055698715,-10.763154340591987,-6.1383455581723965,-3.3216724719555497,-60.54846102117111,0,30.07150998252473,5.920165291410967,0,0.4956204637436887,0.2030754838464191,-2.4219384408468443
37.4,0.04,637.6689626597604,377.76711762159573,1,-149.2469374771749,126.87624331113594,-10.774809527293192,-6.227181146280373,-1.9959027224951722,33.14424373650944,0,17.543010634241796,-17.653332724020174,0,0.49779402226710157,0.08959690335904433,1.3257697494603775
37.44,0.04,596.6742424050518,377.5011672131303,1,-149.6865950097856,126.6236558318421,-10.991438315267933,-6.314686982346025,6.732068905690902,218.19929070465184,0,-40.99472025470857,-0.2659504084654145,0,0.5070494854324888,0.23363497838498914,8.727971628186074
37.480000000000004,0.04,623.6614196034737,389.89257953980484,1,-150.12952025847562,126.3650898366403,-11.073131217250568,-6.464149880045049,5.237304891397329,-37.36910035733931,0,26.987177198421932,12.391412326674526,0,0.5128734247373457,0.17033169999425632,-1.4947640142935725
37.52,0.04,653.5053583460234,374.9322268058864,1,-150.56974443549643,126.10353739607731,-11.00560442552045,-6.538811014074483,5.817484719073871,14.504495691913544,0,29.843938742549653,-14.960352733918455,0,0.5120615248171844,0.10066852803097724,0.5801798276765417
37.56,0.04,639.1254953381972,399.1269245805416,1,-151.0101435134496,125.83415957059823,-11.009976948829467,-6.734445636977192,3.6588626660429275,-53.96555132577358,0,-14.379863007826202,24.194697774655197,0,0.5162516447643,0.19568348074984013,-2.1586220530309435
37.6,0.04,616.8008402735902,402.02939879787715,1,-151.45518242334808,125.55637586535957,-11.125972747461509,-6.944592630966575,-0.08493457152075434,-93.59493093909205,0,-22.324655064606986,2.902474217335566,0,0.5246174017507801,0.24003496491773677,-3.743797237563682
37.64,0.04,604.0893462336816,414.3177630686587,1,-151.9074034639998,125.26772860750718,-11.305526016293106,-7.216181446309868,-7.06704436344857,-174.55274479819536,0,-12.711494039908644,12.288364270781528,0,0.5364896169301228,0.3255761984047437,-6.982109791927815
37.68,0.04,663.6926655391113,423.7829183352943,1,-152.3548859715437,124.96632476598772,-11.187062688597555,-7.535096037986342,-8.978009425579721,-47.77412655327877,0,59.60331930542975,9.465155266635634,0,0.5395228171638897,0.34020593291839557,-1.910965062131151
37.72,0.04,649.3676205869509,441.90320517628186,1,-152.80049495497022,124.64854028343301,-11.140224585662798,-7.944612063867751,-12.370851780566316,-84.82105887466487,0,-14.325044952160397,18.120286840987546,0,0.5473155794082494,0.4121858601895869,-3.3928423549865947
37.76,0.04,621.7148489590536,387.1767243947293,1,-153.24976096860493,124.32532045599935,-11.231650340867537,-8.080495685841399,-10.040672168415538,58.25449030376944,0,-27.652771627897323,-54.72648078155254,0,0.5534537088623325,0.16377737156101252,2.3301796121507774
37.800000000000004,0.04,681.4053515158984,393.5354454458051,1,-153.69074591193646,123.99539353947652,-11.024623583288038,-8.248172913070427,-9.07297417416241,24.192449856328224,0,59.69050255684476,6.358721051075804,0,0.5507444874815989,0.26641270781457765,0.967697994253129
37.84,0.04,634.8458623398503,412.70851510016394,1,-154.1327616828,123.65492491993368,-11.050394271588791,-8.511715488571248,-10.720095641956577,-41.1780366948542,0,-46.55948917604803,19.173069654358812,0,0.557939801937009,0.264799579828029,-1.6471214677941681
37.88,0.04,668.74887232348,414.37513259518573,1,-154.56902767919885,123.30358127387179,-10.906649909971398,-8.783591151547178,-11.136839826156583,-10.418604605000148,0,33.90300998362966,1.6666174950217965,0,0.5601521018812131,0.30753669312033877,-0.4167441842000059
37.92,0.04,659.4380697418139,404.65161163487306,1,-155.00140606164933,122.94330730548292,-10.809459561262335,-9.006849209721544,-10.806626697612547,8.25532821360091,0,-9.310802581666053,-9.723520960312669,0,0.5628040493006035,0.24349563532428647,0.3302131285440364
37.96,0.04,635.7453119883364,427.24720643361536,1,-155.43463538170215,122.56958389580733,-10.830733001320658,-9.343085241889618,-13.466420981913906,-66.49485710753397,0,-23.69275775347751,22.595594798742297,0,0.572151055834887,0.33690833854335683,-2.659794284301359
38.0,0.04,647.3937455085896,438.7441139365032,1,-155.86638595265325,122.18011166334445,-10.793764273777716,-9.736805811572133,-15.940000479078059,-61.83948742910381,0,11.648433520253207,11.496907502887836,0,0.5814612415081641,0.3954523660408015,-2.4735794971641525
38.04,0.04,687.5339902749566,397.42418107910765,1,-156.28862972554936,121.78315459466575,-10.556094322402933,-9.92392671696767,-14.201032256802613,43.47420555688615,0,40.140244766367005,-41.31993285739554,0,0.5795383663947793,0.30249171727923074,1.738968222275446
38.08,0.04,702.0670762034251,418.8686653439687,1,-156.6984600832048,121.37442379291825,-10.245758941385807,-10.218270043687511,-13.77149348769054,10.738469227801817,0,14.533085928468495,21.444484264861046,0,0.5788106688314703,0.42772192215918403,0.42953876911207267
38.12,0.04,679.0931832848606,416.0456448185005,1,-157.10047180420327,120.95448386220706,-10.05029302496151,-10.498498267780015,-13.399243093662612,9.306259850698195,0,-22.973892918564502,-2.8230205254682232,0,0.581345825843686,0.34166472171066875,0.3722503940279278
38.160000000000004,0.04,698.0132212076146,437.8046002238535,1,-157.4908808809602,120.51898301145108,-9.760226918923442,-10.887521268899285,-14.003328394340706,-15.102132516952338,0,18.920037922753977,21.75895540535305,0,0.5848762588987256,0.4852599728722033,-0.6040853006780935
38.2,0.04,691.0668790899404,428.85249558107927,1,-157.87107658189913,120.06971166157889,-9.504892523473734,-11.23178374680468,-14.10627851665157,-2.5737530577715884,0,-6.946342117674249,-8.952104642774259,0,0.5885520510782658,0.42861673694949315,-0.10295012231086353
38.24,0.04,719.865309892211,436.4928671851617,1,-158.23529922085964,119.60514173826968,-9.105565974012682,-11.61424808273049,-14.143889302905876,-0.9402696563576729,0,28.798430802270673,7.640371604082418,0,0.5903247787234482,0.552938207541892,-0.037610786254306916
38.28,0.04,699.5631768565846,435.20951950276105,1,-158.58760922444884,119.12552991105991,-8.807750089729756,-11.990295680244294,-14.333216165156063,-4.733171556254678,0,-20.30213303562641,-1.2833476824006311,0,0.5951049011968472,0.47969375285396904,-0.18932686225018713
38.32,0.04,733.4603056316788,415.49841698402895,1,-158.9212271669117,118.63481840045334,-8.34044856157137,-12.267787765164442,-13.1900178165685,28.579958714689102,0,33.89712877509419,-19.711102518732105,0,0.5933790678604535,0.543481899802095,1.143198348587564
38.36,0.04,710.1705654633286,438.63964139073596,1,-159.2408109962819,118.12837896156861,-7.989595734254726,-12.66098597211812,-13.403958320679045,-5.348512602763655,0,-23.28974016835025,23.14122440670701,0,0.5988444950509264,0.5269748916102827,-0.21394050411054621
38.4,0.04,671.8378215682716,416.17929536454005,1,-159.55402726133843,117.61070366361098,-7.830406626413369,-12.941882448940817,-12.463131580169575,23.52066851273675,0,-38.33274389505698,-22.460346026195907,0,0.605055487382346,0.32286839849500776,0.9408267405094701
38.44,0.04,706.4177949345768,422.63711480457255,1,-159.85395996740806,117.08050094269242,-7.498317651740484,-13.255068022963677,-11.78645001029863,16.917039246773633,0,34.57997336630524,6.457819440032495,0,0.6091588901425351,0.45647375704997173,0.6766815698709454
38.480000000000004,0.04,691.9313209690565,460.22471732277523,1,-160.14350640928387,116.53025327830932,-7.238661046895208,-13.756191609577556,-13.527498034806717,-43.52620061270218,0,-14.486473965520304,37.58760251820269,0,0.6217794095674195,0.5643991508680125,-1.7410480245080873
38.52,0.04,736.9359952336998,422.7567653944,1,-160.41366565211294,115.96745426084733,-6.753981070726715,-14.069975436549555,-12.473864017544967,26.34085043154375,0,45.00467426464331,-37.467951928375214,0,0.6242825886905297,0.5773863259273508,1.05363401726175
38.56,0.04,749.3557435133828,416.75224576665806,1,-160.66195374623933,115.39330479423202,-6.207202353159806,-14.353736665382847,-11.198181023654115,31.8920748472713,0,12.419748279682949,-6.004519627741956,0,0.6255354408021678,0.6160254872755617,1.275682993890852
38.6,0.04,737.9450914605084,435.22970820059305,1,-160.89065282207363,114.80410938597659,-5.717476895857265,-14.72988520638581,-10.847214335486047,8.7741672042017,0,-11.410652052874411,18.47746243393499,0,0.6320241264356538,0.6175101201023669,0.350966688168068
38.64,0.04,757.3812079166402,448.14594842661114,1,-161.0958756563246,114.19728478803583,-5.130570856274067,-15.170614948518867,-10.88880288962503,-1.0397138534745665,0,19.4361164561318,12.91624022601809,0,0.6405876242669425,0.7339628089351029,-0.04158855413898266
38.68,0.04,710.996779964182,442.0350589556373,1,-161.28689913458274,113.57405317830394,-4.775586956453159,-15.580790243297052,-11.033996021035573,-3.629828285263592,0,-46.38442795245817,-6.110889470973859,0,0.6518493757110119,0.5424549212408635,-0.14519313141054369
38.72,0.04,774.065100848645,464.42587187648127,1,-161.45110959267114,112.92993639419676,-4.105261452209936,-16.102919602679457,-11.419633714685618,-9.640942341251124,0,63.06832088446299,22.390812920843985,0,0.6647191182102282,0.8496795569907584,-0.38563769365004497
38.76,0.04,740.320570738356,443.5700086428731,1,-161.59525593661186,112.269105608361,-3.603658598518157,-16.52076964589382,-11.14425324744144,6.884511681104444,0,-33.74453011028902,-20.855863233608147,0,0.6763693487879083,0.6528430756667201,0.27538046724417775
38.800000000000004,0.04,723.4521151791728,440.48508290730626,1,-161.72271185751674,111.59217780594379,-3.1863980226222903,-16.923195060430352,-10.787299072369093,8.923854376808693,0,-16.86845555918319,-3.0849257355668556,0,0.6888223729373962,0.5797004420059112,0.3569541750723477
38.84,0.04,748.9588000226792,444.3753559898425,1,-161.8283760184171,110.89837493232861,-2.6416040225088917,-17.345071840379568,-10.423639047471447,9.091500622441151,0,25.506684843506378,3.8902730825362255,0,0.7018029227179527,0.6890431916940161,0.36366002489764604
38.88,0.04,727.3908928212051,444.7149747916789,1,-161.9165620007532,110.18762906375508,-2.2046495584028687,-17.76864671433796,-10.188225017134535,5.885350758422803,0,-21.5679072014741,0.3396188018364228,0,0.7161958232040454,0.6085596746014733,0.2354140303369121
38.92,0.04,759.0529734108127,440.80517498612943,1,-161.98093738840714,109.46072216018433,-1.609384691348799,-18.172672589268608,-9.539374199859525,16.221270431875244,0,31.662080589607626,-3.9097998055494827,0,0.7297519009871856,0.7194283630510916,0.6488508172750098
38.96,0.04,754.8914466774755,469.66293301083255,1,-162.0223344867256,108.71188267001142,-1.0349274579614214,-18.72098725432277,-10.214187902023212,-16.870342554092186,0,-4.161526733337155,28.857758024703116,0,0.7499828676653996,0.7941348027284413,-0.6748137021636875
39.0,0.04,783.1960682919276,440.7330178652304,1,-162.03509237138567,107.94689657626546,-0.3189471165017803,-19.124652343648926,-9.360652534894033,21.338384178229486,0,28.304621614452117,-28.929915145602138,0,0.7650924697353276,0.8219326941406795,0.8535353671291794
39.04,0.04,786.3901815872383,460.51837424047784,1,-162.0185722197283,107.16180680767141,0.4130037914344147,-19.627244214851316,-9.289223349823374,1.7857296267664857,0,3.1941132953106717,19.78535637524743,0,0.7852635609537977,0.8878911648548716,0.07142918507065943
39.08,0.04,795.6758330555813,480.07406152445634,1,-161.97091690145982,106.35270222677246,1.1913829567123262,-20.2276145224736,-9.815123585391511,-13.147505889203437,0,9.285651468342962,19.5556872839785,0,0.810506787257781,0.9830150717121356,-0.5259002355681375
39.12,0.04,750.1741545106735,451.7399891577338,1,-161.90122675228918,105.52524964804198,1.742253729265693,-20.686314468262267,-9.33170773553408,12.085396246435787,0,-45.501678544907804,-28.334072366722523,0,0.830382133080402,0.7168432522665388,0.48341584985743147
39.160000000000004,0.04,741.9469499366638,480.23688864207605,1,-161.81114721313122,104.67374969158307,2.251988478949011,-21.287498911472646,-10.466819817937717,-28.37780206009093,0,-8.227204574009647,28.496899484342237,0,0.8562514229035963,0.7881955657023755,-1.1351120824036371
39.2,0.04,765.3687158335831,437.8311850505415,1,-161.69599393080654,103.80668349811405,2.878832058116922,-21.676654836725355,-8.974390388932406,37.31073572513277,0,23.421765896919283,-42.405703591534575,0,0.8746794054320673,0.737817868381709,1.4924294290053108
39.24,0.04,770.1796020961933,476.0111516050372,1,-161.55480472806263,102.91641507432404,3.5297300685978943,-22.256710594750544,-9.385834028974317,-10.286091001047781,0,4.810886262610211,38.17996655449571,0,0.901394618005357,0.8718560101681152,-0.41144364004191125
39.28,0.04,801.0827367824462,474.57043453663084,1,-161.38139897796222,102.00323256362668,4.335143752510129,-22.8295627674337,-9.366125491847903,0.4927134281603518,0,30.903134686252884,-1.440717068406343,0,0.9295008617593691,0.9883576346550321,0.019708537126414072
39.32,0.04,781.5773518895369,449.8827449224549,1,-161.17967775748392,101.07207350394484,5.043030511957818,-23.278976492045977,-8.276963742039422,27.22904374521202,0,-19.50538489290932,-24.68768961417595,0,0.9527584401194444,0.8384964878109094,1.089161749808481
39.36,0.04,771.8675751788028,463.5463557873438,0,-160.98804259802952,100.14417122545663,4.790878986359927,-23.197556962205056,-8.276963742039422,0.0,0,-9.709776710734104,13.663610864888938,1,0.947484391830658,0.2649708129225946,0.0
39.4,0.04,772.1770774553063,469.5243321013501,0,-160.80598919654784,99.2194605925382,4.55133503704193,-23.117765822960955,-8.276963742039422,0.0,0,0.30950227650350826,5.977976314006298,0,0.9424612435657288,0.252483523337137,0.0
39.44,0.04,786.6565396703414,470.24551771011,0,-160.63303846514026,98.29787777227813,4.323768285189834,-23.039570506501736,-8.276963742039422,0.0,0,14.479462215035142,0.7211856087598676,0,0.9376709711262916,0.2406265448047473,0.0
39.480000000000004,0.04,815.6400201391979,479.1563954772547,0,-160.46873527030306,97.37936020842326,4.1075798709303415,-22.9629390963717,-8.276963742039422,0.0,0,28.983480468856442,8.910877767144711,0,0.9330970233280051,0.22936827042673505,0.0
39.52,0.04,786.5355381494359,474.493981533232,0,-160.3126472352077,96.4638465958455,3.9022008773838244,-22.887840314444265,-8.276963742039422,0.0,0,-29.104481989762007,-4.662413944022717,0,0.9287242053026984,0.21867866388188067,0.0
39.56,0.04,798.1897715094277,460.4495113651073,0,-160.1643636018671,95.55127685551928,3.707090833514633,-22.81424350815538,-8.276963742039422,0.0,0,11.65423335999185,-14.04447016812469,0,0.9245385697069365,0.2085291804869566,0.0
39.6,0.04,800.771469555208,492.6045340065466,0,-160.02349415019356,94.64159210999958,3.5217362918389012,-22.74211863799227,-8.276963742039422,0.0,0,2.5816980457802856,32.1550226414393,0,0.9205273155349843,0.19889269221332834,0.0
39.64,0.04,800.6410043074353,473.8374041803306,0,-159.88966817110366,93.73473465939028,3.345649477246956,-22.671436265232423,-8.276963742039422,0.0,0,-0.13046524777269042,-18.767129826215978,0,0.9166786942025853,0.18974341646576337,0.0
39.68,0.04,825.0451963116819,456.7475124420767,0,-159.76253349096828,92.83064795779318,3.1783670033846083,-22.602167539927773,-8.276963742039422,0.0,0,24.404192004246624,-17.089891738253925,0,0.9129819225471368,0.18105684843948328,0.0
39.72,0.04,776.776242604322,448.60502628296234,0,-159.64175554483967,91.929276590228,3.019448653215378,-22.534284189129217,-8.276963742039422,0.0,0,-48.26895370735997,-8.142486159114355,0,0.9094271023767442,0.17280969688113576,0.0
39.76,0.04,826.5368201551853,500.2993515546271,0,-159.5270164960175,91.03056625001413,2.868476220554609,-22.46775850534663,-8.276963742039422,0.0,0,49.76057755086333,51.69432527166475,0,0.9060051461950654,0.16497982308831308,0.0
39.800000000000004,0.04,793.3715866231188,482.40638610582346,0,-159.41801439963643,90.13446371660454,2.7250524095268784,-22.402563335239698,-8.276963742039422,0.0,0,-33.16523353206651,-17.892965448803636,0,0.9027077087288833,0.15754618299086146,0.0
39.84,0.04,831.8316399630265,470.0319548080439,0,-159.3144624080744,89.24091683386315,2.5887997890505345,-22.338672068534905,-8.276963742039422,0.0,0,38.460053339907745,-12.374431297779552,0,0.8995271238897233,0.15048877216528028,0.0
39.88,0.04,829.3516027572582,490.2783130147716,0,-159.21608801609048,88.34987448877658,2.459359799598008,-22.276058627164204,-8.276963742039422,0.0,0,-2.480037205768326,20.246358206727677,0,0.8964563468098097,0.14378857364113598,0.0
39.92,0.04,878.5157238839861,484.15503126832687,0,-159.12263234370576,87.46128659059174,2.3363918096181076,-22.214697454620918,-8.276963742039422,0.0,0,49.16412112672788,-6.123281746444718,0,0.8934889006033752,0.1374275083656245,0.0
39.96,0.04,827.9184056299791,504.6933654766321,0,-159.03384945494028,86.5751040503706,2.219572219137202,-22.1545635055285,-8.276963742039422,0.0,0,-50.59731825400695,20.53833420830523,0,0.8906188275184508,0.13138838819917054,0.0
40.0,0.04,815.0115532179527,492.7942901837762,0,-158.94950571061307,85.69127876095388,2.108593608180342,-22.09563223541793,-8.276963742039422,0.0,0,-12.90685241202641,-11.899075292855912,0,0.8878406441584451,0.12565487132124653,0.0
40.04,0.04,849.2926839152037,483.2195843935195,0,-158.86937915350222,84.8097635773255,2.003163927771325,-22.037879590709572,-8.276963742039422,0.0,0,34.281130697251,-9.5747057902567,0,0.8851493004695956,0.12021141993154136,0.0
40.08,0.04,836.2627343970781,505.43209046275064,0,-158.7932589242469,83.93051229736969,1.9030057313827586,-21.98128199889538,-8.276963742039422,0.0,0,-13.02994951812559,22.212506069231154,0,0.8825401422064667,0.11504326013711773,0.0
40.12,0.04,847.3834701253511,478.8635450736772,0,-158.72094470645436,83.05347964301299,1.8078554448136206,-21.925816358917473,-8.276963742039422,0.0,0,11.120735728272962,-26.56854538907345,0,0.8800088766046066,0.11013634392128642,0.0
40.160000000000004,0.04,838.7277894618619,482.6837019757025,0,-158.65224619955146,82.17862124174343,1.7174626725729394,-21.871460031739122,-8.276963742039422,0.0,0,-8.655680663489193,3.8201569020253032,0,0.8775515410063527,0.10547731309469137,0.0
40.2,0.04,823.6413389722518,495.26478603342196,0,-158.5869826179937,81.30589360849926,1.6315895389442923,-21.81819083110434,-8.276963742039422,0.0,0,-15.086450489610115,12.581084057719465,0,0.8751644742022567,0.1010534651334249,0.0
40.24,0.04,837.6270632176554,501.9377175996618,0,-158.5249822155138,80.43525412791998,1.5500100619970776,-21.765987014482253,-8.276963742039422,0.0,0,13.985724245403617,6.672931566239868,0,0.8728442902666185,0.09685272081306497,0.0
40.28,0.04,829.3721043840548,496.31037166626953,0,-158.46608183315792,79.56666103695227,1.4725095588972237,-21.714827274192608,-8.276963742039422,0.0,0,-8.254958833600654,-5.6273459333922915,0,0.870587854681252,0.0928635935511564,0.0
40.32,0.04,832.7274608440619,519.2757407215959,0,-158.41012646991982,78.70007340780391,1.3988840809523624,-21.664690728708756,-8.276963742039422,0.0,0,3.3553564600071013,22.965369055326335,0,0.868392262556545,0.08907516037405502,0.0
40.36,0.04,823.5052829152443,472.92375026757986,0,-158.35696887484363,77.83545113123853,1.3289398769047442,-21.61555691413458,-8.276963742039422,0.0,0,-9.222177928817587,-46.351990454016004,0,0.8662548187729706,0.08547703442717461,0.0
40.4,0.04,805.5664158253924,492.76138016063595,0,-158.30646915952124,76.97275490020445,1.262492883059507,-21.56740577585189,-8.276963742039422,0.0,0,-17.938867089851897,19.83762989305609,0,0.8641730198797268,0.08205933895046813,0.0
40.44,0.04,829.05646448759,491.4319532651683,0,-158.25849442996497,76.11194619379106,1.1993682389065317,-21.52021766033485,-8.276963742039422,0.0,0,23.490048662197637,-1.329426895467634,0,0.8621445375997567,0.0788126826436525,0.0
40.480000000000004,0.04,826.6572692575388,511.6385620753219,0,-158.21291843688653,75.25298726150594,1.1393998269612051,-21.47397330712815,-8.276963742039422,0.0,0,-2.399195230051191,20.20660881015357,0,0.8601672038025392,0.07572813634805976,0.0
40.52,0.04,821.4385239269888,487.74694378007734,0,-158.169621243462,74.39584110786652,1.0824298356131448,-21.428653840985586,-8.276963742039422,0.0,0,-5.218745330550064,-23.89161829524454,0,0.8582389968169083,0.07279721097435819,0.0
40.56,0.04,838.4640296601981,501.3145493721169,0,-158.1284889097087,73.54047147729989,1.0283083438324874,-21.384240764165874,-8.276963742039422,0.0,0,17.025505733209343,13.56760559203957,0,0.8563580289666711,0.07001183660751517,0.0
40.6,0.04,801.222801779053,508.76586581217293,0,-158.08941319264306,72.68684283934459,0.9768929266408629,-21.340715948882554,-8.276963742039422,0.0,0,-37.24122788114505,7.451316440056019,0,0.8545225352216331,0.06736434272251075,0.0
40.64,0.04,822.7472967199478,480.4609243209484,0,-158.05229126143072,71.8349203741484,0.9280482803088197,-21.298061629904904,-8.276963742039422,0.0,0,21.524494940894783,-28.304941491224554,0,0.8527308628652407,0.06484743944636148,0.0
40.68,0.04,855.2625102935025,490.9491131838856,0,-158.01702542677899,70.98466995825612,0.8816458662933787,-21.256260397306804,-8.276963742039422,0.0,0,32.51521357355466,10.488188862937193,0,0.8509814620887298,0.06245419980418353,0.0
40.72,0.04,846.9981798924025,508.3867150305565,0,-157.98352288385985,70.13605815068169,0.8375635729787098,-21.215295189360667,-8.276963742039422,0.0,0,-8.264330401099983,17.43760184667093,0,0.8492728774291499,0.060178042889003344,0.0
40.76,0.04,858.1836510686323,520.948201389338,0,-157.95169546808665,69.28905217925875,0.7956853943297743,-21.175149285573454,-8.276963742039422,0.0,0,11.18547117622984,12.561486358781508,0,0.8476037399757781,0.05801271789740863,0.0
40.800000000000004,0.04,867.9207756643099,508.5821089258004,0,-157.92145942310214,68.44361992726427,0.7559011246132855,-21.135806299861983,-8.276963742039422,0.0,0,9.737124595677528,-12.366092463537598,0,0.8459727602758647,0.0559522889752273,0.0
40.84,0.04,860.306476906032,496.91606826234005,0,-157.89273518036683,67.59972992030967,0.7181060683826213,-21.097250173864744,-8.276963742039422,0.0,0,-7.614298758277869,-11.666040663460365,0,0.8443787218769452,0.05399112081994642,0.0
40.88,0.04,856.7900428191376,506.86300434136865,0,-157.8654471497683,66.75735131349417,0.6822007649634901,-21.059465170387448,-8.276963742039422,0.0,0,-3.516434086894378,9.946936079028603,0,0.8428204754479869,0.05212386498907341,0.0
40.92,0.04,844.1045771177153,493.4673586564486,0,-157.8395235206997,65.91645387881498,0.6480907267153156,-21.0224358669797,-8.276963742039422,0.0,0,-12.685465701422345,-13.395645684920055,0,0.841296933427273,0.05034544686617716,0.0
40.96,0.04,851.5664021657664,493.0273135267118,0,-157.8148960730845,65.07700799282938,0.6156861903795499,-20.986147149640104,-8.276963742039422,0.0,0,7.461825048051082,-0.4400451297368022,0,0.8398070651490039,0.04865105323925647,0.0
41.0,0.04,800.6348013468166,492.38031045530033,0,-157.79149999785008,64.23898462456349,0.5849018808605724,-20.9505842066473,-8.276963742039422,0.0,0,-50.93160081894973,-0.6470030714114614,0,0.838349892405366,0.04703612044875365,0.0
41.04,0.04,866.833127703836,520.1678833035334,0,-157.76927372637738,63.40235532366291,0.5556567868175437,-20.915732522514354,-8.276963742039422,0.0,0,66.19832635701937,27.787572848233026,0,0.8369244854041281,0.045496323065586326,0.0
41.08,0.04,871.0399787258394,499.824650650827,0,-157.7481587684783,62.567092208780345,0.5278739474766665,-20.881577872064067,-8.276963742039422,0.0,0,4.206851022003434,-20.343232652706376,0,0.835529959086091,0.04402756306249817,0.0
41.12,0.04,855.093996472439,526.8018675314154,0,-157.72809955847418,61.73316795619543,0.5014802501028331,-20.848106314622786,-8.276963742039422,0.0,0,-15.945982253400416,26.9772168805884,0,0.8341654697692165,0.04262595944499645,0.0
41.160000000000004,0.04,821.3453508966005,500.13757421058443,0,-157.70904330897028,60.90055578866222,0.47640623759769146,-20.81530418833033,-8.276963742039422,0.0,0,-33.74864557583851,-26.66429332083095,0,0.8328302120897816,0.04128783831122941,0.0
41.2,0.04,839.3244353617395,514.2071284806868,0,-157.69093987194157,60.06922946447967,0.45258592571780687,-20.78315810456372,-8.276963742039422,0.0,0,17.979084465138953,14.069554270102401,0,0.8315234162133498,0.040009723313024784,0.0
41.24,0.04,837.4708857201385,532.4780674916823,0,-157.67374160676428,59.23916326678077,0.4299566294319165,-20.751654942472445,-8.276963742039422,0.0,0,-1.853549641600921,18.27093901099545,0,0.8302443452908389,0.03878832649320974,0.0
41.28,0.04,836.0346867689464,515.9011108896631,0,-157.65740325484586,58.410331993035854,0.40845879796032064,-20.720781843622994,-8.276963742039422,0.0,0,-1.436198951192182,-16.57695660201921,0,0.828992293137296,0.03762053947711422,0.0
41.32,0.04,848.0411904889838,513.9106625530201,0,-157.64188182052337,57.582710944765836,0.3880358580623046,-20.690526206750533,-8.276963742039422,0.0,0,12.006503720037472,-1.9904483366429986,0,0.8277665821129715,0.036503424998706506,0.0
41.36,0.04,900.558732485013,492.85159341932587,0,-157.627136457917,56.75627591746122,0.3686340651591894,-20.660875682615522,-8.276963742039422,0.0,0,52.517541996029195,-21.05906913369421,0,0.8265665611881353,0.035434208744322904,0.0
41.4,0.04,829.1322959418042,503.04748403877295,0,-157.61312836344095,55.93100319070269,0.3502023619012299,-20.63181816896321,-8.276963742039422,0.0,0,-71.42643654320887,10.195890619447084,0,0.8253916041748333,0.034410271499128786,0.0
41.44,0.04,854.5522689504601,504.4282355753066,0,-157.5998206736887,55.10686951847933,0.33269224380616835,-20.603341805583945,-8.276963742039422,0.0,0,25.419973008655916,1.3807515365336371,0,0.8242411081103058,0.03342914158351943,0.0
41.480000000000004,0.04,857.248093978958,500.4796191945415,0,-157.58717836842408,54.28385211970044,0.3160576316158599,-20.575434969472266,-8.276963742039422,0.0,0,2.695825028497893,-3.9486163807650883,0,0.8231144917781305,0.03248848756846155,0.0
41.52,0.04,828.6152904252101,503.34473103167045,0,-157.57516817842267,53.46192866889713,0.3002547500350669,-20.54808627008282,-8.276963742039422,0.0,0,-28.632803553747863,2.86511183712895,0,0.8220111943546102,0.0315861112603442,0.0
41.56,0.04,852.7842004445188,521.3649860684409,0,-157.56375849792133,52.64107728710988,0.28524201253331355,-20.521284544681162,-8.276963742039422,0.0,0,24.16891001930867,18.020255036770436,0,0.8209306741687634,0.030719940947248184,0.0
41.6,0.04,820.5285932628229,476.36546319686727,0,-157.55291930144506,51.82127653295838,0.2709799119066479,-20.49501885378754,-8.276963742039422,0.0,0,-32.25560718169584,-44.99952287157362,0,0.8198724075657267,0.029888024899690516,0.0
41.64,0.04,831.9103650165212,531.5216264919189,0,-157.5426220647926,51.002505393889905,0.2574309163113155,-20.469278476711786,-8.276963742039422,0.0,0,11.381771753698217,55.15616329505167,0,0.8188358878640843,0.029088525119783454,0.0
41.68,0.04,816.565939655299,503.4970947953281,0,-157.53283968997277,50.184743277602806,0.2445593704957497,-20.44405290717755,-8.276963742039422,0.0,0,-15.344425361222193,-28.024531696590827,0,0.8178206243984499,0.028319711333429316,0.0
41.72,0.04,815.035258536984,536.1556934576338,0,-157.52354643389393,49.367970003641446,0.2323314019709622,-20.419331849034,-8.276963742039422,0.0,0,-1.5306811183149875,32.65859866230568,0,0.8168261416397651,0.027579955220776914,0.0
41.76,0.04,798.9734690456633,500.26811141122283,0,-157.51471784061903,48.55216579515931,0.22071483187241409,-20.395105212053316,-8.276963742039422,0.0,0,-16.061789491320724,-35.887582046410955,0,0.8158519783860156,0.026867724880388244,0.0
41.800000000000004,0.04,828.866078566266,492.7285055383665,0,-157.50633067700787,47.737311270846824,0.20967909027879336,-20.37136310781225,-8.276963742039422,0.0,0,29.89260952060272,-7.5396058728563276,0,0.8148976870171923,0.026181579522916706,0.0
41.84,0.04,841.0115354012878,514.6519273548943,0,-157.49836287157729,46.92338743702059,0.19919513576485368,-20.348095845656005,-8.276963742039422,0.0,0,12.145456835021832,21.923421816527764,0,0.8139628328085872,0.025520164390101838,0.0
41.88,0.04,825.6362114294238,500.33635785092605,0,-157.49079345641823,46.11037567987087,0.189235378976611,-20.325293928742884,-8.276963742039422,0.0,0,-15.375323971863963,-14.31556950396822,0,0.8130469932971401,0.02488220589485209,0.0
41.92,0.04,816.0206647185012,529.5047407545817,0,-157.48360251201711,45.29825775786415,0.17977361002778044,-20.302948050168027,-8.276963742039422,0.0,0,-9.615546710922672,29.16838290365564,0,0.8121497576961368,0.024266506978205656,0.0
41.96,0.04,820.6093848686784,518.0301756691474,0,-157.47677111483605,44.48701579429756,0.1707849295263914,-20.281049089164664,-8.276963742039422,0.0,0,4.58872015017721,-11.474565085434278,0,0.8112707263539203,0.023671942678682698,0.0
42.0,0.04,794.6068291669026,515.902041706144,0,-157.47028128751404,43.67663227000231,0.16224568305007184,-20.25958810738137,-8.276963742039422,0.0,0,-26.002555701775805,-2.1281339630033926,0,0.8104095102526045,0.023097455909391638,0.0
42.04,0.04,788.8280209719536,504.9637651729136,0,-157.46411595155814,42.86709001619296,0.15413339889756825,-20.23855634523374,-8.276963742039422,0.0,0,-5.778808194948965,-10.938276533230407,0,0.8095657305433369,0.022542053438083486,0.0
42.08,0.04,825.746408415341,545.0109427236553,0,-157.45825888240003,42.0583722074598,0.14642672895268982,-20.217945218329064,-8.276963742039422,0.0,0,36.91838744338736,40.04717755074165,0,0.8087390181148012,0.02200480206500262,0.0
42.12,0.04,836.2877674869716,508.3951271149254,0,-157.45269466669984,41.250462354901295,0.13910539250505533,-20.197746313962483,-8.276963742039422,0.0,0,10.541359071630609,-36.61581560872986,0,0.8079290131920374,0.021484824993230085,0.0
42.160000000000004,0.04,776.8933303458837,525.6579107761747,1,-157.41975178493047,40.40942092018756,0.8235720442344783,-21.02603586784336,-10.589409956900294,-57.81115537152179,0,-59.394437141087906,17.26278366124933,1,0.8416863598541995,1.0745036911978787,-2.3124462148608718
42.2,0.04,758.9364568907829,483.45598131161717,1,-157.36302161178293,39.5436882892115,1.4182543286883882,-21.643315774401444,-11.334183353139126,-18.619334905970806,0,-17.956873455100776,-42.201929464557566,0,0.8675893619000132,0.8571356383231767,-0.7447733962388323
42.24,0.04,823.2400886605989,529.9823039887181,1,-157.26964342090326,38.6439591974377,2.334454771991386,-22.493227294345033,-12.671398270789684,-33.43037294126394,0,64.30363176981598,46.52632267710089,0,0.9045617309592892,1.2497091037683257,-1.3372149176505577
42.28,0.04,825.8622010958063,510.1558289017843,1,-157.13909278980444,37.714198939883545,3.263765777470422,-23.244006438853955,-13.235134280785966,-14.09340024990704,0,2.622112435207441,-19.826475086933783,0,0.9388810381552476,1.1946917044719134,-0.5637360099962816
42.32,0.04,774.0429631341832,529.2863469479254,0,-157.01506969026056,36.78766748748047,3.1005774885969006,-23.163286310076874,-13.235134280785966,0.0,0,-51.81923796162312,19.130518046141106,1,0.9347953046055715,0.1820608601958598,0.0
42.36,0.04,792.755124562962,506.41415933850084,0,-156.89724774569387,35.864300264125454,2.9455486141670555,-23.084180583875334,-13.235134280785966,0.0,0,18.712161428778813,-22.872187609424543,0,0.9308539304250832,0.17404501666194785,0.0
42.4,0.04,810.1691360595617,502.11976435479295,0,-156.78531689835552,34.94403398523754,2.7982711834587026,-23.006656972197828,-13.235134280785966,0.0,0,17.41401149659964,-4.294394983707889,0,0.9270482935878221,0.16643482797653397,0.0
42.44,0.04,790.9403597238332,459.6843704117034,0,-156.6789825933841,34.026806631927386,2.658357624285767,-22.93068383275387,-13.235134280785966,0.0,0,-19.228776335728412,-42.43539394308954,0,0.9233704576572205,0.1592096792202325,0.0
42.480000000000004,0.04,777.0204624451392,527.6046606159928,0,-156.57796500366123,33.112557425683434,2.5254397430714786,-22.856230156098793,-13.235134280785966,0.0,0,-13.919897278694066,67.92029020428936,0,0.919813113926471,0.1523499691957788,0.0
42.52,0.04,781.8624208985543,506.38053095556853,0,-156.4819982934245,32.20122680356436,2.3991677559179045,-22.783265552976815,-13.235134280785966,0.0,0,4.841958453415145,-21.22412966042424,0,0.9163695282393439,0.14583705992805845,0.0
42.56,0.04,764.0874079810005,515.9323199896561,0,-156.39082991869964,31.292756393887668,2.279209368122009,-22.71176024191728,-13.235134280785966,0.0,0,-17.775012917553795,9.551789034087562,0,0.9130334921612194,0.1396532287930049,0.0
42.6,0.04,777.2509690176892,511.5008064842176,0,-156.304219962711,30.38708899240451,2.1652488997159085,-22.641685037078933,-13.235134280785966,0.0,0,13.163561036688634,-4.431513505438488,0,0.9097992781848148,0.13378162314934763,0.0
42.64,0.04,808.6569178799067,494.13012216397976,0,-156.2219405045218,29.484168538951018,2.056986454730113,-22.573011336337352,-13.235134280785966,0.0,0,31.405948862217542,-17.370684320237842,0,0.9066615986709534,0.12820621735253954,0.0
42.68,0.04,776.0666046376565,503.7407820404431,0,-156.14377501924204,28.583940094566593,1.9541371319936072,-22.505711109610605,-13.235134280785966,0.0,0,-32.590313242250204,9.61065987646333,0,0.9036155682411744,0.12291177203518576,0.0
42.72,0.04,765.9562887508622,485.12342883910645,0,-156.0695178082263,27.686349819069857,1.8564302753939268,-22.43975688741839,-13.235134280785966,0.0,0,-10.110315886794297,-18.61735320133664,0,0.9006566693552784,0.11788379554277381,0.0
42.76,0.04,774.3072126594326,504.494827646466,0,-155.99897345776134,26.791344949083054,1.7636087616242304,-22.375121749670022,-13.235134280785966,0.0,0,8.350923908570394,19.371398807359526,0,0.8977807208236409,0.11310850741764952,0.0
42.800000000000004,0.04,726.5459955392453,501.2512813197523,0,-155.93195632481962,25.89887377649599,1.6754283235430187,-22.31177931467662,-13.235134280785966,0.0,0,-47.761217120187325,-3.2435463267136697,0,0.8949838490200024,0.10857280382806614,0.0
42.84,0.04,768.5670086218832,508.9617111508998,0,-155.86829004852498,25.008885627360666,1.5916569073658677,-22.249703728383086,-13.235134280785966,0.0,0,42.02101308263798,7.710429831147508,0,0.8922624615764938,0.10426422484251975,0.0
42.88,0.04,754.8780452970489,511.09093679732894,0,-155.80780708604507,24.12133084120805,1.5120740619975743,-22.188869653815424,-13.235134280785966,0.0,0,-13.68896332483439,2.12922564642912,0,0.8896132233576359,0.10017092345295402,0.0
42.92,0.04,721.913516758213,511.9189138461109,0,-155.75034827168918,23.236160750778485,1.4364703588976955,-22.129252260739115,-13.235134280785966,0.0,0,-32.96452853883591,0.8279770487819746,0,0.8870330345247968,0.09628163625338804,0.0
42.96,0.04,743.2321813446691,473.69167543656005,0,-155.69576239805107,22.35332766215751,1.3646468409528107,-22.070827215524332,-13.235134280785966,0.0,0,21.31866458645618,-38.227238409550864,0,0.8845190105163837,0.09258565568341885,0.0
43.0,0.04,723.5711862736827,489.35851170105667,0,-155.64390581809488,21.472784835308957,1.2964144989051702,-22.013570671213845,-13.235134280785966,0.0,0,-19.660995070986473,15.666836264496624,0,0.88206846378226,0.08907280374887154,0.0
43.04,0.04,733.438561519779,510.0635675710821,0,-155.59464206713648,20.594486464997374,1.2315937739599117,-21.957459257789566,-13.235134280785966,0.0,0,9.867375246096344,20.705055870025433,0,0.8796788871232926,0.08573340713455437,0.0
43.08,0.04,721.8117470206366,526.6462812598085,0,-155.547841503726,19.718387662092024,1.170014085261916,-21.902470072633772,-13.235134280785966,0.0,0,-11.62681449914237,16.582713688726358,0,0.8773479384985896,0.08255827362681595,0.0
43.12,0.04,728.2532104974968,484.8720107989944,0,-155.50338096848606,18.844444435244778,1.1115133809988202,-21.848580671181097,-13.235134280785966,0.0,0,6.441463476860122,-41.77427046081408,0,0.875073427173971,0.07953866976638353,0.0
43.160000000000004,0.04,741.2735864444688,491.52587805822543,0,-155.4611434600081,17.97261367293448,1.055937711948879,-21.795769057757475,-13.235134280785966,0.0,0,13.02037594697208,6.653867259231049,0,0.8728533010953125,0.07666629965476758,0.0
43.2,0.04,739.0069104671936,511.5196975401272,0,-155.42101782695403,17.102853125870386,1.003140826351435,-21.744013676602325,-13.235134280785966,0.0,0,-2.266675977275213,19.993819481901767,0,0.8706856353800834,0.07393328484048621,0.0
43.24,0.04,708.3075705230375,505.77347402197734,0,-155.38289847555268,16.235121389747576,0.9529837850338632,-21.693293403070278,-13.235134280785966,0.0,0,-30.699339944156122,-5.746223518149861,0,0.8685686218290212,0.07133214521447019,0.0
43.28,0.04,717.2694596886303,484.41920768971124,0,-155.34668509172138,15.369377888347222,0.90533459578217,-21.643587535008873,-13.235134280785966,0.0,0,8.961889165592765,-21.354266332266093,0,0.8665005593682314,0.06885578084722808,0.0
43.32,0.04,731.806358476391,488.9648665639657,0,-155.31228237708166,14.505582856974874,0.8600678659930615,-21.594875784308694,-13.235134280785966,0.0,0,14.53689878776072,4.545658874254457,0,0.8644798453394607,0.06649745470374407,0.0
43.36,0.04,701.7178067906899,483.47602288462997,0,-155.27959979817393,13.643697326229972,0.8170644726934084,-21.54713826862252,-13.235134280785966,0.0,0,-30.088551685701077,-5.48884367933573,0,0.8625049675633643,0.06425077617564288,0.0
43.4,0.04,728.3648231372938,505.1596857035161,0,-155.24855134821158,12.78368310609997,0.776211249058738,-21.500355503250066,-13.235134280785966,0.0,0,26.64701634660389,21.683662818886148,0,0.860574497106951,0.0621096853738472,0.0
43.44,0.04,693.9890751492172,483.08284111273355,0,-155.21905532074734,11.925502770372567,0.737400686605801,-21.454508393185066,-13.235134280785966,0.0,0,-34.37574798807657,-22.07684459078257,0,0.8586870816923751,0.06006843812873462,0.0
43.480000000000004,0.04,740.1168734278382,485.57096865354333,0,-155.19103409465632,11.069119641359713,0.7005306522755109,-21.409578225321365,-13.235134280785966,0.0,0,46.12779827862096,2.488127540809785,0,0.8568414396896851,0.05812159164869016,0.0
43.52,0.04,673.1006989939492,499.25591890600145,0,-155.16441392986985,10.214497774927116,0.6655041196617354,-21.365546660814935,-13.235134280785966,0.0,0,-67.01617443388898,13.684950252458123,0,0.8550363546411308,0.056263990791871006,0.0
43.56,0.04,661.343603963088,503.0216209855149,0,-155.1391247733227,9.361601945823171,0.6322289136786486,-21.322395727598636,-13.235134280785966,0.0,0,-11.757095030861251,3.76570207951346,0,0.8532706702692717,0.05449075490993312,0.0
43.6,0.04,657.6002751818575,504.39843087263137,0,-155.1151000746029,8.510397633301304,0.6006174679947162,-21.280107813046662,-13.235134280785966,0.0,0,-3.7433287812305025,1.3768098871164511,0,0.851543285925267,0.05279726522636603,0.0
43.64,0.04,661.1399187224248,492.9787572063526,0,-155.0922766108191,7.6608510070298745,0.5705865945949803,-21.238665656785727,-13.235134280785966,0.0,0,3.53964354056734,-11.419673666278754,0,0.8498531524376773,0.051179152715795366,0.0
43.68,0.04,671.9894965304505,484.4643423466807,0,-155.0705943202245,6.812928913283874,0.5420572648652312,-21.198052343650012,-13.235134280785966,0.0,0,10.849577808025742,-8.514414859671888,0,0.8481992683255692,0.049632286454367555,0.0
43.72,0.04,666.0211264102738,522.8462714116982,0,-155.04999614415962,5.966598861412793,0.5149544016219696,-21.15825129677701,-13.235134280785966,0.0,0,-5.968370120176701,38.381929065017516,0,0.8465806763429615,0.04815276241473435,0.0
43.76,0.04,668.4252430757609,496.40281226052844,0,-155.030427876898,5.121829010579134,0.4892066815408711,-21.11924627084147,-13.235134280785966,0.0,0,2.404116665487095,-26.443459151169804,0,0.8449964603246247,0.04673689268240718,0.0
43.800000000000004,0.04,665.2903312238706,469.3831493657963,0,-155.01183802299943,4.278588156762148,0.46474634746382754,-21.081021345424638,-13.235134280785966,0.0,0,-3.134911851890365,-27.019662894732107,0,0.8434457423059109,0.045381195073321424,0.0
43.84,0.04,665.9270630974833,485.41090302788905,0,-154.9941776617958,3.4368457200215023,0.44150903009063613,-21.043560918516146,-13.235134280785966,0.0,0,0.636731873612689,16.02775366209272,0,0.8419276798917608,0.044082383135090254,0.0
43.88,0.04,631.2425564350505,472.38399878678695,0,-154.97740031865234,2.5965717320156694,0.4194335785861043,-21.00684970014582,-13.235134280785966,0.0,0,-34.684506662432796,-13.026904241102102,0,0.8404414638522898,0.04283735651697727,0.0
43.92,0.04,651.7737823937756,505.19535330013866,0,-154.96146184266607,1.757736823769953,0.39846189965679907,-20.970872706142902,-13.235134280785966,0.0,0,20.531225958725145,32.811354513351716,0,0.8389863159243804,0.04164319169564127,0.0
43.96,0.04,625.3310910830818,441.08545075919864,0,-154.94632029047912,0.9203122136891514,0.3785388046739591,-20.935615252020042,-13.235134280785966,0.0,0,-26.442691310693817,-64.10990254094003,0,0.8375614868005887,0.04049713304569633,0.0
44.0,0.04,667.077291765604,474.70470243758837,0,-154.9319358159015,0.0842696958099658,0.35961186444026116,-20.90106294697964,-13.235134280785966,0.0,0,41.74620068252216,33.61925167838973,0,0.8361662542883695,0.039396584245528866,0.0
44.04,0.04,642.4136103311761,461.9736422901925,0,-154.91827056505278,-0.750418371711636,0.3416312712182481,-20.867201688040044,-13.235134280785966,0.0,0,-24.663681434427872,-12.731060147395851,0,0.8347999216241606,0.03833910001016985,0.0
44.08,0.04,648.7018403659499,483.8740184863072,0,-154.9052885767465,-1.5837790778828058,0.3245497076573357,-20.834017654279243,-13.235134280785966,0.0,0,6.2882300347738465,21.900376196114678,0,0.8334618159282975,0.037322378143996277,0.0
44.12,0.04,638.6129459033064,475.1943139675152,0,-154.89295568785553,-2.415838969930552,0.3083222222744689,-20.801497301193656,-13.235134280785966,0.0,0,-10.088894462643566,-8.679704518791993,0,0.8321512867879877,0.03634425190676544,0.0
44.160000000000004,0.04,621.880622427707,486.0259477640774,0,-154.8812394434091,-3.246624064137343,0.29290611116074544,-20.76962735516978,-13.235134280785966,0.0,0,-16.7323234755994,10.831633796562187,0,0.8308677049567613,0.03540268268698513,0.0
44.2,0.04,614.9620814938827,502.8420468696624,0,-154.87010901118498,-4.076159856459999,0.27826080560270816,-20.738394808066385,-13.235134280785966,0.0,0,-6.918540933824261,16.81609910558501,0,0.8296104611598575,0.03449575297705733,0.0
44.24,0.04,629.1219590501986,477.60562457594096,0,-154.8595351005721,-4.9044713329362,0.26434776532257276,-20.707786911905057,-13.235134280785966,0.0,0,14.159877556315905,-25.236422293721432,0,0.8283789649959944,0.03362165964462957,0.0
44.28,0.04,615.870419004116,507.8046253349905,0,-154.84948988548982,-5.731582979882878,0.2511303770564441,-20.677791173666954,-13.235134280785966,0.0,0,-13.251540046082596,30.19900075904951,0,0.8271726439268257,0.03277870749475024,0.0
44.32,0.04,588.7167320552708,473.98097810876226,0,-154.83994693116168,-6.5575187938906225,0.23857385820362187,-20.648395350193613,-13.235134280785966,0.0,0,-27.153686948845234,-33.82364722622822,0,0.8259909423461882,0.03196530311724043,0.0
44.36,0.04,585.8241796779675,465.68411540578325,0,-154.83088112454993,-7.382302291618212,0.22664516529344075,-20.61958744318974,-13.235134280785966,0.0,0,-2.8925523773032182,-8.296862702979013,0,0.8248333207219982,0.03117994901357636,0.0
44.4,0.04,571.0015789557837,489.14454760839925,0,-154.82226860826879,-8.20595651939125,0.2153129070287687,-20.591355694325944,-13.235134280785966,0.0,0,-14.822600722183893,23.460432202616005,0,0.8236992548042597,0.030421237997255487,0.0
44.44,0.04,595.9820275683531,465.22257374325307,0,-154.8140867178017,-9.028504062608828,0.20454726167733026,-20.563688580439425,-13.235134280785966,0.0,0,24.98044861256949,-23.921973865146185,0,0.8225882348933081,0.029687847861415626,0.0
44.480000000000004,0.04,586.7750741681757,486.54285483237703,1,-154.81654981250097,-9.87636017679288,-0.06157736748179235,-21.19640285460131,-26.087136471663104,-321.30005477192844,0,-9.20695340017744,21.320281089123966,1,0.8478596919271365,0.6864034316444525,-12.852002190877139
44.52,0.04,542.5598374573901,447.40415154072645,1,-154.83850093970875,-10.0,-0.5487781801948479,0.0,-37.655091719907645,-289.1988812061135,1,-44.215236710785575,-39.138703291650586,0,0.12557331670534172,21.202001287766652,-11.567955248244541
44.56,0.04,556.147737411111,432.4051031103239,1,-154.87722251943433,-10.0,-0.9680394931392904,0.0,-47.674163093257135,-250.47678433373724,1,13.587899953720921,-14.999048430402524,0,0.038721579725574884,0.41926131294444247,-10.01907137334949
44.6,0.04,577.257175318426,492.41581967274544,1,-154.9284926640962,-10.0,-1.2817536165471672,0.0,-54.258193958596365,-164.60077163348075,1,21.10943790731494,60.01071656242152,0,0.05127014466188484,0.31371412340787685,-6.58403086533923
44.64,0.04,536.9250176402115,473.7393675381505,1,-155.00037780523004,-10.0,-1.7971285283461107,0.0,-61.84558656468286,-189.6848151521624,1,-40.33215767821446,-18.676452134594967,0,0.07188514113383349,0.5153749117989435,-7.587392606086496
44.68,0.04,563.6429451814984,446.65282582986026,1,-155.0875343573276,-10.0,-2.1789138024386183,0.0,-68.45859611633375,-165.32523879127226,1,26.717927541286826,-27.086541708290213,0,0.08715655209755369,0.3817852740925076,-6.61300955165089
44.72,0.04,555.0225475682363,457.6384676339007,1,-155.1916863999115,-10.0,-2.6038010645974374,0.0,-74.34947623651148,-147.27200300444315,1,-8.620397613262071,10.985641804040426,0,0.10415204258390531,0.4248872621588191,-5.8908801201777266
44.76,0.04,613.1418386894915,451.12563735952716,1,-155.3012100747575,-10.0,-2.7380918711499795,0.0,-76.90463991709393,-63.87909201456132,1,58.11929112125517,-6.512830274373528,0,0.10952367484600245,0.1342908065525421,-2.555163680582453
44.800000000000004,0.04,542.1920451817186,468.81976003789424,1,-155.43029534056717,-10.0,-3.227131645241389,0.0,-82.01025417159042,-127.64035636241218,1,-70.94979350777282,17.69412267836708,0,0.12908526580966395,0.48903977409140964,-5.105614254496487
44.84,0.04,583.4727056668513,447.8855412957929,1,-155.57068606524345,-10.0,-3.5097681169071286,0.0,-85.38937096801892,-84.47791991071263,1,41.28066048513267,-20.934218742101336,0,0.1403907246762799,0.28263647166573946,-3.379116796428505
44.88,0.04,564.271837645652,460.31750521453165,1,-155.7262224223906,-10.0,-3.8884089286788743,0.0,-88.9461385300777,-88.91918905146952,1,-19.200868021199312,12.431963918738745,0,0.15553635714715597,0.3786408117717457,-3.5567675620587806
44.92,0.04,539.3770762100661,455.77614521441114,1,-155.90188336429574,-10.0,-4.391523547628541,0.0,-93.14469927237259,-104.96401855737219,1,-24.894761435585906,-4.5413600001205054,0,0.17566094190513581,0.5031146189496667,-4.198560742294887
44.96,0.04,597.6421106121311,445.52738950522723,1,-156.08601588407845,-10.0,-4.60331299456789,0.0,-94.39426566026845,-31.239159697396346,1,58.265034402065,-10.24875570918391,0,0.1841325197827075,0.2117894469393491,-1.2495663878958538
45.0,0.04,543.2457265549759,453.7154290050251,1,-156.28949925855017,-10.0,-5.087084361793007,0.0,-97.87386588673846,-86.9900056617503,1,-54.39638405715516,8.188039499797867,0,0.20348337447171616,0.48377136722511693,-3.479600226470012
45.04,0.04,524.6336914240277,451.2153952589399,1,-156.5160558947371,-10.0,-5.663915904672866,0.0,-101.63305759097042,-93.97979260579916,1,-18.612035130948243,-2.500033746085194,0,0.22655663618692756,0.5768315428798587,-3.7591917042319665
45.08,0.04,550.0358372677587,434.931842324764,1,-156.76060536347046,-10.0,-6.113736718334071,0.0,-104.5859119248858,-73.82135834788457,1,25.402145843730978,-16.28355293417593,0,0.2445494687333678,0.44982081366120497,-2.9528543339153828
45.12,0.04,529.297464451912,452.7059982680812,1,-157.02729533931344,-10.0,-6.667249396074514,0.0,-107.34640048451593,-69.01221399075297,1,-20.738372815846674,17.774155943317226,0,0.26668997584297927,0.5535126777404429,-2.7604885596301187
45.160000000000004,0.04,560.9761024471711,414.1898214632539,1,-157.309790094667,-10.0,-7.062368883838662,0.0,-109.92539320441035,-64.47481799736074,1,31.678637995259123,-38.516176804827296,0,0.28249475535355373,0.3951194877641484,-2.57899271989443
45.2,0.04,538.4763429304384,462.25318359502234,1,-157.61258958143446,-10.0,-7.569987169186465,0.0,-111.41949424849443,-37.35252610210189,1,-22.49975951673275,48.06336213176843,0,0.30279948676746926,0.5076182853478031,-1.4941010440840756
45.24,0.04,543.9515647614381,460.034984345677,1,-157.93459875524962,-10.0,-8.050229345379268,0.0,-112.53235797766538,-27.821593229273844,1,5.4752218309997716,-2.218199249345332,0,0.3220091738151609,0.48024217619280307,-1.1128637291709538
45.28,0.04,537.6946545229939,434.4200355524011,1,-158.2770689981602,-10.0,-8.5617560727643,0.0,-114.52346409092567,-49.77765283150717,1,-6.25691023844422,-25.614948793275914,0,0.34247024291056505,0.5115267273850321,-1.9911061132602867
45.32,0.04,497.816959839294,436.785749246067,1,-158.6479758491029,-10.0,-9.272671273567827,0.0,-117.45574377855442,-73.30699219071874,1,-39.87769468369993,2.365713693665896,0,0.3709068509427027,0.7109152008035267,-2.93227968762875
45.36,0.04,481.17211841187884,440.35707910544414,1,-159.05064827636323,-10.0,-10.066810681508432,0.0,-120.2973374504921,-71.03984179844183,1,-16.644841427415145,3.5713298593771583,0,0.4026724272603417,0.7941394079406052,-2.841593671937673
45.4,0.04,516.0549845796512,425.0144343082829,1,-159.47810970670764,-10.0,-10.68653575861018,0.0,-122.39924277946095,-52.54763322422136,1,34.88286616777236,-15.342644797161256,0,0.4274614303444082,0.619725077101748,-2.1019053289688543
45.44,0.04,476.1061172638797,414.0079075445087,1,-159.93834991359927,-10.0,-11.506005172290788,0.0,-125.69759591787007,-82.45882846022816,1,-39.94886731577151,-11.006526763774161,0,0.46024020689162626,0.8194694136806078,-3.2983531384091265
45.480000000000004,0.04,515.9720724660846,455.9773934389016,1,-160.42339570599768,-10.0,-12.126144809960369,0.0,-125.94771050141732,-6.252864588681106,1,39.86595520220487,41.96948589439285,0,0.4850457923984095,0.6201396376695811,-0.25011458354724425
45.52,0.04,515.6201402391747,418.9154077033394,1,-160.93331747034827,-10.0,-12.748044108764493,0.0,-127.47720042876259,-38.23724818363168,1,-0.3519322269098666,-37.06198573556219,0,0.5099217643505938,0.6218992988041236,-1.5294899273452671
45.56,0.04,500.07886786693234,429.6912115707561,1,-161.47122346112548,-10.0,-13.447649769429834,0.0,-128.8317277164386,-33.863182191900165,1,-15.54127237224236,10.775803867416698,0,0.5379059907772046,0.6996056606653411,-1.3545272876760066
45.6,0.04,494.5740687618858,445.17415894991706,1,-162.0382146381503,-10.0,-14.174779425620404,0.0,-129.56558925484944,-18.346538460271233,1,-5.504799105046516,15.482947379160976,0,0.5669911770248177,0.72712965619057,-0.7338615384108493
45.64,0.04,496.51703050672614,405.093010404726,1,-162.63390240907376,-10.0,-14.892194273086776,0.0,-131.78380312512223,-55.45534675681978,1,1.9429617448403178,-40.08114854519107,0,0.5956877709234618,0.7174148474663724,-2.218213870272791
45.68,0.04,475.9432324457255,416.11715176348724,1,-163.26240153350807,-10.0,-15.712478110858147,0.0,-133.7046747109324,-48.02178964525439,1,-20.573798061000616,11.024141358761256,0,0.6284991244343132,0.8202838377713704,-1.9208715858101755
45.72,0.04,500.6513118037091,420.54959359120556,1,-163.91877039558165,-10.0,-16.409221551839597,0.0,-134.3941127046995,-17.235949844177156,1,24.708079357983593,4.432441827718321,0,0.6563688620735775,0.6967434409814501,-0.6894379937670863
45.76,0.04,469.53189745992245,429.21326782626085,1,-164.60923287816325,-10.0,-17.26156206453999,0.0,-135.5236232674013,-28.2377640675449,1,-31.119414343786673,8.663674235055282,0,0.6904624825816086,0.852340512700394,-1.129510562701796
45.800000000000004,0.04,506.3201498913776,434.3167866775593,1,-165.32643133076658,-10.0,-17.92996131508311,0.0,-134.9531531736659,14.26175234338487,1,36.788252431455135,5.103518851298475,0,0.717198452603327,0.6683992505431178,0.5704700937353948
45.84,0.04,514.3805834914447,436.7669866625323,1,-166.06875366667163,-10.0,-18.55805839762589,0.0,-133.8376401791704,27.88782486238759,1,8.060433600067086,2.4501999849729827,0,0.7423223359050439,0.6280970825427801,1.1155129944955036
45.88,0.04,466.6226724101004,419.31782602981673,1,-166.84575146809465,-10.0,-19.42494503557538,0.0,-135.27408235343393,-35.91105435658832,1,-47.757911081344275,-17.449160632715575,0,0.7769978014230219,0.8668866379494915,-1.436442174263533
45.92,0.04,469.4449096310025,382.7360906089152,0,-167.5838993794465,-10.0,-18.45369778379661,0.0,-135.27408235343393,0.0,1,2.822237220902082,-36.58173542090151,1,0.7381479113518594,0.9712472517787702,0.0
45.96,0.04,460.208313302237,409.13939953567785,0,-168.28513989523077,-10.0,-17.53101289460678,0.0,-135.27408235343393,0.0,1,-9.236596328765472,26.403308926762634,0,0.7012405157842636,0.9226848891898314,0.0
46.0,0.04,456.9967071350673,406.48800693507616,0,-168.95131838522582,-10.0,-16.65446224987644,0.0,-135.27408235343393,0.0,1,-3.211606167169691,-2.651392600601696,0,0.6661784899950476,0.8765506447303402,0.0
46.04,0.04,533.2880065570581,401.81990384154767,0,-169.58418795072112,-10.0,-15.821739137382616,0.0,-135.27408235343393,0.0,1,76.2912994219908,-4.668103093528487,0,0.632869565495298,0.8327231124938219,0.0
46.08,0.04,496.53906155093387,402.10247195550625,0,-170.18541403794165,-10.0,-15.030652180513485,0.0,-135.27408235343393,0.0,1,-36.748945006124245,0.2825681139585754,0,0.6012260872205388,0.7910869568691314,0.0
46.12,0.04,486.00813785909463,410.0346614271262,0,-170.75657882080117,-10.0,-14.27911957148781,0.0,-135.27408235343393,0.0,1,-10.530923691839234,7.9321894716199495,0,0.5711647828595119,0.7515326090256753,0.0
46.160000000000004,0.04,457.34798399928644,386.4719090241226,0,-171.2991853645177,-10.0,-13.565163592913418,0.0,-135.27408235343393,0.0,1,-28.66015385980819,-23.56275240300357,0,0.5426065437165448,0.7139559785743916,0.0
46.2,0.04,469.03551811640517,362.6416160208282,0,-171.81466158104843,-10.0,-12.886905413267746,0.0,-135.27408235343393,0.0,1,11.68753411711873,-23.8302930032944,0,0.5154762165307147,0.6782581796456721,0.0
46.24,0.04,475.92189719727236,360.58465978262217,0,-172.3043639867526,-10.0,-12.242560142604358,0.0,-135.27408235343393,0.0,1,6.8863790808671865,-2.0569562382060553,0,0.489702405704179,0.6443452706633881,0.0
46.28,0.04,454.93391227270143,409.02989045401415,0,-172.76958127217156,-10.0,-11.63043213547414,0.0,-135.27408235343393,0.0,1,-20.987984924570924,48.44523067139198,0,0.4652172854189587,0.6121280071302184,0.0
46.32,0.04,432.3739597446782,395.2151775870569,0,-173.21153769331957,-10.0,-11.048910528700432,0.0,-135.27408235343393,0.0,1,-22.559952528023246,-13.814712866957223,0,0.4419564211480065,0.5815216067737072,0.0
46.36,0.04,405.5128257831937,387.7148304881247,0,-173.63139629341018,-10.0,-10.49646500226541,0.0,-135.27408235343393,0.0,1,-26.861133961484484,-7.500347098932252,0,0.41985860009060616,0.5524455264350223,0.0
46.4,0.04,462.24841434176096,386.5204806572848,0,-174.03026196349626,-10.0,-9.97164175215214,0.0,-135.27408235343393,0.0,1,56.73558855856726,-1.194349830839883,0,0.39886567008608154,0.5248232501132701,0.0
46.44,0.04,454.64203407417983,402.04330524859046,0,-174.40918435007805,-10.0,-9.473059664544532,0.0,-135.27408235343393,0.0,1,-7.60638026758113,15.522824591305664,0,0.37892238658179167,0.49858208760760725,0.0
46.480000000000004,0.04,397.4039626173101,390.53157825021015,0,-174.76916061733075,-10.0,-8.999406681317305,0.0,-135.27408235343393,0.0,1,-57.238071456869704,-11.511726998380311,0,0.35997626725270493,0.47365298322722715,0.0
46.52,0.04,444.8793046361608,379.48118794308004,0,-175.1111380712208,-10.0,-8.54943634725144,0.0,-135.27408235343393,0.0,1,47.475342018850654,-11.050390307130101,0,0.34197745389005263,0.4499703340658652,0.0
46.56,0.04,445.0452794372367,378.49798846752805,0,-175.43601665241636,-10.0,-8.121964529888867,0.0,-135.27408235343393,0.0,1,0.16597480107589035,-0.9831994755519986,0,0.3248785811955486,0.4274718173625729,0.0
46.6,0.04,444.2804737424552,360.1977761961532,0,-175.74465130455212,-10.0,-7.7158663033944235,0.0,-135.27408235343393,0.0,1,-0.7648056947815007,-18.300212271374846,0,0.30863465213576546,0.4060982264944437,0.0
46.64,0.04,438.56134009072656,393.6665168426272,0,-176.03785422408112,-10.0,-7.3300729882247015,0.0,-135.27408235343393,0.0,1,-5.719133651728612,33.468740646473975,0,0.29320291952899424,0.38579331516972193,0.0
46.68,0.04,464.46527274485084,405.2763167573766,0,-176.31639699763366,-10.0,-6.963569338813466,0.0,-135.27408235343393,0.0,1,25.903932654124276,11.60979991474943,0,0.27854277355254453,0.3665036494112357,0.0
46.72,0.04,418.74272102690304,392.7030096977409,0,-176.58101263250856,-10.0,-6.615390871872792,0.0,-135.27408235343393,0.0,1,-45.722551717947795,-12.573307059635681,0,0.26461563487490025,0.34817846694067356,0.0
46.76,0.04,476.3046722813134,364.6491677670496,0,-176.83239748563972,-10.0,-6.284621328279153,0.0,-135.27408235343393,0.0,1,57.56195125441036,-28.053841930691306,0,0.25138485313115666,0.3307695435936395,0.0
46.800000000000004,0.04,466.75639214021817,374.1372132881278,0,-177.07121309611432,-10.0,-5.9703902618651945,0.0,-135.27408235343393,0.0,1,-9.548280141095233,9.488045521078163,0,0.2388156104746031,0.31423106641395826,0.0
46.84,0.04,474.53540833749514,365.5599720383715,0,-177.2980879260652,-10.0,-5.671870748771934,0.0,-135.27408235343393,0.0,1,7.779016197276974,-8.577241249756298,0,0.22687482995087294,0.2985195130932601,0.0
46.88,0.04,456.44589682289956,344.07991699180263,0,-177.51361901451853,-10.0,-5.388277211333337,0.0,-135.27408235343393,0.0,1,-18.089511514595586,-21.48005504656885,0,0.21553108845333213,0.2835935374385974,0.0
46.92,0.04,442.18787294254463,350.4121581078243,0,-177.71837354854918,-10.0,-5.11886335076667,0.0,-135.27408235343393,0.0,1,-14.258023880354926,6.332241116021692,0,0.20475453403065558,0.26941386056666694,0.0
46.96,0.04,442.08156183569935,379.8283501120907,0,-177.91289035587832,-10.0,-4.862920183228336,0.0,-135.27408235343393,0.0,1,-0.10631110684528267,29.41619200426635,0,0.194516807329137,0.2559431675383337,0.0
47.0,0.04,443.61621415568464,355.9898198273106,0,-178.097681322841,-10.0,-4.61977417406692,0.0,-135.27408235343393,0.0,1,1.5346523199852982,-23.838530284780063,0,0.18479096696268016,0.24314600916141682,0.0
47.04,0.04,444.0535397636683,365.54443721831313,0,-178.27323274145553,-10.0,-4.388785465363574,0.0,-135.27408235343393,0.0,1,0.4373256079836665,9.554617391002523,0,0.17555141861453194,0.23098870870334576,0.0
47.08,0.04,450.51377832223335,335.4439103284489,0,-178.44000658913936,-10.0,-4.169346192095395,0.0,-135.27408235343393,0.0,1,6.460238558565038,-30.100526889864227,0,0.16677384768382808,0.21943927326817914,0.0
47.12,0.04,415.4684178997652,345.57075072060076,0,-178.598441744439,-10.0,-3.9608788824906247,0.0,-135.27408235343393,0.0,1,-35.04536042246815,10.126840392151848,0,0.15843515529962815,0.20846730960477,0.0
47.160000000000004,0.04,465.8045713963112,369.11132790360585,0,-178.74895514197362,-10.0,-3.7628349383660935,0.0,-135.27408235343393,0.0,1,50.33615349654599,23.540577183005098,0,0.15051339753463822,0.1980439441245312,0.0
47.2,0.04,449.6771154157945,348.25904293675245,0,-178.89194286963155,-10.0,-3.5746931914477886,0.0,-135.27408235343393,0.0,1,-16.127455980516686,-20.852284966853404,0,0.14298772765792478,0.18814174691830488,0.0
47.24,0.04,391.5287448133502,338.6420671347175,0,-179.02778121090657,-10.0,-3.395958531875399,0.0,-135.27408235343393,0.0,1,-58.14837060244429,-9.616975802034972,0,0.1358383412750186,0.17873465957238954,0.0
47.28,0.04,415.4419908732861,347.4875337806974,0,-179.15682763511782,-10.0,-3.226160605281629,0.0,-135.27408235343393,0.0,1,23.913246059935886,8.845466645979911,0,0.12904642421125345,0.16979792659377013,0.0
47.32,0.04,446.34370750888786,342.2419895182228,0,-179.27942173811851,-10.0,-3.0648525750175475,0.0,-135.27408235343393,0.0,1,30.90171663560176,-5.245544262474596,0,0.12259410300069362,0.16130803026408147,0.0
47.36,0.04,362.9903777467235,351.42540095050526,0,-179.3958861359692,-10.0,-2.91160994626667,0.0,-135.27408235343393,0.0,1,-83.35332976216438,9.183411432282469,0,0.11646439785067741,0.15324262875087769,0.0
47.4,0.04,438.5166386164156,370.3937679382028,0,-179.50652731392734,-10.0,-2.7660294489533364,0.0,-135.27408235343393,0.0,1,75.52626086969212,18.96836698769755,0,0.11064117795814354,0.14558049731333345,0.0
47.44,0.04,471.6060708202194,362.9875109360345,0,-179.61163643298755,-10.0,-2.6277279765056694,0.0,-135.27408235343393,0.0,1,33.08943220380377,-7.406257002168331,0,0.10510911906021647,0.138301472447667,0.0
47.480000000000004,0.04,439.2638542443463,367.25341486187585,0,-179.71149009609476,-10.0,-2.496341577680386,0.0,-135.27408235343393,0.0,1,-32.34221657587307,4.265903925841371,0,0.09985366310721133,0.13138639882528347,0.0
47.52,0.04,441.7960241442801,345.9680817999787,0,-179.8063510760466,-10.0,-2.3715244987963664,0.0,-135.27408235343393,0.0,1,2.5321698999338196,-21.285333061897177,0,0.0948609799518465,0.1248170788840195,0.0
47.56,0.04,417.732296518623,336.6885365949596,0,-179.89646900700086,-10.0,-2.252948273856548,0.0,-135.27408235343393,0.0,1,-24.063727625657123,-9.279545205019076,0,0.09011793095424991,0.11857622493981834,0.0
47.6,0.04,433.9024995867091,359.36044785738477,0,-179.9820810414074,-10.0,-2.1403008601637206,0.0,-135.27408235343393,0.0,1,16.170203068086096,22.67191126242517,0,0.08561203440655163,0.11264741369282749,0.0
47.64,0.04,462.7828758826114,359.46154723880517,0,-180.06341247409364,-10.0,-2.0332858171555346,0.0,-135.27408235343393,0.0,1,28.880376295902295,0.1010993814203971,0,0.08133143268622689,0.10701504300818598,0.0
47.68,0.04,429.47737419721295,329.93073776048084,0,-180.14067733514554,-10.0,-1.9316215262977579,0.0,-135.27408235343393,0.0,1,-33.30550168539844,-29.53080947832433,0,0.07726486105190133,0.10166429085777673,0.0
47.72,0.04,450.84587792929983,354.9699108383438,0,-180.21407895314485,-10.0,-1.8350404499828699,0.0,-135.27408235343393,0.0,1,21.36850373208688,25.039173077862984,0,0.07340161799930911,0.09658107631488799,0.0
47.76,0.04,449.9903894163085,332.89238586311035,0,-180.2838104902442,-10.0,-1.7432884274837264,0.0,-135.27408235343393,0.0,1,-0.8554885129913146,-22.077524975233473,0,0.06973153709935787,0.09175202249914349,0.0
47.800000000000004,0.04,424.0438772165075,304.2352062664309,0,-180.35005545048858,-10.0,-1.65612400610954,0.0,-135.27408235343393,0.0,1,-25.94651219980102,-28.65717959667944,0,0.06624496024437576,0.08716442137418645,0.0
47.84,0.04,491.970410227147,345.7530203901365,0,-180.41298816272075,-10.0,-1.5733178058040629,0.0,-135.27408235343393,0.0,1,67.9265330106395,41.51781412370559,0,0.06293271223216834,0.08280620030547703,0.0
47.88,0.04,430.584192780724,333.1279310224423,0,-180.4727742393413,-10.0,-1.4946519155138596,0.0,-135.27408235343393,0.0,1,-61.38621744642302,-12.625089367694216,0,0.05978607662055424,0.07866589029020332,0.0
47.92,0.04,456.27917296422993,323.178747444184,0,-180.52957101213084,-10.0,-1.4199193197381665,0.0,-135.27408235343393,0.0,1,25.694980183505947,-9.949183578258271,0,0.05679677278953932,0.07473259577569302,0.0
47.96,0.04,460.0056921322271,349.1261729313471,0,-180.5835279462809,-10.0,-1.3489233537512582,0.0,-135.27408235343393,0.0,1,3.7265191679971963,25.947425487163116,0,0.053956934150050984,0.07099596598690838,0.0
48.0,0.04,474.4963164839064,306.52656919103686,0,-180.63478703372346,-10.0,-1.281477186063695,0.0,-135.27408235343393,0.0,1,14.490624351679287,-42.59960374031027,0,0.0512590874425598,0.06744616768756306,0.0
48.04,0.04,436.4639372941314,278.48297888792507,0,-180.68348316679388,-10.0,-1.2174033267605102,0.0,-135.27408235343393,0.0,1,-38.032379189774986,-28.043590303111785,0,0.048696133070421865,0.06407385930318488,0.0
48.08,0.04,491.1659289632921,318.39846400979656,0,-180.72974449321077,-10.0,-1.1565331604224847,0.0,-135.27408235343393,0.0,1,54.70199166916069,39.915485121871484,0,0.04626132641689651,0.060870166338025555,0.0
48.120000000000005,0.04,441.57621061989715,320.0845111000186,0,-180.77369275330682,-10.0,-1.0987065024013605,0.0,-135.27408235343393,0.0,1,-49.58971834339496,1.6860470902220186,0,0.04394826009604458,0.05782665802112419,0.0
48.160000000000004,0.04,457.1664024892132,310.6743915627264,0,-180.81544360039808,-10.0,-1.0437711772812923,0.0,-135.27408235343393,0.0,1,15.590191869316072,-9.41011953729219,0,0.041750847091265086,0.05493532512006816,0.0
48.2,0.04,495.4932913625113,297.28626036155106,0,-180.85510690513476,-10.0,-0.9915826184172276,0.0,-135.27408235343393,0.0,1,38.32688887329806,-13.388131201175327,0,0.039663304736677674,0.052188558864064705,0.0
48.24,0.04,476.1091048050431,299.8727755486753,0,-180.89278704463462,-10.0,-0.9420034874963662,0.0,-135.27408235343393,0.0,1,-19.384186557468183,2.5865151871242347,0,0.03768013949985516,0.049579130920861414,0.0
48.28,0.04,460.174041415283,334.7882558769991,0,-180.92858317715948,-10.0,-0.8949033131215478,0.0,-135.27408235343393,0.0,1,-15.935063389760103,34.91548032832378,0,0.03579613252486524,0.04710017437481839,0.0
48.32,0.04,443.35521827107846,301.743703583413,0,-180.9625895030581,-10.0,-0.8501581474654704,0.0,-135.27408235343393,0.0,1,-16.818823144204543,-33.044552293586094,0,0.034006325898616296,0.044745165656077446,0.0
48.36,0.04,485.6123223729909,322.2305500425967,0,-180.9948955126618,-10.0,-0.8076502400921968,0.0,-135.27408235343393,0.0,1,42.25710410191243,20.48684645918371,0,0.032306009603701114,0.04250790737327359,0.0
48.4,0.04,488.07380736537914,298.91497734818967,0,-181.0255862217853,-10.0,-0.7672677280875869,0.0,-135.27408235343393,0.0,1,2.4614849923882502,-23.315572694407024,0,0.03069070912349048,0.04038251200460985,0.0
48.44,0.04,542.6867431130474,325.57113103182974,0,-181.05474239545262,-10.0,-0.7289043416832075,0.0,-135.27408235343393,0.0,1,54.6129357476683,26.65615368364007,0,0.029156173667331586,0.03836338640437942,0.0
48.480000000000004,0.04,474.5711765175159,290.7407090383816,0,-181.08244076043658,-10.0,-0.6924591245990471,0.0,-135.27408235343393,0.0,1,-68.11556659553156,-34.83042199344811,0,0.027698364983962165,0.036445217084160375,0.0
48.52,0.04,525.7532840090282,291.69687045011153,0,-181.10875420717136,-10.0,-0.6578361683690948,0.0,-135.27408235343393,0.0,1,51.18210749151234,0.9561614117299087,0,0.026313446734775425,0.03462295622995237,0.0
48.56,0.04,507.8301072417926,301.58267149866,0,-181.1337519815694,-10.0,-0.62494435995064,0.0,-135.27408235343393,0.0,1,-17.923176767235645,9.885801048548444,0,0.02499777439803097,0.03289180841845474,0.0
48.6,0.04,503.36745678873234,285.1686150434271,0,-181.1574998672475,-10.0,-0.593697141953108,0.0,-135.27408235343393,0.0,1,-4.462650453060235,-16.414056455232867,0,0.023747885678119474,0.03124721799753205,0.0
48.64,0.04,457.6047621108411,295.8108655360737,0,-181.18006035864173,-10.0,-0.5640122848554525,0.0,-135.27408235343393,0.0,1,-45.76269467789126,10.64225049264661,0,0.022560491394216342,0.029684857097655448,0.0
48.68,0.04,474.8774441747719,267.9510846798446,0,-181.20149282546623,-10.0,-0.5358116706126799,0.0,-135.27408235343393,0.0,1,17.2726820639308,-27.859780856229122,0,0.021432466824506946,0.028200614242772648,0.0
48.72,0.04,499.70563656702205,331.79364107758533,0,-181.2218536689495,-10.0,-0.5090210870820459,0.0,-135.27408235343393,0.0,1,24.828192392250173,63.842556397740736,0,0.020360843483274493,0.026790583530634016,0.0
48.76,0.04,544.2901608879095,297.4762366080097,0,-181.24119647025861,-10.0,-0.4835700327279435,0.0,-135.27408235343393,0.0,1,44.5845243208874,-34.31740446957565,0,0.019342801309107926,0.02545105435410233,0.0
48.800000000000004,0.04,508.9623997759948,306.25649565100184,0,-181.25957213150227,-10.0,-0.45939153109154635,0.0,-135.27408235343393,0.0,1,-35.32776111191464,8.780259042992157,0,0.01837566124365253,0.024178501636397176,0.0
48.84,0.04,513.0171539723648,295.97741318756573,0,-181.27702900968376,-10.0,-0.436421954536969,0.0,-135.27408235343393,0.0,1,4.05475419636997,-10.279082463436112,0,0.01745687818149122,0.02296957655457732,0.0
48.88,0.04,525.4637019862226,285.9363477349034,0,-181.29361304395616,-10.0,-0.41460085681012054,0.0,-135.27408235343393,0.0,1,12.446548013857864,-10.041065452662338,0,0.016584034272398185,0.021821097726848482,0.0
48.92,0.04,484.5414175118552,268.954831317923,0,-181.30936787651495,-10.0,-0.3938708139696145,0.0,-135.27408235343393,0.0,1,-40.92228447436747,-16.981516416980412,0,0.01575483255879817,0.020730042840506058,0.0
48.96,0.04,539.4847719900893,289.2971745473376,0,-181.3243349674458,-10.0,-0.37417727327113376,0.0,-135.27408235343393,0.0,1,54.943354478234085,20.34234322941461,0,0.014967090930838367,0.019693540698480727,0.0
49.0,0.04,545.7498112790025,292.9555783606662,1,-181.35815209612085,-9.986591115672134,-0.8454282168761194,0.3352221081966693,-107.33359996300551,698.5120597607104,0,6.265039288913272,3.6584038133286185,1,0.03637851523555124,0.5783176581018504,27.940482390428414
49.04,0.04,508.9321586862791,292.05048623829765,1,-181.41818279305863,-9.959592328591926,-1.5007674234447177,0.6749696770051807,-81.35546530291701,649.4533665022125,0,-36.81765259272345,-0.9050921223685577,0,0.06582263348301111,0.7381719895642574,25.9781346600885
49.08,0.04,530.1271653226031,281.18401425639246,1,-181.5001880569319,-9.916830344362998,-2.0501315968317084,1.0690496057232188,-58.84457302439738,562.7723069629908,0,21.195006636324024,-10.866471981905192,0,0.09248486686004266,0.6760916988246385,22.510892278519634
49.120000000000005,0.04,531.6340698015522,300.4628859315627,1,-181.60386650684487,-9.86216093732038,-2.5919612478239498,1.3667351760654052,-37.84887538815374,524.8924409060909,0,1.5069044789490817,19.27887167517025,0,0.11720906553140842,0.6182200817543271,20.995697636243634
49.160000000000004,0.04,565.2794352745442,279.1568633239596,1,-181.7224890697029,-9.791322902942557,-2.96556407145123,1.7709508594456072,-21.02019702970895,420.7169589611198,0,33.64536547299201,-21.306022607603097,0,0.13816417601361936,0.5504265514242571,16.828678358444794
49.2,0.04,524.4940648482458,271.8579146470335,1,-181.8642128195913,-9.70285645149414,-3.543093747209998,2.2116612862104397,-4.722562994175693,407.4408508883314,0,-40.785370426298414,-7.298948676926102,0,0.1670686515008265,0.7264751934108065,16.297634035533257
49.24,0.04,550.2604034372501,248.00405974740974,1,-182.02388448879225,-9.591990811995204,-3.991791730023753,2.7716409874733907,8.366657703547201,327.23051744307236,0,25.766338589004363,-23.85385489962377,0,0.1943868101670598,0.7175703070833385,13.089220697722894
49.28,0.04,563.6736895425889,237.38243311504556,1,-182.19882142008467,-9.456601659119277,-4.373423282310814,3.384728821898163,19.36405494450367,274.93493102391176,0,13.413286105338784,-10.621626632364183,0,0.22120839189883953,0.722162955585987,10.99739724095647
49.32,0.04,509.79585244009303,271.2414946439129,1,-182.3997991808891,-9.303460805172133,-5.024444020110355,3.8285213486785983,32.057195715911305,317.32851928519085,0,-53.8778371024959,33.85906152886736,0,0.25267406175866064,0.7878958102891669,12.693140771407634
49.36,0.04,542.0374366261026,307.4813015598547,1,-182.62036945436827,-9.13981621153696,-5.514256836979843,4.0911148408793245,44.30460353292877,306.1851954254367,0,32.24158418600956,36.23980691594181,0,0.2746466795151587,0.5557624831848545,12.247407817017468
49.4,0.04,569.5660210317958,270.309291163811,1,-182.8550265236411,-8.958233476134549,-5.866426731820869,4.53956838506027,52.203037645484606,197.46085281389583,0,27.52858440569321,-37.17201039604373,0,0.29670899877815454,0.5702054157238342,7.898434112555833
49.44,0.04,583.754816334441,267.5090325043508,1,-183.10093262964705,-8.758152547233008,-6.147652650148661,5.002023222538516,58.341909670225554,153.4718006185237,0,14.18879530264519,-2.800258659460212,0,0.3170208054388722,0.5412508603654508,6.138872024740948
49.480000000000004,0.04,589.51241402035,250.2319769057777,1,-183.35693625284893,-8.536118013712622,-6.400090580046911,5.550863338009627,63.09431680050261,118.8101782569264,0,5.757597685908991,-17.27705559857307,0,0.338876362657687,0.6041112321432669,4.7524071302770565
49.52,0.04,534.8555806119944,271.6022007481945,1,-183.6339687599284,-8.296403920341875,-6.92581267698694,5.992852334268655,70.80904334231666,192.8681635453511,0,-54.656833408355624,21.370223842416777,0,0.366346634404214,0.686831854259166,7.714726541814045
49.56,0.04,582.7606533732179,252.76036014771734,1,-183.92244913633323,-8.035241899000672,-7.212009410120846,6.529050533530068,74.65702444478912,96.1995275618115,0,47.90507276122355,-18.841840600477155,0,0.3891356176986346,0.6077969060037263,3.8479811024724597
49.6,0.04,582.9428711771465,255.0879616985665,1,-184.22234093850264,-7.753097469999183,-7.4972950542351136,7.0536107250372355,78.13520651204911,86.95455168149984,0,0.1822178039285518,2.3276015508491525,0,0.4117530471350447,0.5971191616852778,3.4781820672599935
49.64,0.04,560.8851206428229,239.10580818399828,1,-184.53805571654348,-7.446774202634494,-7.892869451021003,7.658081684117244,82.0993865893559,99.10450193266982,0,-22.05775053432353,-15.98215351456821,0,0.439897448506305,0.7224017191034539,3.964180077306793
49.68,0.04,626.4134125826054,238.36559900880997,1,-184.8564878120678,-7.116124055071566,-7.960802388107982,8.266253689073194,81.72473489036932,-9.366292474664561,0,65.52829193978243,-0.740209175188312,0,0.45905176128993597,0.6119543051187757,-0.37465169898658246
49.72,0.04,578.9771865588006,246.85747244291676,1,-185.18712447028037,-6.762845401997222,-8.265916455313974,8.831966326858609,84.52861982992682,70.09712348893764,0,-47.43622602380481,8.491873434106793,0,0.48386610386758666,0.6427483042039975,2.8038849395575056
49.76,0.04,592.6805971246303,258.8758642984244,1,-185.527225009068,-6.389341921782562,-8.502513469690829,9.337587005366487,86.25457934376806,43.148987846030806,0,13.7034105658297,12.018391855507645,0,0.5051467373111447,0.5582386745351924,1.7259595138412323
49.800000000000004,0.04,568.3331003913815,260.1129498120932,1,-185.88165892777735,-5.995861031530321,-8.860847967733921,9.837022256306021,89.7185420925343,86.59906871915624,0,-24.347496733248704,1.2370855136687737,0,0.5295758809890895,0.6146862470958906,3.4639627487662494
49.84,0.04,562.670957830148,259.5532669347248,1,-186.25155865492067,-5.582290794665025,-9.247493178583188,10.339255921632397,93.17872566173232,86.50458922995021,0,-5.662142561233509,-0.5596828773684024,0,0.554856872500936,0.6338242450867904,3.4601835691980085
49.88,0.04,577.3857058849144,232.99111774650234,1,-186.633981240887,-5.14331878134903,-9.56056464915861,10.974300332899885,94.49520109150019,32.91188574419692,0,14.714748054766346,-26.562149188222435,0,0.5821885113362164,0.7080219982248636,1.316475429767877
49.92,0.04,572.0494296257806,259.14611245142265,1,-187.0299939409282,-4.684175990523319,-9.900317501029708,11.478569770642771,96.77509246989815,56.99728445994907,0,-5.336276259133797,26.154994704920313,0,0.6063317251811341,0.6080457763985128,2.279891378397963
49.96,0.04,607.1665333067382,263.61633250697054,1,-187.43257333430805,-4.205756466199002,-10.064484834496017,11.960488108107919,95.22798153730294,-38.677773314880426,0,35.1171036809576,4.470220055547884,0,0.6252642715114912,0.5091131478979997,-1.547110932595217
50.0,0.04,600.7442284082731,268.6308406659947,1,-187.84300388200623,-3.709063110007884,-10.260763692454649,12.417333904777946,94.45975993512933,-19.205540054340275,0,-6.422304898465086,5.01450815902416,0,0.6443271875128564,0.4972257756961284,-0.768221602173611
50.04,0.04,623.6764769762405,250.79997145052724,1,-188.25669913430917,-3.1905297481068717,-10.34238130757345,12.96333404752531,91.65446787967866,-70.1323013862666,0,22.93224856796735,-17.83086921546746,0,0.6633404926448878,0.5520666544701122,-2.805292055450664
50.08,0.04,616.5226019357984,224.18942359398048,1,-188.67508986622497,-2.6448342709246555,-10.45976829789446,13.642386929555407,90.21544972165661,-35.975453950551284,0,-7.153875040442017,-26.61054785654676,0,0.6876295211595843,0.6891244605221948,-1.4390181580220514
50.120000000000005,0.04,617.959709845068,253.33587735990187,1,-189.09788865617173,-2.0778059692144195,-10.569969748669113,14.175707542755898,87.98859127326155,-55.67146120987658,0,1.4371079092695709,29.146453765921393,0,0.7073046809691319,0.5445872163550904,-2.2268584483950633
50.160000000000004,0.04,619.2633467499535,263.2442179715335,1,-189.5248347767685,-1.4914265110984903,-10.673653014919342,14.65948645289823,85.19530255604111,-69.83221793051086,0,1.3036369048854795,9.908340611631616,0,0.7253439589553083,0.4947648467694715,-2.7932887172204346
50.2,0.04,627.7228651920641,236.13875847801143,1,-189.95423632432687,-0.8802748046781633,-10.735038688959026,15.278792660508174,83.07136891195464,-53.09834110216194,0,8.459518442110607,-27.105459493522062,0,0.7469217477795121,0.6223410477877195,-2.1239336440864776
50.24,0.04,620.9992179048584,236.12641097025346,1,-190.38743802830427,-0.244348380451887,-10.830042599434737,15.898160605656907,81.56714925642385,-37.60549138826974,0,-6.723647287205722,-0.012347507757965559,0,0.7694583376363813,0.6266118371714988,-1.5042196555307896
50.28,0.04,651.3780143880535,224.7372078143814,1,-190.81836412940405,0.41863060221151305,-10.773152527494464,16.574474566585,78.58015634537631,-74.67482277618842,0,30.378796483195174,-11.389203155872053,0,0.7907202008690858,0.6787024782860422,-2.986992911047537
50.32,0.04,634.0372150979838,264.2368401073271,0,-191.22774392544883,1.052983605221645,-10.23449490111974,15.8588250752533,78.58015634537631,0.0,0,-17.340799290069754,39.499632292945705,1,0.7549804963293061,0.8957154865776139,0.0
50.36,0.04,640.0314266404612,226.0260425838602,0,-191.6166547316914,1.6592831481715744,-9.722770156063753,15.157488573748234,78.58015634537631,0.0,0,5.994211542477387,-38.21079752346691,0,0.7203129535094688,0.8681791883280672,0.0
50.4,0.04,655.152834192431,230.35499629851716,0,-191.9861199976218,2.238090300262505,-9.236631648260564,14.470178802273269,78.58015634537631,0.0,0,15.12140755196981,4.328953714656961,0,0.6866748153534149,0.8418582842343947,0.0
50.44,0.04,684.3048213092686,241.09917746703206,0,-192.3371120002557,2.7899549093116174,-8.774800065847536,13.796615226227804,78.58015634537631,0.0,0,29.15198711683763,10.7441811685149,0,0.6540259418661284,0.8166861707469257,0.0
50.480000000000004,0.04,628.8251709635381,219.26625453175478,0,-192.67055440275792,3.3154158261797475,-8.336060062555159,13.136522921703248,78.58015634537631,0.0,0,-55.47965034573053,-21.83292293527728,0,0.6223287000792626,0.7925999249189553,0.0
50.52,0.04,648.3893504529534,215.83437328097332,0,-192.987324685135,3.815001124710515,-7.919257059427401,12.489632463269183,78.58015634537631,0.0,0,19.564179489415324,-3.4318812507814584,0,0.5915478698341655,0.7695401280176055,0.0
50.56,0.04,678.938362302828,234.55075984550186,0,-193.28825645339325,4.289228317270667,-7.52329420645603,11.8556798140038,78.58015634537631,0.0,0,30.549011849874546,18.716386564528534,0,0.5616505669101682,0.7474506956608079,0.0
50.6,0.04,697.3559621384212,248.98994746075803,0,-193.57414163323858,4.738604565979616,-7.147129496133228,11.234406217723723,78.58015634537631,0.0,0,18.41759983559325,14.439187615256174,0,0.5326061856183494,0.7262787142185957,0.0
50.64,0.04,670.1519582405662,223.7072257710323,0,-193.84573255409165,5.1636268897143855,-6.789773021326567,10.62555809336925,78.58015634537631,0.0,0,-27.204003897855046,-25.28272168972572,0,0.5043863637755516,0.7059742832541457,0.0
50.68,0.04,666.1214126628464,246.70351210694983,0,-194.10374392890208,5.56478236697446,-6.450284370260238,10.028886931501866,78.58015634537631,0.0,0,-4.030545577719749,22.996286335917517,0,0.4769649740466508,0.6864903638122019,0.0
50.72,0.04,722.1715000544161,214.56381094737213,0,-194.34885473497198,5.942548334689333,-6.127770151747226,9.444149192871828,78.58015634537631,0.0,0,56.05008739156972,-32.1397011595777,0,0.4503181471091208,0.667782632389634,0.0
50.76,0.04,667.6095483212634,227.41705071151117,0,-194.58171000073838,6.297392583049908,-5.821381644159865,8.871106209014393,78.58015634537631,0.0,0,-54.56195173315268,12.853239764139033,0,0.4244243341158989,0.6498093404452139,0.0
50.800000000000004,0.04,690.6139348816229,204.73419836459183,0,-194.80292250321645,6.629773546443272,-5.530312561951871,8.309524084834106,78.58015634537631,0.0,0,23.00438656035942,-22.682852346919333,0,0.399264418748916,0.6325311793233966,0.0
50.84,0.04,718.530246602734,195.56100845323795,0,-195.01307438057063,6.940140490568769,-5.253796933854277,7.759173603137423,78.58015634537631,0.0,0,27.91631172111113,-9.173189911353887,0,0.3748218931189653,0.6159111504803086,0.0
50.88,0.04,715.5018446610005,213.09477114402017,0,-195.2127186640571,7.228933695811756,-4.991107087161563,7.219830131074675,78.58015634537631,0.0,0,-3.0284019417334775,17.533762690782225,0,0.35108311740005615,0.5999144409098205,0.0
50.92,0.04,693.9928886464725,225.8113172532652,0,-195.40238073336923,7.496584636949883,-4.741551732803485,6.691273528453181,78.58015634537631,0.0,0,-21.508956014528053,12.71654610924503,0,0.32803769116960674,0.5845083036737475,0.0
50.96,0.04,722.4652725860186,231.19760658004103,0,-195.58255969921575,7.743516159265248,-4.50447414616331,6.1732880578841165,78.58015634537631,0.0,0,28.472383939546148,5.386289326775824,0,0.3056789761277435,0.569661943443464,0.0
51.0,0.04,701.5795905720314,208.31653492921077,0,-195.75372971676995,7.970142651134305,-4.2792504388551444,5.665662296726434,78.58015634537631,0.0,0,-20.885682013987207,-22.88107165083025,0,0.28400482694204704,0.5553464069610524,0.0
51.04,0.04,725.7332178683256,238.37364869989398,0,-195.91634123344645,8.17687021316598,-4.0652879169123874,5.168189050791905,78.58015634537631,0.0,0,24.15362729629419,30.057113770683202,0,0.263018612001868,0.541534478326857,0.0
51.08,0.04,725.3740229923037,234.69764020229607,0,-196.0708221742891,8.364096823957023,-3.8620235210667677,4.680665269776067,78.58015634537631,0.0,0,-0.3591948760218884,-3.6760084975979055,0,0.24273064263074476,0.5282005790175393,0.0
51.120000000000005,0.04,714.3164886111779,237.58433018477012,0,-196.21757906808963,8.532212502532245,-3.668922345013429,4.202891964380545,78.58015634537631,0.0,0,-11.057534381125834,2.886689982474053,0,0.2231601829645842,0.5153206725348252,0.0
51.160000000000004,0.04,714.4389047090325,218.33081112430298,0,-196.35699811720013,8.681599467535962,-3.4854762277627573,3.7346741250929343,78.58015634537631,0.0,0,0.12241609785462515,-19.25351906046714,0,0.204338289529638,0.5028721735804303,0.0
51.2,0.04,730.8222645657623,228.09635203449326,0,-196.48944621385513,8.812632293239606,-3.3112024163746194,3.2758206425910754,78.58015634537631,0.0,0,16.38335985672984,9.765540910190282,0,0.186311834619846,0.49083386164753545,0.0
51.24,0.04,738.383788311239,225.50234578891815,0,-196.61527190567736,8.925678062429176,-3.1456422955558883,2.826144229739254,78.58015634537631,0.0,0,7.56152374547662,-2.594006245575116,0,0.16914919643381127,0.47918579891394375,0.0
51.28,0.04,778.4425509696209,195.2078431333986,0,-196.7348063129085,9.021096516234955,-2.9883601807780935,2.385461345144469,78.58015634537631,0.0,0,40.058762658381966,-30.29450265551955,0,0.1529482129309882,0.4679092523168955,0.0
51.32,0.04,754.5572710212311,227.97509889813324,0,-196.84836399977806,9.09924020096462,-2.8389421717391885,1.9535921182415794,78.58015634537631,0.0,0,-23.88527994838978,32.76725576473464,0,0.13784695756633977,0.45698661968470117,0.0
51.36,0.04,748.403653943777,179.7208325977283,0,-196.95624380230416,9.16045461199969,-2.696995063152229,1.5303602758767476,78.58015634537631,0.0,0,-6.153617077454101,-48.254266300404936,0,0.12403731660851411,0.44640135979601125,0.0
51.4,0.04,769.201746002906,242.59820054954812,0,-197.05872961470394,9.205078334814058,-2.5621453099946176,1.1155930703592127,78.58015634537631,0.0,0,20.798092059128976,62.87736795181982,0,0.11177932895243159,0.4361379262337704,0.0
51.44,0.04,733.3201662861139,215.51214999234543,0,-197.15609113648372,9.233443183172138,-2.4340380444948866,0.7091212089520285,78.58015634537631,0.0,0,-35.88157971679209,-27.086050557202697,0,0.10140922317843253,0.426181704897852,0.0
51.480000000000004,0.04,724.6454271266549,221.27549884251854,0,-197.24858458217452,9.245874334563057,-2.312336142270142,0.31077878477298787,78.58015634537631,0.0,0,-8.674739159459023,5.7633488501731165,0,0.09332508248407514,0.4165189550380102,0.0
51.52,0.04,768.2730984690053,230.458231018514,0,-197.33645335558077,9.242690462926157,-2.1967193351566348,-0.0795967909224719,78.58015634537631,0.0,1,43.62767134235037,9.182732175995454,0,0.08792643731279193,0.40713675366722124,0.0
51.56,0.04,767.3572630087654,193.59685077326088,0,-197.41992869031674,9.224203868721997,-2.086883368398803,-0.4621648551040225,78.58015634537631,0.0,0,-0.9158354602399186,-36.861380245253116,0,0.08549786941527103,0.3980229432146426,0.0
51.6,0.04,738.9802878263729,204.61485262720387,0,-197.4992302583159,9.19072060640192,-1.9825391999788626,-0.8370815580019421,78.58015634537631,0.0,0,-28.37697518239247,11.018001853942991,0,0.08608058749055639,0.38916608227734306,0.0
51.64,0.04,773.6278827930234,202.9824631814312,0,-197.5745667479151,9.142540609328243,-1.8834122399799194,-1.2044999268419032,78.58015634537631,0.0,0,34.64759496665056,-1.6323894457726738,0,0.0894253810903326,0.3805553993305703,0.0
51.68,0.04,773.4827101281282,213.8440615695117,0,-197.64613641303433,9.07995781219604,-1.7892416279809233,-1.5645699283050651,78.58015634537631,0.0,0,-0.14517266489519898,10.861598388080495,0,0.09507272722589175,0.3721807492575978,0.0
51.72,0.04,795.904736163397,193.88896729764784,0,-197.7141275948976,9.003260271006482,-1.699779546581877,-1.917438529738964,78.58015634537631,0.0,0,22.4220260352688,-19.955094271863857,0,0.10249543226743942,0.3640325725620791,0.0
51.76,0.04,771.6093328864903,231.00709742507982,0,-197.7787192176677,8.912730280640714,-1.614790569252783,-2.2632497591441845,78.58015634537631,0.0,0,-24.295403276906768,37.11813012743198,0,0.11121041717259304,0.35610185712825937,0.0
51.800000000000004,0.04,763.7681846684187,197.26386908732235,0,-197.84008125929932,8.808644490082262,-1.5340510407901438,-2.6021447639613005,78.58015634537631,0.0,0,-7.841148218071567,-33.74322833775747,0,0.12082695042653976,0.34838010239731315,0.0
51.84,0.04,780.7647694417857,179.99068294745595,0,-197.89837519884935,8.69127401533498,-1.4573484887506365,-2.9342618686820745,78.58015634537631,0.0,0,16.996584773366976,-17.273186139866397,0,0.13104965368387891,0.34085928583138664,0.0
51.88,0.04,821.7748188525188,210.82046249855483,0,-197.95375444142186,8.560884550082642,-1.3844810643131047,-3.259736631308433,78.58015634537631,0.0,0,41.01004941073313,30.82977955109888,0,0.14166253264958853,0.33353183154062477,0.0
51.92,0.04,789.6606630893879,227.44234744798746,0,-198.00636472186576,8.417736474135351,-1.3152570110974493,-3.578701898682264,78.58015634537631,0.0,0,-32.11415576313095,16.621884949432626,0,0.1525097152833134,0.3263905809524279,0.0
51.96,0.04,772.2798244302401,220.03349554998803,0,-198.05634448828746,8.262084959707007,-1.2494941605425767,-3.8912878607086183,78.58015634537631,0.0,0,-17.3808386591478,-7.408851897999426,0,0.16347896193518205,0.3194287654063798,0.0
52.0,0.04,767.6502591108003,236.23879672021832,0,-198.10382526638807,8.094180075567229,-1.1870194525154478,-4.197622103494446,78.58015634537631,0.0,0,-4.629565319439735,16.205301170230285,0,0.1744891813466709,0.31263998056269343,0.0
52.04,0.04,826.381608381395,202.94627403514934,0,-198.14893200558365,7.914266889110246,-1.1276684798896754,-4.497829661424557,78.58015634537631,0.0,0,58.731349270594706,-33.292522685068974,0,0.18548146155872952,0.30601816251651853,0.0
52.08,0.04,826.2244989357762,206.60591527538614,0,-198.19178340781946,7.722585566382404,-1.0712850558951916,-4.792033068196067,78.58015634537631,0.0,0,-0.15710944561885754,3.6596412402367946,0,0.1964127596574894,0.29955756551505075,0.0
52.120000000000005,0.04,799.5578897199832,230.76931971081805,0,-198.23249223994347,7.519371470109117,-1.017720803100432,-5.080352406832145,78.58015634537631,0.0,0,-26.66660921579296,24.163404435431914,0,0.20725148476445074,0.2932527411790157,0.0
52.160000000000004,0.04,784.3404856069374,202.09578877786876,0,-198.2711656304613,7.304855255761297,-0.9668347629454103,-5.362905358695502,78.58015634537631,0.0,0,-15.217404113045859,-28.67353093294929,0,0.2179743960933586,0.28709851913473006,0.0
52.2,0.04,793.9701580981459,215.7602726602023,0,-198.30790535145323,7.079262965700433,-0.9184930247981397,-5.639807251521592,78.58015634537631,0.0,0,9.629672491208566,13.664483882333542,0,0.22856440762609997,0.2810899889675381,0.0
52.24,0.04,805.3490729204568,238.40492399501397,0,-198.34280808639556,6.842816121440787,-0.8725683735582326,-5.91117110649116,78.58015634537631,0.0,0,11.37891482231089,22.64465133481167,0,0.23900901879803668,0.2752224834119696,0.0
52.28,0.04,801.565492464191,214.9933945715692,0,-198.37596568459077,6.595731814066333,-0.8289399548803209,-6.177107684361338,78.58015634537631,0.0,0,-3.7835804562657813,-23.41152942344476,0,0.24929918024090686,0.2694915626984194,0.0
52.32,0.04,844.6976323340763,169.5572096133493,0,-198.40746540287623,6.338222792839368,-0.7874929571363048,-6.437725530674111,78.58015634537631,0.0,0,43.132139869885236,-45.43618495821991,0,0.25942846463973984,0.2638929999804862,0.0
52.36,0.04,847.0911171053393,205.11209391996405,0,-198.4373901352474,6.070497552036943,-0.7481183092794895,-6.693131020060629,78.58015634537631,0.0,0,2.393484771263047,35.55488430661475,0,0.26939245381079807,0.25842276777136874,0.0
52.4,0.04,838.4366911462959,230.70720195136062,0,-198.46581863100002,5.792760416050566,-0.710712393815515,-6.943428399659417,78.58015634537631,0.0,0,-8.654425959043465,25.595108031396563,0,0.2791882806936424,0.2530770253217736,0.0
52.44,0.04,781.4531960241956,214.3781843396967,0,-198.49282570196502,5.505211622783917,-0.6751767741247392,-7.188719831666228,78.58015634537631,0.0,0,-56.983495122100294,-16.329017611663915,0,0.28881428356508704,0.24785210687577325,0.0
52.480000000000004,0.04,850.0428039642284,224.00928156565067,0,-198.51848241938177,5.208047405382601,-0.6414179354185022,-7.429105435032904,78.58015634537631,0.0,0,68.5896079400328,9.631097225953965,0,0.298269742435165,0.24274451074484546,0.0
52.52,0.04,821.6997885628224,210.2649970007801,1,-198.50779917908594,4.9408301885811285,0.2670810073956035,-6.680430420036805,75.15515891628051,-85.62493572739491,0,-28.343015401405978,-13.744284564870554,1,0.26743068742824483,1.1772360031759803,-3.4249974290957965
52.56,0.04,786.3103687578998,215.86388415749448,1,-198.46785386503853,4.702440194948157,0.9986328511851071,-5.959749840824277,72.61237058161493,-63.56970836663969,0,-35.38941980492257,5.598887156714369,0,0.24171350226802293,1.0269121663540297,-2.5427883346655875
52.6,0.04,817.1746510219376,201.71104155480947,1,-198.39247362078675,4.495707993004224,1.8845061062947934,-5.168305048598325,70.00437196275932,-65.19996547139009,0,30.864282264037797,-14.152842602685013,0,0.22004632363219942,1.187920992010922,-2.6079986188556035
52.64,0.04,839.0866539243106,216.6032588584728,1,-198.27727604575009,4.317655139288597,2.8799393759163507,-4.451321342890688,67.07163472963552,-73.31843082809506,0,21.912002902372933,14.89221730366333,0,0.21206909253968506,1.2267652703429937,-2.9327372331238024
52.68,0.04,838.6865509392569,209.90028884487583,1,-198.1223411605256,4.169622227803994,3.873372130612637,-3.7008227871150674,64.56369782911071,-62.69842251312028,0,-0.4001029850536497,-6.702970013596968,0,0.21428616740735923,1.245052898605013,-2.507936900524811
52.72,0.04,799.3401540377746,187.0440557088907,1,-197.93553824449353,4.056180505177613,4.6700729008015145,-2.836043065659521,63.37220113503531,-29.787417351884926,0,-39.34639690148231,-22.85623313598512,0,0.21855057508623327,1.1758299553337987,-1.191496694075397
52.76,0.04,832.472776803835,215.4308354133087,1,-197.7102407731007,3.9716526154685705,5.632436784820683,-2.1131972427260646,61.23506596866886,-53.42837915916121,0,33.13262276606042,28.38677970441799,0,0.2406323227554085,1.20359890702709,-2.1371351663664484
52.800000000000004,0.04,848.9976234443131,200.52603527707174,1,-197.44314377701903,3.9190195187041135,6.677424902042247,-1.3158274191114232,59.32203512187216,-47.82577116991753,0,16.52484664047813,-14.904800136236958,0,0.27223344429160734,1.3144576070552878,-1.9130308467967012
52.84,0.04,808.2866025517704,217.6123786799798,1,-197.14238946042698,3.8948639462036607,7.518857914801103,-0.6038893125113223,58.02326157135521,-32.46933876292388,0,-40.711020892542706,17.086343402908057,0,0.3017228042948934,1.102209318863609,-1.2987735505169553
52.88,0.04,867.1177520352195,212.18493308776152,1,-196.7962115934279,3.9002713870856556,8.654446674977194,0.13518602204987018,55.9627567516929,-51.51262049155765,0,58.83114948344905,-5.427445592218277,0,0.34622009765022077,1.3549148247749785,-2.060504819662306
52.92,0.04,812.8492514897653,203.38239200538987,1,-196.41546387613084,3.9370023495665722,9.51869293242602,0.9182740620229208,55.22783555587246,-18.373029895511017,0,-54.26850054545423,-8.802541082371647,0,0.3825153432631071,1.1662540340179481,-0.7349211958204407
52.96,0.04,816.7726579289041,191.68539914453456,1,-195.99936162724802,4.007396232218582,10.402556222070544,1.7598470663002483,54.70846313945035,-12.984310410552702,0,3.92340643913883,-11.696992860855318,0,0.4220146682760768,1.2204341179718,-0.5193724164221081
53.0,0.04,826.1883713739167,216.4745914232153,1,-195.5460217040904,4.106495196585949,11.333498078940124,2.477474109184172,53.58654000076281,-28.048078467188553,0,9.415713445012557,24.78919227868073,0,0.4640449231133082,1.17543239429161,-1.1219231386875421
53.04,0.04,823.2977364088144,210.57568015114867,1,-195.05602223365105,4.2354790249230865,12.2499867609842,3.2245957084284287,52.775023885490185,-20.28790288181561,0,-2.8906349651022083,-5.898911272066613,0,0.5066915323975281,1.1824306272979328,-0.8115161152726245
53.08,0.04,862.8704501358384,194.30650564124156,1,-194.52144867318452,4.397601552131976,13.36433901166339,4.053063180222221,51.6398709414343,-28.378823601397052,0,39.57271372702394,-16.269174509907117,0,0.5586166891334845,1.3885745534231042,-1.135152944055882
53.120000000000005,0.04,827.9715552911155,213.5011690908199,1,-193.94928080165977,4.589023845522701,14.304196788118972,4.7855573347681215,50.9004554170505,-18.485388109595036,0,-34.89889484472292,19.194663449578343,0,0.603339512722425,1.1915873137995157,-0.7394155243838014
53.160000000000004,0.04,817.4098996402304,210.23486796073024,1,-193.34163095020696,4.81039916532128,15.191246286320123,5.534382994964471,50.56784286307413,-8.315313849409378,0,-10.561655650885086,-3.2663011300896585,0,0.6467189298192373,1.160860319602411,-0.3326125539763751
53.2,0.04,830.1377659392325,206.3941419871684,1,-192.6959535455663,5.062495656722425,16.141935116016285,6.302412285028629,50.0748157520095,-12.325677776615684,0,12.72786629900213,-3.840725973561831,0,0.6931464144322284,1.2221612992177067,-0.4930271110646274
53.24,0.04,835.0552859974637,214.47251545104126,1,-192.01126508372616,5.343697645033362,17.117211546003603,7.030049707773422,49.35188647049078,-18.073232037967912,0,4.917520058231162,8.07837346387285,0,0.7401843338027762,1.2168074349984441,-0.7229292815187165
53.28,0.04,857.2154893994816,207.3723442228348,1,-191.28313352400613,5.655425164499732,18.20328899300101,7.793187986659248,48.42337282573928,-23.21284111878761,0,22.16020340201794,-7.100171228206449,0,0.7920540478104849,1.3273824820213755,-0.9285136447515043
53.32,0.04,811.3097496376064,216.1027529631795,1,-190.52074001435858,5.995932133373466,19.059837741189043,8.512674221843351,48.493470115573345,1.752432245851665,0,-45.905739761875225,8.7304087403447,0,0.8349783586442764,1.118631396234649,0.0700972898340666
53.36,0.04,867.7664172469592,226.82164766941074,1,-189.71279322126162,6.3630747727133175,20.198669827423842,9.178565983496298,46.9719902491864,-38.03699665967368,0,56.45666760935285,10.718894706231225,0,0.8874523863831197,1.319223392331705,-1.5214798663869473
53.4,0.04,822.0436023714825,217.7103226823619,1,-188.86843770769036,6.758675347516697,21.108887839281252,9.89001437008449,46.9212341646913,-1.268902112377468,0,-45.72281487547673,-9.111324987048846,0,0.9324355463424528,1.155272970292561,-0.05075608449509872
53.44,0.04,866.2635599782376,200.58214281240788,1,-187.97882948212347,7.186159493757596,22.240205639172444,10.687103656022451,46.264646491576215,-16.414691827877093,0,44.21995760675509,-17.12817986995401,0,0.9869880902440403,1.3839188177446455,-0.6565876731150837
53.480000000000004,0.04,834.5965436624183,247.1954944391975,1,-187.0503019478241,7.636204541110654,23.21318835748454,11.251126183826463,45.00605032551796,-31.464904151456352,0,-31.667016315819296,46.61335162678961,0,1.0318449140249215,1.1246407346368095,-1.258596166058254
53.52,0.04,858.4303539060505,237.8940977443607,0,-186.1682007902397,8.061882287516651,22.052528939610312,10.641943660149934,45.00605032551796,0.0,0,23.83381024363223,-9.301396694836797,1,0.97944065465807,1.3108141101823123,0.0
53.56,0.04,839.5771315116159,228.90189597163925,0,-185.33020469053452,8.463680078994528,20.949902492629796,10.044944786946935,45.00605032551796,0.0,0,-18.853222394434624,-8.992201772721444,0,0.9293432779966685,1.253871100307574,0.0
53.6,0.04,866.6226233588677,201.60057742103524,0,-184.53410839581457,8.842075514642849,19.902407367998304,9.459885891207996,45.00605032551796,0.0,0,27.04549184725181,-27.30131855060401,0,0.8814490434428456,1.199808296191526,0.0
53.64,0.04,819.1515172299829,190.14754871872228,0,-183.77781691583064,9.197536641578202,18.907286999598387,8.886528173383837,45.00605032551796,0.0,0,-47.4711061288848,-11.453028702312963,0,0.8356610649410638,1.1484788287961227,0.0
53.68,0.04,868.4115250211759,229.19911797744498,0,-183.0593400098459,9.530522145974848,17.96192264961847,8.324637609916161,45.00605032551796,0.0,0,49.26000779119295,39.05156925872271,0,0.7918891403294399,1.099743042499918,0.0
53.72,0.04,830.4679225470136,215.53890146369298,0,-182.3767869491604,9.841481540283562,17.063826517137546,7.773984857717838,45.00605032551796,0.0,0,-37.943602474162276,-13.660216513752005,0,0.7500496153988718,1.0534681374777217,0.0
53.76,0.04,837.3849200977222,196.73703715115073,0,-181.72836154150917,10.1308553467061,16.21063519128067,7.23434516056348,45.00605032551796,0.0,0,6.916997550708629,-18.80186431254225,0,0.7100652851189926,1.0095278308507702,0.0
53.800000000000004,0.04,852.4903604445282,228.0840895925004,0,-181.1123574042405,10.39907527700019,15.400103431716635,6.70549825735221,45.00605032551796,0.0,0,15.105440346805949,31.34705244134966,0,0.6718653348246882,0.9678020356964121,0.0
53.84,0.04,832.3504829834596,242.87237207562882,0,-180.52715347383526,10.646564408688397,14.630098260130803,6.187228292205165,45.00605032551796,0.0,0,-20.139877461068522,14.788282483128427,0,0.6353853244020722,0.9281765570420571,0.0
53.88,0.04,820.5685946369764,239.39623003004587,0,-179.9712097399503,10.873737357742838,13.898593347124262,5.679323726361061,45.00605032551796,0.0,0,-11.781888346483242,-3.4761420455829466,0,0.6005672185759411,0.8905428040010174,0.0
53.92,0.04,858.5334057846956,218.7786417611061,0,-179.44306319275958,11.081000447816193,13.203663679768049,5.18157725183384,45.00605032551796,0.0,0,37.96481114771916,-20.617588268939784,0,0.5673594661378534,0.8547975172379098,0.0
53.96,0.04,814.6901315491232,244.86845642785258,0,-178.9413239729284,11.268751876088078,12.543480495779646,4.693785706797162,45.00605032551796,0.0,0,-43.84327423557238,26.08981466674649,0,0.5357171301488765,0.8208425109790154,0.0
54.0,0.04,830.5139858768284,212.9562943138137,0,-178.46467171408875,11.437381875794527,11.916306470990662,4.215749992661219,45.00605032551796,0.0,0,15.823854327705249,-31.912162114038892,0,0.5056020694755152,0.7885844288086558,0.0
54.04,0.04,825.1075211412677,245.28944236086,0,-178.0118520681911,11.587272875506846,11.320491147441128,3.7472749928079945,45.00605032551796,0.0,0,-5.406464735560689,32.33314804704631,0,0.47698316899617105,0.7579345125166911,0.0
54.08,0.04,835.952406717293,235.448642269364,0,-177.58167340458834,11.71879965522492,10.754466590069072,3.288169492951835,45.00605032551796,0.0,0,10.844885576025263,-9.840800091495993,0,0.4498366107844751,0.7288083832849391,0.0
54.120000000000005,0.04,807.4904174120056,205.97789342923767,0,-177.17300367416573,11.832329499348631,10.216743260565618,2.838246103092798,45.00605032551796,0.0,0,-28.461989305287375,-29.470748840126333,0,0.42414617064220683,0.7011258345222535,0.0
54.160000000000004,0.04,839.4777992713653,219.95075464335713,0,-176.78476743026422,11.92822234658987,9.705906097537337,2.397321181030942,45.00605032551796,0.0,0,31.98738185935963,13.972861214119462,0,0.39990351240115213,0.6748106356794005,0.0
54.2,0.04,855.7470810629397,224.91653263618147,0,-176.4159429985578,12.006830936886283,9.22061079266047,1.9652147574103234,45.00605032551796,0.0,0,16.269281791574485,4.965777992824343,0,0.3771084351906751,0.6497903463962307,0.0
54.24,0.04,802.9720260779859,227.52168596908942,0,-176.0655597884367,12.068500955376768,8.759580253027446,1.541750462262117,45.00605032551796,0.0,0,-52.77505498495384,2.605153332907946,0,0.3557690052764292,0.6259961403552615,0.0
54.28,0.04,818.4267399097066,267.8608962621878,0,-175.73269573882166,12.113571173497443,8.321601240376074,1.1267554530168746,45.00605032551796,0.0,0,15.45471383172071,40.339210293098375,0,0.3359014737799894,0.6033626382380081,0.0
54.32,0.04,828.2470420566075,227.74354687785117,0,-175.41647489168736,12.142373587255705,7.90552117835727,0.7200603439565371,45.00605032551796,0.0,0,9.820302146900872,-40.11734938433662,0,0.3175298461572371,0.5818277492034665,0.0
54.36,0.04,809.6333660516416,201.940064611766,0,-175.11606508690977,12.155233552738801,7.510245119439406,0.3214991370774063,45.00605032551796,0.0,0,-18.613676004965896,-25.803482266085183,0,0.3006849339736435,0.5613325203322782,0.0
54.4,0.04,818.8666565532143,216.90987262105358,0,-174.83067577237108,12.152469918912235,7.134732863467436,-0.06909084566414185,45.00605032551796,0.0,1,9.233290501572696,14.96980800928759,0,0.28540269537057805,0.541820993505421,0.0
54.44,0.04,842.2782276183603,189.59357680220754,0,-174.55955592355932,12.134395157762201,6.777996220294064,-0.45186902875085905,45.00605032551796,0.0,0,23.411571065146063,-27.316295818846044,0,0.27172167637188027,0.5232400692127603,0.0
54.480000000000004,0.04,838.3722185071767,222.5263651559156,0,-174.30199206718814,12.101315491835168,6.43909640927936,-0.8269916481758418,45.00605032551796,0.0,0,-3.9060091111836073,32.93278835370808,0,0.25967942622902723,0.5055393768145686,0.0
54.52,0.04,821.4916693991778,218.8282418085431,0,-174.05730640363552,12.053531019226675,6.117141588815391,-1.194611815212325,45.00605032551796,0.0,0,-16.880549107998945,-3.6981233473725013,0,0.24930790154075702,0.4886711508079008,0.0
54.56,0.04,820.2312430726656,224.29808937824703,0,-173.82485502326054,11.991335836070352,5.811284509374621,-1.5548795789080787,45.00605032551796,0.0,0,-1.2604263265121745,5.469847569703916,0,0.24062810527052592,0.4725901126794517,0.0
54.6,0.04,792.234678376237,226.3631061811751,0,-173.6040262119043,11.915018156577155,5.52072028390589,-1.9079419873299173,45.00605032551796,0.0,0,-27.996564696428663,2.065016802928085,0,0.2336444994606779,0.4572533579569132,0.0
54.64,0.04,861.3991245793995,254.91098438199427,0,-173.39423884111588,11.824860430673821,5.244684269710595,-2.253943147583319,45.00605032551796,0.0,0,69.16444620316258,28.547878200819156,0,0.22834000193217172,0.4426202481016038,0.0
54.68,0.04,757.9688190577208,247.11531586020496,0,-173.19494083886687,11.721139459288555,4.982450056225065,-2.5930242846316522,45.00605032551796,0.0,0,-103.43030552167875,-7.79566852178931,0,0.2246725030028133,0.4286523069159492,0.0
54.72,0.04,771.3901886203968,280.16675411887024,0,-173.00560773673033,11.604126507330994,4.733327553413811,-2.925323798939019,45.00605032551796,0.0,0,13.421369562675977,33.051438258665286,0,0.2225737057481621,0.4153131211698651,0.0
54.76,0.04,804.0547653803224,269.9244684349119,0,-172.8257412897006,11.474087414412585,4.49666117574312,-3.2509773229602383,45.00605032551796,0.0,0,32.66457675992558,-10.242285683958357,0,0.22195068022905245,0.40256824517987616,0.0
54.800000000000004,0.04,800.7439822555012,231.53485250855303,0,-172.65486816502235,11.331282703352544,4.271828116955964,-3.5701177765010335,45.00605032551796,0.0,0,-3.310783124821114,-38.38961592635886,0,0.22268994193328814,0.39038510910357876,0.0
54.84,0.04,782.3509483497082,248.92769844365267,0,-172.492538696578,11.175967686513703,4.058236711108166,-3.8828754209710126,45.00605032551796,0.0,0,-18.393033905793004,17.392845935099643,0,0.22466332762841335,0.37873293073939146,0.0
54.88,0.04,787.4593158538543,234.88617675191685,0,-172.3383257015559,11.008392570011639,3.8553248755527574,-4.189377912551592,45.00605032551796,0.0,0,5.108367504146031,-14.041521691735824,0,0.2277346427409952,0.3675826306472714,0.0
54.92,0.04,798.3350744739934,229.68026779911816,0,-172.19182335628489,10.828802555839616,3.6625586317751195,-4.48975035430056,45.00605032551796,0.0,0,10.875758620139095,-5.205908952798694,0,0.23176606818129275,0.3569067504298246,0.0
54.96,0.04,820.7400445280541,253.73125631222095,0,-172.05264612827744,10.637437941951033,3.4794307001863634,-4.7841153472145495,45.00605032551796,0.0,0,22.404970054060755,24.050988513102794,0,0.2366235749974238,0.3466793740348984,0.0
55.0,0.04,776.7621296393725,234.43767665998993,0,-171.92042776167037,10.434534220340222,3.305459165177045,-5.072593040270259,45.00605032551796,0.0,0,-43.97791488868165,-19.293579652231017,0,0.24218095860690825,0.33687605196012743,0.0
55.04,0.04,795.5210595788303,256.69177203010224,0,-171.79482031339364,10.220322173161628,3.1401862069181923,-5.3553011794648535,45.00605032551796,0.0,0,18.758929939457857,22.25409537011231,0,0.2483224359960935,0.3274737282569441,0.0
55.08,0.04,765.4565076253901,292.0262572696933,0,-171.67549323753076,9.995027966926607,2.9831768965722825,-5.6323551558755565,45.00605032551796,0.0,0,-30.064551953440173,35.33448523959106,0,0.2549439750161887,0.3184506702462417,0.0
55.120000000000005,0.04,790.1069047856223,266.09690571291117,0,-171.562132515461,9.758873244816284,2.8340180517436684,-5.903868052758045,45.00605032551796,0.0,0,24.65039716023216,-25.929351556782137,0,0.2619536334605428,0.30978640087022463,0.0
55.160000000000004,0.04,751.5741336888873,265.37940905704113,0,-171.45443982949473,9.512075217148169,2.692317149156485,-6.169950691702884,45.00605032551796,0.0,0,-38.53277109673502,-0.7174966558700362,0,0.26927120356900663,0.30146163361507894,0.0
55.2,0.04,765.9528369457261,237.60659333222873,0,-171.3521317778268,9.254846750033416,2.5577012916986606,-6.4307116778688265,45.00605032551796,0.0,0,14.378703256838776,-27.772815724812403,0,0.2768274222874141,0.29345820994707233,0.0
55.24,0.04,732.7459355170697,236.6562835055314,0,-171.25493912874225,8.987396452260958,2.4298162271137276,-6.68625744431145,45.00605032551796,0.0,0,-33.20690142865635,-0.9503098266973211,0,0.2845629505305429,0.28575903921073165,0.0
55.28,0.04,726.883710354638,265.3971822005013,0,-171.16260611211192,8.70992876044395,2.3083254157580413,-6.936692295425221,45.00605032551796,0.0,0,-5.862225162431741,28.74089869496987,0,0.2924272661061484,0.27834804094198246,0.0
55.32,0.04,771.9250193838512,271.7837159510137,0,-171.07488974631312,8.422644022463281,2.1929091449701392,-7.182118449516717,45.00605032551796,0.0,0,45.04130902921327,6.386533750512399,0,0.3003775649171717,0.27121008955186227,0.0
55.36,0.04,760.1772210977059,237.5342333259053,0,-170.99155919880425,8.125738579242226,2.083263687721632,-7.422636080526383,45.00605032551796,0.0,0,-11.747798286145326,-34.249482625108385,0,0.3083777267612212,0.26433096133774375,0.0
55.4,0.04,735.4776496438274,276.16701294431346,0,-170.91239517867083,7.819404844885591,1.9791005033355504,-7.658343358915856,45.00605032551796,0.0,0,-24.699571453878548,38.632779618408165,0,0.316397374971041,0.257697283779285,0.0
55.44,0.04,736.7085709220514,281.46241158097024,0,-170.83718935954408,7.50383138521609,1.8801454781687728,-7.889336491737538,45.00605032551796,0.0,0,1.2309212782240593,5.295398636656785,0,0.3244110412398195,0.2512964870755916,0.0
55.480000000000004,0.04,741.5321917454023,265.52570779007584,0,-170.76574383137367,7.1792029947399785,1.786138204260334,-8.115709761902787,45.00605032551796,0.0,0,4.823620823350893,-15.936703790894398,0,0.3323974359086729,0.2451167578787812,0.0
55.52,0.04,721.5154863825875,278.15927215912615,0,-170.6978705796118,6.845700772073389,1.6968312940473171,-8.337555566664731,45.00605032551796,0.0,0,-20.016705362814832,12.633564369050305,0,0.34033881769243873,0.23914699517717247,0.0
55.56,0.04,705.593053431847,261.9857035717313,0,-170.633390990438,6.503502193860132,1.6119897293449512,-8.554964455331437,45.00605032551796,0.0,0,-15.922432950740472,-16.17356858739487,0,0.34822045366577326,0.23337676827918763,0.0
55.6,0.04,736.2135637052755,299.48510132782656,0,-170.57213538072287,6.152781187211139,1.5313902428777035,-8.768025166224808,45.00605032551796,0.0,0,30.620510273428522,37.49939775609528,0,0.3560301591529201,0.22779627684659992,0.0
55.64,0.04,751.0466635132227,291.183542176874,0,-170.51394255149353,5.793708200695127,1.4548207307338183,-8.976824662900311,45.00605032551796,0.0,0,14.833099807947178,-8.301559150952528,0,0.36375790715700407,0.2223963129233399,0.0
55.68,0.04,718.694980562749,278.3275952222657,0,-170.45865936372564,5.426450273909435,1.3820796941971274,-9.181448169642305,45.00605032551796,0.0,0,-32.35168295047367,-12.855946954608328,0,0.37139549759885876,0.21716822490369772,0.0
55.72,0.04,771.9770948011126,295.6552903800131,0,-170.40614033534615,5.051171105659456,1.312975709487271,-9.381979206249458,45.00605032551796,0.0,0,53.28211423836353,17.327695157747428,0,0.3789362775775387,0.21210388338151492,0.0
55.76,0.04,735.7971874596225,266.6925326136695,0,-170.35624725838562,4.668031120774478,1.2473269240129072,-9.578499622124468,45.00605032551796,0.0,0,-36.17990734149009,-28.9627577663436,0,0.38637490491263937,0.20719564882001285,0.0
55.800000000000004,0.04,692.2295879559449,291.36358163318073,0,-170.30884883527312,4.277187535587198,1.1849605778122618,-9.771089629681978,45.00605032551796,0.0,0,-43.56759950367757,24.6710490195112,0,0.39370714826581116,0.20243634098012206,0.0
55.84,0.04,714.6864199599307,295.52825588576013,0,-170.26382033331626,3.8787944221036645,1.1257125489216486,-9.959827837088337,45.00605032551796,0.0,0,22.456832003985824,4.1646742525794025,0,0.40092971810478584,0.1978192100438906,0.0
55.88,0.04,713.2096758189072,280.68585532569944,0,-170.22104325645725,3.473002770889802,1.069426921475566,-10.144791280346569,45.00605032551796,0.0,0,-1.4767441410235733,-14.842400560060696,0,0.408040123639177,0.1933379093683913,0.0
55.92,0.04,686.2788932705095,301.8815012177948,0,-170.1804050334412,3.0599605527002165,1.0159555754017877,-10.326055454739636,45.00605032551796,0.0,0,-26.9307825483977,21.195645892095342,0,0.4150365516154886,0.18898646980496303,0.0
55.96,0.04,685.059533687166,269.4653127600941,0,-170.14179872157592,2.639812778874423,0.9651577966316983,-10.503694345644844,45.00605032551796,0.0,0,-1.2193595833434756,-32.416188457700684,0,0.421917763511574,0.1847592755181918,0.0
56.0,0.04,693.7388744846623,286.3543195113859,0,-170.10512272530391,2.212701560525145,0.9168999068001134,-10.677780458731947,45.00605032551796,0.0,0,8.679340797496366,16.889006751291788,0,0.4286830082267653,0.18065104123910572,0.0
56.04,0.04,692.6730784075935,291.75052712358996,0,-170.0702805288455,1.7787661665428527,0.8710549114601076,-10.848384849557307,45.00605032551796,0.0,0,-1.0657960770688533,5.39620761220408,0,0.43533194783362034,0.17665679088735167,0.0
56.08,0.04,717.393195764691,297.6278308848352,0,-170.03718044221003,1.3381430804402061,0.8275021658871022,-11.015577152566161,45.00605032551796,0.0,0,24.72011735709748,5.87730376124523,0,0.44186459435204356,0.1727718374977567,0.0
56.120000000000005,0.04,661.3643435229268,311.2984221822215,0,-170.0057353599063,0.8909660560596127,0.786127057592747,-11.179425609514837,45.00605032551796,0.0,0,-56.028852241764184,13.670591297386295,0,0.44828125583719153,0.16899176438759303,0.0
56.160000000000004,0.04,709.9452995278266,286.57428591363094,0,-169.97586253171778,0.43736617216663104,0.7468207047131097,-11.33999709732454,45.00605032551796,0.0,0,48.580956004899804,-24.72413626859054,0,0.4545824903487901,0.1653124075020388,0.0
56.2,0.04,724.8985576954682,284.2020230176104,1,-169.92900999199017,-0.0010741163298725875,1.1713134931904472,-10.961007212412591,46.12148008270584,27.885743929696893,0,14.953258167641593,-2.3722628960205725,1,0.44093655672423504,0.5690583980004493,1.1154297571878757
56.24,0.04,666.3448062766478,285.9923199617598,1,-169.87688849100724,-0.4247128688187282,1.30303752457369,-10.59096881222139,49.48007749664009,83.96493534835638,0,-58.55375141882041,1.7902969441494179,0,0.4268330393432869,0.3927844676917819,3.3585974139342554
56.28,0.04,677.0413770379446,325.92542376364105,1,-169.8173587146167,-0.8415367060603121,1.4882444097634187,-10.420595931039596,51.300891182854066,45.52034215534935,0,10.696570761296812,39.93310380188126,0,0.42105332865316125,0.2516515626096274,1.8208136862139739
56.32,0.04,660.5941296968119,325.5702683269004,1,-169.7537101122868,-1.251474596967276,1.5912150582474789,-10.248447272674099,54.10242698185316,70.03839497497725,0,-16.447247341132652,-0.3551554367406311,0,0.4148496341806252,0.20059440427456735,2.8015357989990903
56.36,0.04,669.8652643311062,283.11515611687304,1,-169.68408845709067,-1.6460355190976146,1.7405413799030152,-9.864023053258464,56.57848982241174,61.901571013964585,0,9.271134634294299,-42.45511221002738,0,0.4006563317165871,0.41240796647554356,2.4760628405585834
56.4,0.04,662.1842461467655,284.06105787687784,1,-169.6100299526652,-2.025408652803329,1.8514626106368377,-9.484328342642852,59.1812122161255,65.06805984284405,0,-7.681018184340701,0.9459017600048014,0,0.3865341338813824,0.3955649032674396,2.602722393713762
56.44,0.04,639.3198869490853,324.5784817446125,1,-169.5361074708499,-2.3976974828579656,1.8480620453822576,-9.307220751365914,62.897117525174004,92.89763272621254,0,-22.864359197680187,40.517423867734635,0,0.3795569868954881,0.17714023465031759,3.7159053090485017
56.480000000000004,0.04,653.4284010178314,305.10318965354946,1,-169.45949930883106,-2.759006950843312,1.9152040504714103,-9.032736699633661,65.24486018963832,58.69356661160783,0,14.108514068746103,-19.47529209106301,0,0.3693417687505185,0.28257661527937183,2.347742664464313
56.52,0.04,599.8167185628009,339.3935621113256,1,-169.39092780309963,-3.1161951312509233,1.7142876432854104,-8.92970451019029,71.7070922951563,161.5558026379496,0,-53.61168245503052,34.29037245777613,0,0.3637106647064057,0.22579423096710285,6.462232105517984
56.56,0.04,646.9744063289684,277.7201239403358,0,-169.3257848726548,-3.4816059480503827,1.6285732611211399,-9.135270419986483,71.7070922951563,0.0,0,47.15768776616744,-61.67343817098981,1,0.37117201729250654,0.22272022490142102,0.0
56.6,0.04,606.401475542326,298.32130075008934,0,-169.2638990887322,-3.855074948513853,1.5471445980650829,-9.336725011586752,71.7070922951563,0.0,0,-40.57293078664236,20.601176809753554,0,0.37856167867191587,0.21728916135861018,0.0
56.64,0.04,605.6415306075562,311.9555053847255,0,-169.2051075940057,-4.236440968968053,1.4697873681618288,-9.534150511355017,71.7070922951563,0.0,0,-0.7599449347698055,13.634204634636149,0,0.3858710683754965,0.2120400173954296,0.0
56.68,0.04,649.3729911370336,320.33078155434447,0,-169.14925567401556,-4.62554606901317,1.3962979997537373,-9.727627501127916,71.7070922951563,0.0,0,43.73146052947743,8.375276169618985,0,0.3930931388967584,0.20696384428349449,0.0
56.72,0.04,611.83437168999,329.5738590855503,0,-169.0961963500249,-5.022235467057384,1.3264830997660504,-9.917234951105357,71.7070922951563,0.0,0,-37.53861944704363,9.243077531205813,0,0.4002221512897877,0.20205223420501542,0.0
56.76,0.04,624.8233671775616,320.10387018288765,0,-169.0457899922338,-5.426357477140714,1.2601589447777477,-10.103050252083248,71.7070922951563,0.0,0,12.988995487571628,-9.469988902662635,0,0.4072534836432412,0.19729728739244426,0.0
56.800000000000004,0.04,614.4097975899116,292.07680129590693,0,-168.99790395233225,-5.837763447022377,1.1971509975388603,-10.285149247041582,71.7070922951563,0.0,0,-10.413569587650045,-28.027068886980715,0,0.4141834676465556,0.19269158097875957,0.0
56.84,0.04,626.3770199588034,332.05548514153526,0,-168.95241221442578,-6.256307697506407,1.1372934476619172,-10.46360626210075,71.7070922951563,0.0,0,11.96722236889184,39.978683845628325,0,0.42100924910385235,0.1882281395038979,0.0
56.88,0.04,594.7710634859853,300.4419055048947,0,-168.90919506341461,-6.681847462980756,1.0804287752788213,-10.638494136858734,71.7070922951563,0.0,0,-31.605956472818093,-31.613579636640566,0,0.42772866883280797,0.183900407021303,0.0
56.92,0.04,616.4250722996868,332.4898786430213,0,-168.86813876995402,-7.114242833145618,1.0264073365148803,-10.809884254121558,71.7070922951563,0.0,0,21.654008813701466,32.04797313812662,0,0.43434016090240934,0.17970222074724287,0.0
56.96,0.04,601.1562711348635,359.36525115148913,0,-168.82913529116644,-7.553356695907183,0.9750869696891362,-10.977846569039126,71.7070922951563,0.0,0,-15.268801164823344,26.87537250846782,0,0.4408426656154276,0.17562778619454675,0.0
57.0,0.04,586.0030567472628,338.77605368892904,0,-168.79208198631824,-7.999054681413517,0.9263326212046794,-11.142449637658343,71.7070922951563,0.0,0,-15.153214387600656,-20.589197462560094,0,0.44723555503177237,0.17167165373178642,0.0
57.04,0.04,589.3905267447161,367.99763377030285,0,-168.75688134671245,-8.451205107209724,0.8800159901444454,-11.303760644905175,71.7070922951563,0.0,0,3.3874699974533087,29.221580081373816,0,0.45351856916376404,0.16782869650854504,0.0
57.08,0.04,603.5044316165423,338.0688172134333,0,-168.72344073908695,-8.909678924490006,0.8360151906372231,-11.46184543200707,71.7070922951563,0.0,0,14.113904871826207,-29.92881655686955,0,0.4596917612595595,0.16409408968736916,0.0
57.120000000000005,0.04,572.7395077755172,349.25871382895315,0,-168.69167216184275,-9.374349665424683,0.7942144311053618,-11.616768523366929,71.7070922951563,0.0,0,-30.764923841025166,11.189896615519842,0,0.4657554508332704,0.1604632909232998,0.0
57.160000000000004,0.04,576.8117223627645,347.0883407883699,0,-168.66149201346073,-9.845093391540667,0.7545037095500937,-11.768593152899589,71.7070922951563,0.0,0,4.072214587247345,-2.170373040583229,0,0.47171018330530134,0.15693202203237408,0.0
57.2,0.04,561.0160232199584,354.1319572391853,0,-168.63282087249783,-10.0,0.716778524072589,0.0,71.7070922951563,0.0,1,-15.795699142806143,7.043616450815364,0,0.1575375881130836,11.768653618324164,0.0
57.24,0.04,582.7986826961235,325.15612184998326,0,-168.60558328858306,-10.0,0.6809395978689595,0.0,71.7070922951563,0.0,1,21.782659476165122,-28.975835389202018,0,0.027237583914768493,0.035838926203629495,0.0
57.28,0.04,531.9276842649302,340.11076121378443,0,-168.57970758386404,-10.0,0.6468926179755116,0.0,71.7070922951563,0.0,1,-50.87099843119324,14.954639363801164,0,0.025875704719027226,0.03404697989344796,0.0
57.32,0.04,556.7303087349738,352.128613589664,0,-168.55512566438097,-10.0,0.614547987076736,0.0,71.7070922951563,0.0,1,24.80262447004361,12.017852375879556,0,0.02458191948306876,0.032344630898775595,0.0
57.36,0.04,566.0854563934321,366.24609728051195,0,-168.53177284087204,-10.0,0.5838205877228991,0.0,71.7070922951563,0.0,1,9.355147658458236,14.117483690847962,0,0.023352823508929532,0.030727399353836837,0.0
57.4,0.04,582.9478985013659,364.42355688035,0,-168.50958765853858,-10.0,0.5546295583367542,0.0,71.7070922951563,0.0,1,16.862442107933816,-1.8225404001619268,0,0.022185182333458897,0.02919102938614493,0.0
57.44,0.04,568.7223291519954,371.5135526394093,0,-168.4885117353218,-10.0,0.5268980804199165,0.0,71.7070922951563,0.0,1,-14.225569349370517,7.0899957590592635,0,0.02107592321678453,0.02773147791683772,0.0
57.480000000000004,0.04,568.0486366580545,387.2044914070962,0,-168.46848960826583,-10.0,0.5005531763989206,0.0,71.7070922951563,0.0,1,-0.6736924939408482,15.69093876768693,0,0.02002212705596662,0.026344904020995874,0.0
57.52,0.04,552.0701317026492,367.19188698492815,0,-168.44946858756268,-10.0,0.47552551757897454,0.0,71.7070922951563,0.0,1,-15.978504955405356,-20.012604422168067,0,0.019021020703149816,0.025027658819946064,0.0
57.56,0.04,540.2533909054736,336.6671289853937,0,-168.43139861789467,-10.0,0.4517492417000258,0.0,71.7070922951563,0.0,1,-11.816740797175612,-30.524757999534472,0,0.018069969668005115,0.02377627587894876,0.0
57.6,0.04,535.8028450458552,363.8349373775609,1,-168.4341680792175,-10.0,-0.06923653307069605,0.0,46.74772412121841,-623.9842043484472,1,-4.450545859618387,27.167808392167217,1,0.0027694613228277376,0.5209857747707218,-24.95936817393789
57.64,0.04,534.7483055884422,339.9941615761481,1,-168.45798787942263,-9.99599883231523,-0.5954950051284866,0.10002919211925931,58.99390435893255,306.1545059428534,0,-1.0545394574129432,-23.840775801412804,0,0.02415351371237839,0.5356807059141033,12.246180237714135
57.68,0.04,526.5366860674851,377.1108616207584,1,-168.50450034241427,-9.995419836954612,-1.1628115747910668,0.014474884015467815,35.99115536766568,-575.0687247816718,1,-8.211619520957129,37.1167000446103,0,0.04651606657034308,0.5737313220043295,-23.00274899126687
57.72,0.04,526.2946130637863,332.6127184171076,1,-168.57375388279317,-9.989363385277414,-1.731338509472141,0.15141129192992953,48.98404147272925,324.8221526265894,0,-0.24207300369880613,-44.498143203650784,0,0.06951786433665451,0.5847858199976931,12.992886105063576
57.76,0.04,528.2163437167877,376.74556895122953,1,-168.6653641544287,-9.986656047390463,-2.290256790888196,0.06768344717378216,27.027117361986186,-548.9231027685767,1,1.9217306530014184,44.13285053412193,0,0.09165026758044584,0.5651548436389677,-21.956924110743067
57.800000000000004,0.04,507.790126600377,366.44450912188034,1,-168.78341640074413,-9.985237611327888,-2.95130615788631,0.03546090156438009,6.637511881833998,-509.7401370038047,1,-20.426217116410726,-10.301059829349185,0,0.11806076749278605,0.6618342375959082,-20.389605480152188
57.84,0.04,558.4698355838325,379.8024142273992,1,-168.91777467994282,-9.987779658110792,-3.3589569799671493,-0.06355116957261586,-10.424492223952505,-426.55010264466256,1,50.6797089834555,13.357905105518853,0,0.13438232469741132,0.41950278065111984,-17.062004105786503
57.88,0.04,529.6548015724858,373.31772583686165,1,-169.07420199882702,-9.99298525006107,-3.910682972104726,-0.13013979875692439,-26.61246539661905,-404.69932931666364,0,-28.81503401134671,-6.484688390537542,0,0.1565139108221738,0.5557298047944151,-16.187973172666545
57.92,0.04,510.7504500590974,351.55532140542357,1,-169.2564792276994,-9.996501906292432,-4.55693072180924,-0.0879164057840418,-6.404231348366686,505.2058512063091,1,-18.904351513388406,-21.762404431438085,0,0.18231114896364262,0.6476256394803181,20.208234048252365
57.96,0.04,501.48719185237013,384.5535240396189,1,-169.4664590182013,-10.0,-5.249494762547388,0.0,-22.60000116620566,-404.8942454459744,1,-9.263258206727244,32.99820263419531,0,0.21000892618841382,0.6981219413036202,-16.195769817838976
58.0,0.04,500.34805449157034,389.819108543709,1,-169.70436919780488,-10.0,-5.947754490089539,0.0,-36.89670394018438,-357.41756934946795,1,-1.1391373607997934,5.2655845040901,0,0.23791017960357408,0.6982597275421512,-14.29670277397872
58.04,0.04,534.9786194657204,395.27944271549353,1,-169.9632836535153,-10.0,-6.472861392760936,0.0,-48.804101870682395,-297.68494826245035,1,34.63056497415005,5.460334171784552,0,0.2589144557104248,0.5251069026713964,-11.907397930498014
58.08,0.04,469.3066929993026,365.8266990865987,1,-170.2563367706259,-10.0,-7.326327927764427,0.0,-61.687705265152246,-322.0900848617463,1,-65.6719264664178,-29.452743628894837,0,0.29305311711058835,0.8534665350034913,-12.883603394469851
58.120000000000005,0.04,491.7362966823783,362.1755275273593,1,-170.5790426284,-10.0,-8.067646444352537,0.0,-73.4114853181998,-293.0945013261887,1,22.429603683075698,-3.651171559239401,0,0.3227058577741104,0.7413185165881098,-11.723780053047548
58.160000000000004,0.04,489.8539100885881,380.5795647105394,1,-170.9317777041564,-10.0,-8.81837689390959,0.0,-83.0546505707242,-241.07913131311028,1,-1.8823865937901587,18.404037183180094,0,0.3527350757563852,0.7507304495570537,-9.643165252524412
58.2,0.04,486.3611934147202,366.21408923059744,1,-171.31524054122983,-10.0,-9.586570926835993,0.0,-92.44066861628195,-234.65045113894368,1,-3.4927166738679034,-14.36547547994195,0,0.38346283707343787,0.7681940329264023,-9.386018045557748
58.24,0.04,480.02312942239723,400.4390447750099,1,-171.7306987524188,-10.0,-10.386455279724007,0.0,-99.31132165666033,-171.76632600945928,1,-6.3380639923229865,34.22495554441247,0,0.4154582111889624,0.7998843528880144,-6.870653040378372
58.28,0.04,498.97120527422516,387.77970814420644,1,-172.1743627225529,-10.0,-11.091599253352886,0.0,-105.77678269776008,-161.63652602749394,1,18.948075851827923,-12.659336630803466,0,0.44366397013411074,0.7051439736288785,-6.465461041099758
58.32,0.04,477.48127846113977,391.86926049186906,1,-172.65053043699479,-10.0,-11.904192861047182,0.0,-111.64891321511963,-146.80326293398878,1,-21.48992681308539,4.089552347662618,0,0.47616771444188544,0.8125936076942963,-5.872130517359551
58.36,0.04,469.0934373009245,409.97755151007243,1,-173.1608794639765,-10.0,-12.758725674542564,0.0,-116.22077189978381,-114.29646711660446,1,-8.38784116021526,18.108291018203374,0,0.5103490269817144,0.854532813495382,-4.571858684664178
58.4,0.04,491.76449126579536,410.8494662304872,1,-173.70087559270505,-10.0,-13.499903218213593,0.0,-119.76357529896558,-88.5700849795441,1,22.67105396487085,0.871914720414793,0,0.5399961287285464,0.7411775436710286,-3.5428033991817642
58.44,0.04,449.2104543936274,382.32199545112934,1,-174.27902963055487,-10.0,-14.453850946245456,0.0,-124.83429427044749,-126.76797428704774,1,-42.554036872167956,-28.527470779357884,0,0.5781540378498278,0.9539477280318636,-5.070718971481909
58.480000000000004,0.04,481.9792888611346,384.6145318756527,1,-174.88878781063246,-10.0,-15.243954501939786,0.0,-128.92762489461083,-102.33326560408358,1,32.76883446750719,2.292536424523348,0,0.6097581800775913,0.7901035556943299,-4.093330624163343
58.52,0.04,490.12364141891936,409.6077230582639,1,-175.52852126242627,-10.0,-15.993336294845182,0.0,-131.03428240733626,-52.66643781813585,1,8.14435255778477,24.993191182611213,0,0.639733451793802,0.7493817929053961,-2.106657512725434
58.56,0.04,472.76536293442445,397.5971710238073,1,-176.20170164163318,-10.0,-16.829509480173062,0.0,-133.86879488380202,-70.86281191164403,1,-17.358278484494917,-12.010552034456623,0,0.6731803792069115,0.8361731853278798,-2.834512476465761
58.6,0.04,481.6621704525902,429.5585132925892,1,-176.90654958674958,-10.0,-17.621198627910108,0.0,-134.64483836921957,-19.401087135438644,1,8.896807518165758,31.961342268781948,0,0.7048479451163985,0.7916891477370456,-0.7760434854175458
58.64,0.04,487.5613766590496,420.50518733329176,1,-177.64188525653418,-10.0,-18.38339174461486,0.0,-135.43221933758423,-19.68452420911646,1,5.899206206459382,-9.053325959297467,0,0.7353356697846039,0.7621931167047507,-0.7873809683646584
58.68,0.04,489.83080984301677,394.2942904141805,1,-178.40725476435017,-10.0,-19.13423769539978,0.0,-137.39161764644314,-48.98495772147271,1,2.2694331839671804,-26.210896919111235,0,0.7653695078159899,0.750845950784921,-1.9593983088589084
58.72,0.04,449.4505438497493,413.25496492335054,1,-179.2107341633962,-10.0,-20.086984976151033,0.0,-139.07323682692814,-42.04047951212502,1,-40.38026599326747,18.96067450917002,0,0.80347939904604,0.9527472807512538,-1.6816191804850007
58.76,0.04,474.2416277231563,397.88016748084857,1,-180.04736523689763,-10.0,-20.91577683753525,0.0,-140.6889718697166,-40.39337606971145,1,24.79108387340699,-15.374797442501972,0,0.8366310735014224,0.828791861384218,-1.615735042788458
58.800000000000004,0.04,486.50073031406066,391.9776180492701,1,-180.91469616433622,-10.0,-21.683273185964953,0.0,-142.06086857530374,-34.297417639678685,1,12.259102590904376,-5.90254943157845,0,0.8673309274385872,0.7674963484297024,-1.3718967055871474
58.84,0.04,446.9524316416189,438.5074400768069,1,-181.82063660544648,-10.0,-22.648511027756857,0.0,-142.10858210735825,-1.192838301362542,1,-39.548298672441774,46.529822027536795,0,0.9059404411102605,0.9652378417919039,-0.047713532054501684
58.88,0.04,453.38757965273476,426.02634069888336,1,-182.76389953062622,-10.0,-23.581573129493183,0.0,-142.3395318872473,-5.773744497226119,1,6.435148011115871,-12.481099377923556,0,0.943262925179738,0.9330621017363256,-0.23094977988904475
58.92,0.04,439.7808818549957,416.9129910561699,1,-183.74720627943495,-10.0,-24.582668720218198,0.0,-143.18688729105196,-21.18388509511675,1,-13.60669779773906,-9.113349642713445,0,0.9833067488087295,1.001095590725015,-0.84735540380467
58.96,0.04,436.75493561465936,403.04641942230603,1,-184.77116204112073,-10.0,-25.598894042144895,0.0,-144.5567342157191,-34.24617311667859,1,-3.0259462403363386,-13.866571633863884,0,1.0239557616857837,1.0162253219266972,-1.3698469246671436
59.0,0.04,442.48790187301455,414.5584103879309,1,-185.83462022243194,-10.0,-26.58645453277983,0.0,-145.0112219482235,-11.362193312609747,1,5.732966258355191,11.511990965624875,0,1.063458181311205,0.9875604906349338,-0.4544877325043899
59.04,0.04,451.4158153071333,412.4705274147989,1,-186.9357952406817,-10.0,-27.529375456244157,0.0,-145.1330423218435,-3.045509340500274,1,8.92791343411875,-2.087882973132025,0,1.1011750182497622,0.9429209234643281,-0.12182037362001097
59.08,0.04,412.38014569554446,430.07466553811486,1,-188.08249422979236,-10.0,-28.667474727766436,0.0,-145.4381728366969,-7.6282628713350675,1,-39.035669611588844,17.604138123315977,0,1.1466989891106607,1.1380992715222789,-0.3051305148534027
59.120000000000005,0.04,430.6695934033951,418.6600834505055,1,-189.27105930022233,-10.0,-29.714126760749455,0.0,-145.59856038709898,-4.009688760051944,1,18.289447707850627,-11.414582087609347,0,1.1885650704299735,1.046652032983019,-0.16038755040207775
59.160000000000004,0.04,428.31459187296616,396.7445593397911,1,-190.50196145227773,-10.0,-30.77255380138462,0.0,-146.78609778163826,-29.688434863481916,1,-2.355001530428922,-21.915524110714387,0,1.2309021520553927,1.0584270406351663,-1.1875373945392766
59.2,0.04,446.80278995377813,424.4225738587228,1,-191.77150304634236,-10.0,-31.73853985161573,0.0,-145.6873092177561,27.46971409705381,1,18.48819808081197,27.67801451893166,0,1.2695415940646342,0.9659860502311091,1.0987885638821524
59.24,0.04,477.336572647868,424.217786207655,1,-193.0735773258774,-10.0,-32.551856988376386,0.0,-142.79980515901346,72.18760146856624,1,30.533782694089894,-0.2047876510677611,0,1.3020742795350486,0.8133171367606558,2.8875040587426497
59.28,0.04,431.25153166086295,455.80282163071195,1,-194.4174012990803,-10.0,-33.595599330072076,0.0,-141.30183241083904,37.44931870436048,1,-46.08504098700507,31.585035423056922,0,1.3438239732028876,1.0437423416956904,1.4979727481744192
59.32,0.04,442.56630300438326,410.2233264786534,1,-195.8007120116823,-10.0,-34.58276781505016,0.0,-141.13597820359664,4.146355181060102,1,11.314771343520306,-45.57949515205854,0,1.3833107126019968,0.9871684849780848,0.16585420724240407
59.36,0.04,444.11434422537684,417.31165549171357,1,-197.22319985543922,-10.0,-35.562196093923276,0.0,-140.33267739012308,20.082520336838883,1,1.548041220993582,7.088329013060161,0,1.422487843756926,0.9794282788731152,0.8033008134735553
59.4,0.04,455.3063398650459,443.08850484119955,1,-198.68262643122313,-10.0,-36.48566439459805,0.0,-137.79976061567328,63.322919361245056,1,11.191995639669074,25.776849349485985,0,1.4594265757839082,0.9234683006747701,2.5329167744498022
59.44,0.04,459.41009854664105,441.7619587635291,1,-200.17817098729773,-10.0,-37.388613901864844,0.0,-135.09837537553457,67.53463100346764,1,4.103758681595139,-1.3265460776704572,0,1.4955445560746057,0.902949507266797,2.7013852401387055
59.480000000000004,0.04,446.4772684376757,443.8810993035009,1,-201.7124200896848,-10.0,-38.35622755967647,0.0,-133.1434654668224,48.87274771780454,1,-12.932830108965334,2.119140539971795,0,1.534249102387065,0.9676136578116257,1.9549099087121817
59.52,0.04,452.325419808961,441.6032795330886,1,-203.28420410811006,-10.0,-39.29460046063167,0.0,-130.87825413217408,56.630283366207834,1,5.848151371285269,-2.277819770412293,0,1.5717840184252623,0.9383729009552013,2.2652113346483134
59.56,0.04,437.847537498965,441.7509121254026,1,-204.89641861903553,-10.0,-40.30536277313685,0.0,-129.45004790248402,35.70515574225155,1,-14.477882309996005,0.1476325923139825,0,1.6122145109254689,1.0107623125051788,1.428206229690062
59.6,0.04,435.04129780397005,448.0007536899786,1,-206.5496248704002,-10.0,-41.330156284116995,0.0,-127.92986060075116,38.00468254332152,1,-2.806239694994929,6.249841564576002,0,1.6532062513646792,1.024793510980146,1.5201873017328609
59.64,0.04,460.3094352735657,473.5733435792589,1,-208.23876923471016,-10.0,-42.228609107749165,0.0,-124.6788888554148,81.27429363340894,1,25.268137469595672,25.572589889280323,0,1.6891443643099535,0.8984528236321694,3.250971745336358
59.68,0.04,422.0970997741504,458.5586571806588,1,-209.9714941790653,-10.0,-43.31812360887841,0.0,-123.64724867065713,25.79100461894157,1,-38.2123354994153,-15.014686398600077,0,1.732724944355141,1.0895145011292442,1.0316401847576628
59.72,0.04,480.7558233515482,435.5603875293865,1,-211.73606795875014,-10.0,-44.114344492120665,0.0,-118.9991855657532,116.2015776225985,1,58.65872357739778,-22.998269651272324,0,1.764573779684838,0.7962208832422561,4.64806310490394
59.76,0.04,417.69227314102955,471.802609419376,1,-213.54510328380675,-10.0,-45.22588312641551,0.0,-118.13139233855435,21.694830679971133,1,-63.063550210518656,36.24222188998948,0,1.8090353250566125,1.1115386342948455,0.8677932271988453
59.800000000000004,0.04,441.6306633450451,456.6364442821572,1,-215.39381247619437,-10.0,-46.21772980969028,0.0,-116.11342973742845,50.449065028147544,1,23.938390204015548,-15.166165137218798,0,1.8487091923876164,0.9918466832747725,2.0179626011259018
59.84,0.04,452.7907208846384,433.34082433381474,1,-217.27996352440505,-10.0,-47.15377620526709,0.0,-113.39227341292052,68.02890811269826,1,11.16005753959331,-23.29561994834245,0,1.886151048210678,0.9360463955768097,2.7211563245079304
59.88,0.04,461.7668408807833,450.55918073179726,1,-219.20176120443958,-10.0,-48.04494200086317,0.0,-110.1775381769259,80.36838089986524,1,8.976119996144917,17.218356397982518,0,1.9217976800345298,0.8911657955960806,3.2147352359946098
59.92,0.04,438.5437249936192,454.74129321878974,1,-221.1638501394754,-10.0,-49.05222337589508,0.0,-108.47680129544345,42.5184220370614,1,-23.223115887164113,4.18211248699248,0,1.9620889350358084,1.0072813750319085,1.700736881482456
59.96,0.04,435.1483920792508,460.4405946439114,1,-223.16690939609535,-10.0,-50.07648141549883,0.0,-106.8882502638437,39.71377578999373,1,-3.395332914368396,5.699301425121689,0,2.003059256619963,1.024258039603751,1.5885510315997493
60.0,0.04,440.2748197248089,430.3066987038055,1,-225.20991368877034,-10.0,-51.07510731687479,0.0,-104.82709463918772,51.528890616399536,1,5.126427645558067,-30.1338959401059,0,2.0430042926749934,0.9986259013759593,2.0611556246559815
60.04,0.04,454.97670840842255,455.5741472326649,1,-227.28992263976366,-10.0,-52.000223774832676,0.0,-101.99255557275238,70.8634766608835,1,14.701888683613674,25.267448528859404,0,2.0800089509933173,0.9251164579578841,2.8345390664353403
60.08,0.04,464.949783235667,463.45021202950056,1,-229.40494163410983,-10.0,-52.87547485865434,0.0,-98.85225979557505,78.50739442943322,1,9.973074827244432,7.876064796835635,0,2.1150189943461726,0.8752510838216665,3.1402957771773288
60.120000000000005,0.04,427.93313986215855,436.1715615254414,1,-231.56237400048357,-10.0,-53.93580915934355,0.0,-97.69071346509368,29.03865826203429,1,-37.01664337350843,-27.278650504059158,0,2.1574323663737403,1.060334300689206,1.1615463304813716
60.160000000000004,0.04,434.9650409401687,478.4428578311018,1,-233.76081335866928,-10.0,-54.9609839546427,0.0,-96.20896808621883,37.0436344718712,1,7.031901078010151,42.27129630566037,0,2.198439358185709,1.0251747952991508,1.481745378874848
60.2,0.04,456.99310901666973,453.1610601663001,1,-235.99585409505167,-10.0,-55.87601840955935,0.0,-93.23860917590966,74.25897275772932,1,22.02806807650103,-25.281797664801672,0,2.2350407363823876,0.9150344549166505,2.970358910309173
60.24,0.04,472.78720960637855,463.6488570738796,1,-238.26433738951278,-10.0,-56.712082361527465,0.0,-89.92330267197525,82.88266259836021,1,15.794100589708819,10.48779690757948,0,2.268483294461106,0.8360639519681143,3.3153065039344085
60.28,0.04,455.15030490585326,473.9254984314648,1,-240.5697906229927,-10.0,-57.6363308369982,0.0,-87.7453954958286,54.44767940366617,1,-17.636904700525292,10.27664135758522,0,2.3054532334799376,0.9242484754707334,2.177907176146647
60.32,0.04,408.7813748660182,477.11961994641337,1,-242.92148758149943,-10.0,-58.79242396266811,0.0,-87.77763993647639,-0.8061110161946772,1,-46.36893003983505,3.194121514948563,0,2.3516969585067216,1.156093125669912,-0.03224444064778709
60.36,0.04,427.208991282251,470.1390492625938,1,-245.31574274174972,-10.0,-59.85637900625686,0.0,-86.64041325468301,28.43066704483448,1,18.42761641623281,-6.980570683819565,0,2.3942551602502817,1.0639550435887486,1.1372266817933792
60.4,0.04,420.2014733149466,467.51444831620955,0,-247.59028514398747,-10.0,-56.86356005594401,0.0,-86.64041325468301,0.0,1,-7.007517967304409,-2.6246009463842483,1,2.2745424022377563,2.992818950312845,0.0
60.44,0.04,431.9346722114777,507.79893336087645,0,-249.75110042611334,-10.0,-54.02038205314681,0.0,-86.64041325468301,0.0,1,11.733198896531064,40.284485044666894,0,2.160815282125867,2.8431780027972025,0.0
60.480000000000004,0.04,437.9134075577649,476.4909915292283,0,-251.80387494413293,-10.0,-51.31936295048947,0.0,-86.64041325468301,0.0,1,5.9787353462872375,-31.307941831648122,0,2.0527745180195893,2.701019102657341,0.0
60.52,0.04,485.6170939599301,483.58064411575805,0,-253.75401073625153,-10.0,-48.753394802965,0.0,-86.64041325468301,0.0,1,47.703686402165204,7.0896525865297235,0,1.9501357921186013,2.5659681475244724,0.0
60.56,0.04,478.5514302511369,479.52940109430926,0,-255.6066397387642,-10.0,-46.315725062816746,0.0,-86.64041325468301,0.0,1,-7.065663708793238,-4.051243021448784,0,1.852629002512657,2.4376697401482517,0.0
60.6,0.04,514.9676567019052,478.36527580001285,0,-257.3666372911512,-10.0,-43.9999388096759,0.0,-86.64041325468301,0.0,1,36.416226450768306,-1.1641252942964115,0,1.7599975523870341,2.3157862531408426,0.0
60.64,0.04,478.7184482763103,483.78878108308203,0,-259.0386349659189,-10.0,-41.799941869192104,0.0,-86.64041325468301,0.0,1,-36.24920842559487,5.423505283069176,0,1.671997674767681,2.1999969404838,0.0
60.68,0.04,464.6956177686789,475.67141808378284,0,-260.6270327569482,-10.0,-39.709944775732495,0.0,-86.64041325468301,0.0,1,-14.022830507631397,-8.11736299929919,0,1.5883977910293083,2.0899970934596084,0.0
60.72,0.04,489.6546728717749,473.5502533134414,0,-262.1360106584261,-10.0,-37.72444753694587,0.0,-86.64041325468301,0.0,1,24.959055103095977,-2.1211647703414656,0,1.5089779014778628,1.9854972387866283,0.0
60.76,0.04,461.1826624407596,475.3117612546252,0,-263.56953966483,-10.0,-35.838225160098574,0.0,-86.64041325468301,0.0,1,-28.472010431015292,1.7615079411838224,0,1.433529006403944,1.886222376847293,0.0
60.800000000000004,0.04,491.8663803031524,471.45157932760196,0,-264.9313922209138,-10.0,-34.046313902093644,0.0,-86.64041325468301,0.0,1,30.683717862392825,-3.860181927023234,0,1.361852556083761,1.7919112580049301,0.0
60.84,0.04,482.90818070930203,463.959140996728,0,-266.2251521491933,-10.0,-32.34399820698896,0.0,-86.64041325468301,0.0,1,-8.958199593850395,-7.492438330873938,0,1.2937599282795418,1.7023156951046872,0.0
60.88,0.04,457.76043761396204,469.0279158037005,0,-267.4542240810589,-10.0,-30.726798296639508,0.0,-86.64041325468301,0.0,1,-25.14774309533999,5.068774806972499,0,1.229071931865576,1.6171999103494485,0.0
60.92,0.04,476.8459160854193,482.0014563884367,0,-268.6218424163312,-10.0,-29.19045838180753,0.0,-86.64041325468301,0.0,1,19.085478471457236,12.973540584736156,0,1.1676183352723228,1.5363399148319772,0.0
60.96,0.04,469.45306611261833,483.95939749997365,1,-269.823570138381,-10.0,-30.04319305124443,0.0,-89.18793788543117,-63.68811576870392,1,-7.392849972800946,1.957941111536968,1,1.2017277220497817,0.8527346694368987,-2.547524630748157
61.0,0.04,467.5232971831608,497.167813038929,0,-270.96521147432827,-10.0,-28.541033398682206,0.0,-89.18793788543117,0.0,1,-1.9297689294575093,13.208415538955364,1,1.14164133594727,1.5021596525622236,0.0
61.04,0.04,485.4271253356625,471.0951155777543,0,-272.0497707434782,-10.0,-27.113981728748094,0.0,-89.18793788543117,0.0,1,17.90382815250166,-26.072697461174698,0,1.0845592691499064,1.4270516699341123,0.0
61.08,0.04,472.39016790141363,495.2510412466895,0,-273.0801020491706,-10.0,-25.75828264231069,0.0,-89.18793788543117,0.0,1,-13.036957434248848,24.155925668935197,0,1.030331305692414,1.3556990864374043,0.0
61.120000000000005,0.04,461.2945141530389,466.0761208476572,0,-274.0589167895784,-10.0,-24.470368510195154,0.0,-89.18793788543117,0.0,1,-11.09565374837473,-29.174920399032317,0,0.9788147404078131,1.2879141321155352,0.0
61.160000000000004,0.04,472.8027280227317,483.83135352533435,0,-274.9887907929658,-10.0,-23.246850084685395,0.0,-89.18793788543117,0.0,1,11.508213869692781,17.755232677677157,0,0.9298740033873969,1.2235184255097593,0.0
61.2,0.04,494.9578263625763,492.22026890933205,0,-275.8721710961838,-10.0,-22.084507580451124,0.0,-89.18793788543117,0.0,1,22.155098339844642,8.388915383997698,0,0.8833803032180185,1.162342504234271,0.0
61.24,0.04,502.80644016636495,492.9718160557372,0,-276.71138238424095,-10.0,-20.980282201428565,0.0,-89.18793788543117,0.0,1,7.8486138037886235,0.7515471464051302,0,0.839211288057129,1.1042253790225587,0.0
61.28,0.04,485.26050792158406,485.6693615364692,0,-277.5086331078952,-10.0,-19.931268091357136,0.0,-89.18793788543117,0.0,1,-17.545932244780886,-7.302454519267997,0,0.7972507236542583,1.049014110071429,0.0
61.32,0.04,529.5494293966096,508.52122374823153,0,-278.2660212953668,-10.0,-18.934704686789278,0.0,-89.18793788543117,0.0,1,44.288921475025575,22.851862211762352,0,0.7573881874715767,0.9965634045678584,0.0
61.36,0.04,506.7921684404978,490.94223209994334,0,-278.9855400734648,-10.0,-17.987969452449814,0.0,-89.18793788543117,0.0,1,-22.75726095611185,-17.578991648288195,0,0.7195187780980064,0.9467352343394637,0.0
61.4,0.04,528.7327114743405,487.5338067550998,0,-279.66908291265787,-10.0,-17.088570979827324,0.0,-89.18793788543117,0.0,1,21.940543033842687,-3.408425344843522,0,0.6835428391930805,0.8993984726224902,0.0
61.44,0.04,491.7928542644199,515.4252026731801,0,-280.31844860989133,-10.0,-16.234142430835956,0.0,-89.18793788543117,0.0,1,-36.9398572099206,27.89139591808032,0,0.6493656972334634,0.8544285489913683,0.0
61.480000000000004,0.04,500.5027725351751,517.8543004512627,1,-280.99571375261775,-10.0,-16.931628568160075,0.0,-91.71410383074291,-63.15414863279365,1,8.709918270755225,2.429097778082564,1,0.6772651427264123,0.6974861373241197,-2.526165945311746
61.52,0.04,490.5363606087522,502.5629558188904,1,-281.7028716232224,-10.0,-17.678946765116304,0.0,-94.4341986525943,-68.00237054628475,1,-9.966411926422893,-15.29134463237233,0,0.7071578706046466,0.747318196956229,-2.72009482185139
61.56,0.04,524.1647635990012,491.5032326351968,0,-282.37467160029684,-10.0,-16.79499942686049,0.0,-94.4341986525943,0.0,1,33.62840299024896,-11.059723183693563,1,0.6717999770744427,0.8839473382558154,0.0
61.6,0.04,508.2799505642864,509.77501862567664,0,-283.0128815785175,-10.0,-15.955249455517464,0.0,-94.4341986525943,0.0,1,-15.884813034714739,18.271785990479827,0,0.6382099782206865,0.839749971343025,0.0
61.64,0.04,546.7120922831688,526.9992561971304,0,-283.6191810578272,-10.0,-15.15748698274159,0.0,-94.4341986525943,0.0,1,38.43214171888235,17.224237571453784,0,0.606299479309655,0.7977624727758741,0.0
61.68,0.04,576.089885008764,505.92185692474965,0,-284.1951655631714,-10.0,-14.39961263360451,0.0,-94.4341986525943,0.0,1,29.377792725595214,-21.077399272380774,0,0.575984505344195,0.7578743491370794,0.0
61.72,0.04,500.58242999702514,505.7522045638188,0,-284.74235084324835,-10.0,-13.679632001924285,0.0,-94.4341986525943,0.0,1,-75.50745501173884,-0.16965236093085423,0,0.5471852800769739,0.719980631680226,0.0
61.76,0.04,502.23932450767586,525.2941136913164,0,-285.26217685932147,-10.0,-12.995650401828069,0.0,-94.4341986525943,0.0,1,1.6568945106507158,19.541909127497604,0,0.5198260160731252,0.6839816000962156,0.0
61.800000000000004,0.04,538.3950284434734,511.67800849264387,0,-285.75601157459096,-10.0,-12.345867881736664,0.0,-94.4341986525943,0.0,1,36.15570393579753,-13.616105198672528,0,0.49383471526948597,0.6497825200914047,0.0
61.84,0.04,550.7549267724219,485.89962550491026,0,-286.22515455409695,-10.0,-11.72857448764983,0.0,-94.4341986525943,0.0,1,12.359898328948475,-25.778382987733607,0,0.46914297950598893,0.6172933940868344,0.0
61.88,0.04,558.6212876101563,505.25458274955815,0,-286.67084038462764,-10.0,-11.142145763267338,0.0,-94.4341986525943,0.0,1,7.866360837734419,19.354957244647892,0,0.44568583053069233,0.5864287243824915,0.0
61.92,0.04,577.6163178576644,503.9309746232923,0,-287.0942419236318,-10.0,-10.585038475103971,0.0,-94.4341986525943,0.0,1,18.99503024750811,-1.3236081262658672,0,0.42340153900414634,0.5571072881633672,0.0
61.96,0.04,540.5140973336564,520.9061847205128,0,-287.49647338568576,-10.0,-10.055786551348772,0.0,-94.4341986525943,0.0,1,-37.102220524007976,16.975210097220497,0,0.402231462053976,0.5292519237551989,0.0
62.0,0.04,628.2638154911778,504.87894002414123,0,-287.878593274637,-10.0,-9.552997223781333,0.0,-94.4341986525943,0.0,1,87.74971815752133,-16.027244696371554,0,0.3821198889512516,0.5027893275674398,0.0
62.04,0.04,557.5890378014815,497.59450980281053,0,-288.2416071691407,-10.0,-9.075347362592266,0.0,-94.4341986525943,0.0,1,-70.67477768969627,-7.284430221330695,0,0.3630138945036947,0.47764986118906627,0.0
62.08,0.04,565.4187834079686,504.8758062129954,0,-288.5864703689192,-10.0,-8.621579994462653,0.0,-94.4341986525943,0.0,1,7.8297456064871085,7.281296410184893,0,0.34486319977850144,0.45376736812961305,0.0
62.120000000000005,0.04,551.7325092106425,487.735485401104,0,-288.9140904087088,-10.0,-8.19050099473952,0.0,-94.4341986525943,0.0,1,-13.686274197326043,-17.140320811891456,0,0.327620039789565,0.4310789997231339,0.0
62.160000000000004,0.04,549.2222403839949,492.335998211114,0,-289.22532944650885,-10.0,-7.780975945002543,0.0,-94.4341986525943,0.0,1,-2.510268826647689,4.600512810010002,0,0.3112390378000782,0.4095250497369767,0.0
62.2,0.04,581.5515773749142,526.7868417838412,0,-289.52100653241894,-10.0,-7.3919271477524156,0.0,-94.4341986525943,0.0,1,32.32933699091939,34.450843572727194,0,0.2956770859100857,0.3890487972501271,0.0
62.24,0.04,599.6426462447445,490.21265463408,0,-289.8018997640335,-10.0,-7.022330790364794,0.0,-94.4341986525943,0.0,1,18.091068869830224,-36.574187149761144,0,0.28089323161458424,0.3695963573876213,0.0
62.28,0.04,560.75823255439,508.15112620679,0,-290.0687483340674,-10.0,-6.671214250846554,0.0,-94.4341986525943,0.0,1,-38.88441369035445,17.93847157271,0,0.26684857003385787,0.35111653951824007,0.0
62.32,0.04,592.2298304035139,517.8333913253416,0,-290.32225447559955,-10.0,-6.3376535383042265,0.0,-94.4341986525943,0.0,1,31.471597849123896,9.682265118551584,0,0.25350614153217066,0.33356071254232766,0.0
62.36,0.04,596.8133634675651,495.144590313508,0,-290.5630853100551,-10.0,-6.020770861389015,0.0,-94.4341986525943,0.0,1,4.583533064051153,-22.68880101183362,0,0.24083083445555076,0.31688267691521155,0.0
62.4,0.04,589.7394416203457,515.2099231287197,0,-290.79187460278786,-10.0,-5.719732318319564,0.0,-94.4341986525943,0.0,1,-7.073921847219367,20.06533281521166,0,0.22878929273275617,0.3010385430694509,0.0
62.440000000000005,0.04,563.6456437159849,484.15283159973717,0,-291.009224430884,-10.0,-5.433745702403586,0.0,-94.4341986525943,0.0,1,-26.093797904360827,-31.057091528982482,0,0.21734982809613257,0.28598661591597807,0.0
62.480000000000004,0.04,597.2750439457451,486.2474865022701,0,-291.21570676757534,-10.0,-5.162058417283406,0.0,-94.4341986525943,0.0,1,33.62940022976022,2.094654902532909,0,0.20648233669135152,0.2716872851201799,0.0
62.52,0.04,582.6300479726088,555.5732176445171,0,-291.4118649874321,-10.0,-4.903955496419235,0.0,-94.4341986525943,0.0,1,-14.644995973136247,69.32573114224698,0,0.19615821985678394,0.25810292086417075,0.0
62.56,0.04,593.1164838760526,506.77894330775734,0,-291.5982152962961,-10.0,-4.658757721598273,0.0,-94.4341986525943,0.0,1,10.486435903443748,-48.79427433675971,0,0.18635030886395043,0.24519777482096217,0.0
62.6,0.04,636.8937477414679,489.22922231603377,0,-291.7752480897168,-10.0,-4.425819835518359,0.0,-94.4341986525943,0.0,1,43.77726386541531,-17.549720991723575,0,0.17703279342072165,0.23293788607991406,0.0
62.64,0.04,646.0245734223132,502.32619690021573,0,-291.9434292434665,-10.0,-4.204528843742441,0.0,-94.4341986525943,0.0,1,9.130825680845305,13.096974584181964,0,0.16818115374968556,0.22129099177591804,0.0
62.68,0.04,605.5371806217811,484.2012637556306,0,-292.1032013395287,-10.0,-3.994302401555319,0.0,-94.4341986525943,0.0,1,-40.48739280053212,-18.124933144585157,0,0.15977209606222686,0.21022644218712205,0.0
62.72,0.04,600.7278935966027,515.7621533247419,0,-292.2549848307878,-10.0,-3.7945872814775528,0.0,-94.4341986525943,0.0,1,-4.809287025178378,31.56088956911134,0,0.15178349125909563,0.19971512007776626,0.0
62.76,0.04,645.9565933194883,537.5323120878654,0,-292.39917914748395,-10.0,-3.604857917403675,0.0,-94.4341986525943,0.0,1,45.22869972288561,21.770158763123504,0,0.1441943166961437,0.18972936407387797,0.0
62.800000000000004,0.04,621.8226618461356,512.0936954197149,0,-292.5361637483453,-10.0,-3.4246150215334907,0.0,-94.4341986525943,0.0,1,-24.13393147335273,-25.43861666815053,0,0.13698460086135356,0.18024289587018405,0.0
62.84,0.04,647.558904103496,518.358146804107,0,-292.66629911916357,-10.0,-3.253384270456816,0.0,-94.4341986525943,0.0,1,25.73624225736046,6.264451384392146,0,0.13013537081826598,0.17123075107667463,0.0
62.88,0.04,656.8081156006643,483.4042261443642,0,-292.7899277214409,-10.0,-3.090715056933975,0.0,-94.4341986525943,0.0,1,9.24921149716829,-34.953920659742835,0,0.12362860227733563,0.16266921352284092,0.0
62.92,0.04,634.1808818138257,503.36084919819524,0,-292.9073748936044,-10.0,-2.9361793040872763,0.0,-94.4341986525943,0.0,1,-22.627233786838588,19.956623053831038,0,0.11744717216350864,0.15453575284669885,0.0
62.96,0.04,672.62251395727,509.5294207764374,0,-293.0189497071597,-10.0,-2.7893703388829123,0.0,-94.4341986525943,0.0,1,38.44163214344428,6.168571578242165,0,0.11157481355530763,0.14680896520436404,0.0
63.0,0.04,673.5340050405806,517.1352691386285,0,-293.12494578003725,-10.0,-2.6499018219387667,0.0,-94.4341986525943,0.0,1,0.9114910833105796,7.605848362191068,0,0.10599607287753088,0.13946851694414564,0.0
63.04,0.04,644.8539385321477,487.0968370128729,0,-293.2256420492709,-10.0,-2.517406730841828,0.0,-94.4341986525943,0.0,1,-28.6800665084329,-30.03843212575555,0,0.10069626923365149,0.13249509109693847,0.0
63.08,0.04,648.8296583916219,495.80329779865485,0,-293.3213035050429,-10.0,-2.3915363942997367,0.0,-94.4341986525943,0.0,1,3.975719859474225,8.706460785781928,0,0.09566145577201723,0.12587033654209145,0.0
63.120000000000005,0.04,654.0871479698533,526.4567830277033,0,-293.4121818880263,-10.0,-2.27195957458475,0.0,-94.4341986525943,0.0,1,5.257489578231343,30.653485229048442,0,0.09087838298336237,0.1195768197149869,0.0
63.160000000000004,0.04,675.9067035131241,515.903618828006,0,-293.49851635186053,-10.0,-2.1583615958555122,0.0,-94.4341986525943,0.0,1,21.81955554327078,-10.553164199697335,0,0.08633446383424825,0.1135979787292376,0.0
63.2,0.04,669.0408874387448,520.9332007779719,0,-293.58053409250306,-10.0,-2.0504435160627366,0.0,-94.4341986525943,0.0,1,-6.865816074379268,5.029581949965973,0,0.08201774064252731,0.10791807979277568,0.0
63.24,0.04,679.8251711928355,501.46671476058384,0,-293.6584509461134,-10.0,-1.9479213402595996,0.0,-94.4341986525943,0.0,1,10.784283754090666,-19.466486017388092,0,0.07791685361036116,0.10252217580313694,0.0
63.28,0.04,673.3752717380289,509.1080509611059,1,-293.7296927453762,-10.0,-1.7810449815694676,0.0,-92.47121926947497,49.07448457798331,1,-6.449899454806541,7.641336200522062,1,0.07124179926279339,0.16687635869013207,1.9629793831193325
63.32,0.04,654.0083074049935,525.2882180644625,1,-293.798132883158,-10.0,-1.7110034445445046,0.0,-91.50506761234143,24.153791428338423,1,-19.366964333035412,16.18016710335661,0,0.06844013778180624,0.07004153702496296,0.9661516571335369
63.36,0.04,723.6823745944384,501.2247920683003,1,-293.8498365460209,-10.0,-1.2925915715723044,0.0,-88.13692200578373,84.2036401639426,1,69.67406718944494,-24.06342599616221,0,0.05170366286290573,0.41841187297220017,3.368145606557704
63.4,0.04,716.3930971421631,524.3014597208719,1,-293.8862615894554,-10.0,-0.9106260858614825,0.0,-85.7260355914014,60.27216035955831,1,-7.289277452275314,23.076667652571587,0,0.03642504343446262,0.3819654857108219,2.4108864143823325
63.440000000000005,0.04,658.4369156634871,481.1300162013905,1,-293.9189992497571,-10.0,-0.8184415075440392,0.0,-85.13728339754994,14.71880484628656,1,-57.95618147867606,-43.171443519481386,0,0.032737660301734195,0.09218457831744331,0.5887521938514624
63.480000000000004,0.04,715.3532761831309,509.144890390732,1,-293.9366662548223,-10.0,-0.4416751266283847,0.0,-82.88929285530067,56.19976355623173,1,56.91636051964383,28.01487418934147,0,0.01766700506516372,0.3767663809156545,2.247990542249269
63.52,0.04,695.7151782375882,503.4957312741808,1,-293.9431902242399,-10.0,-0.16309923544045768,0.0,-81.45578875716832,35.83760245330865,1,-19.638097945542654,-5.649159116551175,0,0.00652396941762845,0.278575891187927,1.433504098132346
63.56,0.04,706.2098929392462,497.58975781154135,1,-293.93647221506967,-10.0,0.16795022925577774,0.0,-79.76322503030009,42.314093171705736,1,10.494714701657927,-5.9059734626394516,0,0.006718009170242567,0.3310494646962354,1.6925637268682294
63.6,0.04,701.3001741114268,496.032939034671,1,-293.9174941710772,-10.0,0.4744510998129079,0.0,-78.42792687218616,33.38245395284822,1,-4.909718827819347,-1.5568187768703297,0,0.018978043992490257,0.30650087055713016,1.335298158113929
63.64,0.04,748.6994118204042,482.96235015779473,1,-293.8767762447206,-10.0,1.0179481589149169,0.0,-75.54571640526876,72.05526167293499,1,47.39923770897735,-13.070588876876286,0,0.040717926356592216,0.543497059102009,2.8822104669173996
63.68,0.04,742.7123917350443,508.3698268094889,1,-293.815515840017,-10.0,1.5315101175901282,0.0,-73.6847972832583,46.52297805026144,1,-5.987020085359859,25.407476651694196,0,0.061260404703602944,0.5135619586752114,1.8609191220104577
63.72,0.04,735.4822428293505,490.7596545919675,1,-293.73515898674754,-10.0,2.0089213317368695,0.0,-71.93902348970559,43.64434483881787,1,-7.230148905693795,-17.610172217521438,0,0.08035685326944986,0.47741121414674126,1.745773793552715
63.76,0.04,754.8550435189975,517.6052188717355,0,-293.65881997614156,-10.0,1.9084752651500259,0.0,-71.93902348970559,0.0,1,19.372800689646965,26.845564279767984,1,0.07633901060597736,0.10044606658684363,0.0
63.800000000000004,0.04,740.9401439224,503.13777138105473,0,-293.58629791606586,-10.0,1.8130515018925244,0.0,-71.93902348970559,0.0,1,-13.914899596597479,-14.46744749068074,0,0.07252206007569839,0.09542376325750146,0.0
63.84,0.04,750.5051556456791,514.6076759854362,0,-293.51740195899396,-10.0,1.722398926797898,0.0,-71.93902348970559,0.0,1,9.565011723279099,11.469904604381497,0,0.0688959570719021,0.09065257509462632,0.0
63.88,0.04,728.4679360823358,488.79826204161077,0,-293.45195079977566,-10.0,1.6362789804580031,0.0,-71.93902348970559,0.0,1,-22.037219563343342,-25.80941394382546,0,0.06545115921829847,0.08611994633989495,0.0
63.92,0.04,752.2053339789028,496.63593327758275,0,-293.38977219851824,-10.0,1.554465031435103,0.0,-71.93902348970559,0.0,1,23.737397896567018,7.837671235971982,0,0.06217860125741481,0.08181394902290018,0.0
63.96,0.04,740.9212803738391,491.3705717537618,0,-293.3307025273237,-10.0,1.4767417798633478,0.0,-71.93902348970559,0.0,1,-11.284053605063718,-5.265361523820957,0,0.059069671194549755,0.07772325157175519,0.0
64.0,0.04,760.8988240382657,507.60378001245755,0,-293.2745863396889,-10.0,1.4029046908701803,0.0,-71.93902348970559,0.0,1,19.977543664426662,16.233208258695754,0,0.05611618763481374,0.07383708899316743,0.0
64.04,0.04,713.0435143446783,496.49876130872275,0,-293.2212759614358,-10.0,1.3327594563266711,0.0,-71.93902348970559,0.0,1,-47.8553096935874,-11.1050187037348,0,0.05331037825305884,0.07014523454350918,0.0
64.08,0.04,761.3473500159106,505.5026960083898,0,-293.1706311020954,-10.0,1.2661214835103376,0.0,-71.93902348970559,0.0,1,48.303835671232264,9.00393469966707,0,0.050644859340422954,0.06663797281633355,0.0
64.12,0.04,767.6952378856448,496.37952282883504,0,-293.122518485722,-10.0,1.2028154093348207,0.0,-71.93902348970559,0.0,1,6.3478878697342225,-9.123173179554783,0,0.048112616373373385,0.06330607417551692,0.0
64.16,0.04,751.3054611738228,505.0196044073188,0,-293.0768115001673,-10.0,1.1426746388680795,0.0,-71.93902348970559,0.0,1,-16.389776711822037,8.640081578483773,0,0.045706985554716084,0.060140770466741156,0.0
64.2,0.04,766.0039130149537,494.8372908606774,0,-293.0333898638903,-10.0,1.0855409069246755,0.0,-71.93902348970559,0.0,1,14.698451841130918,-10.18231354664141,0,0.04342163627700302,0.05713373194340399,0.0
64.24,0.04,775.4510083709347,494.1614782008649,0,-292.99213930942716,-10.0,1.0312638615784417,0.0,-71.93902348970559,0.0,1,9.447095355980991,-0.6758126598124932,0,0.04125055446314718,0.05427704534623379,0.0
64.28,0.04,767.9733622583612,491.68848521908706,0,-292.9529512826872,-10.0,0.9797006684995196,0.0,-71.93902348970559,0.0,1,-7.477646112573439,-2.4729929817778498,0,0.03918802673996424,0.0515631930789221,0.0
64.32000000000001,0.04,779.6696117782159,477.88045680398153,0,-292.9157226572842,-10.0,0.9307156350745436,0.0,-71.93902348970559,0.0,1,11.696249519854632,-13.808028415105525,0,0.03722862540297456,0.048985033424976065,0.0
64.36,0.04,786.0173003881321,533.0835729730143,0,-292.8803554631514,-10.0,0.8841798533208164,0.0,-71.93902348970559,0.0,1,6.34768860991619,55.20311616903274,0,0.035367194132845725,0.04653578175372719,0.0
64.4,0.04,766.7583746472164,505.4473335627898,0,-292.8467566287252,-10.0,0.8399708606547756,0.0,-71.93902348970559,0.0,1,-19.25892574091563,-27.636239410224448,0,0.033598834426186386,0.044208992666040836,0.0
64.44,0.04,770.0388314543411,492.29522896093624,1,-292.7871500280081,-10.0,1.4901650179264743,0.0,-69.4286977533204,62.7581434096296,1,3.280456807124665,-13.15210460185358,1,0.0596066007170748,0.6501941572716987,2.510325736385184
64.48,0.04,797.4518148192525,473.8342941863705,1,-292.6960530643272,-10.0,2.2774240920227293,0.0,-66.23600746304436,79.81725725690119,1,27.412983364911383,-18.460934774565715,0,0.09109696368091136,0.7872590740962551,3.1926902902760474
64.52,0.04,826.5133546480942,484.81650869197176,1,-292.5676534297167,-10.0,3.209990865263196,0.0,-63.18283131969785,76.3294035836628,1,29.06153982884166,10.982214505601235,0,0.12839963461050274,0.9325667732404668,3.053176143346512
64.56,0.04,764.5330416259723,490.541548481321,1,-292.41434718678096,-10.0,3.8326560733930557,0.0,-61.8731860787183,32.74113102448872,1,-61.98031302212189,5.725039789349239,0,0.15330624293574147,0.6226652081298596,1.309645240979549
64.6,0.04,777.3735101902329,483.00087696151223,1,-292.2335662418072,-10.0,4.519523624344233,0.0,-60.27348364542428,39.9925608323505,1,12.840468564260618,-7.540671519808768,0,0.18078094497377606,0.686867550951177,1.59970243329402
64.64,0.04,803.7736201380735,472.05684081938995,1,-292.0200305728058,-10.0,5.338391725034599,0.0,-58.065720599425916,55.19407614995906,1,26.400109947840633,-10.944036142122286,0,0.21353566900137366,0.8188681006903664,2.2077630459983624
64.68,0.04,799.9351743808149,497.0244283782917,1,-291.77450786892825,-10.0,6.13806759693867,0.0,-56.79367451204768,31.801152184455894,1,-3.838445757258569,24.967587558901755,0,0.2455227038775547,0.7996758719040713,1.2720460873782358
64.72,0.04,854.1186792874591,460.3397901075331,1,-291.4861614291932,-10.0,7.208660993375959,0.0,-53.95806445071353,70.89025153335378,1,54.1835049066442,-36.684638270758626,0,0.2883464397350508,1.070593396437289,2.835610061334151
64.76,0.04,747.7521242281274,498.07335057943027,1,-291.17626456461255,-10.0,7.747421614516584,0.0,-54.655053199261346,-17.42471871369542,1,-106.36655505933174,37.73356047189719,0,0.3098968645806508,0.5387606211406251,-0.6969887485478168
64.8,0.04,828.3342489394726,469.69930707009615,1,-290.828700850244,-10.0,8.68909285921396,0.0,-52.74333599290419,47.792930158928826,1,80.58212471134516,-28.374043509334115,0,0.3475637143685617,0.9416712446973747,1.911717206357153
64.84,0.04,817.6957239828162,494.44312659089024,0,-290.49851532159386,-10.0,8.25463821625326,0.0,-52.74333599290419,0.0,1,-10.638524956656397,24.74381952079409,1,0.3301855286501336,0.4344546429606986,0.0
64.88,0.04,806.1851823135453,465.0886351524631,0,-290.1848390693762,-10.0,7.841906305440597,0.0,-52.74333599290419,0.0,1,-11.510541669270879,-29.354491438427146,0,0.31367625221764683,0.41273191081266347,0.0
64.92,0.04,811.8646327285427,473.5565813043751,0,-289.8868466297695,-10.0,7.449810990168567,0.0,-52.74333599290419,0.0,1,5.6794504149974046,8.467946151911974,0,0.2979924396067304,0.3920953152720301,0.0
64.96000000000001,0.04,829.6314115899618,484.9038091725406,0,-289.60375381214305,-10.0,7.077320440660138,0.0,-52.74333599290419,0.0,1,17.766778861419084,11.347227868165533,0,0.28309281762642513,0.37249054950842897,0.0
65.0,0.04,841.5445470854957,493.13728601584756,0,-289.33481563539794,-10.0,6.723454418627131,0.0,-52.74333599290419,0.0,1,11.91313549553388,8.23347684330696,0,0.26893817674510956,0.35386602203300743,0.0
65.04,0.04,841.189668015507,493.1678460989108,0,-289.07932436749013,-10.0,6.387281697695774,0.0,-52.74333599290419,0.0,1,-0.35487906998866947,0.030560083063221555,0,0.2554912679078143,0.33617272093135675,0.0
65.08,0.04,810.3798208393373,459.5889854742095,0,-288.8366076629777,-10.0,6.067917612810985,0.0,-52.74333599290419,0.0,1,-30.809847176169683,-33.57886062470129,0,0.2427167045124179,0.3193640848847892,0.0
65.12,0.04,830.7773823619203,510.85313366057306,0,-288.6060267936909,-10.0,5.764521732170435,0.0,-52.74333599290419,0.0,1,20.397561522583032,51.26414818636357,0,0.23058086928682542,0.3033958806405499,0.0
65.16,0.04,799.8069686458368,454.1406290808966,0,-288.3869749678684,-10.0,5.476295645561913,0.0,-52.74333599290419,0.0,1,-30.9704137160835,-56.71250457967648,0,0.21905182582247562,0.288226086608522,0.0
65.2,0.04,854.9645590003857,449.44716132530436,0,-288.17887573333707,-10.0,5.202480863283816,0.0,-52.74333599290419,0.0,1,55.157590354548915,-4.6934677555922235,0,0.20809923453134616,0.2738147822780963,0.0
65.24,0.04,800.734478906425,448.8195964936835,0,-287.9811814605323,-10.0,4.942356820119626,0.0,-52.74333599290419,0.0,1,-54.23008009396074,-0.6275648316208731,0,0.19769427280476748,0.2601240431641907,0.0
65.28,0.04,804.050565099882,489.82406256294394,0,-287.7933719013678,-10.0,4.695238979113644,0.0,-52.74333599290419,0.0,1,3.316086193456954,41.004466069260445,0,0.18780955916452058,0.24711784100598155,0.0
65.32000000000001,0.04,823.7770768323553,469.9923697858622,0,-287.6149528201615,-10.0,4.4604770301579615,0.0,-52.74333599290419,0.0,1,19.72651173247334,-19.83169277708174,0,0.17841908120630023,0.2347619489556827,0.0
65.36,0.04,834.5162369821179,461.6734795942342,0,-287.44545469301545,-10.0,4.237453178650063,0.0,-52.74333599290419,0.0,1,10.739160149762597,-8.318890191627986,0,0.16949812714602785,0.22302385150789839,0.0
65.4,0.04,877.320859195578,458.3946838867974,0,-287.28443147222674,-10.0,4.025580519717559,0.0,-52.74333599290419,0.0,1,42.80462221346011,-3.2787957074368137,0,0.16102322078870657,0.21187265893250373,0.0
65.44,0.04,842.8977537344439,466.18658670381893,0,-287.13145941247745,-10.0,3.824301493731681,0.0,-52.74333599290419,0.0,1,-34.42310546113413,7.791902817021537,0,0.1529720597492883,0.20127902598587832,0.0
65.48,0.04,840.1535078934089,464.86602552086805,0,-286.98613595571567,-10.0,3.633086419045097,0.0,-52.74333599290419,0.0,1,-2.7442458410349673,-1.3205611829508825,0,0.14532345676178693,0.19121507468658416,0.0
65.52,0.04,865.0822259092787,475.7380935315599,0,-286.84807867179194,-10.0,3.451432098092842,0.0,-52.74333599290419,0.0,1,24.928718015869777,10.872068010691862,0,0.13805728392372885,0.18165432095225498,0.0
65.56,0.04,876.664708471862,478.72110780359645,0,-286.7169242520644,-10.0,3.2788604931881995,0.0,-52.74333599290419,0.0,1,11.582482562583323,2.9830142720365416,0,0.1311544197275225,0.1725716049046424,0.0
65.6,0.04,852.2940017128813,441.75032837112946,0,-286.5923275533233,-10.0,3.1149174685287893,0.0,-52.74333599290419,0.0,1,-24.37070675898076,-36.970779432467,0,0.12459669874112933,0.16394302465941024,0.0
65.64,0.04,824.9648036134513,456.6864119248415,0,-286.4739606895192,-10.0,2.9591715951023496,0.0,-52.74333599290419,0.0,1,-27.32919809942996,14.936083553712024,0,0.11836686380411265,0.15574587342643964,0.0
65.68,0.04,822.9518212665283,450.99457012589687,0,-286.3615121689053,-10.0,2.811213015347232,0.0,-52.74333599290419,0.0,1,-2.0129823469229677,-5.691841798944608,0,0.11244852061389565,0.14795857975511773,0.0
65.72,0.04,816.6486706285426,442.9698718766869,0,-286.2546860743221,-10.0,2.6706523645798703,0.0,-52.74333599290419,0.0,1,-6.303150637985709,-8.024698249209962,0,0.10682609458319803,0.14056065076736157,0.0
65.76,0.04,837.0242604126615,454.22783617737997,0,-286.153201284468,-10.0,2.537119746350877,0.0,-52.74333599290419,0.0,1,20.375589784118915,11.257964300693061,0,0.10148478985405518,0.13353261822899354,0.0
65.8,0.04,825.8056140811303,452.1488188165056,0,-286.0567907341067,-10.0,2.4102637590333327,0.0,-52.74333599290419,0.0,1,-11.218646331531204,-2.0790173608743885,0,0.09641055036132684,0.1268559873175441,0.0
65.84,0.04,826.8124175000147,473.44665133212334,0,-285.96520071126344,-10.0,2.289750571081666,0.0,-52.74333599290419,0.0,1,1.006803418884374,21.297832515617756,0,0.09159002284326334,0.12051318795166654,0.0
65.88,0.04,831.3899078747027,440.1710325141582,0,-285.8781901895623,-10.0,2.1752630425275825,0.0,-52.74333599290419,0.0,1,4.5774903746879545,-33.27561881796515,0,0.08701052170113144,0.11448752855408362,0.0
65.92,0.04,878.7707289707217,484.61989054655214,0,-285.79553019394626,-10.0,2.0664998904012033,0.0,-52.74333599290419,0.0,1,47.380821096019076,44.44885803239396,0,0.08265999561604076,0.10876315212637921,0.0
65.96000000000001,0.04,839.7965020252649,475.63980729599405,0,-285.717003198111,-10.0,1.963174895881143,0.0,-52.74333599290419,0.0,1,-38.97422694545685,-8.980083250558096,0,0.07852699583526146,0.10332499452006028,0.0
66.0,0.04,856.4429968709128,442.8992349173383,0,-285.6424025520675,-10.0,1.8650161510870857,0.0,-52.74333599290419,0.0,1,16.646494845647908,-32.74057237865577,0,0.07460064604350691,0.09815874479405728,0.0
66.04,0.04,833.1751623272967,454.9981142012614,0,-285.5715319383262,-10.0,1.7717653435327314,0.0,-52.74333599290419,0.0,1,-23.267834543616118,12.098879283923111,0,0.07087061374130599,0.09325080755435433,0.0
66.08,0.04,872.3929305649281,452.8648068637329,0,-285.50420485527195,-10.0,1.6831770763560947,0.0,-52.74333599290419,0.0,1,39.21776823763139,-2.1333073375284926,0,0.06732708305423785,0.0885882671766367,0.0
66.12,0.04,866.7573656890388,419.9020981340326,0,-285.44024412637043,-10.0,1.5990182225382898,0.0,-52.74333599290419,0.0,1,-5.6355648758892585,-32.962708729700296,0,0.06396072890152027,0.08415885381780486,0.0
66.16,0.04,836.2461088960725,440.2430849105139,0,-285.37948143391395,-10.0,1.5190673114113753,0.0,-52.74333599290419,0.0,1,-30.511256792966265,20.340986776481316,0,0.06076269245647836,0.07995091112691455,0.0
66.2,0.04,819.4300709331949,434.0811546047824,0,-285.3217568760803,-10.0,1.4431139458408064,0.0,-52.74333599290419,0.0,1,-16.816037962877658,-6.1619303057315165,0,0.05772455783363739,0.07595336557056886,0.0
66.24,0.04,815.2348680505706,441.91965641368046,0,-285.26691854613836,-10.0,1.3709582485487661,0.0,-52.74333599290419,0.0,1,-4.195202882624244,7.838501808898059,0,0.054838329941958364,0.0721556972920403,0.0
66.28,0.04,862.3100377678363,416.69378751991616,0,-285.2148221326935,-10.0,1.3024103361213277,0.0,-52.74333599290419,0.0,1,47.07516971726568,-25.2258688937643,0,0.052096413444871814,0.0685479124274384,0.0
66.32000000000001,0.04,822.2253839011231,412.3095774339987,0,-285.1653305399209,-10.0,1.2372898193152613,0.0,-52.74333599290419,0.0,1,-40.08465386671321,-4.384210085917459,0,0.04949159277259696,0.06512051680606645,0.0
66.36,0.04,844.1715083501341,454.96481012601686,0,-285.1183135267869,-10.0,1.1754253283494982,0.0,-52.74333599290419,0.0,1,21.946124449010995,42.65523269201816,0,0.04701701313399553,0.061864490965763075,0.0
66.4,0.04,817.6913914883401,404.33200817832505,0,-285.07364736430964,-10.0,1.1166540619320233,0.0,-52.74333599290419,0.0,1,-26.480116861794045,-50.6328019476918,0,0.044666162477255966,0.05877126641747488,0.0
66.44,0.04,832.7097765824067,443.0304118061084,0,-285.0312145099562,-10.0,1.060821358835422,0.0,-52.74333599290419,0.0,1,15.018385094066616,38.698403627783364,0,0.04243285435342159,0.055832703096601266,0.0
66.48,0.04,832.2317972102629,428.4236566837601,0,-284.99090329832046,-10.0,1.0077802908936508,0.0,-52.74333599290419,0.0,1,-0.47797937214374997,-14.606755122348318,0,0.04031121163575335,0.053041067941771214,0.0
66.52,0.04,847.8076968089828,423.55622102571726,0,-284.9526076472665,-10.0,0.9573912763489683,0.0,-52.74333599290419,0.0,1,15.575899598719843,-4.867435658042837,0,0.03829565105394295,0.05038901454468259,0.0
66.56,0.04,833.8192177260164,415.6339060575461,0,-284.91622677876524,-10.0,0.9095217125315198,0.0,-52.74333599290419,0.0,1,-13.988479082966364,-7.922314968171179,0,0.03638086850128275,0.047869563817448446,0.0
66.6,0.04,802.0204488968168,445.83671328966807,1,-284.8474418204846,-10.0,1.7196239570156049,0.0,-50.36448379582087,59.471304927083146,1,-31.798768829199616,30.202807232121984,1,0.06878495828061659,0.8101022444840851,2.378852197083326
66.64,0.04,802.639853769287,405.24560778365054,1,-284.74612889145016,-10.0,2.532823225862037,0.0,-46.98047054946085,84.60033115900049,1,0.619404872470227,-40.59110550601753,0,0.10131292903446365,0.8131992688464322,3.38401324636002
66.68,0.04,834.4523343266471,436.2997694399794,1,-284.60592549555037,-10.0,3.5050848974952853,0.0,-44.57464112463502,60.145735620645624,1,31.812480557360118,31.05416165632886,0,0.14020339589978903,0.9722616716332482,2.405829424825825
66.72,0.04,803.2949961101315,434.6468219783377,1,-284.4330631004285,-10.0,4.321559878045937,0.0,-42.825011132653096,43.74074979954816,1,-31.157338216515654,-1.652947461641702,0,0.17286239512185375,0.8164749805506517,1.7496299919819265
66.76,0.04,816.2379425771243,411.38190173501687,1,-284.22495311679126,-10.0,5.202749590931566,0.0,-40.3718239624404,61.32967925531734,1,12.942946466992794,-23.26492024332083,0,0.2081099836372573,0.8811897128856288,2.4531871702126935
66.8,0.04,831.3149551168436,411.14793704353787,0,-284.02724863233584,-10.0,4.942612111384987,0.0,-40.3718239624404,0.0,1,15.077012539719362,-0.23396469147900234,1,0.19770448445541433,0.26013747954657873,0.0
66.84,0.04,829.6532885710695,412.66559496862993,0,-283.8394293721032,-10.0,4.695481505815738,0.0,-40.3718239624404,0.0,1,-1.6616665457740964,1.5176579250920668,0,0.1878192602326294,0.24713060556924926,0.0
66.88,0.04,825.743230879781,392.5471828821764,0,-283.6610010748822,-10.0,4.460707430524951,0.0,-40.3718239624404,0.0,1,-3.910057691288557,-20.11841208645353,0,0.1784282972209894,0.23477407529078675,0.0
66.92,0.04,862.3421612500575,393.7926374779871,0,-283.4914941925223,-10.0,4.237672058998704,0.0,-40.3718239624404,0.0,1,36.59893037027655,1.2454545958107133,0,0.16950688235993994,0.22303537152624742,0.0
66.96000000000001,0.04,781.5480016315777,397.0957466232915,0,-283.3304626542803,-10.0,4.025788456048768,0.0,-40.3718239624404,0.0,1,-80.79415961847985,3.303109145304404,0,0.16103153824195715,0.21188360294993558,0.0
67.0,0.04,826.2615267571614,408.8251398695159,0,-283.1774826929505,-10.0,3.8244990332463296,0.0,-40.3718239624404,0.0,1,44.713525125583715,11.72939324622439,0,0.1529799613298337,0.20128942280243844,0.0
67.04,0.04,794.2606500766817,410.66373188101585,0,-283.03215172968714,-10.0,3.633274081584013,0.0,-40.3718239624404,0.0,1,-32.00087668047968,1.8385920114999408,0,0.1453309632633477,0.19122495166231657,0.0
67.08,0.04,821.79240350496,385.3271880914862,0,-282.89408731458695,-10.0,3.4516103775048124,0.0,-40.3718239624404,0.0,1,27.531753428278307,-25.336543789529628,0,0.13806441510018885,0.18166370407920063,0.0
67.12,0.04,812.9663682686971,407.8058130041585,0,-282.7629261202418,-10.0,3.2790298586295714,0.0,-40.3718239624404,0.0,1,-8.826035236262896,22.478624912672274,0,0.13116119434516804,0.17258051887524095,0.0
67.16,0.04,808.4862662724767,420.31088287729483,0,-282.63832298561385,-10.0,3.1150783656980927,0.0,-40.3718239624404,0.0,1,-4.480101996220469,12.505069873136335,0,0.12460313462793238,0.1639514929314787,0.0
67.2,0.04,797.2283906293802,382.6892745323358,0,-282.51995000771734,-10.0,2.959324447413188,0.0,-40.3718239624404,0.0,1,-11.25787564309644,-37.62160834495904,0,0.11837297789651302,0.1557539182849048,0.0
67.24,0.04,801.5989835678171,378.6754157141688,0,-282.40749567871563,-10.0,2.8113582250425284,0.0,-40.3718239624404,0.0,1,4.370592938436857,-4.013858818166966,0,0.11245432900170726,0.14796622237065948,0.0
67.28,0.04,811.5240903841324,395.83909560572044,0,-282.300664066164,-10.0,2.670790313790402,0.0,-40.3718239624404,0.0,1,9.925106816315292,17.163679891551624,0,0.10683161255161622,0.14056791125212653,0.0
67.32000000000001,0.04,800.9779038504569,399.75632137521194,0,-282.19917403424,-10.0,2.5372507981008816,0.0,-40.3718239624404,0.0,1,-10.546186533675495,3.9172257694914947,0,0.10149003192401551,0.13353951568952027,0.0
67.36,0.04,774.7992040244104,371.97739250700073,1,-282.07072416151107,-10.0,3.2112468182229286,0.0,-36.89555720176225,86.90666901695376,1,-26.178699826046454,-27.77892886821121,1,0.12844987272893604,0.673996020122047,3.4762667606781505
67.4,0.04,781.173430196833,406.34301865416444,1,-281.9140396027428,-10.0,3.9171139692071044,0.0,-35.232680521941795,41.571916995511415,1,6.3742261724225955,34.36562614716371,0,0.15668455876829057,0.7058671509841759,1.6628766798204566
67.44,0.04,794.3421203420125,381.80847154850176,1,-281.7264866199061,-10.0,4.688824570917159,0.0,-32.6231605604971,65.23799903611742,1,13.16869014517954,-24.534547105662682,0,0.18755298283667798,0.7717106017100548,2.609519961444697
67.48,0.04,771.885624557286,402.85282734387874,1,-281.51255651215797,-10.0,5.348252693703596,0.0,-31.48064468615685,28.562896858506193,1,-22.4564957847266,21.044355795376987,0,0.21393010774812637,0.6594281227864371,1.1425158743402477
67.52,0.04,808.3384480615869,376.47450698707274,1,-281.2649587147975,-10.0,6.189944934011532,0.0,-28.987141013175155,62.33759182454239,1,36.45282350430091,-26.378320356806,0,0.24759779736046994,0.8416922403079354,2.4935036729816957
67.56,0.04,793.6929080733239,364.5734462290793,1,-280.9866223358224,-10.0,6.95840947437814,0.0,-26.296535478296924,67.26513837195576,1,-14.645539988262954,-11.901060757993434,0,0.2783363789750979,0.7684645403666082,2.6906055348782303
67.6,0.04,760.4277572537328,367.3888951580455,1,-280.68420040539655,-10.0,7.560548260646794,0.0,-24.13525960899678,54.03189673250361,1,-33.2651508195911,2.815448928966191,0,0.30242193042585086,0.6021387862686538,2.1612758693001446
67.64,0.04,803.4661779472232,379.5329042634915,1,-280.3490852393812,-10.0,8.37787915038292,0.0,-22.576522170027236,38.9684359742386,1,43.038420693490366,12.144009105446003,0,0.33511516601532776,0.8173308897361267,1.558737438969544
67.68,0.04,759.8511683470673,395.3693021817902,1,-279.9899998396965,-10.0,8.977134992118248,0.0,-22.60368682965787,-0.6791164907658853,1,-43.61500960015587,15.836397918298701,0,0.35908539968471587,0.599255841735328,-0.027164659630635413
67.72,0.04,770.0081127724029,361.9215972743273,1,-279.6049128174573,-10.0,9.627175555980255,0.0,-20.46362846443503,53.50145913057105,1,10.15694442533561,-33.44770490746288,0,0.38508702223919045,0.6500405638620066,2.140058365222842
67.76,0.04,746.8237397228996,402.8683323893952,1,-279.19846104727355,-10.0,10.161294254594747,0.0,-21.71065171061916,-31.175581154603282,1,-23.18437304950328,40.946735115067895,0,0.40645177018376444,0.5341186986144919,-1.2470232461841313
67.8,0.04,770.6434460956102,378.99775358344573,1,-278.76588058787064,-10.0,10.814511485072796,0.0,-20.766121978782046,23.613243295927866,1,23.819706372710584,-23.870578805949492,0,0.4325804594029137,0.6532172304780488,0.9445297318371146
67.84,0.04,745.31411062937,366.0930853722256,1,-278.31223730634184,-10.0,11.34108203821965,0.0,-19.26985113499955,37.40677109456243,1,-25.329335466240195,-12.904668211220155,0,0.45364328152879807,0.5265705531468541,1.4962708437824972
67.88,0.04,764.7043582190514,380.0962373409523,1,-277.8336531531692,-10.0,11.964603829314921,0.0,-18.808406282345725,11.536121316345582,1,19.390247589681394,14.00315196872674,0,0.47858415317261915,0.6235217910952713,0.4614448526538233
67.92,0.04,776.6586965044985,361.04433551489257,1,-277.3277372606957,-10.0,12.647897311837408,0.0,-16.99708475722677,45.283038127973896,1,11.95433828544708,-19.051901826059748,0,0.5059158924735243,0.6832934825224868,1.8113215251189558
67.96000000000001,0.04,725.7105133137508,382.28029973986,1,-276.80467926555946,-10.0,13.076449878406162,0.0,-18.667628548977458,-41.76359479376721,1,-50.94818319074773,21.23596422496746,0,0.5230579951362415,0.4285525665687544,-1.6705437917506885
68.0,0.04,776.165142441773,347.2460707529545,1,-276.25438824193486,-9.99744921415059,13.757275590615034,0.06376964623522774,-15.925119337447025,68.56273028826081,1,50.45462912802225,-35.03422898690553,0,0.5502969354723452,0.6838056874475992,2.7425092115304324
68.04,0.04,790.7364404516463,342.71880237036544,1,-275.6739499302199,-9.991442188775254,14.510957792873267,0.15017563438340087,-13.312459977161902,65.31648400712808,0,14.571298009873317,-4.527268382589057,0,0.5804693945940242,0.758619045891073,2.6126593602851234
68.08,0.04,742.8900383730261,335.6270502777448,1,-275.0729336108304,-9.980560573455467,15.025407984738404,0.27204038299467737,-9.125779195153612,104.66701955020724,0,-47.84640207862026,-7.091752092620652,0,0.6011148190857732,0.5286870689398088,4.18668078200829
68.12,0.04,728.8560910486024,350.0558329333989,1,-274.45414607323113,-9.96769012472236,15.469688439981422,0.32176121832768256,-6.434039478281122,67.29349292181226,0,-14.033947324423707,14.428782655654118,0,0.618921372339597,0.4470540061079363,2.6917397168724904
68.16,0.04,740.1717282803294,358.4135225837963,1,-273.8153241899758,-9.954502380506012,15.970547081383057,0.32969360540870074,-5.748369980782975,17.141737437453664,0,11.31563723172701,8.35768965039739,0,0.6389579916734784,0.5009214523570483,0.6856694974981465
68.2,0.04,776.9158330971014,346.7662579477929,1,-273.14911914010105,-9.938667887879223,16.65512624686856,0.39586231566973584,-4.232503533976095,37.89666117017201,0,36.74410481677205,-11.6472646360034,0,0.6663932019726513,0.6877695340987671,1.5158664468068803
68.24,0.04,722.3228808697763,367.44946657142884,1,-272.46644951405233,-9.92432328856672,17.06674065121744,0.3586149828125915,-7.0387125650472155,-70.15522577677801,0,-54.5929522273251,20.68320862363595,0,0.6828203174034417,0.4132962396059944,-2.8062090310711207
68.28,0.04,735.8115964991373,351.76325918848636,1,-271.7646175687038,-9.908331341091914,17.545798633713115,0.3997986868701595,-4.882831784340686,53.89701951766323,0,13.488715629360968,-15.686207382942484,0,0.7020141180174082,0.4808249661495625,2.1558807807065294
68.32000000000001,0.04,722.7236167629381,337.2206423088539,1,-271.04624090000266,-9.887783522078879,17.959416717527812,0.51369547532589,1.8343019277525068,167.9283428023298,0,-13.087979736199145,-14.542616879632476,0,0.7186704745572337,0.42901328380257775,6.717133712093193
68.36,0.04,751.5248015493223,341.7105521795374,1,-270.3055592709917,-9.86357781350175,18.517040725274438,0.6051427144282027,3.946914441855649,52.81531285257856,0,28.80118478638417,4.489909870683505,0,0.7410770485462743,0.5650726781174648,2.112612514103142
68.4,0.04,698.2050120175526,358.92410454271953,1,-269.5532366395772,-9.839156925833166,18.808065785362214,0.6105221917146046,-13.989043062551568,-448.3989376101804,0,-53.31978953176974,17.213552363182146,0,0.7527188861008587,0.29107477454250225,-17.935957504407217
68.44,0.04,736.3611566383197,344.3032030236112,1,-268.78164177683504,-9.811596678769304,19.289871568553803,0.689006176596549,-9.192378440328305,119.91661555558157,0,38.15614462076712,-14.620901519108315,0,0.7720869118359277,0.4881562747725467,4.796664622223263
68.48,0.04,701.7499093801091,326.6785917374515,1,-267.99769693221685,-9.777372150052932,19.598621115454346,0.8556132179092915,3.63730269217443,320.7420283125684,0,-34.6112472582106,-17.624611286159734,0,0.7846915558162306,0.3508335629985772,12.829681132502735
68.52,0.04,706.4838527885742,312.1766253416203,1,-267.20045531704096,-9.733582946404884,19.931040379397228,1.09473009120119,13.968506200263164,258.28008770221834,0,4.733943408465052,-14.501966395831175,0,0.7984432899864558,0.40948680825299,10.331203508088734
68.56,0.04,689.0768448123514,354.2536981465716,1,-266.3933983329026,-9.68864448238615,20.17642460345898,1.1234616004683318,30.344891310571423,409.40962775770646,0,-17.407007976222758,42.077072804951285,0,0.8083071453320443,0.24706055339360813,16.37638511030826
68.60000000000001,0.04,695.776178939678,329.927844827283,1,-265.5751861129763,-9.637691587332874,20.455305498157383,1.2738223763319168,40.93033716076098,264.63614625473883,0,6.699334127326551,-24.32585331928857,0,0.8197971909875185,0.3168326314413987,10.585445850189554
68.64,0.04,689.5146939931849,352.14049716709525,1,-264.7470709542514,-9.585166791713016,20.702878968123297,1.3131198904964405,54.38961111976234,336.4818489750341,0,-6.261484946493056,22.212652339812223,0,0.8297792298346102,0.25067292963236854,13.459273959001365
68.68,0.04,670.350227585726,350.1998824651377,1,-263.9128857500093,-9.530681972586185,20.85463010605194,1.3621204781707519,66.48186960409049,302.30646210820373,0,-19.164466407458917,-1.9406147019575428,0,0.8359626489812211,0.15946618906547413,12.092258484328148
68.72,0.04,647.991565856222,352.4659629392403,1,-263.07710223259596,-9.474690346047204,20.89458793533306,1.3997906634745503,77.68704863677229,280.1294758170449,0,-22.35866172950398,2.26608047410258,0,0.8376569406519039,0.054915125254175176,11.205179032681798
68.76,0.04,650.3828703586152,324.81240328960587,1,-262.23924214111094,-9.411661200166144,20.946502287126133,1.575728647026521,85.77034302943099,202.08235981646752,0,2.3913045023931545,-27.653559649634417,0,0.8402274728511282,0.18343738435343127,8.0832943926587
68.8,0.04,658.7169887588374,319.8606645311937,1,-261.3976386518741,-9.340604187191321,21.040087230920317,1.7764253243705523,92.51499598587722,168.61632391115577,0,8.334118400222223,-4.951738758412148,0,0.8445978523466147,0.2214436677845966,6.744652956446231
68.84,0.04,633.5485655462606,304.8406529858288,1,-260.55732544952804,-9.258515304813665,21.00783005865163,2.0522220594414087,98.52106853855396,150.15181381691852,0,-25.168423212576727,-15.020011545364923,0,0.8443132491244674,0.27767672613763617,6.006072552676741
68.88,0.04,653.3200282609637,339.3295219536784,1,-259.71434824152976,-9.172292326826744,21.074430199956463,2.1555744496730167,105.70557158134505,179.6125760697773,0,19.771462714703034,34.48886896784961,0,0.8473753448959312,0.12295241107196793,7.184503042791093
68.92,0.04,689.0108324076652,333.73823132733537,1,-258.86156886705,-9.080816995105291,21.31948436199478,2.2868832930363396,110.60877927030032,122.58019222388157,0,35.690804146701566,-5.591290626343039,0,0.8576714976327915,0.27801718414104254,4.903207688955263
68.96000000000001,0.04,650.4402508526714,323.3785670259064,1,-258.0067014423997,-8.982017376789019,21.371685616258144,2.4699904579068077,115.58663999570449,124.44651813510426,0,-38.57058155499385,-10.35966430142895,0,0.8605577716270371,0.19040274360830353,4.97786072540417
69.0,0.04,657.3972384005112,308.06463593276936,1,-257.1483545700693,-8.8728306856593,21.458671808260714,2.729667278242961,118.93441898667902,83.69447477436331,0,6.956987547839844,-15.313931093137057,0,0.8652635938020494,0.27385881146861585,3.3477789909745326
69.04,0.04,651.2197323351276,290.93605383442264,1,-256.2877637512718,-8.749831205296466,21.514770469936348,3.074987009070848,121.32302549104402,59.71516260912502,0,-6.177506065383682,-17.128582098346726,0,0.8693362005392326,0.34984678981068495,2.3886065043650007
69.08,0.04,615.5589936593337,319.7649454969439,1,-255.4320611337425,-8.618784714033021,21.392565438233003,3.276162281586129,125.80536799865632,112.05856269030754,0,-35.66073867579382,28.828891662521244,0,0.8656790124052827,0.23538385680673385,4.482342507612302
69.12,0.04,628.7117933406602,308.0727362002081,1,-254.57861615754504,-8.477352770009617,21.33612440493631,3.535798600585088,129.08924628466315,82.09695715017062,0,13.152799681326428,-11.692209296735768,0,0.8650845751641466,0.2657002227754574,3.283878286006825
69.16,0.04,628.054179292499,314.0613646968477,1,-253.72756034548908,-8.326733098925583,21.276395301398804,3.7654917771008494,132.41548739651134,83.15602779620477,0,-0.6576140481611219,5.988628496639592,0,0.8642813665419922,0.23733209042878048,3.3262411118481907
69.2,0.04,619.4896963485656,319.18073091847566,1,-252.88060659416342,-8.167949574025245,21.17384378314163,3.9695881225084713,135.84025919388424,85.61929493432245,0,-8.564482943933399,5.119366221627956,0,0.8617092692227344,0.22841219780387925,3.424771797372898
69.24,0.04,628.0144094777467,298.45118391735724,1,-252.03604996094222,-7.996856285908378,21.11391583053037,4.277332202921685,137.7822397383152,48.5495136107744,0,8.52471312918101,-20.72954700111842,0,0.8617127247270833,0.313524765423008,1.941980544430976
69.28,0.04,606.4061593066895,310.39315052260815,1,-251.19821209585967,-7.815841627896032,20.945946627063815,4.525366450308645,140.50155018423698,67.98276114804409,0,-21.608250171057193,11.941966605250911,0,0.8571689416803486,0.2995574088384467,2.7193104459217636
69.32000000000001,0.04,616.4004229123924,306.74041520605863,1,-250.36509414619465,-7.6241750529248975,20.82794874162577,4.791664374278351,142.6827008912245,54.52876767468808,0,9.99426360570294,-3.652735316549524,0,0.8548810408561055,0.29126978092212963,2.1811507069875233
69.36,0.04,657.7994833000203,301.00159966161795,1,-249.5284162998696,-7.420708797886087,20.916946158125878,5.086656375970262,143.37397318899843,17.281807444348374,0,41.399060387627856,-5.738815544440683,0,0.861062329608394,0.30812468451244446,0.691272297773935
69.4,0.04,643.7144368730566,297.7865146510763,1,-248.69099556616996,-7.204799845777492,20.93551834249116,5.39772380271488,144.3453089391611,24.28339375406665,0,-14.085046426963686,-3.2150850105416566,0,0.8648064296885651,0.3116213567995891,0.971335750162666
69.44,0.04,638.1894864269071,265.73797335144224,1,-247.85393693518492,-6.970038488339185,20.926465774625694,5.869033935957669,143.94916380531845,-9.903628346066284,0,-5.5249504461494325,-32.04854129963405,0,0.869356110378726,0.47139706265768533,-0.3961451338426514
69.48,0.04,590.3909554740374,302.1104891874497,1,-247.02680011310508,-6.723699228738368,20.67842055199588,6.158481490020421,146.14349747441386,54.85834172738535,0,-47.79853095286978,36.37251583600744,0,0.8630401805599841,0.3811906596735853,2.194333669095414
69.52,0.04,634.3527105034359,269.21871882899757,1,-246.20079274892456,-6.45920371290335,20.650184104513055,6.6123878958754325,145.91998867299517,-5.587720035467214,0,43.961755029398546,-32.891770358452106,0,0.8673211882441779,0.4547838192401583,-0.22350880141868856
69.56,0.04,574.6134374929437,306.7949208316664,1,-245.38786269724545,-6.184067181234666,20.32325129197778,6.8784132917171,148.33451243862012,60.36309414062373,0,-59.739273010492184,37.57620200266882,0,0.8582280466062983,0.4214908956845234,2.414523765624949
69.60000000000001,0.04,590.4497225093136,313.45544055094695,1,-244.58484270106447,-5.8996217376761715,20.075499904524346,7.111136088962366,150.70753235910803,59.32549801219764,0,15.836285016369857,6.660519719280558,0,0.8519098101487549,0.33991270988705663,2.3730199204879057
69.64,0.04,606.5008843680889,303.9899068045726,1,-243.78852252800988,-5.603974275478591,19.908004326364786,7.391186554939503,152.32106767908368,40.33838299939134,0,16.051161858775345,-9.46553374637432,0,0.8494311272360884,0.3263173795509777,1.6135353199756537
69.68,0.04,538.4577713402962,288.0668686147392,1,-243.01251080068724,-5.293940187003959,19.400293183066264,7.750852211865807,153.8019878384193,37.02300398339062,0,-68.04311302779274,-15.923038189833449,0,0.8356526413280598,0.6221977095760818,1.480920159335625
69.72,0.04,597.6195077722754,265.3338968271788,1,-242.24497517181013,-4.964972877894763,19.188390721927643,8.224182727729913,153.68117711678866,-3.020268040766183,0,59.16173643197919,-22.73297178756036,0,0.8350631305825509,0.5185985251471367,-0.12081072163064732
69.76,0.04,583.6244935540436,269.3763588942973,1,-241.4887146442222,-4.617880840564426,18.906513189697858,8.677300933258426,154.01736020565085,8.404577221554632,0,-13.995014218231745,4.0424620671184925,0,0.8321074858248139,0.5336394394695108,0.3361830888621853
69.8,0.04,577.5143641115095,274.1871878194013,1,-240.74495124381198,-4.253626240797969,18.59408501025541,9.106364994161419,154.631400100547,15.350997372404152,0,-6.110129442534117,4.810828925103976,0,0.8281699156820355,0.5307610909517488,0.6140398948961661
69.84,0.04,568.6620722783327,303.8956084624739,1,-240.0154554289461,-3.878150762724007,18.23739537164708,9.38688695184905,156.43540095996968,45.1000214855668,0,-8.852291833176764,29.7084206430726,0,0.8204547388745534,0.4537841634912373,1.804000859422672
69.88,0.04,592.0516771707366,289.392652416449,1,-239.29554927864606,-3.4885538151333346,17.997653757500768,9.739923689766805,157.31371778652013,21.957920663761143,0,23.389604892403895,-14.502956046024906,0,0.8185662140668791,0.4267446307489858,0.8783168265504457
69.92,0.04,585.3819681553362,286.1300046937366,1,-238.58656673471498,-3.0841828684814097,17.724563598277452,10.109273666298122,158.09082852425934,19.427768443480176,0,-6.669709015400485,-3.2626477227123587,0,0.8161936719279119,0.4593447944935271,0.777110737739207
69.96000000000001,0.04,582.0327079634545,271.98933636719187,1,-237.8891776491912,-2.6622097891029233,17.434727138094726,10.549326984462162,158.30825027285505,5.435543714892788,0,-3.3492601918816263,-14.140668326544755,0,0.8151152165969289,0.5269270314554332,0.2174217485957115
70.0,0.04,553.2980882884688,247.4789095979809,1,-237.2091289460097,-2.217732491644033,17.001217579537066,11.111932436472257,158.10240205658488,-5.146205406754234,0,-28.734619674985765,-24.510426769210966,0,0.8124200309293076,0.710250260114236,-0.20584821627016936
70.04,0.04,526.2952436028197,230.95013751449787,1,-236.55182119410767,-1.747445221688042,16.432693797551163,11.757181748899768,157.8356173501162,-6.669617661717098,0,-27.002844685649052,-16.528772083483034,0,0.8082224922588896,0.8599802124884792,-0.2667847064686839
70.08,0.04,580.4231698315755,275.119522895589,1,-235.90642880823933,-1.260181856311169,16.13480964670904,12.181584134421824,158.4280085056984,14.809778889554792,0,54.12792622875577,44.16938538109113,0,0.8086760284410778,0.5185097416247298,0.5923911555821917
70.12,0.04,556.0991384011375,276.22433338493,1,-235.27781659469073,-0.7561633576112822,15.715305338714725,12.600462467497174,159.30408324457412,21.901868471893238,0,-24.324031430438026,1.1048104893409914,0,0.8057220128891535,0.5928262159737656,0.8760747388757295
70.16,0.04,545.0281326180042,237.31340351971107,1,-234.66819875461854,-0.22760753961533742,15.240446001804752,13.213895449898619,158.96127125479825,-8.570299744396692,0,-11.071005783133273,-38.91092986521892,0,0.8068489100641111,0.7757521600024779,-0.3428119897758677
70.2,0.04,536.1124868915537,264.6881473178323,1,-234.07935841716804,0.3200106489170409,14.721008436262519,13.690454713309457,159.66625340708524,17.624553807174692,0,-8.91564572645052,27.374743798121244,0,0.8041259997166547,0.7049284474605366,0.7049821522869877
70.24,0.04,537.4846257052474,275.6301687025371,1,-233.5110211545765,0.8845028037089118,14.20843156478875,14.11230386979677,160.70579912423594,25.988642928767547,0,1.3721388136937094,10.942021384704788,0,0.8010359772642024,0.663846187003356,1.0395457171507019
70.28,0.04,539.2180090918213,296.726224274345,1,-232.96284029016658,1.4616497136459135,13.704521610247863,14.428672748425045,162.4306070510237,43.12019816969439,0,1.7333833865739052,21.09605557180788,0,0.7959904621005397,0.5949911845144525,1.7248079267877756
70.32000000000001,0.04,517.0799813799201,277.04487596372053,1,-232.43924342948068,2.0553876483901714,13.08992151714747,14.843448368606442,163.42131587307824,24.767720551363226,0,-22.138027711901145,-19.681348310624458,0,0.7916302215520232,0.7414661755844789,0.990708822054529
70.36,0.04,473.4266478805837,265.02700166755085,1,-231.94896123921868,2.668120182800919,12.257054756550385,15.318313360268688,164.1908070908612,19.237280444573912,0,-43.65333349933644,-12.01787429616968,0,0.7847405844057826,0.9587303068193197,0.7694912177829565
70.4,0.04,497.1706726473735,243.40387522616376,1,-231.48724491442718,3.3041719421664335,11.542908119787253,15.901293984137869,164.20551502998606,0.36769847812152534,0,23.744024766789835,-21.623126441387086,0,0.785966796481208,0.9218849313265691,0.014707939124861014
70.44,0.04,523.1089884044649,265.65600577897504,1,-231.0489067919548,3.959092500376153,10.958453061809575,16.373013955242993,164.76727799218946,14.044074055085076,0,25.938315757091345,22.25213055281128,0,0.7880743919062059,0.7510708661205743,0.561762962203403
70.48,0.04,482.493661831708,286.35726037951815,1,-230.64206993711608,4.628741606509969,10.170921370968113,16.7412276533454,166.09757038590828,33.25730984297053,0,-40.615326572756885,20.70125460054311,0,0.7835471599086354,0.8693603922136455,1.3302923937188211
70.52,0.04,502.8280970657757,269.33737550181695,1,-230.2626674628642,5.3165232375434215,9.48506185629699,17.194540775836316,166.77545853455587,16.947203716189563,0,20.334435234067712,-17.0198848777012,0,0.785486988724506,0.8221289806881709,0.6778881486475825
70.56,0.04,509.9688142907746,282.4620966077625,1,-229.90927122575414,6.019812449255322,8.834905927750864,17.582230292797504,167.84830217585113,26.821091032381617,0,7.140717224998923,13.124721105945525,0,0.7870861552040455,0.7569715271958888,1.0728436412952647
70.60000000000001,0.04,463.5442760597323,244.46968402107572,1,-229.59116613343215,6.746207724163007,7.952627308049525,18.159881872692125,167.89978007609452,1.2869475060846014,0,-46.424538231042334,-37.992412586686754,0,0.7929949212759124,1.0545600554434302,0.051477900243384056
70.64,0.04,488.6458430691134,253.04681589795695,1,-229.30333187249636,7.4939936358911,7.19585652339509,18.69464779320234,168.09711397846777,4.93334755933148,0,25.101567009381142,8.577131876881225,0,0.8012692004235977,0.9266480509047791,0.1973339023732592
70.68,0.04,484.0001651967734,292.1203129520509,1,-229.0466975785212,8.255355485028783,6.415857349378964,19.034046228442083,133.54762974250878,-863.737105898975,0,-4.645677872340002,39.073497054093934,0,0.8034506992756211,0.8506409402968008,-34.549484235959
70.72,0.04,499.39554750728803,260.14217714195956,1,-228.81818417504456,9.036688898738074,5.712835086915401,19.533335342732286,137.43580045766035,97.20426787878935,0,15.395382310514606,-31.978135810091317,0,0.8140640508873274,0.8622818107603116,3.888170715151574
70.76,0.04,501.57271197868994,231.5407885985492,1,-228.6173562291722,9.843714154727655,5.0206986468088495,20.17563139973954,140.01554459525872,64.4936034399592,0,2.177164471401909,-28.601388543410366,0,0.8316379185970064,0.9442441827040482,2.579744137598368
70.8,0.04,494.30486609509785,213.64375075762644,1,-228.44566731008084,10.680010660565712,4.292222977284336,20.907412645951407,141.90758585496383,47.30103149262774,0,-7.267845883592088,-17.897037840922764,0,0.8537382096496,1.032560212964155,1.8920412597051097
70.84,0.04,496.79704000556706,236.4383790207001,1,-228.30261898298835,11.541019490599627,3.5762081773121643,21.525220750847907,144.37899304259895,61.78517969087807,0,2.492173910469205,22.794628263073662,0,0.872810992873217,0.9457082257519991,2.4714071876351227
70.88,0.04,465.66607193916434,227.7407414647969,1,-228.19443744150803,12.428480172340583,2.7045385370079877,22.18651704352392,146.61856674071174,55.98934245281981,0,-31.130968066402716,-8.697637555903185,0,0.8940300372768136,1.0941301332725701,2.2395736981127925
70.92,0.04,513.1950598460297,259.1019248611236,1,-228.1116168880585,13.336120469109314,2.0705138362381312,22.691007419218302,149.5276884147931,72.7280418520337,0,47.52898790686538,31.36118339632671,0,0.9114110776110391,0.8102455555907504,2.909121674081348
70.96000000000001,0.04,451.8065369198868,244.16008465155824,1,-228.066435027225,14.266928748947734,1.129546520837561,23.27020699596051,151.90138093900373,59.34231310526599,0,-61.38852292614291,-14.941840209565385,0,0.9319042087919427,1.1049396537144052,2.3736925242106395
71.0,0.04,447.4696324185293,261.8160281459354,1,-228.05975923990778,15.217373823156967,0.16689468293020226,23.761126855230835,154.6181454623951,67.91911308478404,0,-4.336904501357537,17.65594349437714,0,0.9504685187973869,1.0806020864556993,2.7167645233913618
71.04,0.04,464.1201732077532,229.6453522052024,1,-228.08825941794902,16.193889826925158,-0.7125044510310268,24.412900094204822,156.08605194603584,36.69766209101866,0,16.650540789223953,-32.17067594073296,0,0.9769318122385925,1.0946009281260465,1.4679064836407463
71.08,0.04,452.71363765204904,252.16892219937705,1,-228.15421686845986,17.191972046253476,-1.6489362627707784,24.952055483207936,158.2232143690804,53.429060576114296,0,-11.406535555704181,22.523569994174636,0,1.0002592173118072,1.0805522067578652,2.137162423044572
71.12,0.04,489.322241171486,236.47156398433748,1,-228.2503098707364,18.214759952784924,-2.4023250569133445,25.56969766328625,159.5442664993608,33.02630325700946,0,36.60860351943694,-15.697358215039571,0,1.0272920552761533,0.9742055931637229,1.3210521302803784
71.16,0.04,477.2517323675719,263.6684426281716,1,-228.37895252653942,19.25681417079074,-3.21606639507549,26.05135545014539,125.89055565208227,-841.3427711819629,0,-12.070508803914095,27.19687864383411,0,1.0499647261483442,0.9456051972551577,-33.65371084727852
71.2,0.04,453.9158616443558,248.23862891641357,1,-228.54481201001357,20.32122066301327,-4.146487086853714,26.61016230556332,131.12170180616553,130.77865385208156,0,-23.33587072321609,-15.429813711758015,0,1.077251386141501,1.085333020483181,5.2311461540832624
71.24,0.04,483.16185638495244,227.81952776579,1,-228.74203912221074,21.412063249682646,-4.930677804928951,27.27106466673437,135.05339649585574,98.2923672422551,0,29.245994740596643,-20.41910115062356,0,1.1085287919928677,1.0255471775188238,3.931694689690204
71.28,0.04,483.8560716657025,235.2828352441399,1,-228.97049502007476,22.527849269303193,-5.711397446600433,27.894650490513673,138.98513870960755,98.29355534379545,0,0.6942152807500293,7.46330747834989,0,1.1389339484138317,0.9991908919271414,3.931742213751818
71.32000000000001,0.04,481.61374285033037,251.18983272799196,1,-229.2306281693687,23.66539732237814,-6.5033287323487805,28.438701326873712,107.30054713210833,-792.1147894374805,0,-2.2423288153721046,15.906997483852052,0,1.166912519607272,0.9608051175400187,-31.68459157749922
71.36,0.04,477.66620508519986,219.5223370775216,1,-229.52322807764563,24.831040908037586,-7.314997706922785,29.141089641486104,113.55176249246357,156.2803840088808,0,-3.9475377651305052,-31.667495650470357,0,1.201806837687599,1.0733852378293887,6.251215360355232
71.4,0.04,446.823256950704,226.21186587811283,1,-229.8544633345324,26.02344212052141,-8.280881422169262,29.81003031209554,119.67722428916422,153.1365449175162,0,-30.842948134495884,6.6895288005912334,0,1.2375530077284511,1.1749097719287815,6.125461796700648
71.44,0.04,425.09339383661927,256.4338853942873,1,-230.22867991265184,27.236556555926374,-9.355414452986171,30.327860885124103,90.28045998396433,-734.919107629997,0,-21.729863114084708,30.22201951617447,0,1.269521437679306,1.1927991183261581,-29.39676430519988
71.48,0.04,441.47859005929695,227.09046530137587,1,-230.64260077275944,28.476252898271063,-10.34802150268968,30.99240855861722,98.92677970559657,216.15799304080596,0,16.385196222677678,-29.34342009291143,0,1.306972646865654,1.1945260003307667,8.646319721632238
71.52,0.04,485.0259973507716,214.786222161806,1,-231.08751643339687,29.74499199618339,-11.122891515935823,31.71847744780819,106.09159732133223,179.12044039339142,0,43.547407291474656,-12.304243139569877,0,1.3444883203850566,1.0618849133870802,7.164817615735657
71.56,0.04,451.05491195784384,213.3149716016032,1,-231.57022111164272,31.043068099775397,-12.067616956146598,32.45190258980018,112.79830223824564,167.66762292283522,0,-33.97108539292776,-1.4712505602028045,0,1.384920711491108,1.196001085403942,6.706704916913409
71.60000000000001,0.04,455.1097055006068,245.41455943372156,1,-232.08990384878845,32.36406129148066,-12.992068428643567,33.024829792631564,84.26908055469232,-713.2305420888329,0,4.0547935427629795,32.099587832118374,0,1.4195397704252368,1.0875918833579128,-28.529221683553317
71.64,0.04,422.52154504885664,221.9218931365381,0,-232.58360244907692,33.64326821935182,-12.342465007211388,31.980173196778928,84.26908055469232,0.0,0,-32.588160451750184,-23.49266629718346,1,1.3711705481960872,1.2301593426848456,0.0
71.68,0.04,432.60310825502756,226.2407249365626,0,-233.05261611935094,34.88152460866555,-11.725341756850817,30.95640973284335,84.26908055469232,0.0,0,10.081563206170927,4.318831800024498,0,1.3241044930745434,1.1953797456143245,0.0
71.72,0.04,440.2463883771741,204.72058405190768,0,-233.49817910611128,36.07964947019301,-11.139074669008275,29.953121538186483,84.26908055469232,0.0,0,7.643280122146564,-21.52014088465492,0,1.2782916564622446,1.1620225040098024,0.0
71.76,0.04,455.2794649000783,227.38238808945593,0,-233.92146394353358,37.23844543448992,-10.58212093555786,28.969899107422755,84.26908055469232,0.0,0,15.033076522904196,22.66180403754825,0,1.23368478164498,1.1300105351550005,0.0
71.8,0.04,433.97395922255384,222.24199460616498,0,-234.32358453908478,38.35869907950089,-10.053014888779966,28.0063411252743,84.26908055469232,0.0,0,-21.30550567752448,-5.14039348329095,0,1.1902391366976683,1.099271210256565,0.0
71.84,0.04,465.8143896905277,242.83768616866226,0,-234.7055991048584,39.44118125161164,-9.550364144340968,27.062054302768814,84.26908055469232,0.0,0,31.840430467973874,20.59569156249728,0,1.1479123578918495,1.06973612355692,0.0
71.88,0.04,446.8022792229942,257.6101907490529,0,-235.06851294234338,40.486647380280175,-9.072845937123919,26.136653216713437,84.26908055469232,0.0,0,-19.012110467533546,14.772504580390631,0,1.1066643030437198,1.0413408703667861,0.0
71.92,0.04,484.1436902831422,226.06624839421414,0,-235.4132810879541,41.49583778637534,-8.619203640267722,25.229760152379168,84.26908055469232,0.0,0,37.341411060148005,-31.543942354838748,0,1.0664569142644136,1.014024833835231,0.0
71.96000000000001,0.04,424.0685276864912,220.24803917853544,0,-235.74081082628427,42.4694779843486,-8.188243458254336,24.341004949331584,84.26908055469232,0.0,0,-60.075162596650955,-5.818209215678706,0,1.0272540896000606,0.9877309802902625,0.0
72.0,0.04,477.11054093920166,233.82827581867141,0,-236.05196407769793,43.4082789783624,-7.778831285341618,23.470024850344952,84.26908055469232,0.0,0,53.04201325271043,13.580236640135979,0,0.989021563074629,0.9624056629924179,0.0
72.04,0.04,449.7444013049161,210.81992585715471,0,-236.34755966654092,44.31293755249592,-7.389889721074537,22.616464353338053,84.26908055469232,0.0,0,-27.36613963428556,-23.0083499615167,0,0.9517267926756744,0.9379984341485806,0.0
72.08,0.04,438.17379205819486,203.8717511726668,0,-236.62837547594174,45.18413655514677,-7.02039523502081,21.77997506627129,84.26908055469232,0.0,0,-11.570609246721233,-6.948174684487924,0,0.9153388558502701,0.9144618650340579,0.0
72.12,0.04,418.9390183240529,202.06578691589442,0,-236.89515049487252,46.022545177744604,-6.669375473269769,20.960215564945866,84.26908055469232,0.0,0,-19.23477373414198,-1.80596425677237,0,0.879828352107339,0.8917513740685052,0.0
72.16,0.04,457.6155716840138,199.9978339759588,0,-237.14858676285678,46.828819227890484,-6.33590669960628,20.15685125364695,84.26908055469232,0.0,0,38.676553359960906,-2.0679529399356227,0,0.8451673123520747,0.8698250626864089,0.0
72.2,0.04,420.80283739374937,233.26721890377522,0,-237.38935121744183,47.603601397033444,-6.0191113646259655,19.36955422857401,84.26908055469232,0.0,0,-36.812734290264416,33.26938492781642,0,0.8113291146097892,0.8486435588360924,0.0
72.24,0.04,406.02107987689106,227.03723620203493,0,-237.6180774492976,48.34752152279354,-5.718155796394667,18.59800314400253,84.26908055469232,0.0,0,-14.781757516858306,-6.229982701740283,0,0.7782884058302949,0.8281698679334164,0.0
72.28,0.04,424.6511681303812,220.9483174562645,0,-237.8353673695606,49.06119684603844,-5.432248006574933,17.84188308112248,84.26908055469232,0.0,0,18.630088253490158,-6.088918745770428,0,0.7460210295002497,0.8083692310877109,0.0
72.32000000000001,0.04,449.34650408105944,216.4084597510061,0,-238.04179279381046,49.74523226281844,-5.160635606246186,17.10088541950003,84.26908055469232,0.0,0,24.695335950678214,-4.539857705258413,0,0.7145039588316641,0.7892089904089277,0.0
72.36,0.04,448.97613263437586,240.0947376872424,0,-238.23789694684783,50.40022057126284,-4.902603825933876,16.37470771111003,84.26908055469232,0.0,0,-0.3703714466835777,23.68627793623631,0,0.6837152353409732,0.7706584611964583,0.0
72.4,0.04,445.5735991744735,202.93340367267606,0,-238.4241958922333,51.026742713538354,-4.657473634637182,15.66305355688783,84.26908055469232,0.0,0,-3.402533459902372,-37.161334014566336,0,0.6536339126860247,0.752688810802226,0.0
72.44,0.04,439.06768329912296,216.79798174381253,0,-238.60117989034953,51.62536801296836,-4.424599952905323,14.965632485750074,84.26908055469232,0.0,0,-6.505915875350524,13.864578071136464,0,0.6242400056924119,0.7352729439536623,0.0
72.48,0.04,408.4381137796865,209.6082208108402,0,-238.76931468855992,52.19665440640976,-4.203369955260057,14.282159836035072,84.26908055469232,0.0,0,-30.629569519436473,-7.1897609329723196,0,0.5955144445775731,0.7183853943160106,0.0
72.52,0.04,422.37722362309677,217.1624916547273,0,-238.9290427468598,52.74114867198234,-3.993201457497054,13.61235663931437,84.26908055469232,0.0,0,13.939109843410279,7.554270843887082,0,0.5674390344783041,0.7020022220685834,0.0
72.56,0.04,471.1278708681322,219.12608805525457,0,-239.0807844022447,53.259386652243464,-3.793541384622201,12.955949506528084,84.26908055469232,0.0,0,48.75064724503545,1.9635964005272797,0,0.539996420510429,0.6861009172658971,0.0
72.60000000000001,0.04,443.58334984348505,215.3392430581219,0,-239.22493897486032,53.75189347289936,-3.6038643153910908,12.312670516397523,84.26908055469232,0.0,0,-27.544521024647167,-3.7868449971326754,0,0.5131700587510698,0.6706603087521267,0.0
72.64,0.04,425.2768665064934,213.14601509963657,0,-239.3618858188452,54.21918375714215,-3.423671099621536,11.682257106069573,84.26908055469232,0.0,0,-18.306483336991676,-2.1932279584853234,0,0.48694419374823733,0.6556604783961664,0.0
72.68,0.04,484.10414333087135,205.84599735641555,0,-239.49198532063082,54.66176183570008,-3.2524875446404593,11.064451963948182,84.26908055469232,0.0,0,58.827276824377975,-7.300017743221019,0,0.4613038434534181,0.641082680414618,0.0
72.72,0.04,394.12034295326583,212.2514864196956,0,-239.61557984732715,55.080121952686845,-3.0898631674084363,10.45900292466922,84.26908055469232,0.0,0,-89.98380037760552,6.405489063280044,0,0.4362347928747479,0.6269092655511816,0.0
72.76,0.04,428.7122429972419,223.1159171374785,0,-239.73299464768868,55.47474846733388,-2.935370009038014,9.865662866175835,84.26908055469232,0.0,0,34.59190004397607,10.86443071778291,0,0.41172359831130134,0.6131236098831951,0.0
72.8,0.04,399.3970496638316,231.49271267737407,0,-239.84453870803213,55.84611605168797,-2.788601508586113,9.28418960885232,84.26908055469232,0.0,0,-29.31519333341032,8.376795539895568,0,0.3877576048343794,0.599710048029312,0.0
72.84,0.04,466.3876997709424,227.217656805996,0,-239.9505055653584,56.194689884354986,-2.6491714331568073,8.714345816675273,84.26908055469232,0.0,0,66.99065010711081,-4.275055871378072,0,0.36432498085058607,0.5866538105364514,0.0
72.88,0.04,475.9086842093298,233.41625308438623,0,-240.05117407981837,56.520925840368655,-2.516712861498967,8.155898900341768,84.26908055469232,0.0,0,9.520984438387416,6.198596278390227,0,0.34141477530963193,0.5739409652290347,0.0
72.92,0.04,481.3770895929033,199.9193544248779,0,-240.14680916855534,56.825270677262054,-2.3908772184240186,7.608620922334932,84.26908055469232,0.0,0,5.468405383573497,-33.49689865950833,0,0.3190170057244565,0.5615583623091516,0.0
72.96000000000001,0.04,433.410910830894,189.30707558613193,0,-240.23766250285544,57.108162217417586,-2.2713333575028174,7.072288503888233,84.26908055469232,0.0,0,-47.96617876200929,-10.612278838745965,0,0.29712278917144,0.5494935830024158,0.0
73.0,0.04,380.30470022354456,212.06725329680768,0,-240.32397317044055,57.370029526770004,-2.1577666896276764,6.546682733810468,84.26908055469232,0.0,0,-53.10621060734945,22.760177710675748,0,0.275724534719822,0.5377348915509413,0.0
73.04,0.04,453.35703435993133,219.01403047703224,0,-240.4059683046464,57.61129308993537,-2.0498783551462925,6.031589079134259,84.26908055469232,0.0,0,73.05233413638678,6.946777180224558,0,0.25481622582693503,0.5262711903618335,0.0
73.08,0.04,440.0334779764245,215.64368415282402,0,-240.48386368214196,57.832364981837436,-1.9473844373889777,5.526797297551573,84.26908055469232,0.0,0,-13.323556383506855,-3.3703463242082137,0,0.2343938378548683,0.5150919781268828,0.0
73.12,0.04,462.58509355943545,194.27624420724186,0,-240.55786429076275,58.033649035901455,-1.8500152155195286,5.032101351600541,84.26908055469232,0.0,0,22.55161558301097,-21.367439945582163,0,0.2144559640035558,0.5041873107366434,0.0
73.16,0.04,482.0913629394046,206.45110824880427,0,-240.6281648689525,58.215541008884195,-1.7575144547435522,4.547299324568529,84.26908055469232,0.0,0,19.506269379969126,12.174864041562415,0,0.1950047720681886,0.4935477648196592,0.0
73.2,0.04,474.0977316442967,207.53629089802726,0,-240.69495041823276,58.37842874240728,-1.6696387320063746,4.072193338077158,84.26908055469232,0.0,0,-7.993631295107889,1.0851826492229861,0,0.1760475030352742,0.4831644037452681,0.0
73.24,0.04,464.968855499935,231.1295180641494,0,-240.758396690049,58.5226923212599,-1.5861567954060558,3.6065894713156146,84.26908055469232,0.0,0,-9.128876144361698,23.593227166122148,0,0.15759888829159963,0.4730287459360588,0.0
73.28,0.04,448.66691557369757,208.44816456443306,0,-240.81867064827443,58.64870422853548,-1.506848955635753,3.1502976818893025,84.26908055469232,0.0,0,-16.301939926237424,-22.68135349971635,0,0.13968518466676527,0.4631327353436571,0.0
73.32000000000001,0.04,460.7930920133102,208.61014876555723,0,-240.8759309085886,58.75682949766554,-1.4315065078539653,2.7031317282515164,84.26908055469232,0.0,0,12.126176439612607,0.1619842011241701,0,0.12235117995219622,0.45346871394898025,0.0
73.36,0.04,489.72200112056373,192.7400071350188,0,-240.93032815588705,58.847425861413,-1.359931182461267,2.264909093686486,84.26908055469232,0.0,0,28.92890910725356,-15.870141630538427,0,0.10567289925951176,0.44402939615546494,0.0
73.4,0.04,474.79806990688445,221.11178131001702,0,-240.98200554082058,58.92084389788551,-1.2919346233382036,1.8354509118127562,84.26908055469232,0.0,0,-14.923931213679282,28.371774174998222,0,0.08978173641140368,0.4348078449509229,0.0
73.44,0.04,460.6624473909937,202.25454906609457,0,-241.03109905650743,58.97742717362857,-1.2273378921712934,1.414581893576501,84.26908055469232,0.0,0,-14.13562251589076,-18.857232243922454,0,0.0749122178039728,0.4257974497206381,0.0
73.48,0.04,492.9453411059274,227.0957546270865,0,-241.07773789640993,59.01751238385677,-1.1659709975627286,1.002130255704971,84.26908055469232,0.0,0,32.28289371493372,24.841205560991938,0,0.061498011890546926,0.41699190560106386,0.0
73.52,0.04,472.82667147494834,185.50475620995852,0,-241.1220447943173,59.0414294898804,-1.107672447684592,0.5979276505908715,84.26908055469232,0.0,0,-20.11866963097907,-41.59099841712799,0,0.05035006616401068,0.4083851942699664,0.0
73.56,0.04,470.8012887314086,195.62683282336639,0,-241.16413634732933,59.04950185378356,-1.0522888253003624,0.20180909757905405,84.26908055469232,0.0,0,-2.025382743539751,10.12207661340787,0,0.042858626832289345,0.3999715660751086,0.0
73.60000000000001,0.04,481.1577765623009,222.9458487557578,0,-241.20412332269075,59.04204637040866,-0.9996743840353443,-0.18638708437252705,84.26908055469232,0.0,0,10.35648783089232,27.31901593239141,0,0.04067606705309431,0.39174552340954083,0.0
73.64,0.04,456.1545512292257,219.98456578728516,0,-241.2421109492841,59.01937359670126,-0.949690664833577,-0.5668193426850765,84.26908055469232,0.0,0,-25.003225333075193,-2.9612829684726307,0,0.04423928618075729,0.3837018052472877,0.0
73.68,0.04,496.55006183124783,221.19739355789278,0,-241.27819919454777,58.981787878468005,-0.9022061315918981,-0.9396429558313749,84.26908055469232,0.0,0,40.395510602022114,1.2128277706076176,0,0.05210611923104861,0.37583537275865997,0.0
73.72,0.04,490.7541168331237,211.93758274568756,0,-241.31248302754827,58.929587474599415,-0.8570958250123032,-1.3050100967147473,84.26908055469232,0.0,0,-5.795944998124128,-9.259810812205217,0,0.06245208858997481,0.3681413959296009,0.0
73.76,0.04,501.8409554673109,200.57477736536433,0,-241.34505266889875,58.8630646788082,-0.814241033761688,-1.6630698947804525,84.26908055469232,0.0,0,11.086838634187188,-11.362805380323238,0,0.0740679680940312,0.3606152411143869,0.0
73.8,0.04,511.15215926208737,228.92597537721326,0,-241.3759938281817,58.78250593893281,-0.7735289820736035,-2.0139684968848433,84.26908055469232,0.0,0,9.311203794776475,28.351198011848936,0,0.08629638409622888,0.3532524594556544,0.0
73.84,0.04,508.88972078398064,207.6196712732748,0,-241.40538792950048,58.68819197385492,-0.7348525329699234,-2.3578491269471464,84.26908055469232,0.0,0,-2.2624384781067306,-21.30630410393846,0,0.09878834547178146,0.3460487761101261,0.0
73.88,0.04,506.353021015993,192.85809898787613,0,-241.43331232575335,58.58039788807859,-0.6981099063214272,-2.694852144408203,84.26908055469232,0.0,0,-2.5366997679876135,-14.761572285398671,0,0.11135230951552565,0.33900008022253936,0.0
73.92,0.04,497.11765360638486,188.0063071522112,0,-241.45984050219357,58.45939328401779,-0.6632044110053559,-3.025115101520039,84.26908055469232,0.0,0,-9.235367409608159,-4.851791835664926,0,0.12387840146351072,0.3321024155942179,0.0
73.96000000000001,0.04,505.0452834855567,214.2526670061149,0,-241.48504226981177,58.32544237203821,-0.6300441904550881,-3.348772799489638,84.26908055469232,0.0,0,7.927629879171832,26.246359853903698,0,0.136301048826645,0.3253519719963635,0.0
74.0,0.04,499.1800866408059,246.7801741097059,0,-241.50898394904905,58.178804078298214,-0.5985419809323337,-3.665957343499845,84.26908055469232,0.0,0,-5.8651968447508125,32.527507103591006,0,0.14857992191301814,0.31874507708163685,0.0
74.04,0.04,501.02525515798294,206.76261048807953,0,-241.5317285443245,58.01973215043302,-0.568614881885717,-3.9767981966298485,84.26908055469232,0.0,0,1.8451685171770578,-40.01756362162638,0,0.1606897471806847,0.31227818885079744,0.0
74.08,0.04,526.9890267448385,206.67213746012294,0,-241.55333590983616,57.84847526112513,-0.540184137791431,-4.281422232697252,84.26908055469232,0.0,0,25.963771586855557,-0.09047302795659107,0,0.1726146007143374,0.30594788863424016,0.0
74.12,0.04,539.2041586547516,233.1444214797799,1,-241.59510244361687,57.70258948752129,-1.0441633445176737,-3.6471443400961503,88.27583447134806,100.16884791639349,0,12.215131909913111,26.472284019656968,1,0.15174683615827564,0.8101255988147191,4.0067539166557395
74.16,0.04,514.4400300431033,217.73467990715514,1,-241.66198097138894,57.58515677793601,-1.6719631943021542,-2.9358177396319247,92.214540209558,98.46764345524832,0,-24.76412861164829,-15.409741572624768,0,0.13514132882838284,0.948745584399426,3.938705738209933
74.2,0.04,526.6429321179667,214.79718116646993,1,-241.75153091273742,57.49676463211743,-2.238748533712314,-2.2098036454642758,95.40583401998386,79.78234526064654,0,12.202902074863346,-2.937498740685214,0,0.125826719888616,0.9210548767040767,3.1912938104258615
74.24,0.04,508.09905816244697,217.2869457087284,1,-241.8674610424534,57.43691509715712,-2.898253242900086,-1.4962383740079188,98.76279827430213,83.92410635795677,0,-18.5438739555197,2.4897645422584844,0,0.130467474149431,0.9716593323122213,3.356964254318271
74.28,0.04,505.88538625023625,240.42030021663962,1,-242.01021409491938,57.40098150215347,-3.5688263116489085,-0.8983398750911169,102.30792250117538,88.62810567183139,0,-2.213671912210714,23.133354507911207,0,0.147206172554809,0.8984157476013978,3.5451242268732557
74.32000000000001,0.04,562.7353146497688,185.190607457262,1,-242.1684200844554,57.400009785658376,-3.95514973840007,-0.024292912377425147,103.01275058030896,17.620701978339426,1,56.84992839953259,-55.22969275937763,0,0.15820897369623635,0.9556170169507184,0.704828079133577
74.36,0.04,564.3394007003371,207.94540456646067,1,-242.34175819385132,57.42944898824999,-4.3334527348983904,0.7359800647902732,103.84784236736972,20.877294676519043,0,1.6040860505682986,22.754797109198677,0,0.17582026850788463,0.8491926500924533,0.8350917870607617
74.4,0.04,531.2187660619068,228.46022154648333,1,-242.53685255003487,57.4851961465323,-4.8773589045888635,1.3936789570578556,105.99558902980024,53.69366656076302,0,-33.120634638430374,20.51481698002266,0,0.20290281780011288,0.8534645594969755,2.147746662430521
74.44,0.04,560.8566775153078,218.78924596079392,1,-242.74777557071536,57.56918545562246,-5.27307551701232,2.0997327272538877,106.75700676637484,19.035443414365005,0,29.63791145340099,-9.670975585689405,0,0.2270302285917607,0.809384682185132,0.7614177365746002
74.48,0.04,509.534597678855,210.4601216464459,1,-242.98479167186008,57.68308274038333,-5.92540252861804,2.8474321190216587,108.85102625402301,52.35048719120421,0,-51.32207983645276,-8.329124314348007,0,0.26296239974137225,0.992262520969297,2.0940194876481684
74.52,0.04,590.1912714973259,209.46133738645491,1,-243.23176951870533,57.8270877576669,-6.174446171131411,3.600125432089386,108.01100874289865,-21.00043777810896,0,80.65667381847095,-0.9987842599909982,0,0.2858942144135849,0.7928240406377692,-0.8400175111243584
74.56,0.04,549.5202193312302,234.02898951366188,1,-243.49684332168434,57.996286977047745,-6.626845074475259,4.229980484521076,109.24961497560344,30.96515581761956,0,-40.671052166095706,24.56765212720697,0,0.31447177435318135,0.7754883331298051,1.2386062327047824
74.60000000000001,0.04,577.5646716088552,214.55840072053127,1,-243.77440419034158,58.19457451628448,-6.9390217164309895,4.957188480918419,108.86803189500004,-9.539577015084788,0,28.04445227762494,-19.470588793130617,0,0.3411128611271146,0.7913821616684285,-0.3815830806033915
74.64,0.04,536.7642957539456,206.71661468027762,1,-244.07261219984804,58.423518732585165,-7.455200237661263,5.723605407517032,109.91937722935349,26.283633358836056,0,-40.80037585490959,-7.841786040253652,0,0.37595674101063087,0.9240320184692382,1.0513453343534422
74.68,0.04,545.7471882725465,204.7097842516959,1,-244.38967077169997,58.683520992035504,-7.926464296298537,6.5000564862585515,110.50908200483819,14.742619387117628,0,8.98289251860092,-2.006830428581708,0,0.410033307066715,0.9082764395502869,0.5897047754847051
74.72,0.04,555.0421796300111,195.15357139095983,1,-244.7237209076259,58.976492537207655,-8.351253398148476,7.324288629303752,110.54048095698907,0.7849738037720044,0,9.294991357464596,-9.556212860736082,0,0.44432175232897736,0.9272563867018454,0.03139895215088018
74.76,0.04,588.087260784194,213.80868100550762,1,-245.068153591395,59.2987023461787,-8.610817094227503,8.055245224276213,109.35788478220091,-29.56490436970398,0,33.04508115418287,18.655109614547797,0,0.4716492707993326,0.7756744523677053,-1.1825961747881593
74.8,0.04,615.00624562437,214.39632936962838,1,-245.41758502603923,59.65003288927582,-8.735785866105648,8.78326357742807,106.90745798145169,-61.26067001873068,0,26.918984840175995,0.5876483641207528,0,0.4955153660891282,0.7386663092836123,-2.450426800749227
74.84,0.04,576.6142607368225,238.2026073146217,1,-245.7796936085361,60.02572291091002,-9.052714562421531,9.39225054085496,107.00485493558826,2.4349238534142614,0,-38.39198488754744,23.806277944993326,0,0.5217907797895526,0.6865194244683759,0.09739695413657046
74.88,0.04,551.3330276797547,211.1593871010467,1,-246.159535585497,60.43118105512401,-9.496049424022761,10.136453605349725,107.81236395299373,20.187725435136983,0,-25.28123305706788,-27.04322021357501,0,0.5555863876761371,0.8662470783294924,0.8075090174054793
74.92,0.04,555.4160251113601,194.78925318168004,1,-246.55629435743563,60.86968134870166,-9.918969298465957,10.962507339441323,108.06176728540923,6.235083310387424,0,4.082997431605463,-16.37013391936665,0,0.5913544035330618,0.9280226246195299,0.24940333241549695
74.96000000000001,0.04,584.9806125345854,212.0488804146409,1,-246.96405700686736,61.337771866196384,-10.194066235793034,11.702262937368118,107.05717548628186,-25.114794978184207,0,29.564587423225248,17.259627232960867,0,0.6207891033515831,0.7892507013558924,-1.0045917991273683
75.0,0.04,593.4273278823244,223.59968188024075,1,-247.38113419072263,61.83314244731506,-10.426929596381417,12.384264527966916,105.67201971814141,-34.62889420351125,0,8.446715347739087,11.550801465599847,0,0.6475688302647827,0.7206604708764075,-1.38515576814045
75.04,0.04,581.5858056276506,245.87425696746888,1,-247.80989421345237,62.35133817704025,-10.719000568243164,12.954893243129572,105.5051224181327,-4.1724325002178375,0,-11.841522254673805,22.27457508722813,0,0.6725785986757377,0.6410324353513234,-0.1668973000087135
75.08,0.04,595.192580150843,248.93488680398636,1,-248.2476157201519,62.89174692940463,-10.943037667488955,13.510218809109642,104.0586186490691,-36.16259422658992,0,13.606774523192371,3.060629836517478,0,0.6954435541863568,0.5988147510453908,-1.4465037690635967
75.12,0.04,622.2593858529707,225.25571823438966,1,-248.68888534968087,63.45910453812214,-11.031740738224105,14.183940217937693,100.78394822576027,-81.86676058272084,0,27.06680570212768,-23.679168569596698,0,0.7187583335964007,0.6795357028671112,-3.2746704233088337
75.16,0.04,632.1210566218159,212.49416191815175,1,-249.13173076788547,64.05596331445602,-11.07113545511503,14.921469408346937,97.4539175014536,-83.25076810766667,0,9.861670768845215,-12.761556316237915,0,0.7432041868232337,0.7385805646133883,-3.330030724306667
75.2,0.04,594.9272443306564,232.28635977763722,1,-249.58359073722394,64.67836481883437,-11.296499233461748,15.560037609458753,96.69861603048165,-18.88253677429894,0,-37.193812291159475,19.79219785948547,0,0.7691300699771084,0.6771692403394368,-0.7553014709719577
75.24,0.04,638.3912406780706,225.88924877883517,1,-250.0357724584268,65.32758847345696,-11.30454303007139,16.230591365564578,92.80643291528564,-97.30457787990012,0,43.463996347414195,-6.397110998802049,0,0.7911761262269564,0.6706020000652604,-3.892183115196005
75.28,0.04,620.3864972598574,222.2861266776277,1,-250.4918768801777,66.00435490274401,-11.402610543772102,16.919160732176437,90.48936034372679,-57.92681428897133,0,-18.004743418213252,-3.6031221012074752,0,0.8161152145075284,0.6955177998295193,-2.317072571558853
75.32000000000001,0.04,644.6300015922031,213.24476533187433,1,-250.94705530161013,66.7104723789647,-11.37946053581108,17.652936905517066,87.10354776313201,-84.64531451486934,0,24.243504332345765,-9.041361345753359,0,0.8401126624221249,0.7341412639478953,-3.3858125805947736
75.36,0.04,602.4076942170863,231.0301181243661,1,-251.40975218419916,67.4423838315605,-11.567422064725651,18.297786314895234,86.50894231743906,-14.86513614232372,0,-42.222307375116884,17.78535279249178,0,0.8658999824451517,0.6716846709038955,-0.5946054456929488
75.4,0.04,700.0586659970738,223.73682305069812,1,-251.86043733358878,68.20154791954617,-11.267128734740286,18.979102199641744,80.84378487443696,-141.62893607505254,0,97.65097177998757,-7.293295073667991,0,0.8828630790600815,0.744558539566648,-5.6651574430021014
75.44,0.04,623.3403937051463,248.60359197347293,1,-252.31445440423735,68.98299128913715,-11.350426766214557,19.536084239774382,77.67549043086164,-79.207361089383,0,-76.71827229192752,24.86676892277481,0,0.9037617165591876,0.5631763090523291,-3.16829444357532
75.48,0.04,651.9040722376351,256.6809008667717,1,-252.7660906604384,69.78509847855477,-11.29090640502638,20.05267973544052,72.11238788756629,-139.07756358238393,0,28.56367853248878,8.077308893298778,0,0.9205168391891312,0.5200130570846409,-5.563102543295358
75.52,0.04,643.5911055513332,249.37125374756462,1,-253.2170086955292,70.60933141722288,-11.272950877269711,20.605823466702695,67.9098237781563,-105.06410273524978,0,-8.312966686301934,-7.309647119207085,0,0.939514242337809,0.5534350805755464,-4.202564109409991
75.56,0.04,636.909895910892,225.17446520996793,1,-253.6685447514378,71.460529462849,-11.288401397715251,21.279951140652855,66.0948826972221,-45.373527023354754,0,-6.681209640441125,-24.19678853759669,0,0.9635470526462238,0.6743047081012347,-1.8149410809341902
75.60000000000001,0.04,654.4327659237068,244.38012541317087,1,-254.11719425416166,72.33485148339247,-11.21623756809672,21.858050513587003,62.027841858695496,-101.67602096316521,0,17.522870012814792,19.20566020320294,0,0.9827132704413818,0.582586047972372,-4.067040838526609
75.64,0.04,666.1577340889519,241.33735145981439,1,-254.56061221006775,73.23290603364399,-11.085448897651961,22.451363756287932,58.051107059518834,-99.41836997941652,0,11.724968165245059,-3.0427739533564875,0,1.001559513382696,0.6075576353573379,-3.9767347991766613
75.68,0.04,658.096712038159,261.4297019018032,1,-255.0004108235662,74.15067464351515,-10.99496533746117,22.944215246778917,52.87053545938103,-129.51429000344507,0,-8.061022050792872,20.0923504419888,0,1.0177042997354409,0.5010886811174101,-5.180571600137803
75.72,0.04,674.468516419984,243.35168241804092,1,-255.43331573378066,75.0917729169027,-10.822622755361255,23.527456834688714,49.19990786861341,-91.76568976919057,0,16.371804381824973,-18.07801948376226,0,1.0358921862147739,0.6081716167928317,-3.670627590767623
75.76,0.04,663.9191480655522,237.01995613455983,1,-255.861436814382,76.05746719906334,-10.703027015033488,24.142357054015918,46.43916308580012,-69.01861957033226,0,-10.54936835443175,-6.331726283481089,0,1.0563394843765923,0.6264227173667877,-2.7607447828132905
75.8,0.04,691.9417582978448,219.65562372282093,1,-256.27916954332375,77.05123035647941,-10.44331822354427,24.84407893540181,44.156528596180785,-57.065862240483334,0,28.02261023229255,-17.3643324117389,0,1.0779915796826443,0.7482394370738201,-2.2826344896193334
75.84,0.04,654.6738182904655,260.8488951280374,1,-256.69396750860744,78.06482373486988,-10.36994913209195,25.339834459761626,39.5156769313207,-116.02129162150216,0,-37.26794000737925,41.19327140521645,0,1.0951844085451985,0.5011552289598645,-4.640851664860087
75.88,0.04,681.7674503358893,251.74155250284537,1,-257.10041198382396,79.10006880275976,-10.161111880412495,25.881126697247396,35.89286891256,-90.57020046901751,0,27.09363204542376,-9.107342625192018,0,1.1121733057506689,0.5801812510340018,-3.6228080187607006
75.92,0.04,662.6686466853154,263.9456340124047,1,-257.5023227297034,80.15452474384718,-10.047768646985919,26.361398527185372,31.453869124768957,-110.974994694776,0,-19.098803650573927,12.20408150955933,0,1.1284545092062424,0.4934650131423339,-4.43899978779104
75.96000000000001,0.04,703.6579378081013,282.37476676897927,1,-257.8915018880212,81.22450573158079,-9.729478957945407,26.749524693340476,26.710561778751984,-118.58268365042433,0,40.98929112278597,18.429132756574575,0,1.1385603766952173,0.5019464583038362,-4.743307346016973
76.0,0.04,711.5820479877614,245.43761431372366,1,-258.26636463674146,82.31739919645166,-9.371568718006603,27.32233662177186,24.31629341924337,-59.85670898771538,0,7.924110179660033,-36.937152455255614,0,1.155395259612728,0.6754355966384462,-2.394268359508615
76.04,0.04,733.9855188141541,253.66188606121761,0,-258.6224842480257,83.37306839202512,-8.902990282106273,26.391729889336425,24.31629341924337,0.0,0,22.403470826392777,8.224271747493958,1,1.1141178698970642,1.04191873053754,0.0
76.08,0.04,730.4840529080715,255.729665690172,0,-258.9607978787458,84.3922578036871,-8.45784076800096,25.479735291549698,24.31629341924337,0.0,0,-3.5014659060826716,2.0677796289543835,0,1.0738729764617803,1.0148360637562948,0.0
76.12,0.04,724.8411990204653,253.60745242612666,0,-259.2821958279298,85.37569702711585,-8.034948729600911,24.585980585718705,24.31629341924337,0.0,0,-5.642853887606179,-2.1222132640453424,0,1.0346252209944566,0.9887543427652762,0.0
76.16,0.04,709.058174680984,274.5240711191646,0,-259.5875238796546,86.32410106607603,-7.633201293120865,23.71010097400433,24.31629341924337,0.0,0,-15.783024339481244,20.916618693037947,0,0.9963410260980164,0.9636213452052691,0.0
76.2,0.04,723.9999987283315,273.9194621688433,0,-259.8775855287932,87.238170624257,-7.251541228464822,22.851738954524244,24.31629341924337,0.0,0,14.941824047347495,-0.6046089503212784,0,0.9589884866327358,0.9393879717343562,0.0
76.24,0.04,764.7634977504774,268.6443641722263,0,-260.15314409547483,88.11859239127435,-6.88896416704158,22.010544175433758,24.31629341924337,0.0,0,40.76349902214588,-5.275097996617035,0,0.9225372683580848,0.9160080686540948,0.0
76.28,0.04,719.3105292286998,253.74015481080585,0,-260.41492473382243,88.96603932295135,-6.544515958689501,21.186173291925083,24.31629341924337,0.0,0,-45.45296852177762,-14.904209361420442,0,0.8869585134731146,0.8934382585348748,0.0
76.32000000000001,0.04,727.8098448208284,278.10377461615155,0,-260.66361634025264,89.7811709159948,-6.2172901607550255,20.378289826086583,24.31629341924337,0.0,0,8.499315592128596,24.363619805345706,0,0.852224752683475,0.8716377786724723,0.0
76.36,0.04,740.8023532902175,284.8940908219816,0,-260.89987336636136,90.5646334771774,-5.906425652717274,19.58656402956485,24.31629341924337,0.0,0,12.992508469389122,6.790316205830038,0,0.818309823453511,0.8505683271998341,0.0
76.4,0.04,744.8081647606904,285.41774945072217,0,-261.1243175411646,91.31706038713634,-5.61110437008141,18.810672748973555,24.31629341924337,0.0,0,4.00581147047285,0.5236586287405771,0,0.785188794133913,0.8301939166696491,0.0
76.44,0.04,749.187437856573,273.88031900213116,0,-261.3375395072277,92.0390723588961,-5.3305491515773396,18.050299293994083,24.31629341924337,0.0,0,4.379273095882581,-11.53743044859101,0,0.7528378936904273,0.8104807349143386,0.0
76.48,0.04,698.6239352699682,270.5823019118365,0,-261.5401003749876,92.73127769122067,-5.064021693998472,17.3051333081142,24.31629341924337,0.0,0,-50.56350258660473,-3.2980170902946497,0,0.7212344467967489,0.7913970129813434,0.0
76.52,0.04,737.4255677809095,296.02094158642024,0,-261.7325331993596,93.39427251689875,-4.810820609298548,16.574870641951918,24.31629341924337,0.0,0,38.80163251094132,25.438639674583726,0,0.6903568140981032,0.7729128999335328,0.0
76.56,0.04,766.4611002126485,282.82132722875735,0,-261.9153443825129,94.02864104606327,-4.57027957883362,15.85921322911288,24.31629341924337,0.0,0,29.035532431738943,-13.199614357662881,0,0.6601843374999676,0.7550003442970039,0.0
76.60000000000001,0.04,738.7522474076286,287.5482980215158,0,-262.0890150065086,94.63495580464449,-4.341765599891939,15.157868964530623,24.31629341924337,0.0,0,-27.708852805019887,4.726970792758436,0,0.6306972903956826,0.737632981932198,0.0
76.64,0.04,747.0421657091007,284.20265984901516,0,-262.2540020993045,95.2137778680541,-4.1246773198973425,14.470551585240012,24.31629341924337,0.0,0,8.289918301472085,-3.345638172500628,0,0.601876832814653,0.720786030099035,0.0
76.68,0.04,784.4621172654515,273.79272867622177,0,-262.4107398374606,95.7656570901955,-3.918443453902475,13.796980553535212,24.31629341924337,0.0,0,37.41995155635084,-10.409931172793392,0,0.5737049715609019,0.7044361874826258,0.0
76.72,0.04,756.5577728913564,282.3497776840307,0,-262.5596406887089,96.29113232789409,-3.722521281207351,13.136880942464508,24.31629341924337,0.0,0,-27.904344374095103,8.557049007808928,0,0.5461645255203362,0.6885615399434336,0.0
76.76,0.04,741.3337539171639,285.26073239024544,0,-262.70109649739476,96.7907316608387,-3.5363952171469832,12.489983323615219,24.31629341924337,0.0,0,-15.224018974192518,2.9109547062147385,0,0.5192390964571838,0.673141471754255,0.0
76.8,0.04,763.3202535029802,290.65256117298605,0,-262.83547951564634,97.26497260712442,-3.359575456289634,11.856023657142915,24.31629341924337,0.0,0,21.98649958581632,5.3918287827406175,0,0.49291304580866874,0.6581565820861515,0.0
76.84,0.04,779.2387125217195,306.9566575716749,0,-262.9631433829853,97.71436233448442,-3.191596683475152,11.234743184000056,24.31629341924337,0.0,0,15.918459018739327,16.30409639868884,0,0.4671714782396716,0.6435886065064186,0.0
76.88,0.04,748.8119746891176,296.1524010816314,0,-263.0844240569574,98.13939786729722,-3.0320168493013946,10.625888320320055,24.31629341924337,0.0,0,-30.42673783260193,-10.804256490043485,0,0.4420002330684707,0.6294203432537885,0.0
76.92,0.04,766.2538369681873,289.810825489662,0,-263.19964069723085,98.54056628945376,-2.8804160068363247,10.029210553913654,24.31629341924337,0.0,0,17.44186227906971,-6.341575591969388,0,0.417385885160809,0.61563558405915,0.0
76.96000000000001,0.04,782.9024443708698,291.42658982176414,0,-263.30909650549063,98.91834494316718,-2.7363952064945085,9.444466342835382,24.31629341924337,0.0,0,16.6486074026825,1.615764332102117,0,0.39331575758330156,0.6022190492841022,0.0
77.0,0.04,760.1638734069267,295.92531720694245,0,-263.41307952333744,99.27320162380633,-2.599575446169783,8.871417015978674,24.31629341924337,0.0,0,-22.738570963943175,4.498727385178313,0,0.3697779493084507,0.589156327154552,0.0
77.04,0.04,799.9258978993464,320.1328638736089,0,-263.5118633902919,99.6055947708327,-2.469596673861294,8.3098286756591,24.31629341924337,0.0,0,39.762024492419755,24.207546666666474,0,0.3467613827411743,0.5764338168720807,0.0
77.08,0.04,783.8927211353916,290.86635153544506,0,-263.60570806389865,99.91597365491853,-2.346116840168229,7.759472102145917,24.31629341924337,0.0,0,-16.03317676395477,-29.266512338163864,0,0.32425587805114864,0.5640386753920675,0.0
77.12,0.04,798.710160350043,295.48450563111777,0,-263.69486050382505,100.20477856132266,-2.2288109981598176,7.220122660102998,24.31629341924337,0.0,0,14.817439214651358,4.618154095672708,0,0.3022522646861835,0.5519587676641351,0.0
77.16,0.04,810.478840750373,298.2367080570179,0,-263.77955532175514,100.4724409695987,-2.1173704482518265,6.691560206900937,24.31629341924337,0.0,0,11.768680400330027,2.7522024259001228,0,0.28074254573957785,0.5401826201376494,0.0
77.2,0.04,812.1094261054217,294.5712605245734,0,-263.86001539878873,100.71938372970921,-2.011501925839235,6.173569002762918,24.31629341924337,0.0,0,1.6305853550486518,-3.665447532444489,0,0.2597201393177864,0.528699377342342,0.0
77.24,0.04,788.7981775948043,302.1524071628557,0,-263.9364524719706,100.94602123461752,-1.9109268295472732,5.665937622707659,24.31629341924337,0.0,0,-23.31124851061736,7.581146638282291,0,0.2391802349435972,0.517498761361749,0.0
77.28,0.04,815.7849316077834,330.4642722918371,0,-264.0090676914934,101.15275958942766,-1.8153804880699094,5.168458870253506,24.31629341924337,0.0,0,26.986754012979077,28.311865128981424,0,0.21912032643264023,0.5065710340248935,0.0
77.32000000000001,0.04,843.6366428325075,335.7943028372112,0,-264.07805215004004,101.3399967771416,-1.7246114636664138,4.680929692848435,24.31629341924337,0.0,0,27.851711224724113,5.330030545374086,0,0.19954102331099055,0.49590696164948833,0.0
77.36,0.04,787.896905258793,316.22602617354886,0,-264.1435873856594,101.50812282110125,-1.638380890483093,4.203151098991467,24.31629341924337,0.0,0,-55.73973757371448,-19.568276663662346,0,0.18044731576060477,0.48549778217770095,0.0
77.4,0.04,791.6540383237495,293.68760249757446,0,-264.20584585949774,101.65751994418171,-1.5564618459589383,3.7349280770116375,24.31629341924337,0.0,0,3.7571330649565198,-22.5384236759744,0,0.1618506037968397,0.47533517455336083,0.0
77.44,0.04,825.1919049481527,318.7839439244388,0,-264.2649914096442,101.78856272480057,-1.4786387536609913,3.276069515471405,24.31629341924337,0.0,0,33.53786662440314,25.096341426864342,0,0.14377206423519795,0.46541123019710895,0.0
77.48,0.04,815.0649899556087,321.738040040967,0,-264.32117968228334,101.90161824980704,-1.4047068159779417,2.826388125161977,24.31629341924337,0.0,0,-10.126914992544016,2.9540961165282056,0,0.12624846025460598,0.45571842644355554,0.0
77.52,0.04,813.1360419620545,314.76048175671826,0,-264.3745585412905,101.9970462643134,-1.3344714751790445,2.3857003626587376,24.31629341924337,0.0,0,-1.928947993554175,-6.977558284248744,0,0.1093426199683063,0.4462496018118657,0.0
77.56,0.04,796.7176210403284,328.4267239419398,0,-264.42526845734733,102.07519931852961,-1.2677479014200923,1.953826355405563,24.31629341924337,0.0,0,-16.418420921726124,13.666242185221563,0,0.09316327318107069,0.43699793298833967,0.0
77.60000000000001,0.04,866.7425506300984,303.3707298753375,0,-264.4734428776013,102.13642291166151,-1.2043605063490876,1.530589828297452,24.31629341924337,0.0,0,70.02492958977007,-25.055994066602352,0,0.07790444867135617,0.4279569134065046,0.0
77.64,0.04,816.5533821601064,318.7030357908324,0,-264.5192085768426,102.18105563293078,-1.1441424810316332,1.115818031731503,24.31629341924337,0.0,0,-50.18916846999207,15.332305915494942,0,0.06392635634025551,0.41912033331691095,0.0
77.68,0.04,817.9322608870225,323.33008618893587,0,-264.5626859911218,102.20942929977465,-1.0869353569800515,0.7093416710968729,24.31629341924337,0.0,0,1.3788787269161276,4.627050398103449,0,0.05191676533234024,0.41048226124526616,0.0
77.72,0.04,817.4503569094961,369.50582297302105,0,-264.603989534687,102.22186909328165,-1.032588589131049,0.31099483767493535,24.31629341924337,0.0,0,-0.4819039775263718,46.17573678408519,0,0.04313619331305033,0.4020370267437045,0.0
77.76,0.04,809.0651050081324,343.53085925378406,0,-264.643227901074,102.21869369091851,-0.9809591596744964,-0.07938505907856337,24.31629341924337,0.0,1,-8.385251901363745,-25.974963719236996,0,0.039366642946637054,0.39377920434588903,0.0
77.8,0.04,793.6496700406327,321.35563526953496,0,-264.68050434914164,102.20021539660263,-0.9319112016907716,-0.4619573578969921,24.31629341924337,0.0,0,-15.415434967499664,-22.1752239842491,0,0.041605059083772,0.385703598642261,0.0
77.84,0.04,841.8784214444687,312.6739214857137,0,-264.7159169748059,102.16674026817307,-0.885315641606233,-0.8368782107390522,24.31629341924337,0.0,0,48.228751403835986,-8.681713783821237,0,0.04873026041191147,0.37780523039710495,0.0
77.88,0.04,792.3514370517977,343.59622600138783,0,-264.7495589691869,102.11856824231211,-0.8410498595259213,-1.2043006465242714,24.31629341924337,0.0,0,-49.52698439267101,30.922304515674114,0,0.05875651335368353,0.37007932363417056,0.0
77.92,0.04,823.6641280376349,313.9883751836388,0,-264.78151886384893,102.05599325696835,-0.7989973665496252,-1.5643746335937858,24.31629341924337,0.0,0,31.312690985837207,-29.60785081774901,0,0.07026424167084046,0.3625212936223999,0.0
77.96000000000001,0.04,845.4692967291926,334.90722493470435,0,-264.8118807637778,101.97930337133147,-0.7590474982221439,-1.91724714092191,24.31629341924337,0.0,0,21.805168691557697,20.918849751065522,0,0.0824814132170996,0.35512673569786346,0.0
78.0,0.04,839.7582453757268,347.2967963670317,0,-264.84072456871024,101.88878088340734,-0.7210951233110366,-2.263062198103472,24.31629341924337,0.0,0,-5.711051353465791,12.38957143232733,0,0.09500676766922657,0.3478914148622817,0.0
78.04,0.04,831.447904826911,342.05365226519467,0,-264.86812618339604,101.78470244524168,-0.6850403671454848,-2.6019609541414024,24.31629341924337,0.0,0,-8.310340548815816,-5.243144101837004,0,0.10762513543959763,0.3408112561025737,0.0
78.08,0.04,887.5471716339736,321.3582056862602,0,-264.8941577173476,101.66733917583933,-0.6507883487882105,-2.9340817350585744,24.31629341924337,0.0,0,56.09926680706258,-20.69544657893448,0,0.12021554710052246,0.3338823353796652,0.0
78.12,0.04,829.284471171513,341.78561170356653,0,-264.91888767460154,101.53695677182503,-0.6182489313487999,-3.259560100357403,24.31629341924337,0.0,0,-58.26270046246054,20.42740601730634,0,0.1327069781975692,0.3271008712383595,0.0
78.16,0.04,821.8393619680309,352.52092209135145,0,-264.9423811339928,101.39381561589103,-0.5873364847813599,-3.5785288983502546,24.31629341924337,0.0,0,-7.445109203482161,10.73531038778492,0,0.14505631029462845,0.3204632169934476,0.0
78.2,0.04,872.4755833444246,352.5490557314495,0,-264.9646999204145,101.2381708830757,-0.5579696605422919,-3.8911183203832493,24.31629341924337,0.0,0,50.63622137639379,0.028133640098076285,0,0.15723679938390178,0.3139658534503554,0.0
78.24,0.04,820.9865646879397,310.008473317233,0,-264.9859027675151,101.07027264491667,-0.5300711775151773,-4.1974559539755845,24.31629341924337,0.0,0,-51.48901865648497,-42.540582414216544,0,0.1692317319596897,0.30760538212158445,0.0
78.28,0.04,843.3833359692849,353.75809220161636,0,-265.00604547226067,100.89036597152082,-0.5035676186394185,-4.497666834896073,24.31629341924337,0.0,0,22.396771281345195,43.74961888438338,0,0.18103077000009715,0.30137851890295114,0.0
78.32000000000001,0.04,838.588847269971,341.03900938522037,0,-265.025181041769,100.6986910315929,-0.4783892377074475,-4.791873498198152,24.31629341924337,0.0,0,-4.794488699313888,-12.719082816395996,0,0.1926277566104622,0.295282088176202,0.0
78.36,0.04,826.7300721317251,373.2970486199532,0,-265.04335983280185,100.49548319046353,-0.4544697758220751,-5.080196028234189,24.31629341924337,0.0,0,-11.858775138245846,32.25803923473285,0,0.2040193499153359,0.2893130173069774,0.0
78.4,0.04,889.6634670065703,353.45587874804795,0,-265.0606296842831,100.28097310615675,-0.43174628703097134,-5.362752107669506,24.31629341924337,0.0,0,62.933394874845135,-19.841169871905265,0,0.2152041450332347,0.2834683315093528,0.0
78.44,0.04,839.2830682161552,334.36995901057554,0,-265.0770360431903,100.05538682353611,-0.41015897267942275,-5.639657065516116,24.31629341924337,0.0,0,-50.38039879041503,-19.08591973747241,0,0.22618209371917816,0.2777451490502498,0.0
78.48,0.04,827.2739994423833,340.01668732328085,0,-265.0926220841521,99.81894586656787,-0.3896510240454516,-5.911023924205794,24.31629341924337,0.0,0,-12.0090687737719,5.6467283127053065,0,0.23695411117961068,0.27214067676897785,0.0
78.52,0.04,870.4744075809115,371.3739080920543,0,-265.1074288230658,99.571867328739,-0.370168472843179,-6.176963445721678,24.31629341924337,0.0,0,43.20040813852813,31.35722076877346,0,0.24752180383334066,0.2666522058889568,0.0
78.56,0.04,834.4767351370283,398.6873609024177,0,-265.1214952250338,99.31436396166671,-0.35166004920102,-6.437584176807245,24.31629341924337,0.0,0,-35.997672443883175,27.3134528103634,0,0.2578872771539766,0.2612771081003708,0.0
78.60000000000001,0.04,836.7008687719577,372.5746437378033,0,-265.1348583069034,99.04664426193587,-0.334077046740969,-6.6929924932711,24.31629341924337,0.0,0,2.2241336349294443,-26.112717164614423,0,0.2680529977094621,0.2560128318940497,0.0
78.64,0.04,833.9754878993363,373.07721887161847,0,-265.1475532346796,98.76891255619964,-0.31737319440392053,-6.943292643405678,24.31629341924337,0.0,0,-2.7253808726214857,0.5025751338151849,0,0.2780216926112027,0.2508568991283479,0.0
78.68,0.04,841.7536856195168,380.02573811310737,0,-265.159613416067,98.48136908457813,-0.3015045346837245,-7.188586790537564,24.31629341924337,0.0,0,7.778197720180515,6.948519241488896,0,0.2877962752490777,0.24580690181212364,0.0
78.72,0.04,839.6379232073378,357.7276179306022,0,-265.17107058838496,98.18421008238906,-0.28642930794953825,-7.428975054726813,24.31629341924337,0.0,0,-2.115762412178924,-22.29812018250516,0,0.2973797897967034,0.24086049908817983,0.0
78.76,0.04,837.1483480058266,369.50903815174365,0,-265.18195490208706,97.87762786024376,-0.27210784255206133,-7.664555553632277,24.31629341924337,0.0,0,-2.4895752015112294,11.781420221141445,0,0.3067753693181909,0.23601541440270069,0.0
78.8,0.04,838.8451777002647,358.93440054030987,1,-265.1530701802491,97.5712587579904,0.7221180459492575,-7.659227556333826,22.8036511400174,-37.8160569806492,0,1.6968296944380654,-10.574637611433786,1,0.3077277270107213,0.9942401646088581,-1.5126422792259682
78.84,0.04,843.2579396086495,402.18942603075254,1,-265.08353387048936,97.2564517705309,1.7384077439924954,-7.870174686487588,20.211037490381493,-64.8153412408977,0,4.412761908384823,43.25502549044268,0,0.32239531282003425,1.0379515605599927,-2.592613649635908
78.88,0.04,824.4744388707637,359.60127636896715,1,-264.9771026729555,96.9417245277976,2.660779938346308,-7.868181068332427,19.228895186181397,-24.553557605002396,0,-18.783500737885788,-42.588149661785394,0,0.3322361165300966,0.9223743488575644,-0.9821423042000959
78.92,0.04,840.1371653526584,365.58619061315187,1,-264.8306440423511,96.62588004694167,3.661465765109596,-7.8961120213981895,18.103859633722678,-28.12588881146798,0,15.662726481894651,5.984914244184722,0,0.348149201587003,1.0010755526053399,-1.1250355524587192
78.96000000000001,0.04,823.1769679440463,378.9124242475521,1,-264.6475500181579,96.30625308123624,4.577350604829831,-7.990674142635947,16.746060991980677,-33.94496604355002,0,-16.96019740861209,13.32623363440024,0,0.3683542030455384,0.9207535144664638,-1.3577986417420007
79.0,0.04,818.2910372761012,372.7029329487531,1,-264.4287977865095,95.98408552894105,5.468805791210342,-8.05418880737971,15.78258037317029,-24.087015470259665,0,-4.885930667945104,-6.209491298799037,0,0.3894155500272549,0.8937149780339508,-0.9634806188103866
79.04,0.04,858.0824650764702,409.08833078383776,1,-264.1664290618458,95.65210031048909,6.559218116592688,-8.299630461298896,13.73084487212418,-51.293387526152756,0,39.79142780036898,36.38539783508469,0,0.4231448132167689,1.1176943432013604,-2.0517355010461102
79.08,0.04,857.046592035386,373.60249534330734,1,-263.860651018775,95.31739459296847,7.644451076769626,-8.367642938015436,12.965947007628095,-19.122446612402122,0,-1.0358730410841872,-35.48583544053042,0,0.45335210263679443,1.087362071641051,-0.7648978644960849
79.12,0.04,853.5618488399242,390.4231975008705,1,-263.51216060593623,94.97660423594768,8.71226032096925,-8.519758925519788,11.78654306206661,-29.485098639037144,0,-3.4847431954617605,16.820702157563176,0,0.4874255176731077,1.0785897531742992,-1.1794039455614858
79.16,0.04,822.7526836885504,356.3937465246103,1,-263.12711965635975,94.63653512962196,9.626023739412005,-8.50172765814284,12.069347543535917,7.07011203673269,0,-30.809165151373804,-34.02945097626019,0,0.5137154172573817,0.9139413063689643,0.2828044814693076
79.2,0.04,836.5796939991468,373.41378727306335,1,-262.7027627679834,94.29378326584164,10.608922209407751,-8.568796594508157,11.633154222526045,-10.904833025246807,0,13.827010310596393,17.020040748453027,0,0.54548841311006,0.9851840663272794,-0.4361933210098723
79.24,0.04,784.2118477852773,376.38106929942455,1,-262.24956351005005,93.94775518820143,11.329981448334138,-8.65070194100528,11.513855613436862,-2.9824652272295804,0,-52.367846213869484,2.967282026361204,0,0.5701973324268821,0.7256961566839897,-0.11929860908918322
79.28,0.04,803.2099906375131,390.3182423357907,1,-261.76372225398916,93.59566346209405,12.146031401521697,-8.802293152684236,10.606795174372607,-22.676510976606366,0,18.998142852235787,13.937173036366175,0,0.6000085913419055,0.8300104948467281,-0.9070604390642547
79.32000000000001,0.04,836.5975034394323,404.4198272877434,0,-261.3021730607313,93.23524717050883,11.538729831445611,-9.01040728963055,10.606795174372607,0.0,0,33.38751280191923,14.101584951952645,1,0.5856001716504243,0.6419709424995712,0.0
79.36,0.04,823.8690996818697,401.2004429367472,0,-260.86370132713637,92.86667280475531,10.96179333987333,-9.214359143837937,10.606795174372607,0.0,0,-12.72840375756266,-3.2193843509961653,0,0.5728040888928514,0.611924892566371,0.0
79.4,0.04,854.3706482240693,425.62446991750653,0,-260.44715318022116,92.49010352631686,10.413703672879663,-9.414231960961178,10.606795174372607,0.0,0,30.501548542199657,24.424026980759322,0,0.5615307472989768,0.5833964570427291,0.0
79.44,0.04,805.0167613536615,381.48841906312117,0,-260.05143244065175,92.10569923344718,9.89301848923568,-9.610107321741953,10.606795174372607,0.0,0,-49.35388687040779,-44.13605085438536,0,0.5516897353603726,0.5563094619250764,0.0
79.48,0.04,817.767822360452,432.48873329298294,0,-259.6754977380608,91.7136166264349,9.398367564773896,-9.802065175307114,10.606795174372607,0.0,0,12.75106100679045,51.00031422986177,0,0.5431902717590653,0.5305915138939189,0.0
79.52,0.04,846.6834008377186,413.1065150801084,0,-259.3183597705994,91.31400927156287,8.9284491865352,-9.990183871800971,10.606795174372607,0.0,0,28.91557847726665,-19.382218212874534,0,0.5359417560428565,0.5061738102441034,0.0
79.56,0.04,823.596418535257,397.8523200828275,0,-258.97907870151107,90.90702766378827,8.48202672720844,-10.174540194364951,10.606795174372607,0.0,0,-23.086982302461593,-15.254194997280933,0,0.5298543884016683,0.4829909583632667,0.0
79.60000000000001,0.04,790.6528655333402,399.84956116212794,0,-258.65676168587714,90.49281928816916,8.057925390848018,-10.35520939047765,10.606795174372607,0.0,0,-32.943553001916825,1.9972410793004656,0,0.5248398203263397,0.4609808042930912,0.0
79.64,0.04,846.1076849120946,419.72201624173874,0,-258.35056052102493,90.07152868006243,7.655029121305617,-10.532265202668096,10.606795174372607,0.0,0,55.45481937875434,19.872455079610802,0,0.5208117988638409,0.4400842699320227,0.0
79.68,0.04,790.5445638086342,400.21364962608584,0,-258.05966941441534,89.64329748411784,7.272277665240336,-10.705779898614734,10.606795174372607,0.0,0,-55.56312110346039,-19.508366615652903,0,0.517686771208892,0.42024519846102615,0.0
79.72,0.04,811.0600433883905,400.0309926069284,0,-257.7833228631362,89.20826451209214,6.908663781978318,-10.875824300642439,10.606795174372607,0.0,0,20.51547957975629,-0.18265701915743193,0,0.5153844226918114,0.4014102075954764,0.0
79.76,0.04,787.4967585730166,404.9319162804922,0,-257.5207936394211,88.76656579950696,6.563230592879402,-11.042467814629589,10.606795174372607,0.0,0,-23.56328481537389,4.9009236735637955,0,0.5138281288562188,0.38352855028671984,0.0
79.8,0.04,824.5342382782693,396.2191150858456,0,-257.27139087689164,88.31833466117348,6.235069063235432,-11.205778458336997,10.606795174372607,0.0,0,37.037479705252736,-8.712801194646602,0,0.5129453102710272,0.3665519825159842,0.0
79.84,0.04,786.612093217941,416.2267499898916,0,-257.0344582524887,87.86370174560668,5.923315610073661,-11.365822889170257,10.606795174372607,0.0,0,-37.92214506032826,20.007634904045972,0,0.5126676861508155,0.3504346378413969,0.0
79.88,0.04,817.3245586887504,411.0748786279676,0,-256.8093722593059,87.4027950883512,5.627149829569977,-11.52266643138685,10.606795174372607,0.0,0,30.71246547080932,-5.151871361923952,0,0.5129314291691502,0.33513290837577303,0.0
79.92,0.04,814.4025733085728,414.6323215361199,0,-256.59554056578224,86.93574016424083,5.345792338091478,-11.676373102759113,10.606795174372607,0.0,0,-2.9219853801776026,3.557442908152268,0,0.5136772287058741,0.3206053318886238,0.0
79.96000000000001,0.04,773.4914923175136,373.6954691069933,0,-256.39240045693475,86.46265993861267,5.078502721186903,-11.82700564070393,10.606795174372607,0.0,0,-40.91108099105918,-40.93685242912659,0,0.5148502730920459,0.3068124847405839,0.0
80.0,0.04,808.2661495101505,431.5569013603803,0,-256.19941735352967,85.98367491749708,4.824577585127558,-11.97462552788985,10.606795174372607,0.0,0,34.77465719263694,57.86143225338702,0,0.5164001632967985,0.2937168803721383,0.0
80.04,0.04,805.9249391969024,436.79736509845395,0,-256.0160834052948,85.4989031968038,4.583348705871179,-12.119293017332053,10.606795174372607,0.0,0,-2.341210313248098,5.240463738073629,0,0.5182807711649297,0.28128287308117095,0.0
80.08,0.04,760.7732483056658,449.05646771197485,0,-255.8419161544717,85.00846051052437,4.35418127057762,-12.261067156985412,10.606795174372607,0.0,0,-45.151690891236626,12.259102613520895,0,0.5204500550333853,0.26947656683555554,0.0
80.12,0.04,786.6848413798264,415.27643469622626,0,-255.67645726618974,84.51246027797055,4.136472207048739,-12.400005813845702,10.606795174372607,0.0,0,25.911593074160578,-33.780033015748586,0,0.522869844612358,0.2582657288777661,0.0
80.16,0.04,783.3295576024472,422.8455113584907,0,-255.51927132232188,84.0110136500678,3.9296485966963024,-12.536165697568787,10.606795174372607,0.0,0,-3.3552837773792135,7.569076662264422,0,0.5255056056643642,0.2476197078883277,0.0
80.2,0.04,792.268340617707,437.60295065861465,0,-255.36994467564742,83.5042295547231,3.733166166861487,-12.669602383617411,10.606795174372607,0.0,0,8.9387830152599,14.757439300123963,0,0.5283261934651604,0.23750935648397545,0.0
80.24,0.04,757.0616446107695,444.0658336056451,0,-255.22808436130668,82.9922147412853,3.5465078585184124,-12.800370335945061,10.606795174372607,0.0,0,-35.20669600693759,6.462882947030437,0,0.5313036024389425,0.2279069578346938,0.0
80.28,0.04,778.5591662302796,417.28967813418154,0,-255.09331706268298,82.47507382411625,3.3691824655924916,-12.928522929226158,10.606795174372607,0.0,0,21.497521619510167,-26.77615547146354,0,0.5344127178396579,0.21878615619138828,0.0
80.32000000000001,0.04,765.0082626723284,425.9323445305121,0,-254.96528812899047,81.95290932529059,3.200723342312867,-13.054112470641634,10.606795174372607,0.0,0,-13.550903557951187,8.642666396330583,0,0.5376310739682894,0.21012189112296048,0.0
80.36,0.04,788.5406204972599,427.10268790426517,0,-254.84366064198258,81.42582171644143,3.0406871751972235,-13.1771902212288,10.606795174372607,0.0,0,23.53235782493141,1.1703433737530418,0,0.5409386222097436,0.20189033526809252,0.0
80.4,0.04,751.5966764128776,447.2253422823788,0,-254.7281145293251,80.89390945976926,2.888652816437362,-13.297806416804223,10.606795174372607,0.0,0,-36.943944084382224,20.122654378113623,0,0.5443175111534977,0.19406883541313588,0.0
80.44,0.04,805.5908626766088,471.40212010787326,0,-254.6183457223005,80.35726904823053,2.744220175615494,-13.416010288468138,10.606795174372607,0.0,0,53.994186263731194,24.17677782549447,0,0.5477518802268594,0.18663585671332875,0.0
80.48,0.04,765.7438429078657,415.6272641316793,0,-254.5140653556271,79.81599504492259,2.607009166834719,-13.531850082698774,10.606795174372607,0.0,0,-39.847019768743166,-55.774855976193976,0,0.5512276676025488,0.1795709298801842,0.0
80.52,0.04,779.4583614602186,457.9836846080759,0,-254.41499900728738,79.2701801216808,2.476658708492983,-13.645373081044799,10.606795174372607,0.0,0,13.714518552352956,42.356420476396636,0,0.5547324326256876,0.1728546011634405,0.0
80.56,0.04,724.5416938611569,434.79800762874294,0,-254.32088597636465,78.71991509690383,2.3528257730683335,-13.756625619423902,10.606795174372607,0.0,0,-54.916667599061725,-23.18567697933298,0,0.5582551926155754,0.16646838496146735,0.0
80.60000000000001,0.04,764.4767005387606,413.5438443468293,0,-254.23147859698804,78.16528897262242,2.235184484414917,-13.865653107035424,10.606795174372607,0.0,0,39.935006677603724,-21.254163281913634,0,0.5617862736151658,0.16039471889971027,0.0
80.64,0.04,747.8919217110628,454.44897275549124,0,-254.14654158658027,77.60638897082663,2.1234252601941708,-13.972500044894716,10.606795174372607,0.0,0,-16.584778827697846,40.90512840866194,0,0.5653171744643404,0.15461692122251794,0.0
80.68,0.04,764.6720728278283,430.9458331290803,0,-254.0658514266929,77.04330056906676,2.0172539971844623,-14.077210043996821,10.606795174372607,0.0,0,16.780151116765524,-23.503139626410928,0,0.5688404434453799,0.14911915034977788,0.0
80.72,0.04,718.3369038738917,442.534290087178,0,-253.98919577479987,76.47610753534208,1.916391297325239,-14.179825843116884,10.606795174372607,0.0,0,-46.335168953936545,11.588456958097709,0,0.5723495666749013,0.14388636645610595,0.0
80.76,0.04,709.4919153457128,418.2937628200953,0,-253.9163729055015,75.9048919622919,1.820571732458977,-14.280389326254545,10.606795174372607,0.0,0,-8.844988528178988,-24.24052726708271,0,0.5758388673820953,0.13890429493697587,0.0
80.8,0.04,753.976739066296,477.50851513772307,0,-253.84719117966807,75.32973430070273,1.729543145836028,-14.378941539729453,10.606795174372607,0.0,0,44.48482372058322,59.214752317627756,0,0.579303415210042,0.13415939163314541,0.0
80.84,0.04,753.0507611301791,437.1459512522375,0,-253.7814685401263,74.75071339234533,1.6430659885442265,-14.475522708934863,10.606795174372607,0.0,0,-0.9259779361168512,-40.36256388548554,0,0.5827389446942416,0.12963880969198566,0.0
80.88,0.04,702.573119174261,423.38697254414967,0,-253.7190320325616,74.16790650215509,1.560912689117015,-14.570172254756164,10.606795174372607,0.0,0,-50.4776419559181,-13.758978708087852,0,0.5861417821057416,0.12533036795188826,0.0
80.92,0.04,699.1317107391284,466.9643985264961,0,-253.65971735037516,73.58138934976866,1.4828670546611642,-14.66292880966104,10.606795174372607,0.0,0,-3.4414084351326437,43.577425982346426,0,0.5895087798891313,0.12122252074362037,0.0
80.96000000000001,0.04,736.0211541090464,454.4159565231896,0,-253.60336840229803,72.99123614042995,1.408723701928106,-14.753830233467818,10.606795174372607,0.0,0,36.88944336991801,-12.54844200330649,0,0.5928372579740389,0.11730432901047716,0.0
81.0,0.04,676.2853635496845,450.082457366443,0,-253.54983690162476,72.39751959527801,1.3382875168317008,-14.842913628798462,10.606795174372607,0.0,0,-59.73579055936193,-4.333499156746598,0,0.5961249512908197,0.11356543265699626,0.0
81.04,0.04,701.2451245003055,458.92286040205306,0,-253.49898197598515,71.80031098102911,1.2713731409901157,-14.930215356222492,10.606795174372607,0.0,0,24.95976095062099,8.840403035610052,0,0.5993699628734332,0.10999602404400176,0.0
81.08,0.04,708.8966113307623,446.41224194896955,0,-253.45066979662752,71.1996801390652,1.20780448394061,-15.015771049098042,10.606795174372607,0.0,0,7.651486830456861,-12.51061845308351,0,0.6025707219842085,0.10658682255557266,0.0
81.12,0.04,713.8015504662847,466.2758794457064,0,-253.40477322623778,70.59569551394056,1.1474142597435795,-15.09961562811608,10.606795174372607,0.0,0,4.904939135522341,19.86363749673683,0,0.6057259467453009,0.1033290501711867,0.0
81.16,0.04,684.3569095208396,463.22452302310757,0,-253.36117148436753,69.98842418131841,1.0900435467564005,-15.181783315553758,10.606795174372607,0.0,0,-29.44464094544503,-3.051356422598815,0,0.6088346108088786,0.10021440798364918,0.0
81.2,0.04,680.6286734806039,480.00948501506565,0,-253.3197498295908,69.3779318753487,1.0355413694185804,-15.262307649242683,10.606795174372607,0.0,0,-3.7282360402357426,16.784961991958085,0,0.611895913642723,0.09723505361035381,0.0
81.24,0.04,733.0055059597945,486.5830544050943,0,-253.2803992575529,68.76428301549838,0.9837643009476513,-15.341221496257829,10.606795174372607,0.0,0,52.376832479190625,6.573569390028638,0,0.614909254049166,0.09438357945200612,0.0
81.28,0.04,690.1429251177394,481.307361489395,0,-253.24301621411686,68.14754073284507,0.9345760859002687,-15.41855706633267,10.606795174372607,0.0,0,-42.86258084205508,-5.275692915699267,0,0.6178742065735949,0.091652991758853,0.0
81.32000000000001,0.04,675.382678243966,470.99827633482766,0,-253.20750232285266,67.52776689584483,0.8878472816052553,-15.494345925006016,10.606795174372607,0.0,0,-14.76024687377344,-10.309085154567356,0,0.6207905004933014,0.08903669046999636,0.0
81.36,0.04,666.5757673512306,473.36274902794287,0,-253.17376412615167,66.9050221355846,0.8434549175249925,-15.568619006505894,10.606795174372607,0.0,0,-8.806910892735345,2.3644726931152036,0,0.6236580011097504,0.08652844979613482,0.0
81.4,0.04,668.4404838397828,478.14004910483163,0,-253.14171283928573,66.27936587052957,0.8012821716487428,-15.641406626375776,10.606795174372607,0.0,0,1.864716488552176,4.777300076888764,0,0.6264766930958964,0.08412239952037216,0.0
81.44,0.04,651.8244001760964,458.68819242337304,0,-253.11126411676307,65.65085633077564,0.7612180630663057,-15.71273849384826,10.606795174372607,0.0,0,-16.616083663686368,-19.451856681458594,0,0.6292466656764781,0.08181300699532634,0.0
81.48,0.04,661.5927040737363,456.7607990610239,0,-253.08233783036655,65.01955058181679,0.7231571599129903,-15.782643723971294,10.606795174372607,0.0,0,9.76830389763984,-1.9273933623491644,0,0.6319680994426773,0.07959505981780758,0.0
81.52,0.04,649.8659571467916,490.9974604622872,0,-253.05485785828986,64.38550454783712,0.6869993019173408,-15.851150849491868,10.606795174372607,0.0,0,-11.726746926944656,34.23666140126335,0,0.6346412546239704,0.07746364916478704,0.0
81.56,0.04,640.1653058467253,496.07829226751994,1,-253.02734482504383,63.724242855403936,0.6878258311509613,-16.531542310829465,0.3344004247205419,-256.8098687413016,0,-9.700651300066284,5.0808318052327195,1,0.6618338106186399,0.6803919633650045,-10.272394749652065
81.60000000000001,0.04,645.8246705497553,491.041749453766,1,-252.99866685768782,63.036772813080006,0.7169491838997446,-17.186751058098295,-8.427284224817067,-219.0421162384402,0,5.659364703029951,-5.036542813753954,0,0.6880679362566887,0.6558556793784129,-8.761684649537608
81.64,0.04,643.3230791067105,493.04531323013106,0,-252.97142278869964,62.347685771602556,0.6811017247047574,-17.227176036936328,-8.427284224817067,0.0,0,-2.5015914430448447,2.0035637763650698,1,0.6896253983338906,0.054029799599773276,0.0
81.68,0.04,659.6316663334392,464.3005523124085,0,-252.94554092316085,61.65701407095465,0.6470466384695195,-17.2667925161976,-8.427284224817067,0.0,0,16.30858722672872,-28.744760917722544,0,0.6911564721824113,0.052241882886706545,0.0
81.72,0.04,629.7753166791729,473.1182772001301,0,-252.920953150899,60.9647894043197,0.6146943065460435,-17.305616665873647,-8.427284224817067,0.0,0,-29.856349654266296,8.817724887721567,0,0.6926612069711042,0.050536996140993246,0.0
81.76,0.04,598.9949152243427,478.5723533835874,0,-252.89759476725027,60.27104283101745,0.5839595912187413,-17.343664332556173,-8.427284224817067,0.0,0,-30.780401454830212,5.454076183457346,0,0.6941396992358921,0.04891060893338945,0.0
81.8,0.04,604.8208971160145,510.7302473902203,0,-252.87540430278395,59.57580478918125,0.5547616116578042,-17.38095104590505,-8.427284224817067,0.0,0,5.825981891671859,32.15789400663289,0,0.6955920870233303,0.047358431169140354,0.0
81.84,0.04,611.3090161930972,455.07525943214944,0,-252.85432336154096,58.87910510818177,0.527023531074914,-17.41749202498695,-8.427284224817067,0.0,0,6.488119077082729,-55.654987958070876,0,0.6970185446517667,0.04587640206780249,0.0
81.88,0.04,625.9116822192715,474.8412192342021,0,-252.8342964673601,58.18097302080228,0.5006723545211682,-17.45330218448721,-8.427284224817067,0.0,0,14.602666026174234,19.765959802052635,0,0.6984192780267289,0.044460679585459024,0.0
81.92,0.04,651.5149240506857,486.9053940490839,0,-252.8152709178883,57.48143717517038,0.47563873679510976,-17.488396140797466,-8.427284224817067,0.0,0,25.603241831414266,12.064174814881824,0,0.699794520453426,0.043107630252202024,0.0
81.96000000000001,0.04,631.2884533930693,498.0218047322698,0,-252.7971966458901,56.78052564645112,0.45185679995535427,-17.522788217981518,-8.427284224817067,0.0,0,-20.22647065761646,11.116410683185904,0,0.7011445288953166,0.04181381940081389,0.0
82.0,0.04,591.3102626384162,471.05332041330865,0,-252.7800260874918,56.07826594830624,0.42926395995758654,-17.556492453621885,-8.427284224817067,0.0,0,-39.97819075465304,-26.968484318961146,0,0.7024695806326745,0.040576001765405316,0.0
82.04,0.04,618.5316931566354,498.90685650972137,0,-252.7637140570134,55.37468504412426,0.4078007619597072,-17.589522604549447,-8.427284224817067,0.0,0,27.22143051821911,27.85353609641271,0,0.7037699702799594,0.039391112431533384,0.0
82.08,0.04,629.9362399115015,485.598681779581,0,-252.74821762805894,54.66980935802592,0.3874107238617218,-17.621892152458457,-8.427284224817067,0.0,0,11.404546754866146,-13.308174730140365,0,0.7050460071250292,0.0382562581216587,0.0
82.12,0.04,586.6869588721527,496.3594721209171,0,-252.7334960205522,53.96366478564955,0.3680401876686357,-17.65361430940929,-8.427284224817067,0.0,0,-43.24928103934883,10.760790341336076,0,0.7062980127567928,0.03716870880217431,0.0
82.16,0.04,585.6964960718894,484.1732634161827,0,-252.71951049342078,53.256276704720705,0.34963817828520394,-17.684702023221103,-8.427284224817067,0.0,0,-0.9904628002632307,-12.186208704734383,0,0.7075263189516954,0.036125889600024906,0.0
82.2,0.04,605.0897364141916,471.5164030331212,0,-252.70622424264596,52.54766998541044,0.3321562693709437,-17.71516798275668,-8.427284224817067,0.0,0,19.393240342302192,-12.656860383061485,0,0.7087312657921282,0.035125373018799894,0.0
82.24,0.04,588.8755651367883,511.23201011651923,0,-252.69360230440986,51.83786900048638,0.3155484559023965,-17.745024623101543,-8.427284224817067,0.0,0,-16.214171277403352,39.71560708339803,0,0.7099131999927871,0.03416487144551569,0.0
82.28,0.04,574.7817376513849,523.1632740222694,0,-252.68161146308557,51.1268976352608,0.29977103310727665,-17.77428413063951,-8.427284224817067,0.0,0,-14.09382748540338,11.9312639057502,0,0.7110724734134997,0.033242229940550226,0.0
82.32000000000001,0.04,577.125003684812,495.7128775320878,0,-252.6702201638275,50.41477929733973,0.2847824814519128,-17.802958448026722,-8.427284224817067,0.0,0,2.343266033427085,-27.450396490181618,0,0.7122094417390524,0.03235541930415963,0.0
82.36,0.04,589.7293888659473,477.4182641848263,0,-252.65939842953233,49.70153692617708,0.2705433573793172,-17.831059279066185,-8.427284224817067,0.0,0,12.604385181135285,-18.29461334726153,0,0.7133244633088612,0.03150252941373493,0.0
82.4,0.04,576.6737539248882,522.2428822686942,0,-252.64911778195193,48.987193002437685,0.2570161895103513,-17.85859809348486,-8.427284224817067,0.0,0,-13.055634941059111,44.824618083867904,0,0.7144178980807121,0.030681762826498055,0.0
82.44,0.04,601.6428686057959,492.3082995996311,0,-252.63935116675054,48.27176955717308,0.24416538003483373,-17.885586131615163,-8.427284224817067,0.0,0,24.96911468090775,-29.934582669063104,0,0.7154901067148094,0.02989142864265068,0.0
82.48,0.04,577.2579053702053,503.8337211612768,0,-252.6300728823092,47.55528818081377,0.23195711103309205,-17.91203440898286,-8.427284224817067,0.0,0,-24.38496323559059,11.525421561645715,0,0.7165414497654046,0.029129936624329094,0.0
82.52,0.04,521.3744070779196,514.9838257559187,0,-252.62125851208995,46.83777003198164,0.22035925548143745,-17.9379537208032,-8.427284224817067,0.0,0,-55.88349829228571,11.150104594641903,0,0.7175722869689469,0.028395791565602936,0.0
82.56,0.04,568.1683203806401,523.0167493047658,0,-252.61288486038166,46.11923584612616,0.20934129270736557,-17.963354646387135,-8.427284224817067,0.0,0,46.79391330272051,8.032923548847066,0,0.7185829766185199,0.027687587908869913,0.0
82.60000000000001,0.04,546.7564322230945,521.2982481494518,0,-252.60492989125876,45.39970594398778,0.19887422807199728,-17.98824755345939,-8.427284224817067,0.0,0,-21.411888157545604,-1.7185011553140157,0,0.7195738750156284,0.0270040046028175,0.0
82.64,0.04,526.4095057444156,498.0883118775705,0,-252.59737267059202,44.679200239892175,0.1889305166683974,-18.0126426023902,-8.427284224817067,0.0,0,-20.346926478678938,-23.209936271881247,0,0.7205453359910904,0.026343800196909444,0.0
82.68,0.04,575.8521683048804,489.7537355329683,0,-252.59019331095863,43.95773824987848,0.17948399083497754,-18.036549750342395,-8.427284224817067,0.0,0,49.44266256046478,-8.334576344602226,0,0.7214977104878885,0.025705808167213115,0.0
82.72,0.04,527.242486252131,495.93088862629986,0,-252.5833729193069,43.23533909966506,0.17050979129322866,-18.059978755335546,-8.427284224817067,0.0,0,-48.60968205274935,6.177153093331583,0,0.7224313461993145,0.02508893246800702,0.0
82.76,0.04,527.716112388451,518.799826049813,0,-252.57689354723774,42.51202153245591,0.1619843017285672,-18.082939180228834,-8.427284224817067,0.0,0,0.4736261363200356,22.868937423513103,0,0.7233465872566031,0.024492143303465084,0.0
82.8,0.04,504.4407215886862,502.58228281924585,0,-252.57073814377205,41.78780391659094,0.15388508664213885,-18.105440396624257,-8.427284224817067,0.0,0,-23.275390799764864,-16.217543230567117,0,0.724243773960792,0.023914473113365104,0.0
82.84,0.04,525.2547380319033,489.8710144714379,0,-252.56489051047964,41.062704253043265,0.1461908323100319,-18.127491588691772,-8.427284224817067,0.0,0,20.814016443217156,-12.711268347807959,0,0.7251232425540312,0.023355012766547247,0.0
82.88,0.04,555.0146116545639,522.3912580210214,0,-252.55933525885186,40.33674018276655,0.1388812906945303,-18.149101756917936,-8.427284224817067,0.0,0,29.759873622660507,32.52024354958348,0,0.7259853250261924,0.0228129079556263,0.0
82.92,0.04,519.140242377375,521.1116263771976,0,-252.55405776980547,39.609928993895366,0.1319372261598038,-18.170279721779576,-8.427284224817067,0.0,0,-35.87436927718886,-1.279631643823791,0,0.7268303489528867,0.022287355786258574,0.0
82.96000000000001,0.04,510.56687419641014,507.6304948579215,0,-252.5490441552114,38.882287628801606,0.1253403648518136,-18.191034127343983,-8.427284224817067,0.0,0,-8.573368180964849,-13.481131519276062,0,0.7276586373615093,0.021777601554091097,0.0
83.0,0.04,507.88737602994297,498.0831856555975,0,-252.54428122134703,38.153832691009725,0.11907334660922292,-18.2113734447971,-8.427284224817067,0.0,0,-2.6794981664671695,-9.547309202324016,0,0.7284705086222565,0.021282935702380695,0.0
83.04,0.04,518.3813190953645,497.6457957032784,0,-252.53975643417587,37.42458045197368,0.11311967927876176,-18.231305975901158,-8.427284224817067,0.0,0,10.49394306542149,-0.4373899523191085,0,0.7292662763614033,0.020802690953240128,0.0
83.08,0.04,553.2483650880071,505.86259661400186,0,-252.53545788636328,36.69454685771836,0.10746369531482367,-18.250839856383134,-8.427284224817067,0.0,0,34.8670459926426,8.216800910723464,0,0.7300462493942731,0.020336239605307005,0.0
83.12,0.04,491.99364923331194,483.0927425352859,0,-252.5313742659413,35.96374753534814,0.10209051054908248,-18.26998305925547,-8.427284224817067,0.0,0,-61.25471585469512,-22.76985407871598,0,0.7308107316758006,0.01988299099074854,0.0
83.16,0.04,514.4624249253857,504.9962919210833,0,-252.52749482654045,35.23219779942533,0.09698598502162835,-18.28874339807036,-8.427284224817067,0.0,0,22.468775692073734,21.90354938579742,0,0.7315600222666632,0.019442389084417467,0.0
83.2,0.04,469.3311400593787,520.4817514110266,0,-252.52380935910963,34.49991265822097,0.09213668577054693,-18.30712853010895,-8.427284224817067,0.0,0,-45.13128486600698,15.48545948994331,0,0.7322944153131782,0.019013910258097844,0.0
83.24,0.04,473.86635172975997,496.2198560142832,0,-252.52030816505035,33.7669068198407,0.08752985148201958,-18.32514595950677,-8.427284224817067,0.0,0,4.535211670381273,-24.261895396743398,0,0.7330142000394034,0.01859706117286666,0.0
83.28,0.04,506.93122256435925,517.3617596887381,0,-252.51698203069404,33.03319469822803,0.0831533589079186,-18.342803040316635,-8.427284224817067,0.0,0,33.064870834599276,21.141903674454852,0,0.7337196607500172,0.018191376802685216,0.0
83.32000000000001,0.04,492.84521328076033,492.17623347568906,0,-252.51382220305553,32.29879041904762,0.07899569096252267,-18.360106979510302,-8.427284224817067,0.0,0,-14.086009283598912,-25.185526213049002,0,0.7344110768426648,0.01779641858246469,0.0
83.36,0.04,486.2630326636132,502.1396686053937,0,-252.51082036679895,31.563707825450816,0.07504590641439653,-18.377064839920095,-8.427284224817067,0.0,0,-6.582180617147117,9.963435129704635,0,0.7350887228286904,0.017411772674102887,0.0
83.4,0.04,501.7215393730032,520.9344784419928,0,-252.5079686223552,30.82796048372595,0.0712936110936767,-18.393683543121693,-8.427284224817067,0.0,0,15.458506709390008,18.794809836599143,0,0.7357528683610963,0.01703704834402625,0.0
83.44,0.04,499.2425436886348,505.21913425054464,0,-252.50525946513363,30.09156168883558,0.06772893053899286,-18.409969872259257,-8.427284224817067,0.0,0,-2.478995684368442,-15.715344191448196,0,0.7364037782689876,0.01667187644609983,0.0
83.48,0.04,478.9555887232451,490.7289929703975,0,-252.50268576577315,29.354524469843017,0.0643424840120432,-18.42593047481407,-8.427284224817067,0.0,0,-20.28695496538967,-14.490141280147157,0,0.7370417125975216,0.016315908003926405,0.0
83.52,0.04,463.6172066117255,498.2687448174402,0,-252.5002407513807,28.616861595230304,0.06112535981144104,-18.441571865317787,-8.427284224817067,0.0,0,-15.338382111519593,7.539751847042737,0,0.7376669266527209,0.015968812886744788,0.0
83.56,0.04,521.8491687783629,486.3187525035734,0,-252.49791798770786,27.878585578109845,0.05806909182086899,-18.45690042801143,-8.427284224817067,0.0,0,58.2319621666374,-11.949992313866801,0,0.7382796710504277,0.01563027857343368,0.0
83.60000000000001,0.04,479.2390597054743,491.22988183890914,0,-252.49571136221869,27.139708681331797,0.05516563722982554,-18.4719224194512,-8.427284224817067,0.0,0,-42.61010907288863,4.9111293353357155,0,0.7388801917688743,0.015300008999303935,0.0
83.64,0.04,461.00399985865215,492.5169629978314,0,-252.49361506800395,26.40024292248931,0.052407355368334255,-18.486643971062175,-8.427284224817067,0.0,0,-18.23505984682214,1.2870811589222626,0,0.7394687302042813,0.014977723480624218,0.0
83.68,0.04,487.30746929395957,477.3178313709472,0,-252.49162358849995,25.66020007882367,0.04978698759991754,-18.50107109164093,-8.427284224817067,0.0,0,26.30346943530742,-15.199131626884196,0,0.7400455232290364,0.014663155712045907,0.0
83.72,0.04,473.9716047777297,529.369897727052,0,-252.48973168297115,24.919591692031346,0.04729763821992166,-18.51520966980811,-8.427284224817067,0.0,0,-13.33586451622989,52.05206635610483,0,0.7406108032520582,0.014356052832347997,0.0
83.76,0.04,439.61499561439757,514.4827892085332,0,-252.4879343727188,24.17842907297487,0.04493275630892558,-18.529065476411947,-8.427284224817067,0.0,0,-34.35660916333211,-14.887108518518858,0,0.7411647982809231,0.014056174554118655,0.0
83.8,0.04,441.04494158605985,517.7480214970037,0,-252.48622692797906,23.43672330629952,0.042686118493479294,-18.542644166883708,-8.427284224817067,0.0,0,1.4299459716622778,3.2652322884705427,0,0.7417077319854539,0.013763292353273372,0.0
83.84,0.04,463.3689479426287,510.00827872666457,0,-252.4846048554763,22.69448525495768,0.04055181256880533,-18.555951283546033,-8.427284224817067,0.0,0,22.324006356568873,-7.739742770339149,0,0.7422398237624652,0.013477188714447622,0.0
83.88,0.04,440.71385452116306,499.3689856843292,0,-252.4830638865987,21.951725564642675,0.03852422194036506,-18.568992257875113,-8.427284224817067,0.0,0,-22.655093421465665,-10.639293042335396,0,0.7427612888014045,0.013197656428633728,0.0
83.92,0.04,436.3122419172347,496.29573611684776,0,-252.48159996616496,21.20845466813397,0.03659801084334681,-18.58177241271761,-8.427284224817067,0.0,0,-4.401612603928356,-3.0732495674814118,0,0.74327233815062,0.012924497939511522,0.0
83.96000000000001,0.04,443.3052605745764,478.9437165555733,0,-252.48020924175293,20.46468278955544,0.03476811030117947,-18.594296964463254,-8.427284224817067,0.0,0,6.993018657341679,-17.35201956127446,0,0.7437731787841155,0.01265752473525446,0.0
84.0,0.04,478.89098215391135,509.95733388531295,0,-252.4788880535615,19.72041994854848,0.033029704786120495,-18.606571025173988,-8.427284224817067,0.0,0,35.58572157933497,31.013617329739645,0,0.7442640136685301,0.01239655678265416,0.0
84.04,0.04,419.601717100125,510.8825498537062,0,-252.4776329247796,18.97567596436166,0.03137821954681447,-18.618599604670507,-8.427284224817067,0.0,0,-59.28926505378638,0.9252159683932746,0,0.7447450418302332,0.01214142200072654,0.0
84.08,0.04,418.04798181383535,529.6239827571483,0,-252.47644055243683,18.230460459858577,0.029809308569473742,-18.630387612577096,-8.427284224817067,0.0,0,-1.5537352862896228,18.741432903442046,0,0.7452164584223755,0.011891955771050067,0.0
84.12,0.04,469.67085249104895,481.57311310172764,0,-252.47530779871119,17.484782865445556,0.028318843141000055,-18.641939860325554,-8.427284224817067,0.0,0,51.6228706772136,-48.05086965542063,0,0.7456784547917369,0.011648000482281618,0.0
84.16,0.04,442.6453155134142,507.9026116251576,0,-252.4742316826718,16.738652422920794,0.02690290098395005,-18.653261063119043,-8.427284224817067,0.0,0,-27.025536977634772,26.329498523429947,0,0.7461312185453228,0.011409405106464586,0.0
84.2,0.04,454.9558083885687,521.7442688229178,0,-252.4732093724344,15.992078189246527,0.025557755934752548,-18.66435584185666,-8.427284224817067,0.0,0,12.310492875154523,13.841657197760185,0,0.746574933616539,0.011176024804915578,0.0
84.24,0.04,449.44382524899925,508.8971309490465,0,-252.4722381777089,15.245069040245745,0.02427986813801492,-18.675228725019526,-8.427284224817067,0.0,0,-5.511983139569452,-12.847137873871247,0,0.7470097803309318,0.01094772056157608,0.0
84.28,0.04,448.2789693799081,517.8808239076731,0,-252.47131554271965,14.49763367422498,0.023065874731114173,-18.685884150519133,-8.427284224817067,0.0,0,-1.1648558690911273,8.983692958626534,0,0.7474359354713409,0.010724358841892264,0.0
84.32000000000001,0.04,443.62363119399004,512.0297588128026,0,-252.47043903947986,13.74978061552463,0.021912580994558464,-18.69632646750875,-8.427284224817067,0.0,0,-4.655338185918083,-5.851065094870478,0,0.7478535723424735,0.010505811275405737,0.0
84.36,0.04,413.3153687395969,508.4501624647315,0,-252.46960636140207,13.001518217998287,0.02081695194483054,-18.706559938158573,-8.427284224817067,0.0,0,-30.308262454393116,-3.5795963480711066,0,0.7482628608347818,0.01029195436034325,0.0
84.4,0.04,405.2845590650947,471.3149709328261,0,-252.46881531722818,12.25285466842247,0.019776104347589012,-18.7165887393954,-8.427284224817067,0.0,0,-8.030809674502223,-37.13519153190538,0,0.748663967487648,0.010082669188686555,0.0
84.44,0.04,415.06434597641453,501.7103734499038,0,-252.46806382526296,11.503797989838171,0.018787299130209562,-18.72641696460749,-8.427284224817067,0.0,0,9.779786911319832,30.395402517077684,0,0.7490570555517891,0.0098778411901321,0.0
84.48,0.04,442.13201566418996,526.5045976608922,0,-252.46734990789602,10.754356044825558,0.017847934173699082,-18.73604862531534,-8.427284224817067,0.0,0,27.067669687775435,24.794224210988375,0,0.7494422850508873,0.009677359893724124,0.0
84.52,0.04,406.6292858484924,496.2902537956587,0,-252.46667168639743,10.004536538713197,0.016955537465014128,-18.745487652809032,-8.427284224817067,0.0,0,-35.50272981569759,-30.214343865233445,0,0.7498198128423833,0.00948111870573995,0.0
84.56,0.04,463.72769911093866,500.0646441670105,0,-252.46602737597377,9.254347022723083,0.01610776059176342,-18.75473789975285,-8.427284224817067,0.0,0,57.098413262446286,3.7743903713517852,0,0.7501897926774282,0.009289014702778424,0.0
84.60000000000001,0.04,432.13864670983486,488.7867073613185,0,-252.46541528107127,8.50379489705277,0.01530237256217525,-18.763803141757794,-8.427284224817067,0.0,0,-31.5890524011038,-11.27793680569198,0,0.7505523752599773,0.009100948438838687,0.0
84.64,0.04,436.56392660421466,469.8202542461185,0,-252.4648337909139,7.752887413895865,0.014537253934066487,-18.772687078922637,-8.427284224817067,0.0,0,4.425279894379798,-18.96645311520001,0,0.7509077083049829,0.008916823765441957,0.0
84.68,0.04,434.1840761989722,499.20465645166774,0,-252.4642813752644,7.001631680402098,0.013810391237363162,-18.781393337344184,-8.427284224817067,0.0,0,-2.3798504052424505,29.384402205549236,0,0.7512559365957173,0.008736547663844307,0.0
84.72,0.04,442.5062378271184,514.947274956428,0,-252.46375658039736,6.250034661578206,0.013119871675495004,-18.7899254705973,-8.427284224817067,0.0,0,8.322161628146205,15.742618504760287,0,0.7515972020401716,0.008560030088396186,0.0
84.76,0.04,457.9510297234174,499.84708126381656,0,-252.4632580252737,5.498103183130792,0.012463878091720252,-18.798286961185354,-8.427284224817067,0.0,0,15.444791896298966,-15.10019369261147,0,0.7519316437265593,0.008387183820334276,0.0
84.8,0.04,432.1878963841896,510.7353566790956,0,-252.4627843979062,4.745843934252326,0.01184068418713424,-18.806481221961647,-8.427284224817067,0.0,0,-25.76313333922775,10.888275415279054,0,0.7522593979779029,0.008217924331155677,0.0
84.84,0.04,436.67261473283907,506.94133585986094,0,-252.46233445190708,3.9932634703514296,0.011248649977777527,-18.81451159752241,-8.427284224817067,0.0,0,4.484718348649437,-3.7940208192346745,0,0.7525805984057059,0.008052169654942194,0.0
84.88,0.04,412.1023691768204,503.5974995716429,0,-252.46190700320793,3.240368215728551,0.01068621747888865,-18.822381365571964,-8.427284224817067,0.0,0,-24.570245556018676,-3.3438362882180286,0,0.7528953759627159,0.007889840268950994,0.0
84.92,0.04,481.9200882645257,529.8213645962006,0,-252.46150092694373,2.4871644661981303,0.010151906604944217,-18.830093738260523,-8.427284224817067,0.0,0,69.81771908770531,26.22386502455771,0,0.7532038589947726,0.007730858981849536,0.0
84.96000000000001,0.04,456.8014744376571,512.1556798241926,0,-252.46111515449275,1.733658391658318,0.009644311274697006,-18.83765186349531,-8.427284224817067,0.0,0,-25.118613826868625,-17.665684772008035,0,0.7535061732917528,0.007575150829126679,0.0
85.0,0.04,441.8194800917094,498.87271344724866,0,-252.46074867066432,0.9798560386093017,0.009162095710962156,-18.845058826225404,-8.427284224817067,0.0,0,-14.981994345947669,-13.282966376943932,0,0.7538024421376135,0.007422642975040268,0.0
85.04,0.04,436.2102396565564,527.3790967388367,0,-252.4604005110273,0.2257633326212658,0.008703990925414047,-18.852317649700897,-8.427284224817067,0.0,0,-5.609240435153026,28.50638329158801,0,0.7540927863595376,0.007273264620712101,0.0
85.08,0.04,470.33531448673966,490.87575727967874,0,-252.46006975937215,-0.5286139192470093,0.008268791379143344,-18.859431296706877,-8.427284224817067,0.0,0,34.12507483018328,-36.50333945915793,0,0.754377324376196,0.00712694691791373,0.0
85.12,0.04,434.5967817957794,483.6966903134015,0,-252.45975554529974,-1.2832700260779188,0.007855351810186177,-18.86640267077274,-8.427284224817067,0.0,0,-35.738532690960255,-7.179066966277219,0,0.7546561722451282,0.006983622888112142,0.0
85.16,0.04,422.18724051641607,523.9202561692169,0,-252.45945704193096,-2.03819941077221,0.007462584219676867,-18.873234617357284,-8.427284224817067,0.0,0,-12.409541279363339,40.22356585581542,0,0.7549294437092532,0.0068432273463782025,0.0
85.2,0.04,444.04142384301434,499.09575865156444,0,-252.45917346373062,-2.793396607772616,0.0070894550086930234,-18.87992992501014,-8.427284224817067,0.0,0,21.854183326598275,-24.824497517652503,0,0.7551972502425213,0.006705696829895185,0.0
85.24,0.04,453.5579926576215,462.34218380367054,0,-252.4589040644403,-3.548856260833013,0.006734982258258372,-18.886491326509933,-8.427284224817067,0.0,0,9.516568814607183,-36.7535748478939,0,0.7554597010947134,0.006570969530617985,0.0
85.28,0.04,436.32191675097454,482.29190008984165,0,-252.4586481351145,-4.3045731208322024,0.006398233145345453,-18.892921499979735,-8.427284224817067,0.0,0,-17.236075906646988,19.94971628617111,0,0.7557169033354051,0.006438985231912969,0.0
85.32000000000001,0.04,468.39169949622953,502.9873064030253,0,-252.45840500225498,-5.060542043631408,0.0060783214880781805,-18.89922306998014,-8.427284224817067,0.0,0,32.069782745255,20.69540631318364,0,0.7559689618970994,0.00630968524876118,0.0
85.36,0.04,439.26880954775186,500.14157573828084,1,-252.4983081074859,-5.844539281578269,-0.9975776307731625,-19.599930948671542,-23.842249080230776,-385.37412138534273,0,-29.122889948477678,-2.845730664744451,1,0.7850120552675474,1.2240575157114248,-15.414964855413709
85.4,0.04,397.4210072822373,517.2089605529717,1,-252.5867270112604,-6.659978311635726,-2.2104725943619714,-20.3859757514364,-37.664250769197764,-345.5500422241747,0,-41.84780226551453,17.067384814690854,0,0.82021869905881,1.4453306281445588,-13.822001688966989
85.44,0.04,451.43041930948795,471.2433301522136,1,-252.71285983117298,-7.497666007723625,-3.153320497814531,-20.94219240219747,-51.01035136881636,-333.65251499046485,0,54.00941202725062,-45.96563040075807,0,0.8471305474578006,1.09468677329579,-13.346100599618595
85.48,0.04,442.6225723710226,496.9775096714711,1,-252.87846813661136,-8.362749205745818,-4.140207635959411,-21.627079950554826,-62.34977808235391,-283.4856678384387,0,-8.807846938465332,25.73417951925751,0,0.8807922855761606,1.2012564993916748,-11.339426713537549
85.52,0.04,464.6886194147836,483.83364171256005,1,-253.07913871816677,-9.252599132110523,-5.016764538885494,-22.246248159117627,-72.84961901392899,-262.496023289377,0,22.06604704376099,-13.143867958911073,0,0.9121960171767143,1.0731827777980016,-10.49984093157508
85.56,0.04,445.15630262029526,498.0772115606263,1,-253.31877803919812,-10.0,-5.990983025784016,0.0,-81.53091874988347,-217.03249339886204,1,-19.532316794488338,14.243569848066272,0,0.7848790107438904,22.26756966571025,-8.681299735954482
85.60000000000001,0.04,412.41800531413935,501.35555051747275,1,-253.60393375916667,-10.0,-7.128892999213318,0.0,-87.83999978963729,-157.7270259938455,1,-32.738297306155914,3.278338956846426,0,0.28515571996854305,1.1379099734293021,-6.309081039753821
85.64,0.04,451.7843543519616,486.84009541311843,1,-253.9267326082648,-10.0,-8.069971227453504,0.0,-93.14346611716691,-132.58665818824048,1,39.36634903782226,-14.515455104354317,0,0.3227988490981488,0.9410782282401859,-5.30346632752962
85.68,0.04,482.78621399014264,500.3307877071857,1,-254.28097421456494,-10.0,-8.856040157502786,0.0,-96.92451009211578,-94.5260993737218,1,31.00185963818103,13.490692294067287,0,0.35424160630012125,0.7860689300492822,-3.7810439749488722
85.72,0.04,453.9197960692489,480.9521351327405,1,-254.6724318616512,-10.0,-9.78644117715653,0.0,-101.28603776740982,-109.03819188235104,1,-28.866417920893753,-19.378652574445198,0,0.39145764708626984,0.9304010196537433,-4.361527675294042
85.76,0.04,463.80529517345576,487.3671302912155,1,-255.09912844970276,-10.0,-10.667414701289243,0.0,-104.79264581948594,-87.66520130190294,1,9.885499104206872,6.414995158474994,0,0.42669658805155564,0.8809735241327132,-3.5066080520761176
85.8,0.04,461.9359193974844,495.0377673048967,1,-255.56143785387482,-10.0,-11.557735104301823,0.0,-107.7445828862985,-73.79842667031404,1,-1.8693757759713776,7.670637013681187,0,0.46230940417206057,0.8903204030125806,-2.9519370668125617
85.84,0.04,462.0474838756351,463.5768114009315,1,-256.05933776127176,-10.0,-12.447497684923643,0.0,-111.07572225291646,-83.27848416544903,1,0.11156447815073989,-31.460955903965214,0,0.4978999073969419,0.8897625806218201,-3.331139366617961
85.88,0.04,467.2009703709485,479.38547477567374,1,-256.5917974745945,-10.0,-13.311492833068893,0.0,-113.47216856192199,-59.91115772513815,1,5.153486495313359,15.808663374742252,0,0.5324597133227371,0.8639951481452499,-2.396446309005526
85.92,0.04,475.1518611785207,471.3886358121134,1,-257.15722681568155,-10.0,-14.135733527176296,0.0,-115.54454162728462,-51.809326634065656,1,7.950890807572193,-7.996838963560322,0,0.5654293410870537,0.8242406941074023,-2.072373065362626
85.96000000000001,0.04,449.04304879355647,493.0181247085037,1,-257.7608475470099,-10.0,-15.090518283208507,0.0,-117.43742014811986,-47.321963020880986,1,-26.10881238496421,21.629488896390285,0,0.6036207313283626,0.9547847560322111,-1.8928785208352394
86.0,0.04,461.44419598822276,493.22610774763297,1,-258.40017943914063,-10.0,-15.983297303267403,0.0,-118.76442168960463,-33.175038537119406,1,12.401147194666294,0.2079830391292603,0,0.6393318921307127,0.8927790200588959,-1.3270015414847762
86.04,0.04,517.418291097962,463.3731889026369,1,-259.0640276730517,-10.0,-16.596205847777593,0.0,-118.7409675835074,0.5863526524308327,1,55.97409510973921,-29.852918844996054,0,0.6638482339110965,0.6129085445101907,0.023454106097233307
86.08,0.04,456.69991268541054,456.1077339642688,1,-259.76453592442573,-10.0,-17.512706284350553,0.0,-120.83494751971418,-52.34949840516947,1,-60.71837841255143,-7.265454938368123,0,0.7005082513740035,0.9165004365729601,-2.093979936206779
86.12,0.04,449.9219057104586,489.7594819260642,1,-260.50305979465764,-10.0,-18.463096755798272,0.0,-121.93653658567297,-27.539726648969776,1,-6.77800697495195,33.65174796179542,0,0.7385238702319157,0.9503904714477187,-1.101589065958791
86.16,0.04,472.13732725068144,445.48700793142154,1,-261.27515619943944,-10.0,-19.302410119544856,0.0,-123.41087798654664,-36.85853502184173,1,22.21542154022285,-44.27247399464267,0,0.7720964047817915,0.8393133637465837,-1.4743414008736693
86.2,0.04,460.8666755145548,436.1545069023774,1,-262.08307926911834,-10.0,-20.198076741972084,0.0,-125.29439843553831,-47.08801122479187,1,-11.270651736126638,-9.332501029044124,0,0.8079230696789068,0.8956666224272283,-1.8835204489916748
86.24,0.04,473.54765667031387,450.48440901884857,1,-262.9242928074632,-10.0,-21.030338458620502,0.0,-125.99483777420836,-17.510983466751284,1,12.68098115575907,14.329902116471146,0,0.8412135383448458,0.8322617166484179,-0.7004393386700514
86.28,0.04,494.8398938957657,473.1683075122341,1,-263.79453836702885,-10.0,-21.756138989141686,0.0,-125.11435024845814,22.01218814375565,1,21.292237225451856,22.683898493385527,0,0.8702455595656602,0.7258005305211839,0.880487525750226
86.32000000000001,0.04,508.5613082230947,451.15246720351905,1,-264.6910716649499,-10.0,-22.41333244802622,0.0,-124.06564298639718,26.217681551523953,1,13.721414327329,-22.015840308715042,0,0.896533297921053,0.6571934588845352,1.048707262060958
86.36,0.04,496.54670257409134,453.48409796258994,1,-265.6162956223561,-10.0,-23.130598935155756,0.0,-123.51726968475336,13.70933254109552,1,-12.014605649003386,2.3316307590708902,0,0.9252239574062173,0.7172664871295353,0.5483733016438208
86.4,0.04,517.3126840375419,470.4129680226639,1,-266.56605704295487,-10.0,-23.744035514968044,0.0,-121.57443721842435,48.57081165822521,1,20.765981463450544,16.92887006007396,0,0.9497614205987475,0.6134365798122872,1.9428324663290084
86.44,0.04,484.91171329931916,461.54309217219225,1,-267.5468361208937,-10.0,-24.519476948471446,0.0,-121.34815425860663,5.657073995443085,1,-32.400970738222725,-8.869875850471658,0,0.9807790779388483,0.7754414335034028,0.2262829598177234
86.48,0.04,522.7034424682653,460.20289547637026,1,-268.55107451033894,-10.0,-25.105959736130114,0.0,-119.16915061543042,54.47509107940505,1,37.79172916894612,-1.3401966958219873,0,1.00423838944522,0.5864827876586673,2.179003643176202
86.52,0.04,475.09469548391485,481.55445493840665,1,-269.58829396068734,-10.0,-25.930486258710527,0.0,-118.92403491156742,6.12789259657518,1,-47.60874698435043,21.35155946203639,0,1.0372194503484025,0.8245265225804133,0.24511570386300718
86.56,0.04,497.01737644624615,445.2852366084442,1,-270.65410993574653,-10.0,-26.645399376479286,0.0,-118.3429835079751,14.5262850898078,1,21.9226809623313,-36.26921832996243,0,1.065815975059195,0.7149131177687593,0.581051403592312
86.60000000000001,0.04,514.3451338797507,445.2996054580639,1,-271.74505688402974,-10.0,-27.27367370708053,0.0,-116.60736521090816,43.390457426673734,1,17.327757433504587,0.014368849619700086,0,1.0909469482832037,0.6282743306012435,1.7356182970669494
86.64,0.04,516.3454802121918,441.67396415008346,1,-272.8607347362705,-10.0,-27.89194630601956,0.0,-114.78842549657776,45.473492858259945,1,2.0003463324410404,-3.625641307980459,0,1.1156778522407649,0.6182725989390292,1.8189397143303978
86.68,0.04,501.9465770661595,428.9136658994097,1,-274.004023273098,-10.0,-28.58221342068877,0.0,-114.20926266881162,14.479070694153506,1,-14.398903146032296,-12.76029825067377,0,1.1432885368275265,0.6902671146692114,0.5791628277661403
86.72,0.04,538.7492835790977,446.41223672244934,1,-275.16756195320977,-10.0,-29.088467002793276,0.0,-110.79693360627866,85.30822656332404,1,36.80270651293819,17.498570823039643,0,1.163538680111742,0.506253582104506,3.4123290625329616
86.76,0.04,507.7716863714441,439.3737584653294,1,-276.3575462960472,-10.0,-29.749608570936044,0.0,-109.66353705342013,28.334913821463203,1,-30.97759720765356,-7.038478257119948,0,1.1899843428374197,0.6611415681427673,1.1333965528585281
86.8,0.04,558.5637516722825,445.3571292029243,1,-277.56381788855015,-10.0,-30.15678981257464,0.0,-105.23100639621613,110.81326643009994,1,50.792065300838374,5.983370737594896,0,1.206271592502958,0.4071812416385967,4.432530657203998
86.84,0.04,534.3829809663677,453.23039570757766,1,-278.7912128848599,-10.0,-30.684874907742806,0.0,-102.66722199610106,64.0946100028767,1,-24.180770705914824,7.8732665046533725,0,1.2273949963097266,0.5280850951681657,2.5637844001150683
86.88,0.04,550.4249626927276,452.5002543018026,1,-280.03652288863105,-10.0,-31.132750094279157,0.0,-99.33033558582996,83.42216025677764,1,16.04198172635995,-0.7301414057750435,0,1.2453100037711806,0.4478751865363506,3.3368864102711058
86.92,0.04,530.2867138964916,452.25858858533815,1,-281.3037755496229,-10.0,-31.68131652479671,0.0,-97.35253480790608,49.44501944809687,1,-20.138248796235985,-0.24166571646446755,0,1.2672526609918577,0.5485664305175533,1.9778007779238749
86.96000000000001,0.04,537.8340614779034,437.3373760071962,1,-282.5914613983192,-10.0,-32.1921462174072,0.0,-94.71905309501899,65.83704282217724,1,7.547347581411827,-14.921212578141933,0,1.2876858486962988,0.5108296926104892,2.6334817128870895
87.0,0.04,553.0419812263,456.6075780471242,1,-283.89653885077024,-10.0,-32.62693631127571,0.0,-91.82061041577138,72.46106698119021,1,15.207919748396534,19.270202039927995,0,1.3050774524510302,0.4347900938685143,2.8984426792476086
87.04,0.04,538.033713658147,445.51582999160905,1,-285.22200956048965,-10.0,-33.136767742984986,0.0,-89.67082512639874,53.744632234316114,1,-15.008267568152974,-11.091748055515154,0,1.3254707097194114,0.5098314317092729,2.1497852893726446
87.08,0.04,557.6135812297807,430.6902509171978,1,-286.5639575539631,-10.0,-33.54869983683609,0.0,-86.08000031473493,89.7706202915952,1,19.579867571633713,-14.82557907441128,0,1.3419479934734682,0.41193209385110663,3.5908248116638077
87.12,0.04,540.5630361072017,435.0622302107105,1,-287.9257929402151,-10.0,-34.04588465630009,0.0,-83.86360299119728,55.40993308844122,1,-17.050545122579024,4.371979293512709,0,1.3618353862519825,0.49718481946399606,2.216397323537649
87.16,0.04,556.5033018429651,480.6500357364852,1,-289.3043276660985,-10.0,-34.46336814708526,0.0,-82.0519309697485,45.29180053621964,1,15.940265735763433,45.58780552577474,0,1.3785347258834122,0.4174834907851732,1.8116720214487856
87.2,0.04,565.1771103123403,436.51102639080955,1,-290.69782696991945,-10.0,-34.837482595523554,0.0,-78.83241274904572,80.48795551756953,1,8.673808469375217,-44.139009345675674,0,1.3934993038209313,0.37411444843829145,3.2195182207027813
87.24,0.04,576.899756698675,428.2370396931971,1,-292.10394632240065,-10.0,-35.15298381203017,0.0,-75.08506340342215,93.68373364058904,1,11.722646386334645,-8.273986697612429,0,1.4061193524811983,0.3155012165066182,3.7473493456235616
87.28,0.04,569.7469286301215,424.2720740783992,1,-293.5241162891558,-10.0,-35.504249168879554,0.0,-71.76133294987893,83.0932613385805,1,-7.152828068553504,-3.9649656147979044,0,1.420169966755168,0.35126535684938176,3.32373045354322
87.32000000000001,0.04,595.5831291311234,407.54638010747607,1,-294.95316963008474,-10.0,-35.72633352322394,0.0,-67.16214305384956,114.97974740073431,1,25.83620050100194,-16.725693970923146,0,1.429053340928931,0.2220843543443891,4.5991898960293724
87.36,0.04,582.1236431994645,428.84760032691116,1,-296.3937982423738,-10.0,-36.015715307226614,0.0,-64.30778862986031,71.35886059973124,1,-13.459485931658946,21.301220219435095,0,1.4406286122890606,0.28938178400267134,2.8543544239892498
87.4,0.04,589.8773977059801,431.8444292935142,1,-297.84445137512165,-10.0,-36.26632831869672,0.0,-61.588538168943984,67.9812615229082,1,7.753754506515634,2.9968289666030614,0,1.4506531327478456,0.25061301147010795,2.719250460916328
87.44,0.04,585.5082764638023,432.16726278995196,1,-299.30600285257674,-10.0,-36.53878693637772,0.0,-59.2510452418462,58.43732317744461,1,-4.369121242177812,0.3228334964377382,0,1.4615514774550888,0.27245861768099644,2.3374929270977844
87.48,0.04,575.8745910008602,405.2117597398691,1,-300.7803794118317,-10.0,-36.85941398137341,0.0,-56.17471365895738,76.90828957222048,1,-9.63368546294214,-26.955503050082882,0,1.4743765592549494,0.32062704499568895,3.0763315828888196
87.52,0.04,612.0302150841463,426.5231669186949,1,-302.2603499280698,-10.0,-36.999262905952676,0.0,-53.456912418981084,67.94503099940741,1,36.15562408328617,21.311407178825846,0,1.4799705162380974,0.1398489245792689,2.7178012399762963
87.56,0.04,615.129537042831,442.65280169290736,1,-303.74529453689934,-10.0,-37.12361522073853,0.0,-51.487819337236985,49.227327043602465,1,3.0993219586846408,16.129634774212434,0,1.4849446088295508,0.12435231478585251,1.9690930817440986
87.60000000000001,0.04,602.9304538098618,417.9684479361791,1,-305.2376530549669,-10.0,-37.308962951689224,0.0,-49.072065812652866,60.39383811460297,1,-12.199083232969201,-24.684353756728285,0,1.49235851806759,0.18534773095069568,2.415753524584119
87.64,0.04,634.2393674409565,417.7129119541668,1,-306.7311636995463,-10.0,-37.33776611448444,0.0,-46.35451325429543,67.93881395893581,1,31.308913631094697,-0.2555359820122476,0,1.4935106445793735,0.028803162795213666,2.7175525583574327
87.68,0.04,605.8248859756254,422.08575721826816,1,-308.23150936693054,-10.0,-37.5086416846063,0.0,-44.53761997385713,45.42233201095751,1,-28.41448146533105,4.372845264101329,0,1.500345667384238,0.17087557012186494,1.8168932804383005
87.72,0.04,582.8106889282101,400.63646778991915,1,-309.74329289652917,-10.0,-37.79458823996525,0.0,-42.42199786494997,52.89055272267902,1,-23.014197047415337,-21.449289428349005,0,1.511783529598631,0.2859465553589473,2.1156221089071607
87.76,0.04,608.7930530158959,413.9446002297972,1,-311.2613178155246,-10.0,-37.950622974885775,0.0,-40.5897824824439,45.805384562651774,1,25.982364087685824,13.308132439878023,0,1.5180249189954225,0.15603473492052444,1.832215382506071
87.8,0.04,640.2990406418193,391.8192914008227,1,-312.77928292639166,-10.0,-37.949127771676686,0.0,-37.71242393361621,71.93396372069233,1,31.505987625923353,-22.125308828974482,0,1.5179651108670669,0.0014952032090889134,2.8773585488276936
87.84,0.04,595.8497302073342,390.5200676218531,0,-314.2213497817154,-10.0,-36.05167138309285,0.0,-37.71242393361621,0.0,1,-44.44931043448503,-1.2992237789695764,1,1.4420668553237306,1.8974563885838336,0.0
87.88,0.04,654.4573567576977,382.2583875478546,0,-315.59131329427294,-10.0,-34.24908781393821,0.0,-37.71242393361621,0.0,1,58.60762655036342,-8.261680073998491,0,1.369963512557547,1.802583569154642,0.0
87.92,0.04,638.619113868805,418.95264651784896,0,-316.8927786312026,-10.0,-32.5366334232413,0.0,-37.71242393361621,0.0,1,-15.838242888892637,36.69425896999434,0,1.3014653369296525,1.7124543906969123,0.0
87.96000000000001,0.04,622.2216685449968,421.42567669337757,0,-318.1291707012858,-10.0,-30.909801752079233,0.0,-37.71242393361621,0.0,1,-16.397445323808256,2.4730301755286064,0,1.236392070083184,1.6268316711620656,0.0
88.0,0.04,588.5829975182586,400.3170530831003,0,-319.3037431678648,-10.0,-29.36431166447527,0.0,-37.71242393361621,0.0,1,-33.638671026738166,-21.108623610277277,0,1.1745724665790362,1.5454900876039623,0.0
88.04,0.04,647.8652763586736,384.0979671913102,0,-320.41958701111486,-10.0,-27.896096081251507,0.0,-37.71242393361621,0.0,1,59.28227884041496,-16.219085891790087,0,1.1158438432500475,1.4682155832237633,0.0
88.08,0.04,638.0896046495628,400.92009377877355,0,-321.47963866220243,-10.0,-26.50129127718893,0.0,-37.71242393361621,0.0,1,-9.775671709110725,16.822126587463345,0,1.0600516510875764,1.3948048040625771,0.0
88.12,0.04,658.6934529069782,393.83385071590214,0,-322.48668773073564,-10.0,-25.17622671332948,0.0,-37.71242393361621,0.0,1,20.603848257415393,-7.086243062871404,0,1.007049068533206,1.3250645638594492,0.0
88.16,0.04,635.7552193653661,413.8230863976996,0,-323.44338434584216,-10.0,-23.917415377663005,0.0,-37.71242393361621,0.0,1,-22.938233541612135,19.98923568179748,0,0.956696615106523,1.2588113356664756,0.0
88.2,0.04,683.5379014812784,385.8115479274944,0,-324.35224613019335,-10.0,-22.721544608779855,0.0,-37.71242393361621,0.0,1,47.78268211591228,-28.01153847020521,0,0.9088617843511884,1.1958707688831502,0.0
88.24,0.04,637.6207823814415,371.2746378328614,0,-325.215664825327,-10.0,-21.585467378340862,0.0,-37.71242393361621,0.0,1,-45.917119099836896,-14.536910094633015,0,0.863418695133646,1.1360772304389926,0.0
88.28,0.04,702.8109175568205,363.0612941927807,0,-326.03591258570395,-10.0,-20.50619400942382,0.0,-37.71242393361621,0.0,1,65.19013517537905,-8.213343640080723,0,0.820247760376958,1.0792733689170433,0.0
88.32000000000001,0.04,671.859341538732,389.87758259145494,0,-326.8151479580621,-10.0,-19.48088430895263,0.0,-37.71242393361621,0.0,1,-30.95157601808853,26.81628839867426,0,0.77923537235813,1.0253097004711904,0.0
88.36,0.04,713.9337479741159,360.3660712875628,0,-327.5554215618023,-10.0,-18.506840093504998,0.0,-37.71242393361621,0.0,1,42.074406435383935,-29.51151130389212,0,0.7402736037402065,0.9740442154476305,0.0
88.4,0.04,702.7675588991407,375.5904121917906,0,-328.25868148535545,-10.0,-17.581498088829747,0.0,-37.71242393361621,0.0,1,-11.16618907497525,15.224340904227802,0,0.703259923553162,0.925342004675251,0.0
88.44,0.04,656.8249296801434,414.74982172905914,0,-328.926778412731,-10.0,-16.70242318438826,0.0,-37.71242393361621,0.0,1,-45.94262921899724,39.159409537268516,0,0.6680969273755295,0.8790749044414881,0.0
88.48,0.04,680.0226165430265,386.8189988322455,0,-329.5614704937377,-10.0,-15.867302025168845,0.0,-37.71242393361621,0.0,1,23.197686862883074,-27.930822896813652,0,0.6346920810067331,0.8351211592194137,0.0
88.52,0.04,703.5146761742492,371.16006922903847,0,-330.16442797069413,-10.0,-15.073936923910402,0.0,-37.71242393361621,0.0,1,23.492059631222673,-15.658929603207014,0,0.6029574769564192,0.7933651012584431,0.0
88.56,0.04,706.1047473414213,370.77145716107907,0,-330.7372375738027,-10.0,-14.320240077714882,0.0,-37.71242393361621,0.0,1,2.590071167172141,-0.38861206795940006,0,0.572809603108567,0.7536968461955205,0.0
88.60000000000001,0.04,677.4222267157604,383.1573162389734,0,-331.2814066967559,-10.0,-13.604228073829137,0.0,-37.71242393361621,0.0,1,-28.682520625660914,12.385859077894338,0,0.5441691229531784,0.7160120038857443,0.0
88.64,0.04,667.7144869487781,389.77974635125025,0,-331.7983673635614,-10.0,-12.92401667013768,0.0,-37.71242393361621,0.0,1,-9.707739766982286,6.622430112276845,0,0.5169606668055167,0.680211403691457,0.0
88.68,0.04,672.9894776327682,391.05911926180454,0,-332.2894799970266,-10.0,-12.277815836630795,0.0,-37.71242393361621,0.0,1,5.2749906839900405,1.2793729105542866,0,0.4911126334652067,0.6462008335068852,0.0
88.72,0.04,707.2367182978342,348.4194891809367,0,-332.75603699881856,-10.0,-11.663925044799255,0.0,-37.71242393361621,0.0,1,34.24724066506599,-42.639630080867846,0,0.4665570017919549,0.6138907918315404,0.0
88.76,0.04,703.5926245499683,367.4277805709145,0,-333.19926615052094,-10.0,-11.080728792559292,0.0,-37.71242393361621,0.0,1,-3.6440937478658952,19.008291389977785,0,0.44322915170238275,0.5831962522399632,0.0
88.8,0.04,697.4953892949538,389.8377672426136,0,-333.6203338446382,-10.0,-10.526692352931327,0.0,-37.71242393361621,0.0,1,-6.097235255014425,22.40998667169913,0,0.4210676941172551,0.5540364396279642,0.0
88.84,0.04,687.1032091819826,362.75862592624986,0,-334.0203481540496,-10.0,-10.00035773528476,0.0,-37.71242393361621,0.0,1,-10.392180112971232,-27.079141316363746,0,0.4000143094114037,0.5263346176465671,0.0
88.88,0.04,743.2756651468336,393.1498191092246,0,-334.4003617479904,-10.0,-9.500339848520522,0.0,-37.71242393361621,0.0,1,56.172455964851,30.391193182974746,0,0.38001359394081646,0.5000178867642386,0.0
88.92,0.04,686.4654890968411,344.1242348064827,0,-334.7613746622342,-10.0,-9.025322856094496,0.0,-37.71242393361621,0.0,1,-56.81017604999249,-49.02558430274189,0,0.3610129142437586,0.4750169924260259,0.0
88.96000000000001,0.04,740.5818000708805,390.34409215873166,0,-335.1043369307658,-10.0,-8.574056713289771,0.0,-37.71242393361621,0.0,1,54.11631097403938,46.21985735224894,0,0.3429622685316076,0.4512661428047249,0.0
89.0,0.04,756.7423870526344,346.6003320593461,0,-335.4301510858708,-10.0,-8.145353877625283,0.0,-37.71242393361621,0.0,1,16.16058698175391,-43.743760099385554,0,0.32581415510503575,0.4287028356644882,0.0
89.04,0.04,699.0368039383676,362.3273747711764,0,-335.7396745332206,-10.0,-7.738086183744018,0.0,-37.71242393361621,0.0,1,-57.7055831142668,15.72704271183028,0,0.3095234473497612,0.4072676938812645,0.0
89.08,0.04,748.315139202869,362.7709273335751,0,-336.03372180820287,-10.0,-7.351181874556817,0.0,-37.71242393361621,0.0,1,49.27833526450138,0.44355256239873597,0,0.2940472749822902,0.38690430918720153,0.0
89.12,0.04,736.6505816004892,367.46843498635855,0,-336.31306671943605,-10.0,-6.983622780828975,0.0,-37.71242393361621,0.0,1,-11.664557602379773,4.697507652783429,0,0.2793449112331814,0.36755909372784146,0.0
89.16,0.04,747.6019744131955,361.9228902768401,0,-336.57844438510756,-10.0,-6.634441641787526,0.0,-37.71242393361621,0.0,1,10.951392812706331,-5.545544709518424,0,0.2653776656715081,0.3491811390414492,0.0
89.2,0.04,748.6506017767999,342.8402429582569,0,-336.8305531674955,-10.0,-6.30271955969815,0.0,-37.71242393361621,0.0,1,1.0486273636043961,-19.082647318583213,0,0.25210878238794976,0.33172208208937626,0.0
89.24,0.04,724.6271817011269,355.47954983025824,0,-337.07005651076406,-10.0,-5.987583581713242,0.0,-37.71242393361621,0.0,1,-24.023420075673016,12.639306872001328,0,0.23950334326855227,0.3151359779849079,0.0
89.28,0.04,737.1399144576519,322.72024903008275,0,-337.2975846868692,-10.0,-5.68820440262758,0.0,-37.71242393361621,0.0,1,12.512732756524997,-32.75930080017548,0,0.22752817610512466,0.2993791790856619,0.0
89.32000000000001,0.04,777.4740534607125,356.70619768902856,0,-337.513736454169,-10.0,-5.403794182496201,0.0,-37.71242393361621,0.0,1,40.33413900306061,33.9859486589458,0,0.21615176729983432,0.2844102201313792,0.0
89.36,0.04,748.8329030652551,318.08350332320447,0,-337.7190806331039,-10.0,-5.13360447337139,0.0,-37.71242393361621,0.0,1,-28.64115039545743,-38.62269436582409,0,0.20534417893486534,0.27018970912481066,0.0
89.4,0.04,780.6462796149525,303.39871428558104,0,-337.914157603092,-10.0,-4.87692424970282,0.0,-37.71242393361621,0.0,1,31.81337654969741,-14.684789037623432,0,0.19507696998812207,0.25668022366857013,0.0
89.44,0.04,768.6169117950278,333.7580788766858,0,-338.0994807245807,-10.0,-4.633078037217679,0.0,-37.71242393361621,0.0,1,-12.029367819924687,30.359364591104736,0,0.18532312148869323,0.24384621248514105,0.0
89.48,0.04,787.8988275305032,319.28497075579685,0,-338.27553768999496,-10.0,-4.401424135356795,0.0,-37.71242393361621,0.0,1,19.281915735475422,-14.473108120888924,0,0.1760569654142614,0.2316539018608843,0.0
89.52,0.04,790.7633725346732,330.1368480031986,0,-338.4427918071385,-10.0,-4.181352928588955,0.0,-37.71242393361621,0.0,1,2.8645450041699405,10.851877247401774,0,0.16725411714355687,0.2200712067678401,0.0
89.56,0.04,774.9487198393076,358.4455107866708,0,-338.6016832184249,-10.0,-3.9722852821595067,0.0,-37.71242393361621,0.0,1,-15.814652695365567,28.308662783472187,0,0.1588914112863904,0.20906764642944786,0.0
89.60000000000001,0.04,784.5917317306187,319.982602201282,0,-338.75263005914695,-10.0,-3.773671018051531,0.0,-37.71242393361621,0.0,1,9.643011891311062,-38.46290858538879,0,0.15094684072204245,0.19861426410797556,0.0
89.64,0.04,776.2891232312213,340.33771769442063,0,-338.8960295578329,-10.0,-3.5849874671489546,0.0,-37.71242393361621,0.0,1,-8.302608499397365,20.355115493138612,0,0.1433994986859375,0.1886835509025766,0.0
89.68,0.04,790.649844148019,344.7005515823241,0,-339.0322590815845,-10.0,-3.4057380937915065,0.0,-37.71242393361621,0.0,1,14.360720916797732,4.362833887903491,0,0.13622952375163777,0.17924937335744806,0.0
89.72,0.04,780.0293033526643,343.87433229275956,0,-339.1616771291486,-10.0,-3.235451189101931,0.0,-37.71242393361621,0.0,1,-10.620540795354714,-0.8262192895645626,0,0.12941804756405872,0.17028690468957564,0.0
89.76,0.04,794.4046896022909,329.4543958996131,0,-339.2846242743345,-10.0,-3.0736786296468344,0.0,-37.71242393361621,0.0,1,14.375386249626558,-14.419936393146486,0,0.1229471451858899,0.1617725594550965,0.0
89.8,0.04,832.9651848745259,336.9686720852909,0,-339.40142406226107,-10.0,-2.9199946981644924,0.0,-37.71242393361621,0.0,1,38.560495272235016,7.514276185677829,0,0.1167997879265954,0.15368393148234194,0.0
89.84,0.04,794.8920444708215,308.6000393698107,0,-339.5123838607913,-10.0,-2.7739949632562677,0.0,-37.71242393361621,0.0,1,-38.07314040370443,-28.368632715480203,0,0.11095979853024573,0.1459997349082247,0.0
89.88,0.04,833.5722179525425,329.59862296135304,0,-339.61779566939504,-10.0,-2.6352952150934543,0.0,-37.71242393361621,0.0,1,38.680173481721,20.998583591542342,0,0.10541180860371924,0.13869974816281339,0.0
89.92,0.04,822.8654904047122,319.97208732286845,0,-339.7179368875686,-10.0,-2.5035304543387813,0.0,-37.71242393361621,0.0,1,-10.706727547830269,-9.626535638484597,0,0.10014121817357591,0.13176476075467303,0.0
89.96000000000001,0.04,812.4019563272872,268.75372461451184,0,-339.81307104483346,-10.0,-2.378353931621842,0.0,-37.71242393361621,0.0,1,-10.463534077425038,-51.21836270835661,0,0.09513415726485164,0.12517652271693924,0.0
90.0,0.04,813.9906118107039,305.0133604908546,0,-339.9034484942351,-10.0,-2.25943623504075,0.0,-37.71242393361621,0.0,1,1.5886554834166873,36.25963587634277,0,0.09037744940161474,0.11891769658109208,0.0
90.04,0.04,828.055215791145,319.3946055695745,0,-339.98930707116665,-10.0,-2.1464644232887125,0.0,-37.71242393361621,0.0,1,14.06460398044112,14.381245078719871,0,0.08585857693157095,0.11297181175203752,0.0
90.08,0.04,828.187327635398,310.18279295275875,0,-340.0708727192516,-10.0,-2.0391412021242767,0.0,-37.71242393361621,0.0,1,0.1321118442530178,-9.211812616815735,0,0.08156564808496114,0.10732322116443571,0.0
90.12,0.04,836.85611862756,322.89805928319964,0,-340.14836008493234,-10.0,-1.9371841420180629,0.0,-37.71242393361621,0.0,1,8.66879099216203,12.715266330440897,0,0.07748736568072445,0.10195706010621386,0.0
90.16,0.04,816.4106558963091,284.90741518069456,0,-340.22197308232904,-10.0,-1.8403249349171598,0.0,-37.71242393361621,0.0,1,-20.445462731250927,-37.99064410250509,0,0.07361299739670812,0.09685920710090312,0.0
90.2,0.04,828.2014370105156,320.35130677645,0,-340.2919054298559,-10.0,-1.7483086881713017,0.0,-37.71242393361621,0.0,1,11.790781114206538,35.44389159575542,0,0.0699323475268443,0.09201624674585807,0.0
90.24,0.04,839.5865269401295,318.215046022431,0,-340.3583411600064,-10.0,-1.6608932537627366,0.0,-37.71242393361621,0.0,1,11.385089929613855,-2.136260754018963,0,0.06643573015048787,0.08741543440856514,0.0
90.28,0.04,820.5212563190355,329.6995448588821,0,-340.42145510364935,-10.0,-1.5778485910745996,0.0,-37.71242393361621,0.0,1,-19.065270621093987,11.48449883645111,0,0.06311394364297485,0.08304466268813693,0.0
90.32000000000001,0.04,866.3381515083272,291.27501777338347,0,-340.4814133501102,-10.0,-1.4989561615208695,0.0,-37.71242393361621,0.0,1,45.8168951892917,-38.42452708549865,0,0.05995824646083747,0.0788924295537301,0.0
90.36,0.04,826.7599617575406,300.12283971201913,0,-340.538373684248,-10.0,-1.424008353444826,0.0,-37.71242393361621,0.0,1,-39.57818975078658,8.847821938635661,0,0.05696033413778423,0.07494780807604351,0.0
90.4,0.04,823.5887862839602,325.40145114247787,0,-340.5924860016789,-10.0,-1.3528079357725846,0.0,-37.71242393361621,0.0,1,-3.1711754735804334,25.27861143045874,0,0.05411231743090639,0.07120041767224139,0.0
90.44,0.04,825.1787039115422,330.77709972156794,0,-340.64389270323824,-10.0,-1.2851675389839554,0.0,-37.71242393361621,0.0,1,1.5899176275820537,5.375648579090068,0,0.051406701559358225,0.06764039678862921,0.0
90.48,0.04,798.2701577589457,296.63148545846576,0,-340.69272906971963,-10.0,-1.2209091620347576,0.0,-37.71242393361621,0.0,1,-26.9085461525965,-34.145614263102175,0,0.048836366481396,0.06425837694919778,0.0
90.52,0.04,856.5425947722559,307.9426308037574,0,-340.73912361787694,-10.0,-1.1598637039330197,0.0,-37.71242393361621,0.0,1,58.272437013310196,11.311145345291663,0,0.046394548157309146,0.06104545810173789,0.0
90.56,0.04,816.0849316616869,307.6986023283012,0,-340.7831984386264,-10.0,-1.1018705187363687,0.0,-37.71242393361621,0.0,1,-40.457663110569,-0.24402847545621853,0,0.04407482074947211,0.05799318519665109,0.0
90.60000000000001,0.04,853.8786500768484,322.9003711735579,0,-340.8250695183384,-10.0,-1.0467769927995503,0.0,-37.71242393361621,0.0,1,37.79371841516149,15.201768845256709,0,0.04187107971199566,0.05509352593681838,0.0
90.64,0.04,846.9671574927411,290.0206577330229,0,-340.8648470440648,-10.0,-0.9944381431595727,0.0,-37.71242393361621,0.0,1,-6.91149258410735,-32.879713440535,0,0.039777525726378826,0.05233884963997759,0.0
90.68,0.04,817.3030219342211,291.52726405259136,0,-340.90263569350486,-10.0,-0.944716236001594,0.0,-37.71242393361621,0.0,1,-29.66413555852,1.5066063195684478,0,0.037788649440074096,0.04972190715797864,0.0
90.72,0.04,861.4396492886907,278.0452122626078,0,-340.9385349104729,-10.0,-0.8974804242015143,0.0,-37.71242393361621,0.0,1,44.136627354469624,-13.482051789983586,0,0.035899216968061864,0.04723581180007974,0.0
90.76,0.04,850.1880580242671,289.38896792938885,0,-340.97263916659256,-10.0,-0.8526064029914385,0.0,-37.71242393361621,0.0,1,-11.25159126442361,11.343755666781078,0,0.03410425611963319,0.044874021210075776,0.0
90.8,0.04,841.8239593565279,271.4061071136059,0,-341.0050382099062,-10.0,-0.8099760828418666,0.0,-37.71242393361621,0.0,1,-8.3640986677392,-17.982860815782942,0,0.03239904331366006,0.04263032014957191,0.0
90.84,0.04,863.8338159306694,308.737516772754,0,-341.0358173010542,-10.0,-0.7694772786997732,0.0,-37.71242393361621,0.0,1,22.00985657414151,37.33140965914811,0,0.030779091147962845,0.04049880414209339,0.0
90.88,0.04,827.2068394142843,257.0341495383683,0,-341.0650574376448,-10.0,-0.7310034147647845,0.0,-37.71242393361621,0.0,1,-36.62697651638507,-51.70336723438572,0,0.02924013659060165,0.03847386393498875,0.0
90.92,0.04,855.6280466503073,270.1354359275299,0,-341.09283556740587,-10.0,-0.6944532440265452,0.0,-37.71242393361621,0.0,1,28.42120723602295,13.1012863891616,0,0.02777812976108862,0.036550170738239296,0.0
90.96000000000001,0.04,815.5658937674602,281.07723543364347,0,-341.11922479067886,-10.0,-0.6597305818252179,0.0,-37.71242393361621,0.0,1,-40.062152882847045,10.941799506113568,0,0.026389223272985873,0.03472266220132725,0.0
91.0,0.04,868.8334082681566,267.31728255135465,0,-341.1442945527882,-10.0,-0.6267440527339571,0.0,-37.71242393361621,0.0,1,53.26751450069639,-13.759952882288815,0,0.025069762109353633,0.032986529091260874,0.0
91.04,0.04,855.0745753733379,271.048016973449,0,-341.1681108267921,-10.0,-0.5954068500972591,0.0,-37.71242393361621,0.0,1,-13.758832894818738,3.730734422094372,0,0.023816274003877425,0.031337202636697925,0.0
91.08,0.04,839.5992112918847,243.9526601504628,0,-341.1907362870958,-10.0,-0.5656365075923961,0.0,-37.71242393361621,0.0,1,-15.475364081453222,-27.09535682298622,0,0.022625460303686395,0.02977034250486299,0.0
91.12,0.04,822.6179258823158,237.41506934328515,0,-341.2122304743843,-10.0,-0.5373546822127763,0.0,-37.71242393361621,0.0,1,-16.98128540956884,-6.537590807177651,0,0.021494187288510602,0.028281825379619874,0.0
91.16,0.04,838.092027455905,283.2593412782811,0,-341.23264995230835,-10.0,-0.5104869481021375,0.0,-37.71242393361621,0.0,1,15.474101573589223,45.84427193499596,0,0.020419477924065177,0.026867734110638808,0.0
91.2,0.04,800.8631109315066,253.53632070279738,0,-341.25204845633624,-10.0,-0.48496260069703057,0.0,-37.71242393361621,0.0,1,-37.228916524398414,-29.72302057548373,0,0.01939850402789034,0.025524347405106895,0.0
91.24,0.04,836.7807920836452,250.7888470789373,0,-341.27047703516274,-10.0,-0.460714470662179,0.0,-37.71242393361621,0.0,1,35.917681152138584,-2.7474736238600883,0,0.018428578826501507,0.024248130034851545,0.0
91.28,0.04,830.9921119736875,256.56725547237824,1,-341.2507071915945,-9.979313451094475,0.4942460892062462,0.5171637226381085,-31.120826806908696,164.7899281676878,0,-5.7886801099576815,5.778408393440941,1,0.028614332428601744,1.0860055188244315,6.591597126707512
91.32000000000001,0.04,834.9085781687268,239.28465759581556,1,-341.1919556323925,-9.934483833708114,1.4687889800498686,1.120740434659031,-24.850102226025594,156.76811452207752,0,3.91646619503922,-17.282597876562676,0,0.07390155819516193,1.146315267885686,6.270724580883101
91.36,0.04,841.992348040754,263.66122901479184,1,-341.09280560358235,-9.870386462124712,2.4787507202536467,1.602434289585072,-19.85623128301926,124.84677357515838,0,7.083769872027233,24.376571418976283,0,0.11806439453514442,1.1189511546751958,4.9938709430063355
91.4,0.04,854.4570658016708,268.91598998270797,1,-340.95076416161186,-9.788072288537851,3.551036049262013,2.0578543396715325,-15.622925748526832,105.83263836231068,0,12.464717760916756,5.254760967916127,0,0.16416879852866148,1.164990664695359,4.233305534492427
91.44,0.04,821.9961786374186,258.397640194498,1,-340.7723234839139,-9.68543764298989,4.4610169424490955,2.5658661386990422,-11.151352668669855,111.78932699642444,0,-32.4608871642522,-10.518349788209946,0,0.20585175715562704,1.0421809890401608,4.471573079856977
91.48,0.04,865.4440431837066,258.0077095730354,1,-340.5487939975792,-9.562404539356535,5.5882371583676225,3.075827590833865,-7.653498769946874,87.4463474680745,0,43.44786454628809,-0.3899306214626108,0,0.25515206417098774,1.2372089952141745,3.4978538987229806
91.52,0.04,834.0501118322647,243.32453516176702,1,-340.28645448887806,-9.416036342755534,6.558487717528937,3.65920491502503,-3.7580287462205857,97.38675059315722,0,-31.393931351441893,-14.683174411268396,0,0.30040916564209635,1.1321286366545489,3.8954700237262885
91.56,0.04,821.1469330147696,246.51883940508196,1,-339.98788559357394,-9.24697191403555,7.464222382602788,4.22661071799962,-0.12704779991211712,90.77452365771171,0,-12.903178817495132,3.194304243314946,0,0.3431124688808943,1.068786521605545,3.6309809463084686
91.60000000000001,0.04,846.3408446668989,281.35767579936703,1,-339.64804852933645,-9.062179020475439,8.495926605937274,4.619822339002785,1.809863699302938,48.42278748037638,0,25.19391165212926,34.83883639428507,0,0.3868302518416464,1.1040964556315507,1.9369114992150551
91.64,0.04,837.5357789515288,264.3425456956096,1,-339.26870430930865,-8.858254636054449,9.48360550069491,5.098109610524737,4.153646180785702,58.594562037069096,0,-8.80506571537012,-17.01513010375743,0,0.4306822399751148,1.0973915952154814,2.343782481482764
91.68,0.04,822.5220341567228,229.03160435187007,1,-338.8528556824495,-8.628136572503834,10.396215671478519,5.752951588765387,7.483460145114259,83.24534910821393,0,-15.013744794805916,-35.31094134373953,0,0.4752729780167612,1.1232432240097485,3.329813964328557
91.72,0.04,859.0819024363598,233.04772634712793,1,-338.3931906751031,-8.372628054222645,11.491625183660307,6.3877129570297475,9.771055246205002,57.189877527268564,0,36.55986827963693,4.016121995257862,0,0.5259054305605045,1.2660347522952073,2.2875951010907425
91.76,0.04,842.7972629954982,243.46520354906744,1,-337.89296621515757,-8.093812576651269,12.505611498637808,6.97038693928441,11.806553582386277,50.887458404531884,0,-16.28463944086161,10.417477201939505,0,0.5726801732739972,1.1694773262266176,2.0354983361812753
91.8,0.04,798.1273253355694,237.57608969549426,1,-337.36111629014493,-7.790512317018991,13.296248125315646,7.582506490806939,14.752808895033478,73.65638281618003,0,-44.66993765992879,-5.889113853573178,0,0.6122543509269281,0.999898305229413,2.9462553126472013
91.84,0.04,860.7259662184912,257.03313758978413,1,-336.7851211718886,-7.46661868490467,14.399877956408108,8.097340802858017,15.617125029084349,21.607903351271762,0,62.59864088292181,19.45704789428987,0,0.6608157543365222,1.217806705902987,0.8643161340508705
91.88,0.04,856.7303179658417,249.97811081185284,0,-336.23792580954506,-7.164569325432636,13.679884058587703,7.551233986800857,15.617125029084349,0.0,0,-3.9956482526495165,-7.055026777931289,1,0.6250252635915873,0.90367243370743,0.0
91.92,0.04,829.0733958770102,237.35713301149264,0,-335.71809021531874,-6.8839273531500424,12.995889855658318,7.016049307064839,15.617125029084349,0.0,0,-27.656922088831493,-12.620977800360208,0,0.5907528769555821,0.8684875998338429,0.0
91.96000000000001,0.04,819.1649513463016,254.96554526510195,0,-335.22424640080374,-6.624264620313101,12.3460953628754,6.491568320923542,15.617125029084349,0.0,0,-9.908444530708607,17.608412253609316,0,0.5579484276876114,0.8350528053211698,0.0
92.0,0.04,814.3348742554401,262.86414701519175,1,-334.6955356114376,-6.345174716879197,13.21776973415261,6.977247585847583,17.0234594861709,35.158361427163776,0,-4.830077090861437,7.898601750089796,1,0.5978513803537648,0.997847963328419,1.406334457086551
92.04,0.04,806.6825236407942,222.5690505535579,1,-334.13348831734334,-6.038598623556005,14.051182352356575,7.664402333079794,19.72342520105591,67.49914287212526,0,-7.652350614645911,-40.29509646163385,0,0.6402234467715171,1.0801658385754254,2.6999657148850105
92.08,0.04,797.3843258807973,244.420167086825,1,-333.5399641580729,-5.708906563650179,14.838103981760566,8.24230149764567,21.763137081518376,50.99279701156165,0,-9.298197759996924,21.85111653326709,0,0.6789460818081344,0.9763263261992736,2.039711880462466
92.12,0.04,819.7607999144057,244.5310824618634,1,-332.9104878388196,-5.356120720236724,15.736907981332605,8.819646085336352,23.033719650821432,31.764564232576387,0,22.37647403360836,0.11091537503841664,0,0.7215942681407652,1.0682581160854414,1.2705825693030555
92.16,0.04,781.3602043257414,234.48845085462753,1,-332.2527394787012,-4.978232566994196,16.443709002961313,9.447203831063215,25.655399226964423,65.54198940357479,0,-38.40059558866426,-10.042631607235876,0,0.7585725816291649,0.9451964919513653,2.6216795761429914
92.2,0.04,820.3805311508976,241.57423177645066,1,-331.55891501235254,-4.576659260106958,17.34561165871581,10.039332672180961,26.608752835677254,23.83384021782078,0,39.02032682515619,7.08578092182313,0,0.8016567288486596,1.078909155091596,0.9533536087128311
92.24,0.04,821.8819722039219,208.75733949392654,1,-330.82871415156313,-4.144837421118504,18.255021519735422,10.79554597471133,28.426709990801562,45.448928878107694,0,1.5014410530243367,-32.81689228252412,0,0.8483297694440318,1.1827446276536597,1.8179571551243079
92.28,0.04,809.8258106721635,225.37545488924374,1,-330.0645481286393,-3.6860906731079,19.10415057309625,11.46866870026511,29.937517494425126,37.770187590589096,0,-12.056161531758448,16.618115395317204,0,0.8912902385876182,1.0835655738894647,1.510807503623564
92.32000000000001,0.04,781.7860035004497,262.0782459462258,1,-329.2720249050153,-3.207759574286541,19.81308059059849,11.958277470533982,30.813191939274674,21.891861121238687,0,-28.039807171713733,36.70279105698208,0,0.9256855298010018,0.8615674771252239,0.8756744448495475
92.36,0.04,827.7426331003533,225.03091811419415,1,-328.4419531547713,-2.7024346590880204,20.75179375610024,12.633122879963011,31.61941109277756,20.155478837572183,0,45.95662959990352,-37.04732783203167,0,0.9717882384931299,1.1561136335645188,0.8062191535028873
92.4,0.04,768.9294462265649,245.34984468281004,1,-327.58609551528195,-2.174179712826062,21.396440987233078,13.20637365654896,33.9541388871279,58.36819485875839,0,-58.81318687378837,20.318926568615893,0,1.0057562265889641,0.8626624516365751,2.3347277943503357
92.44,0.04,814.409506844898,230.78713680922507,1,-326.69535597442365,-1.6200821939259484,22.26848852145757,13.852437972502834,34.64423919346445,17.25250765841384,0,45.48006061833314,-14.56270787358497,0,1.049019060884847,1.0852953525635147,0.6901003063365536
92.48,0.04,779.2907711292262,239.4088022315129,1,-325.7767582793395,-1.0418664354721376,22.964942377103696,14.455393961345269,36.472213634478415,45.699361025349106,0,-35.118735715671846,8.621665422287833,0,1.085428573761636,0.9211969917044422,1.8279744410139642
92.52,0.04,823.5678081386695,231.40912123259946,1,-324.82144702262764,-0.43793250126484673,23.882781417797034,15.098348355182273,36.60130231633456,3.227217046403652,0,44.27703700944335,-7.999680998913448,0,1.130201660805496,1.1206332393674456,0.12908868185614608
92.56,0.04,752.2209267410132,226.20821602102384,1,-323.84369158056757,0.19275978973823937,24.443886051502105,15.767307275077153,40.78676056194963,104.63645614037667,0,-71.34688139765638,-5.200905211575616,0,1.1635198624900258,0.8731233855946287,4.185458245615067
92.60000000000001,0.04,773.0335962354413,237.1382363627726,1,-322.83932941926037,0.848024433468771,25.10905403267931,16.38161609326329,42.746090612929194,48.98325127448917,0,20.812669494428178,10.930020341748758,0,1.1992143696558046,0.9054412003463326,1.9593300509795668
92.64,0.04,764.4887582337361,241.22145027663856,1,-321.81006950630643,1.527044787143975,25.731497823847988,16.975508841880096,45.174634345472256,60.71359331357655,0,-8.544838001705216,4.083213913865961,0,1.2330631002179637,0.8603167265746153,2.428543732543062
92.68,0.04,773.0186049428162,240.42513326905765,1,-320.75420587236397,2.2299801141653672,26.39659084856207,17.573383175534808,46.74693987176695,39.307638157367286,0,8.529846709080061,-0.7963170075809103,0,1.2684502699975508,0.894316750579118,1.5723055262946914
92.72,0.04,792.1451298938889,246.26574014172206,1,-319.6679132124427,2.955662293158415,27.157316498031506,18.142054474826196,46.4132977144997,-8.34105393168123,0,19.126524951072724,5.840606872664409,0,1.306386760460647,0.9497844810263274,-0.3336421572672492
92.76,0.04,779.5467047153783,234.5594516180073,1,-318.5537112115784,3.7064325818278614,27.855050021608392,18.769257216736158,47.85376399699404,36.01165706235854,0,-12.598425178510638,-11.706288523714761,0,1.3435408907357078,0.938197926549825,1.4404662824943415
92.8,0.04,782.0306948021405,223.66096813773208,1,-317.41110307175364,4.484470676869761,28.565203495619087,19.450952376047496,49.530359701789855,41.91489261989538,0,2.483990086762219,-10.898483480275218,0,1.382351850481704,0.9843913078029343,1.6765957047958153
92.84,0.04,760.0155375975056,233.9521966529791,1,-316.24449182440935,5.287718332581065,29.16528118360661,20.0811913927826,53.15773219165143,90.68431224653928,0,-22.015157204634875,10.291228515247013,0,1.4163998725063167,0.8702266657806342,3.627372489861571
92.88,0.04,761.2061800270169,229.19180101233243,1,-315.0536393410597,6.117127628089903,29.771312083741705,20.735232387720938,56.58825533640121,85.76307861874461,0,1.1906424295112856,-4.760395640646664,0,1.4512234206270638,0.8916518799276351,3.4305231447497846
92.92,0.04,758.8862925045187,219.21652679181213,1,-313.83900959920913,6.974693618240378,30.365743546264312,21.43914975376188,60.19752648501344,90.23177871530574,0,-2.3198875224982203,-9.975274220520305,0,1.4868573695047953,0.9213297031197794,3.6092711486122298
92.96000000000001,0.04,778.3248994257957,242.0557864434328,1,-312.5967148774734,7.855848451102167,31.057368043393282,22.028870821544714,60.64848807110266,11.274039652230528,0,19.438606921277028,22.839259651620665,0,1.5230659917180696,0.9089088968735146,0.4509615860892211
93.0,0.04,724.7425897919904,200.56477644982402,1,-311.3374716377793,8.76889032867399,31.481080992353228,22.826046939295594,66.69872129649674,151.255830634852,0,-53.58230963380527,-41.49100999360877,0,1.55542245287742,0.9027859246957152,6.050233225394081
93.04,0.04,750.0403128875588,198.56509810615069,1,-310.05622033550765,9.714219186624584,32.03128255679103,23.633221448764843,70.54150460217073,96.06958264184975,0,25.297723095568358,-1.999678343673338,0,1.5922473266571848,0.9768584596791514,3.84278330567399
93.08,0.04,780.3618531675392,208.26703816382326,1,-308.7468966626025,10.689894636942414,32.73309182262874,24.39188625794573,71.49980696738534,23.95755913036517,0,30.321540279980354,9.701940057672573,0,1.6328720295181314,1.0334933663575856,0.9583023652146068
93.12,0.04,755.2956189880653,219.1914602068558,1,-307.4145138658998,11.693731795218872,33.30956991756905,25.09592895691145,75.74324256996624,106.08589006452256,0,-25.066234179473895,10.924422043032536,0,1.6682125036355482,0.9099467654280392,4.243435602580902
93.16,0.04,741.1839803653072,229.8178959526812,1,-306.061894273124,12.723605374304793,33.81548981939558,25.746839477148043,82.30987829028395,164.16589300794263,0,-14.11163862275805,10.626435745825404,0,1.7000645139700443,0.8244024820552388,6.566635720317706
93.2,0.04,755.9079618055845,210.29282797089198,1,-304.68609308798705,13.783420387796536,34.3950296284235,26.495375337293584,85.71537232720551,85.13735092303918,0,14.72398144027727,-19.52506798178922,0,1.7366740522754125,0.9466637862366679,3.405494036921567
93.24,0.04,763.5745405153459,230.5692395971473,1,-303.28557699474703,14.86912155336885,35.012902331000234,27.142529139307847,89.97422836164961,106.47140086110234,0,7.666578709761438,20.27641162625531,0,1.7720587880624483,0.8947484115945616,4.2588560344440936
93.28,0.04,732.4233935073125,180.0564171273546,1,-301.8665762228056,15.990811435515692,35.47501929853679,28.042247053671076,93.58981775035159,90.38973471754943,0,-31.151147008033377,-50.512822469792695,0,1.808798325541309,1.0114565819209962,3.615589388701977
93.32000000000001,0.04,748.0826650617562,211.88381642350166,1,-300.42595891785174,17.142124554377833,36.01543262384557,28.782827971553566,97.97943980921528,109.74055147159234,0,15.659271554443649,31.827399296147064,0,1.844152953796543,0.9167915019801177,4.389622058863694
93.36,0.04,715.4038256901157,220.84468921725198,1,-298.9702608477599,18.321268735396526,36.39245175229614,29.478604525467304,104.49726600519492,162.94565489949093,0,-32.67883937164049,8.960872793750326,0,1.8733493723540613,0.7913586015162182,6.517826195979637
93.4,0.04,675.0088204982618,226.76669297962206,1,-297.5075610135684,19.527059577819294,36.56749585478745,30.144771060569195,111.39867743599413,172.53528576998036,0,-40.3950051918539,5.922003762370082,0,1.895632443437915,0.6887802917524916,6.9014114307992145
93.44,0.04,729.0332633421215,220.9359580669661,1,-296.0270545267085,20.76066322862867,37.012662171498064,30.840091270234364,116.76877661866698,134.25247956682114,0,54.024442843859674,-5.83073491265597,0,1.9270904039313894,0.8256168866384141,5.3700991826728455
93.48,0.04,723.6369413138276,213.9743499148395,1,-294.52982065158585,22.023472009455077,37.430846878067214,31.570219520660167,121.42843230008128,116.49139203535768,0,-5.396322028293866,-6.961608152126587,0,1.9586718187963847,0.8414069829031434,4.659655681414307
93.52,0.04,740.6666664259337,224.28574431414813,1,-293.012453443178,23.313423641418655,37.934180210196885,32.24879079908943,126.53607515583202,127.6910713937685,0,17.02972511210612,10.311394399308625,0,1.9915768772399736,0.844868879259899,5.10764285575074
93.56,0.04,722.018480208724,203.06379403149307,1,-291.4786825387284,24.634762514575932,38.3442726112405,33.033471828931965,129.96586106270576,85.74464767184331,0,-18.64818621720974,-21.221950282655058,0,2.024447975388047,0.8853813280098366,3.4297859068737324
93.60000000000001,0.04,716.6350765163822,229.8883769861923,1,-289.92958461897547,25.982123712335973,38.72744799382242,33.684029944001004,99.3073873401507,-766.4618430638765,0,-5.383403692341744,26.824582954699224,0,2.053067598062023,0.7550160494313914,-30.65847372255506
93.64,0.04,685.8951889294807,189.68505546263964,1,-288.3713076614367,27.363547899003485,38.956923938469814,34.5356046666878,105.74539979840304,160.9503114563086,0,-30.739887586901546,-40.20332152355266,0,2.082440841874352,0.8819516525813137,6.438012458252345
93.68,0.04,739.1064435595814,195.89540105094693,1,-286.79320941518597,28.777793005460808,39.45245615626773,35.35612766143307,111.0584527419923,132.82632358973137,0,53.21125463010071,6.210345588307291,0,2.119076047705233,0.9585458589871764,5.3130529435892555
93.72,0.04,715.1385267500509,222.0619870700351,1,-285.20008346358526,30.219625714504122,39.82814879001798,36.045817726082895,82.37693350829554,-717.037980842419,0,-23.967916809530493,26.166586019088157,0,2.1487046931886327,0.7853771962126708,-28.68151923369676
93.76,0.04,667.6800890313637,210.35614575823521,1,-283.6014214941783,31.69138719439579,39.96654923517478,36.79403699729172,92.03229039259142,241.3839221073971,0,-47.458437718687264,-11.705841311799873,0,2.172970765132634,0.7609117958264721,9.655356884295884
93.8,0.04,714.3407432047736,207.12112411039527,1,-281.98789137613034,33.19372444946538,40.33825295119864,37.55843137673974,100.65493729601104,215.56617258549053,0,46.66065417340997,-3.235021647839943,0,2.2046534126292605,0.8499778937346961,8.622646903419621
93.84,0.04,679.4645728850434,201.79801349492897,1,-280.3664683435054,34.72770210183598,40.53557581562386,38.349441309265096,108.36518035541363,192.75607648506465,0,-34.87617031973025,-5.323110615466305,0,2.2320618469699838,0.8152502843782026,7.710243059402586
93.88,0.04,654.4521546265055,213.92092889026938,1,-278.74215487995514,36.29089556842853,40.6078365887564,39.07983666481375,79.92452249878453,-711.0164464157275,0,-25.012418258537878,12.122915395340414,0,2.254322080331091,0.733961167052286,-28.4406578566291
93.92,0.04,687.8430472855856,205.04739635274424,1,-277.10827280694775,37.885079555750536,40.84705182518432,39.854599683050026,54.15340701220971,-644.2778871643703,0,33.39089265908012,-8.873532537525136,0,2.2827599991958847,0.8108524303261694,-25.771115486574814
93.96000000000001,0.04,699.9370802955635,215.38616363249355,1,-275.46240331788124,39.50818631034604,41.146737226662154,40.577668864887556,31.697887397703454,-561.3879903626564,0,12.09403300997792,10.338767279749305,0,2.3115713079750786,0.7827134734895806,-22.455519614506258
94.0,0.04,673.5367455584004,207.52838717717728,1,-273.8098264797031,41.16178738750611,41.31442095445415,41.34002692900167,11.086941579511393,-515.2736454548015,0,-26.40033473716312,-7.8577764553162694,0,2.3378209359289848,0.7805816103944764,-20.61094581819206
94.04,0.04,684.0821872423757,216.51866754249352,1,-272.1484332040764,42.84408473115768,41.53483189066604,42.0574335912892,-6.8755576799502265,-449.0624814865405,0,10.545441683975241,8.990280365316238,0,2.3643925157965264,0.7505020319068675,-17.96249925946162
94.08,0.04,636.2777079736575,184.71352097944637,1,-270.487784386855,44.56143937061336,41.51622043053432,42.933865986391964,11.692184255970691,464.1935483980229,0,-47.80447926871818,-31.805146563047145,0,2.3889456778668556,0.8766299844482897,18.567741935920917
94.12,0.04,612.946217064907,210.87263305149557,1,-268.83254632622067,46.308619483458735,41.380951515858854,43.67950282113449,-6.720094707949045,-460.30697409799336,0,-23.331490908750425,26.159112072049197,0,2.406751209430461,0.7578073426685257,-18.412278963919736
94.16,0.04,639.3027977672228,215.88114214391408,1,-267.17744770603286,48.08462336787533,41.37746550469497,44.40009711041492,-22.909135103808804,-404.72600989649396,0,26.356580702315796,5.008509092418507,0,2.427661681538513,0.7206027213502589,-16.18904039585976
94.2,0.04,682.9975655284221,209.09335752237064,1,-265.51374957273936,49.89080858078745,41.59245333233709,45.154630322803065,-37.264146402677824,-358.8752824717255,0,43.69476776119927,-6.787784621543437,0,2.455645842149617,0.7845636587499152,-14.35501129886902
94.24,0.04,632.6774945675455,234.53109915733933,1,-263.85151594053235,51.7220875738681,41.55584080517481,45.78197482701637,-49.6998730927357,-310.8931672514469,0,-50.32007096087659,25.43774163496869,0,2.473176782710565,0.6284119700577365,-12.435726690057876
94.28,0.04,620.9569180035347,216.26166320715927,1,-262.19309092472463,53.582114234307326,41.46062539519248,46.50066651098057,-61.442245225936745,-293.5593033300261,0,-11.720576564010798,-18.269435950180053,0,2.4920017477123766,0.7249715241976089,-11.742372133201044
94.32000000000001,0.04,656.3029202708673,206.80838513719183,1,-260.53140532486276,55.47277921771911,41.54213999654682,47.266624585294615,-71.95180502848834,-262.7389950637898,0,35.34600226733255,-9.453278069967439,0,2.517104112325863,0.7702833256931073,-10.509559802551593
94.36,0.04,590.3772426759525,213.20828533585757,1,-258.8796442764657,57.39280254406372,41.2940262099266,48.00058315861533,-81.56801912880475,-240.4053525079103,0,-65.92567759491476,6.399900198665733,0,2.532746362095747,0.7747616655862641,-9.616214100316412
94.4,0.04,625.6377275375024,198.32340562934792,1,-257.2307556825611,59.345161189282464,41.222214847614126,48.80896613046859,-90.35080547802626,-219.56965873053775,0,35.26048486154991,-14.88487970650965,0,2.5554917089806843,0.8115663256564347,-8.78278634922151
94.44,0.04,652.2785669695551,216.96719887809994,1,-255.57941137526262,61.32612639472559,41.28360768246189,49.52413013607809,-97.33465578614914,-174.59625770307204,0,26.640839432052644,18.64379324875202,0,2.578984522331106,0.7177942846596598,-6.983850308122882
94.48,0.04,627.8327983693619,213.1177767350216,1,-253.93050050829027,63.336468044821714,41.2227716743087,50.258541252402985,-103.90060454922784,-164.14871907696735,0,-24.44576860019322,-3.8494221430783284,0,2.6000731907642014,0.7369265279996302,-6.565948763078694
94.52,0.04,624.5471491342582,217.6782242264269,1,-252.28468021149106,65.37527405007255,41.14550741997999,50.97015013127085,-109.62284867983983,-143.05610326529992,0,-3.2856492351036195,4.560447491405284,0,2.620201209144647,0.7157911437567175,-5.7222441306119975
94.56,0.04,604.3216734177696,221.00424306541584,1,-250.6459955800083,67.4418792067103,40.967115787068835,51.66512891594377,-114.78742415376453,-129.11438684811748,0,-20.22547571648863,3.3260188389889436,0,2.637450320840096,0.7175089447791974,-5.1645754739247
94.60000000000001,0.04,618.5257764613706,199.9259627267642,1,-249.0116057932333,69.54049917080269,40.85974466937569,52.46549910230995,-119.80172789061196,-125.3575934211856,0,14.20410304360098,-21.078280338651638,0,2.659969121775973,0.8075400870164342,-5.014303736847424
94.64,0.04,587.3890149078416,206.05522435155254,1,-247.3877382034767,71.66990809002478,40.596689743914894,53.23522298055219,-124.28710828922965,-112.13450996544232,0,-31.136761553529027,6.129261624788342,0,2.6779335866157106,0.8134326908512199,-4.485380398617693
94.68,0.04,620.3291002952786,224.34142838455188,1,-245.76780479366104,73.82644872356995,40.49833524539129,53.91351583862943,-127.48177756196685,-79.86673181843003,0,32.94008538743708,18.286204032999336,0,2.6971933109008654,0.6853866125760143,-3.194669272737201
94.72,0.04,563.3384585503966,254.15167213001604,1,-244.1632036921353,76.00415902268912,40.115027538143266,54.44275747797935,-130.2068434130119,-68.12664627612648,0,-56.990641744882055,29.810243745464163,0,2.7050262183400906,0.6534688295990297,-2.725065851045059
94.76,0.04,611.1580130986913,249.21447164648097,1,-242.56437098798983,78.20402642747901,39.97081760363672,54.99668511974694,-132.1806829759411,-49.345989073229646,0,47.81955454829472,-4.937200483535065,0,2.7195004347310054,0.572391769266986,-1.9738395629291858
94.8,0.04,601.1056526378571,211.05473414492027,1,-240.9733171533168,80.43368288543991,39.776345866826006,55.741411449022344,-134.9128352030624,-68.3038056780326,0,-10.052360460834166,-38.1597375015607,0,2.7391276394784,0.7696990073620913,-2.732152227121304
94.84,0.04,569.3320777958517,189.52752310322262,1,-239.3963969030846,82.69743383878016,39.42300625580526,56.59377383350623,-138.04600024452122,-78.3291260364706,0,-31.773574842005473,-21.527211041697655,0,2.7588486465084108,0.9226974125894968,-3.133165041458824
94.88,0.04,547.9454378202277,231.49141764409626,1,-237.83788756528833,84.98688650859158,38.962733444906405,57.236316745285755,-140.03591139471996,-49.74777875496841,0,-21.386639975624007,41.96389454087364,0,2.7695748560573006,0.7903875340178649,-1.9899111501987363
94.92,0.04,577.3981343801438,227.19255615583745,1,-236.29189860061604,87.30290066717184,38.64972411680712,57.90035396450657,-141.58647432435487,-38.764073240872676,0,29.45269655991615,-4.298861488258808,0,2.78460113151466,0.7341118906458874,-1.550562929634907
94.96000000000001,0.04,534.9229888356798,221.77612769436283,1,-234.76692503817662,89.64655960021324,38.12433906098552,58.59147332603476,-143.3809713778765,-44.86242633804096,0,-42.475145544464,-5.416428461474624,0,2.796119017596335,0.8681448201537557,-1.7944970535216385
95.0,0.04,555.0259621585326,210.92651433496178,1,-233.2589462833055,92.02003323038764,37.69946887177818,59.33684075435995,-144.99026562058572,-40.23235606773028,0,20.10297332285279,-10.849613359401047,0,2.812005867397133,0.8579552907262626,-1.6092942427092112
95.04,0.04,550.1853154039167,193.4074449728992,1,-231.7689304653536,94.42682537156746,37.25039544879776,60.169803529495454,-146.76772194910535,-44.43640821299084,0,-4.840646754615932,-17.519069362062567,0,2.8306881757960936,0.9463054073547261,-1.7774563285196336
95.08,0.04,549.2056074126463,221.18661934510766,1,-230.29707352591916,96.86138018887826,36.796423485861,60.863870432769914,-147.71739500305026,-23.741826348622652,0,-0.9797079912704021,27.779174372208445,0,2.8448936726444702,0.8293487863098716,-0.9496730539449061
95.12,0.04,530.9523801012276,213.92039407953706,1,-228.84702611046447,99.32515092737314,36.25118538636714,61.59426846237223,-148.7912917465503,-26.847418587501437,0,-18.25322731141864,-7.266225265570597,0,2.858811599061832,0.9114635850030515,-1.0738967435000575
95.16,0.04,562.1494706828109,209.494106017824,1,-227.41254880087322,101.81902284466447,35.861932739781196,62.34679793228311,-149.50454041067465,-17.831216603108402,0,31.197090581583325,-4.426288061713052,0,2.876998834130189,0.8472415393254255,-0.7132486641243361
95.2,0.04,586.3837784404325,219.73910250131564,1,-225.9887947355939,104.34094694145554,35.593851631983355,63.048102419776534,-149.58100232831453,-1.9115479409968827,0,24.234307757621536,10.244996483491633,0,2.8960622901406747,0.7507965533595177,-0.07646191763987531
95.24,0.04,569.2047271668392,221.01464164247693,1,-224.5791997248812,106.89066810991811,35.23987526781755,63.74302921156415,-149.75176960606183,-4.269181943682554,0,-17.179051273593245,1.275539141161289,0,2.9134234383508826,0.7798862175550155,-0.17076727774730216
95.28,0.04,556.0178704728802,215.06167730473365,1,-223.1864011400739,109.46937694291972,34.81996462018195,64.46772082504049,-150.09342817892053,-8.541464321467629,0,-13.186856693959044,-5.952964337743282,0,2.9308065687181926,0.8375576915297777,-0.34165857285870516
95.32000000000001,0.04,574.0783969212009,209.1997196052955,1,-221.80678687588238,112.07824583200028,34.49035660478795,65.22172222701401,-150.24740326168012,-3.849377068989668,0,18.06052644832073,-5.861957699438136,0,2.9511916912279936,0.8228970518783099,-0.1539750827595867
95.36,0.04,543.4371608180847,220.5436269097195,1,-220.44648517952726,114.71500599569889,34.007542408878365,65.91900409246541,-150.41215417696176,-4.1187728820411,0,-30.64123610311617,11.343907304423993,0,2.966972339940929,0.8481223659703849,-0.16475091528164398
95.4,0.04,509.77215296176087,200.54082494154088,1,-219.11222905257978,117.38365799440919,33.35640317368717,66.71629996775772,-151.15445976212087,-18.55763962897754,0,-33.66500785632388,-20.00280196817863,0,2.9836123914673274,1.0293993473688912,-0.7423055851591016
95.44,0.04,535.9343785505965,213.53947805618765,1,-217.79878604992217,120.08160209750827,32.83607506644016,67.44860257747678,-151.27395925257966,-2.9874872614698234,0,26.162225588835668,12.998653114646771,0,3.000672408757295,0.8983364911838977,-0.11949949045879293
95.48,0.04,498.64245613747715,214.93110055122975,1,-216.51361455603706,122.8085599804971,32.129287347127544,68.17394707472063,-151.61556203689887,-8.540069607980172,0,-37.29192241311938,1.3916224950420997,0,3.0146251946618188,1.0127554096883737,-0.3416027843192069
95.52,0.04,510.05803245750025,201.7210609012889,1,-215.25443145566047,125.56717365130567,31.47957750941505,68.9653417702142,-151.98585722321695,-9.257379657952214,0,11.415576320023092,-13.210039649940853,0,3.0324068765661942,1.0239279453534544,-0.37029518631808855
95.56,0.04,492.0576523715873,222.71384892699626,1,-214.02483682480954,128.35324455232885,30.73986577127299,69.65177252557922,-152.03230848296587,-1.1612814937230098,0,-18.000380085912923,20.99278802570737,0,3.045339721894019,1.009138562069723,-0.04645125974892039
95.60000000000001,0.04,510.0068213915125,213.48361820341538,1,-212.8212408296803,131.16861872971134,30.089899878230554,70.38435443456214,-151.99517661258918,0.9282967594174352,0,17.949169019925193,-9.230230723580888,0,3.061858108757375,0.9793528044006982,0.03713187037669741
95.64,0.04,531.0758939670352,222.1546232595908,1,-211.63942965575768,134.01156198244192,29.545279348065733,71.07358131826419,-151.5140617338331,12.027871968901849,0,21.069072575522682,8.671005056175431,0,3.0787991147612557,0.8784333891050856,0.48111487875607395
95.68,0.04,506.7683088130389,198.40683437205217,1,-210.48426482007244,136.88682386829808,28.879120892130928,71.88154714640393,-151.67749613528224,-4.085860036228439,0,-24.307585153996285,-23.747788887538633,0,3.098634652530182,1.0471751848926638,-0.16343440144913757
95.72,0.04,497.65399473203536,238.78958259731667,1,-209.3575691854408,139.7863278376348,28.167390865791106,72.48759923341734,-151.16054561578142,12.923762987520604,0,-9.114314081003556,40.38274822526449,0,3.1107179752104317,0.9348041305893944,0.5169505195008242
95.76,0.04,494.06588127397106,221.26164814783138,1,-208.26006037455437,142.7135794773419,27.43772027216096,73.18129099267819,-150.93863716135152,5.547711360747343,0,-3.5881134580642993,-17.527934449485286,0,3.1262321974129503,1.0067906595092024,0.2219084544298937
95.8,0.04,519.7034029122842,226.4322577196754,1,-207.18661088308548,145.6675446655051,26.83623728672238,73.84912970407981,-150.3038980706291,15.868477268060843,0,25.63752163831316,5.170609571844011,0,3.142961047104269,0.8987715650924291,0.6347390907224337
95.84,0.04,530.2741459065844,239.65066385854638,1,-206.13510656243525,148.64557972089656,26.287608016255305,74.45087638478708,-149.31837090622298,24.63817911015269,0,10.57074299430019,13.21840613887099,0,3.158220088512924,0.8143053138445344,0.9855271644061077
95.88,0.04,472.53390148678665,197.7902048309414,1,-205.11709546148768,151.65605673532187,25.450277523689238,75.26192536063238,-149.658907874657,-8.513424210850218,0,-57.74024441979776,-41.860459027604975,0,3.17794248784266,1.1657284396464884,-0.3405369684340087
95.92,0.04,479.00862417619896,215.91970237794905,1,-204.13128263570488,154.69534980927156,24.645320644570234,75.98232684874263,-149.53047424749707,3.2108406789980393,0,6.474722689412317,18.129497547007645,0,3.195172814862515,1.0802471389975894,0.12843362715992157
95.96000000000001,0.04,493.5935094508841,240.6899344233856,1,-203.1747511080319,157.7585048963366,23.91328819182465,76.5788771766257,-148.80860520708654,18.046726010263114,0,14.58488527468512,24.770232045436558,0,3.2090297055098826,0.9443218760412735,0.7218690404105246
96.0,0.04,495.1865320820218,213.91795681504607,1,-202.2471822739425,160.85087639203863,23.189220852234754,77.30928739255046,-148.47975128537206,8.221348042862076,0,1.5930226311377282,-26.77197760833954,0,3.228489648334701,1.0284807221275691,0.328853921714483
96.04,0.04,487.62055349923855,211.1368581502217,1,-201.35008932915326,163.9730205161106,22.42732361973094,78.05360310179935,-148.23079453396542,6.223918785165949,0,-7.565978582783259,-2.7810986648243556,0,3.2484703605032075,1.065125939939336,0.24895675140663798
96.08,0.04,503.252322292245,247.93603671523957,1,-200.48034591990557,167.11757743283954,21.74358523119217,78.61392291822315,-147.19428559079384,25.912723579289576,0,15.631768793006472,36.799178565017854,0,3.2626203886565706,0.8840002718544806,1.036508943171583
96.12,0.04,460.5549845606365,255.87248446108987,1,-199.64649151374576,170.28295985267624,20.84636015399535,79.1345604959177,-146.5804593641156,15.345655666956048,0,-42.69733773160851,7.936447745850302,0,3.2733712032831535,1.0373409885175102,0.6138262266782419
96.16,0.04,492.3123830707732,221.85139548529295,1,-198.84217463097178,173.4759719934159,20.107922069349215,79.82530351849122,-146.07705723662994,12.585053187141426,0,31.75739851013668,-34.021088975796914,0,3.292757534168903,1.011146244659923,0.503402127485657
96.2,0.04,483.423547190764,210.72939048200024,1,-198.06917303875966,176.69883825605913,19.325039805303035,80.57165656608123,-145.82004134698477,6.42539724112936,0,-8.888835880009196,-11.122005003292713,0,3.31427192735395,1.0816411193205264,0.2570158896451744
96.24000000000001,0.04,462.56696215798564,224.12785045927347,1,-197.33165805411593,179.9488789486105,18.43787461609297,81.25101731378486,-145.54020858393156,6.995819076330179,0,-20.856585032778355,13.398459977273234,0,3.3326705291423404,1.117404626116503,0.27983276305320715
96.28,0.04,481.20553626213473,242.04664160390004,1,-196.62590196221979,183.22251031284114,17.643902297403642,81.84078410576535,-144.74664926563395,19.838982957440265,0,18.638574104149086,17.918791144626567,0,3.348843676573002,0.9890484880772383,0.7935593182976106
96.32000000000001,0.04,478.7972807232767,253.74118225251965,1,-195.952386414179,186.51739344062125,16.83788870102002,82.37207819450275,-143.83951072262383,22.678463575253005,0,-2.408255538858043,11.694540648619608,0,3.3630162085816266,0.965365902796738,0.9071385430101202
96.36,0.04,482.1310848184566,254.96217799925813,1,-195.31044464917449,189.8332841328015,16.0485441251123,82.89726730450646,-142.89824008458925,23.531765950864525,0,3.3338040951799144,1.220995746738481,0,3.377457669926418,0.9480972844499793,0.941270638034581
96.4,0.04,466.33767031698903,228.66749050356196,1,-194.70323535010658,193.17544132688104,15.180232476697242,83.55392985198864,-142.52045487657122,9.444630200450632,0,-15.793414501467566,-26.294687495696166,0,3.3968688292031697,1.0886555102690056,0.3777852080180253
96.44,0.04,481.6746255392378,240.76516037202686,1,-194.12769112593085,196.54144548888618,14.388605604393433,84.1501040501285,-141.7487603453808,19.29236327976085,0,15.336955222248775,12.097669868464891,0,3.414855073442791,0.9910079613611686,0.771694531190434
96.48,0.04,476.493180406423,248.8475356026361,1,-193.58484826567383,199.92968014377078,13.571071506425554,84.70586637211532,-140.946828942401,20.048285074494743,0,-5.181445132814815,8.082375230609244,0,3.431444658958233,0.9885513440789684,0.8019314029797897
96.52,0.04,443.6281198461687,252.71294848031027,1,-193.08127978144756,203.33937220895933,12.5892121056564,85.24230162971378,-140.50770662014918,10.978058056295481,0,-32.86506056025428,3.8654128776741743,0,3.446676833954078,1.1188434512805987,0.43912232225181924
96.56,0.04,450.51597965491044,241.8696725768557,1,-192.61560810129032,206.7726903396325,11.64179200393096,85.8329532668295,-140.09168369986165,10.400573007188285,0,6.887859808741723,-10.843275903454582,0,3.464754464620775,1.1164560920971922,0.4160229202875314
96.60000000000001,0.04,530.9330297211427,256.771317590962,1,-192.17174981518886,210.2266542067875,11.096457152536672,86.3490966788747,-138.3186090209912,44.32686697176109,0,80.41705006623226,14.901645014106293,0,3.4823665191580746,0.7508622523092274,1.7730746788704437
96.64,0.04,450.2998548833621,232.40477081768768,1,-191.76583155811073,213.70613711977893,10.147956426953485,86.98707282478627,-138.11309261978914,5.137910030051529,0,-80.63317483778059,-24.366546773274308,0,3.5030802122173514,1.14309544185252,0.20551640120206116
96.68,0.04,417.471226635279,222.9782809813684,1,-191.40441905570555,217.2130243765741,9.035312560129881,87.67218141987942,-138.34603940825974,-5.823669711764978,0,-32.828628248083135,-9.426489836319263,0,3.525461278863691,1.3066560991518374,-0.23294678847059913
96.72,0.04,448.9728523033732,236.32121378066162,1,-191.08121198283968,220.74464739061315,8.080176821646745,88.29057535097611,-137.93380702867435,10.305809489634754,0,31.50162566809422,13.342932799293209,0,3.546381807594993,1.1378467967810713,0.41223237958539016
96.76,0.04,490.4953157965997,272.15174135181456,1,-190.78790584681448,224.29384005638184,7.332653400629738,88.72981664421704,-136.52112018980986,35.3171709716122,0,41.522463493226496,35.83052757115294,0,3.5612914887967624,0.8670202873387282,1.412686838864488
96.8,0.04,441.71971847257885,251.43397750310967,1,-190.53425576709478,227.8647459266499,6.341251992992639,89.27264675670149,-136.06738780789115,11.343309547967806,0,-48.77559732402085,-20.71776384870489,0,3.5799032245658164,1.1302837175172897,0.45373238191871224
96.84,0.04,454.73782020130193,251.75574778801936,1,-190.3176581233348,231.45730064736037,5.414941093999147,89.8138680177614,-135.41070695554149,16.417021308741653,0,13.018101728723082,0.3217702849096895,0,3.5990782098450476,1.072833787227734,0.6566808523496661
96.88,0.04,461.8216531575625,231.23208146965482,1,-190.13669614894334,235.0756089517769,4.524049359786957,90.45770761041312,-134.8798858002865,13.270528881374588,0,7.083832956260551,-20.523666318364548,0,3.622830691874143,1.099189475547118,0.5308211552549835
96.92,0.04,399.1090257370055,260.2952295182516,1,-190.00391236940447,238.71385821028977,3.319594488471978,90.95623146282186,-134.78190676571867,2.449475864195705,0,-62.712627420557,29.06314804859676,0,3.640671531349414,1.3035480691001895,0.0979790345678282
96.96000000000001,0.04,445.1093891440121,268.278527225896,1,-189.9101067120368,242.37045176335747,2.345141434192044,91.41483882669237,-133.9748476526973,20.176477825534533,0,46.0003634070066,7.983297707644454,0,3.657796592716769,1.076977004950316,0.8070591130213813
97.0,0.04,439.09515237367737,257.45561722012593,1,-189.85648202419438,246.04755419298112,1.3406171960604354,91.92756074059174,-133.36522747153336,15.240504529098331,0,-6.014236770334719,-10.822910005770098,0,3.677493424207637,1.1278088073722963,0.6096201811639332
97.04,0.04,453.0543105578899,263.3789983997004,1,-189.8402464742404,249.74398082292487,0.4058887488498897,92.41066574859325,-132.49189162934863,21.833396054618248,0,13.959158184212527,5.923381179574449,0,3.6964622848934323,1.0521918640536854,0.8733358421847299
97.08,0.04,453.35678688338413,260.73655652197584,1,-189.86133956690972,253.4602601415642,-0.5273273167331922,92.90698296598336,-131.65456686288542,20.933119161580294,0,0.30247632549424,-2.6424418777245364,0,3.716339178910438,1.0569877034952833,0.8373247664632117
97.12,0.04,455.6781041752436,243.53305234827593,1,-189.919297038744,257.19983284973387,-1.44893679585698,93.48931770424198,-130.96258898612024,17.29944691912948,0,2.3213172918594864,-17.203504173699912,0,3.7400218058493855,1.0901732795264976,0.6919778767651792
97.16,0.04,414.8745371152129,257.9369699438628,1,-190.02227960315523,260.95981816391475,-2.5745641102809174,93.99963285452267,-130.67677480256444,7.145354588895003,0,-40.80356706003073,14.403917595586847,0,3.7613953489933243,1.235903881207292,0.2858141835558001
97.2,0.04,429.56912681496823,274.6506922071974,1,-190.16734834220347,264.7368733396542,-3.6267184762060793,94.42637939348668,-129.9919190552495,17.12139368287353,0,14.69458969975534,16.713722263334603,0,3.7798400415400266,1.1354036367094928,0.6848557473149413
97.24000000000001,0.04,420.4073786818637,267.4463240701265,1,-190.35633560551534,268.53243925057967,-4.724681582796762,94.88914777313605,-129.48913941943448,12.569490895375424,0,-9.161748133104538,-7.204368137070901,0,3.8002679865864115,1.1915022268705833,0.502779635815017
97.28,0.04,449.2974466632046,258.0262857362487,1,-190.58346337949456,272.34839990435785,-5.678194349480734,95.3990163444548,-128.63985988123233,21.231988455053852,0,28.890067981340906,-9.420038333877756,0,3.8227140537706883,1.0812735806667721,0.8492795382021541
97.32000000000001,0.04,455.69024110172853,274.28192624856047,1,-190.84745310525344,276.1815041728863,-6.599743143972091,95.82760671321199,-127.57104050026703,26.72048452413236,0,6.392794438523936,16.255640512311743,0,3.8421841325888386,1.0163374856906076,1.0688193809652944
97.36,0.04,430.19013013921864,245.61080617742564,1,-191.15340480498446,280.03748628017934,-7.648792493275991,96.39955268232487,-127.15960603629152,10.285861599387758,0,-25.500110962509893,-28.671120071134823,0,3.8681008847149,1.1948333477349051,0.4114344639755103
97.4,0.04,427.24254746260885,317.52412612177926,1,-191.50190799522298,283.901963562248,-8.712579755962949,96.61193205171597,-126.17851023188584,24.52739511014208,0,-2.947582676609784,71.91331994435362,0,3.88015967934713,1.0847803172983794,0.9810958044056832
97.44,0.04,427.5373910758786,248.51654945592568,1,-191.89290370724632,287.7887375344255,-9.774892800583558,97.16934930443634,-125.76293360137446,10.389415762784537,0,0.29484361326973385,-69.00757666585358,0,3.9063908608352214,1.199676205649438,0.4155766305113815
97.48,0.04,414.82254239303387,249.09171420943545,1,-192.32893491079105,291.6976931637611,-10.90078008861839,97.72389073338917,-125.4830184024542,6.997879973006249,0,-12.714848682844718,0.5751647535097675,0,3.933199374882882,1.2550451712123658,0.27991519892024996
97.52,0.04,434.8299404664686,272.8460603266752,1,-192.80600012624248,295.6240795810313,-11.92663038628605,98.15966043175578,-124.66162222082585,20.534904540708965,0,20.00739807343473,23.75434611723972,0,3.9552625093055362,1.114569003354819,0.8213961816283586
97.56,0.04,397.626954775608,287.384500388153,1,-193.3315399507388,299.5649890982239,-13.138495612408008,98.52273792981501,-124.25148396120018,10.25345649064171,0,-37.2029856908606,14.538440061477843,0,3.975796766665884,1.2650860033533577,0.4101382596256684
97.60000000000001,0.04,423.046071721239,286.03858156734356,1,-193.90047056089088,303.52069089910304,-14.223265253801813,98.8925450219783,-123.47223411324258,19.481246198940028,0,25.419116945631004,-1.3459188208094588,0,3.996405732235702,1.1460726243584693,0.7792498479576011
97.64,0.04,455.52879791917474,304.5993847985494,1,-194.50629541145912,307.4874728230225,-15.145621264205943,99.16954809798554,-122.12017394664986,33.80150416481804,0,32.48272619793573,18.560803231205853,0,4.012777414896065,0.963053121092549,1.3520601665927217
97.68,0.04,439.5118577005977,284.1567292626539,1,-195.15221789048724,311.4694234010894,-16.14806197570296,99.54876445167227,-121.19407037911049,23.152589188484285,0,-16.01694021857702,-20.442655535895483,0,4.033998792151686,1.071770695144303,0.9261035675393714
97.72,0.04,460.32995366304675,292.27151181491143,1,-195.83407437878276,315.4649196767933,-17.046412207387718,99.88740689259771,-119.93178174303438,31.55721590190268,0,20.818095962449036,8.114782552257509,0,4.053260263022142,0.9600582490474214,1.2622886360761072
97.76,0.04,436.3698852118747,283.76481192368567,1,-196.5566568900359,319.4756629901124,-18.06456278132835,100.26858283297929,-119.14054918258525,19.780814011228287,0,-23.96006845117205,-8.506699891225765,0,4.075314394117734,1.087164057877843,0.7912325604491315
97.8,0.04,454.98141249026014,287.38521576165897,1,-197.31624311879096,323.5009292602793,-18.989655718877046,100.63165675417099,-118.0557436551802,27.120138185126308,0,18.611527278385438,3.6204038379732992,0,4.096308067596653,0.9937905289103909,1.0848055274050523
97.84,0.04,422.72417962075025,253.8841364595195,1,-198.11928451162188,327.5474187031542,-20.0760348207733,101.1622360718734,-117.71480958136091,8.523351845482097,0,-32.25723286950989,-33.50107930213946,0,4.125403288152333,1.2090219044378248,0.34093407381928387
97.88,0.04,455.8510893661084,289.8044808436791,0,-198.88217383481128,331.49761195717167,-19.072233079734637,98.75483135043594,-117.71480958136091,0.0,0,33.12690974535815,35.92034438415956,1,4.0231861581986665,2.6082974194120623,0.0
97.92,0.04,461.36984766379993,290.6252001446421,0,-199.6069186918412,335.35343494610873,-18.118621425747904,96.39557472342722,-117.71480958136091,0.0,0,5.518758297691534,0.8207193009630487,0,3.9233437307744103,2.5446938948926396,0.0
97.96000000000001,0.04,441.5603365899858,283.7675988087514,0,-200.29542630601964,339.11677507526707,-17.21269035446051,94.08350322895868,-117.71480958136091,0.0,0,-19.80951107381412,-6.857601335890706,0,3.8258034009231534,2.483220832197152,0.0
98.0,0.04,461.2569150661809,295.71093350241955,0,-200.94950853948913,342.78948200184226,-16.352055836737485,91.8176731643795,-117.71480958136091,0.0,0,19.6965784761951,11.943334693668135,0,3.7304959102850934,2.4237734330269447,0.0
98.04,0.04,465.5711243753933,323.29199073788567,0,-201.57088666128516,346.3733683898859,-15.53445304490061,89.59715970109191,-117.71480958136091,0.0,0,4.314209309212401,27.58105723546612,0,3.6373551397480193,2.3662532336715127,0.0
98.08,0.04,484.7944716380985,307.6060723404752,0,-202.16119587699137,349.8702106501687,-14.75773039265558,87.42105650707008,-117.71480958136091,0.0,0,19.223347262705204,-15.68591839741049,0,3.546317916296752,2.310567720181035,0.0
98.12,0.04,447.291385568857,340.03830125394444,0,-202.7219896319123,353.28174966524585,-14.0198438730228,85.28847537692867,-117.71480958136091,0.0,0,-37.50308606924153,32.43222891346926,0,3.4573238331044287,2.256629963571999,0.0
98.16,0.04,464.37124208312395,292.1384698483808,0,-203.25474369908716,356.6096915000215,-13.31885167937166,83.1985458693901,-117.71480958136091,0.0,0,17.079856514266964,-47.899831405563646,0,3.3703150819680254,2.2043582744282406,0.0
98.2,0.04,438.90507479041725,331.8389821882155,0,-203.76086006290328,359.85570809810156,-12.652909095403077,81.15041495200231,-117.71480958136091,0.0,0,-25.4661672927067,39.70051233983469,0,3.2852362972446585,2.153675876241019,0.0
98.24000000000001,0.04,426.30404759802707,291.4983097971997,0,-204.24167060852858,363.02143796422007,-12.020263640632923,79.14324665296226,-117.71480958136091,0.0,0,-12.601027192390177,-40.3406723910158,0,3.2020344104989293,2.1045105968164304,0.0
98.28,0.04,475.8402461918555,275.2576211512495,0,-204.69844062687264,366.1084868330162,-11.419250458601276,77.17622171990303,-117.71480958136091,0.0,0,49.53619859382843,-16.240688645950172,0,3.120658515120379,2.056794577067067,0.0
98.32000000000001,0.04,478.3183264366362,316.06565848923077,0,-205.1323721442995,369.11842832443637,-10.848287935671213,75.24853728550497,-117.71480958136091,0.0,0,2.478080244780699,40.80803733798126,0,3.041059740220371,2.0104639964971347,0.0
98.36,0.04,452.6909931706969,297.805731935187,0,-205.544607085855,372.0528045860282,-10.305873538887651,73.35940653979488,-117.71480958136091,0.0,0,-25.627333265939285,-18.259926554043773,0,2.963191133159113,1.9654588146855783,0.0
98.4,0.04,479.5949403063026,301.8349792172933,0,-205.93623028033272,374.91312692238813,-9.790579861943268,71.50805840899898,-117.71480958136091,0.0,0,26.903947135605677,4.029247282106326,0,2.88700755009969,1.9217225280722317,0.0
98.44,0.04,454.3200961881908,317.41900308670114,0,-206.30827231508655,377.7008764120209,-9.301050868846104,69.693737240819,-117.71480958136091,0.0,0,-25.274844118111787,15.584023869407815,0,2.812465554023978,1.8792019413540055,0.0
98.48,0.04,492.1032672148415,320.21013939941884,0,-206.6617122481027,380.41750451186095,-8.835998325403798,67.91570249600262,-117.71480958136091,0.0,0,37.78317102665068,2.791136312717697,0,2.7395233196837694,1.8378469528054862,0.0
98.52,0.04,459.1417257508205,305.64192778390003,0,-206.99748018446806,383.06443364970426,-8.394198409133608,66.17322844608258,-117.71480958136091,0.0,0,-32.96154146402097,-14.568211615518806,0,2.6681405449966333,1.7976103528465566,0.0
98.56,0.04,442.126654666,311.2949134338124,0,-207.31645972401515,385.6430578047907,-7.974488488676927,64.46560387716093,-117.71480958136091,0.0,0,-17.015071084820534,5.6529856499123525,0,2.5982783684287996,1.7584476351926397,0.0
98.60000000000001,0.04,480.39799475201136,312.65155789930566,0,-207.61949028658486,388.15474307677545,-7.575764064243081,62.792131799617714,-117.71480958136091,0.0,0,38.27134008601138,1.3566444654932752,0,2.5298992919395693,1.7203168199366394,0.0
98.64,0.04,452.92002119241664,338.76419502893094,0,-207.9073693210261,390.60082824332045,-7.196975861030926,61.152129163625354,-117.71480958136091,0.0,0,-27.477973559594716,26.112637129625284,0,2.4629671090906418,1.6831782879286978,0.0
98.68,0.04,482.96264266248875,320.17601670942287,0,-208.18085440374526,392.98262530653454,-6.837127067979379,59.54492658035284,-117.71480958136091,0.0,0,30.042621470072106,-18.588178319508074,0,2.397446837951822,1.6469946258377668,0.0
98.72,0.04,488.47488170568755,323.59347588824744,0,-208.44066523232848,395.30142002848436,-6.49527071458041,57.96986804874578,-117.71480958136091,0.0,0,5.512239043198804,3.417459178824572,0,2.3333046584600603,1.6117304812987305,0.0
98.76,0.04,468.37401992039315,332.918799182185,0,-208.68748551948255,397.5584724559952,-6.1705071788513886,56.42631068777086,-117.71480958136091,0.0,0,-20.1008617852944,9.325323293937572,0,2.2705078539135854,1.577352427569401,0.0
98.8,0.04,479.680751025758,336.7471761735422,0,-208.9219647922789,399.7550174349558,-5.861981819908819,54.913624474015435,-117.71480958136091,0.0,0,11.306731105364861,3.8283769913571746,0,2.2090247563049648,1.543828837143664,0.0
98.84,0.04,467.5591162574523,322.73343781313866,0,-209.14472010143544,401.8922651143372,-5.568882728913378,53.431191984535126,-117.71480958136091,0.0,0,-12.12163476830574,-14.013738360403522,0,2.1488246952179724,1.5111297637890475,0.0
98.88,0.04,513.4811039353211,330.67628458360156,0,-209.35633764513415,403.971401440131,-5.290438592467709,51.97840814484442,-117.71480958136091,0.0,0,45.921987677868856,7.942846770462893,0,2.0898779500335434,1.4792268324998152,0.0
98.92,0.04,497.56041734048887,336.566911073939,0,-209.55737431164792,405.99358863940887,-5.025916662844323,50.55467998194753,-117.71480958136091,0.0,0,-15.920686594832262,5.890626490337468,0,2.032155705207228,1.4480931368794763,0.0
98.96000000000001,0.04,516.1473040166594,374.394948680718,0,-209.748359144836,407.9599656947012,-4.774620829702107,49.159426382308574,-117.71480958136091,0.0,0,18.586886676170536,37.82803760677899,0,1.9756300083993747,1.4177031434895333,0.0
99.0,0.04,512.2359041347426,358.0318620676007,0,-209.92979473636467,409.8716488088877,-4.535889788217001,47.7920778546624,-117.71480958136091,0.0,0,-3.91139988191685,-16.363086613117332,0,1.92027373125267,1.388032602723984,0.0
99.04,0.04,520.1460759610935,353.7965470454016,0,-210.1021585483169,411.7297318607905,-4.309095298806151,46.45207629756915,-117.71480958136091,0.0,0,7.910171826350961,-4.2353150221990745,0,1.86606053262992,1.359058465791472,0.0
99.08,0.04,496.5073812726446,334.8330681713886,0,-210.26590416967153,413.5352868516552,-4.093640533865843,45.138874771617765,-117.71480958136091,0.0,0,-23.638694688448936,-18.963478874012992,0,1.8129648241345757,1.3307588074089645,0.0
99.12,0.04,507.4048307169962,368.99419595912485,0,-210.42146250995845,415.28936434270264,-3.8889585071725503,43.8519372761854,-117.71480958136091,0.0,0,10.897449444351594,34.161127787736234,0,1.760961737753578,1.3031127538325278,0.0
99.16,0.04,494.56768442987476,343.67767598688,1,-210.60610731335936,417.0467062985527,-4.616120085023173,43.93354889625099,-118.79697898003643,-27.054234966887947,0,-12.837146287121413,-25.316519972244862,1,1.7670156912755042,0.7317270097734104,-1.0821693986755179
99.2,0.04,491.3035304484177,342.56454086279564,1,-210.8204914106706,418.80753534623017,-5.359602432781092,44.02072619193701,-119.79074364375606,-24.844116592990773,0,-3.2641539814570706,-1.1131351240843514,0,1.7738318624730811,0.7485759028386861,-0.9937646637196309
99.24000000000001,0.04,525.7819920254025,355.2721683550354,1,-211.05771910957677,420.56930996023664,-5.930692472654076,44.04436535016183,-119.59428627762016,4.911434153397565,0,34.478461576984785,12.707627492239737,0,1.7776745404280165,0.5715790789065899,0.1964573661359026
99.28,0.04,551.8356436514779,336.0302844549464,1,-211.31257967975264,422.3358785173521,-6.37151425439669,44.1642139278871,-118.86667998692089,18.190157267481766,0,26.053651626075407,-19.241883900088965,0,1.7848580832154224,0.45682329717463077,0.7276062906992706
99.32000000000001,0.04,532.8816190151543,352.2483474491746,1,-211.58886392612547,424.10399740497775,-6.9071061593209215,44.202972190641226,-118.49824281448014,9.210929311018745,0,-18.95402463632354,16.218062994228205,0,1.7895746381674906,0.5369924501816439,0.3684371724407498
99.36,0.04,507.2852700269455,334.2677547518176,1,-211.89169111849293,425.87726274165306,-7.570679809186192,44.33163341688215,-119.05310146640102,-13.871466298022028,0,-25.59634898820883,-17.980592697356997,0,1.7989369813007217,0.6759317272723143,-0.5548586519208811
99.4,0.04,553.8500688241417,349.21638124468484,1,-212.21174829709554,427.6526848020794,-8.001429465065488,44.385551510658736,-117.9465811938831,27.6630068129478,0,46.56479879719615,14.94862649286722,0,1.8040399358727242,0.4341110766573839,1.106520272517912
99.44,0.04,543.0099790231436,368.3130059324832,1,-212.55120347989353,429.42644426131926,-8.486379569949765,44.343986480996314,-117.02724393483277,22.98343147625843,0,-10.840089800998044,19.09662468779834,0,1.8059491798971616,0.4867281129317569,0.9193372590503373
99.48,0.04,531.4702819525089,351.90561059095813,1,-212.91236460630103,431.2018225984409,-9.029028160187227,44.38445842804152,-116.63851938732178,9.718113687774732,0,-11.539697070634702,-16.407395341525046,0,1.811741040863393,0.5441557414787931,0.3887245475109893
99.52,0.04,543.3777912456086,362.404426645587,1,-213.2928501744594,432.97672005023344,-9.512139203959183,44.37243629481359,-115.77819554087185,21.508096161248247,0,11.907509293099679,10.49881605462889,0,1.8152218134311868,0.4832606049553168,0.8603238464499299
99.56,0.04,524.9053200135968,369.98598176143065,1,-213.69635467861505,434.7496203056737,-10.087612603891206,44.322506386006445,-115.37613287331685,10.051566688875013,0,-18.4724712320118,7.581555115843628,0,1.8182384883766196,0.5776353779182946,0.40206266755500053
99.60000000000001,0.04,519.391022924192,363.2646108314733,1,-214.12398097818587,436.5218676389477,-10.69065748927024,44.30618333184908,-115.17160785122647,5.11312555225949,0,-5.514297089404749,-6.721370929957345,0,1.8231085711995783,0.6032657589146242,0.2045250220903796
99.64,0.04,552.188992168579,385.36360292087664,1,-214.56916947932297,438.2890422516375,-11.129712528427351,44.17936531724468,-113.86362654758926,32.69953259093015,0,32.79796924438699,22.09899208940334,0,1.8223882443870432,0.45700343131912385,1.3079813036372059
99.68,0.04,515.1108355259903,382.49744560497095,1,-215.03933581335485,440.0517173752063,-11.7541583507974,44.06687808921982,-113.61669903425337,6.1731878333972645,0,-37.07815664258874,-2.8661573159056957,0,1.8243025990512676,0.634496620593147,0.24692751333589058
99.72,0.04,554.8766856837842,368.852634608926,1,-215.52652681025,441.8126219718533,-12.179774922378474,44.02261491617518,-112.36860321955484,31.202395367463254,0,39.76585015779392,-13.644810996044953,0,1.8270577620721675,0.4279120172329905,1.2480958146985301
99.76,0.04,570.1562788214104,350.73361641403005,1,-216.02768655138087,443.57537984521747,-12.528993528271418,44.06894683410503,-110.80541936714654,39.07959631020752,0,15.279593137626193,-18.119018194895943,0,1.832614636588339,0.3522786983637658,1.5631838524083008
99.8,0.04,560.5819905438774,383.74111474198565,1,-216.54472989440296,445.3333894956333,-12.926083575552031,43.95024126039511,-109.51557954254213,32.245995615110346,0,-9.574288277533014,33.0074983279556,0,1.8324660295674378,0.4144532770761024,1.2898398246044138
99.84,0.04,569.1716292334113,371.17807290435985,1,-217.07593891157836,447.0891635314682,-13.280225429384974,43.89435089587332,-108.10565988596147,35.24799141451638,0,8.5896386895339,-12.563041837625804,0,1.834373322102262,0.358525013747453,1.409919656580655
99.88,0.04,597.3738257901299,395.83081349772704,1,-217.61567316359574,448.8377714046036,-13.493356300434318,43.715196828384684,-105.98681294379294,52.97117355421328,0,28.202196556718604,24.652740593367184,0,1.8300116275017941,0.27842583948329236,2.118846942168531
99.92,0.04,528.9147689444196,359.8464034276578,0,-218.12842070301224,450.5360407202763,-12.8186884854126,42.45673289181698,-105.98681294379294,0.0,0,-68.45905684571028,-35.98441007006926,1,1.7739866706751364,1.4279034071909946,0.0
99.96000000000001,0.04,609.4027892219608,390.59995583347126,0,-218.6155308654579,452.1849782496355,-12.17775406114197,41.22343823398064,-105.98681294379294,0.0,0,80.48802027754118,30.75355240581348,0,1.7193810764595283,1.3898966325820044,0.0
100.0,0.04,563.1266632274625,392.77249344427617,0,-219.0782855197813,453.7855706284075,-11.56886635808487,40.01480946930102,-105.98681294379294,0.0,0,-46.27612599449833,2.172537610804909,0,1.6661446014920438,1.3533394717309943,0.0
100.04,0.04,613.7175482480237,391.64244190401286,0,-219.51790244138851,455.33878475960415,-10.990423040180627,38.830353279914995,-105.98681294379294,0.0,0,50.590885020561245,-1.1300515402633096,0,1.6142295918215257,1.3181552020164147,0.0
100.08,0.04,600.9937618951044,375.4290702641661,0,-219.9355385169154,456.8455682081768,-10.440901888171595,37.669586214316695,-105.98681294379294,0.0,0,-12.72378635291932,-16.21337163984674,0,1.5635908200274171,1.2842716523707207,0.0
100.12,0.04,602.1730472756764,384.5115698649781,0,-220.3322927886659,458.306849587778,-9.918856793763014,36.532034490030355,-105.98681294379294,0.0,0,1.1792853805719687,9.082499600812014,0,1.5141853329501787,1.2516209514157584,0.0
100.16,0.04,588.7789925072792,416.4535375384448,0,-220.7092093468289,459.7235389397872,-9.422913954074863,35.417233800229745,-105.98681294379294,0.0,0,-13.394054768397154,31.94196767346665,0,1.465972309395267,1.2201392864004763,0.0
100.2,0.04,626.246492513041,384.8359556673244,0,-221.06728007708375,461.0965281047562,-8.95176825637112,34.32472912422514,-105.98681294379294,0.0,0,37.467500005761735,-31.617581871120365,0,1.4189129272043093,1.1897666727374183,0.0
100.24000000000001,0.04,613.150132657612,394.1023467291803,0,-221.40744727082586,462.4266910864258,-8.504179843552564,33.254074541740636,-105.98681294379294,0.0,0,-13.096359855429,9.26639106185587,0,1.372970239117579,1.16044673392815,0.0
100.28,0.04,613.393911416405,387.9834554254009,0,-221.73060610488085,463.71488440846207,-8.078970851374935,32.20483305090582,-105.98681294379294,0.0,0,0.24377875879304156,-6.118891303779378,0,1.3281090568799583,1.1321264916598248,0.0
100.32000000000001,0.04,629.9446126559928,390.33095776456685,0,-222.0376069972331,464.9619474640576,-7.675022308806188,31.176576389887703,-105.98681294379294,0.0,0,16.550701239587852,2.347502339165942,0,1.284295843073656,1.1047561658445446,0.0
100.36,0.04,613.783281698077,389.79077799881657,0,-222.32925784496774,466.16870285854117,-7.291271193365878,30.16888486208995,-105.98681294379294,0.0,0,-16.16133095791588,-0.5401797657502811,0,1.241498610188344,1.078288984362287,0.0
100.4,0.04,644.5005126021773,383.78243045658803,0,-222.60632615031565,467.3359567451351,-6.926707633697584,29.18134716484815,-105.98681294379294,0.0,0,30.717230904100347,-6.008347542228535,0,1.199686826466386,1.0526810022564534,0.0
100.44,0.04,628.2515354972381,397.7279995902809,0,-222.86954104039617,468.46449915399717,-6.580372252012705,28.213560221551187,-105.98681294379294,0.0,0,-16.248977104939172,13.945569133692857,0,1.1588313280889126,1.027890930119968,0.0
100.48,0.04,655.7860933668999,366.5186965975821,0,-223.11959518597266,469.55510431468196,-6.251353639412069,27.265129017120163,-105.98681294379294,0.0,0,27.53455786966174,-31.20930299269878,0,1.1189042372930216,1.0038799713990367,0.0
100.52,0.04,619.3305041360537,413.6374786637888,0,-223.3571466242703,470.60853097215306,-5.938785957441465,26.33566643677776,-105.98681294379294,0.0,0,-36.45558923084616,47.11878206620668,0,1.079878886036779,0.9806116683321864,0.0
100.56,0.04,669.7813945854209,430.05588165966515,0,-223.5828204906531,471.6255226964748,-5.641846659569391,25.424793108042206,-105.98681294379294,0.0,0,50.45089044936719,16.418402995876363,0,1.041729744850843,0.9580517562337383,0.0
100.60000000000001,0.04,657.6221953800529,419.35012815533594,0,-223.79721066371673,472.60680818631005,-5.359754326590921,24.532137245881362,-105.98681294379294,0.0,0,-12.159199205368054,-10.70575350432921,0,1.0044323565414974,0.9361680258240799,0.0
100.64,0.04,662.5984700383596,376.8846645371034,0,-224.00088132812718,473.5531015663486,-5.091766610261375,23.657334500963735,-105.98681294379294,0.0,0,4.976274658306693,-42.46546361823255,0,0.9679632744304574,0.9149301933038063,0.0
100.68,0.04,706.8946182220751,405.23400362243825,0,-224.1943684593171,474.46510267878637,-4.837178279748305,22.80002781094446,-105.98681294379294,0.0,0,44.29614818371556,28.34933908533486,0,0.9323000048395788,0.894309777865163,0.0
100.72,0.04,666.5178563557741,391.58544295451117,0,-224.37818123394754,475.34349736897536,-4.59531936576089,21.95986725472557,-105.98681294379294,0.0,0,-40.37676186630097,-13.648560667927086,0,0.8974209535494287,0.8742799863323004,0.0
100.76,0.04,683.3540505276039,398.94561574721314,0,-224.55280336984646,476.1889577653606,-4.365553397472845,21.13650990963106,-105.98681294379294,0.0,0,16.83619417182979,7.360172792701974,0,0.863305375983378,0.8548156046215022,0.0
100.8,0.04,653.4444845367003,437.45459429823853,0,-224.71869439895042,477.00214255381815,-4.147275727599203,20.329619711438436,-105.98681294379294,0.0,0,-29.909565990903616,38.50897855102539,0,0.8299333308862192,0.8358928957137968,0.0
100.84,0.04,671.5070220929939,401.8418755651087,0,-224.8762908765992,477.7836972465065,-3.9399119412192425,19.538867317209668,-105.98681294379294,0.0,0,18.06253755629359,-35.61271873312984,0,0.7972856372909896,0.8174895038349808,0.0
100.88,0.04,680.1690733053548,420.57113447255193,0,-225.02600753036552,478.5342544453411,-3.7429163441582802,18.763929970865476,-105.98681294379294,0.0,0,8.662051212360893,18.72925890744324,0,0.7653438345850994,0.7995843645422184,0.0
100.92,0.04,632.200137590029,407.93138144943293,0,-225.16823835144353,479.25443410019903,-3.555770526950366,18.004491371448168,-105.98681294379294,0.0,0,-47.968935715325756,-12.639753023118999,0,0.7340901455106267,0.7821576204214471,0.0
100.96000000000001,0.04,706.387625733792,438.92525694668416,0,-225.30335763146766,479.9448437619598,-3.3779820006028474,17.260241544019205,-105.98681294379294,0.0,0,74.18748814376295,30.993875497251224,0,0.7035074419555746,0.765190542106254,0.0
101.0,0.04,717.5289558907214,437.2935832721516,0,-225.43172094749056,480.6060788304854,-3.209082900572705,16.53087671313882,-105.98681294379294,0.0,0,11.14133015692937,-1.6316736745325784,0,0.6735792134177023,0.7486654543360239,0.0
101.04,0.04,677.8294744953618,439.2657288784278,0,-225.55366609771232,481.23872279764043,-3.0486287555440694,15.816099178876044,-105.98681294379294,0.0,0,-39.69948139535961,1.9721456062762286,0,0.6442895380496915,0.7325656667791934,0.0
101.08,0.04,689.819374539995,445.5813133967078,0,-225.66951399042298,481.8433474854524,-2.8961973177668656,15.115617195298524,-105.98681294379294,0.0,0,11.98990004463326,6.315584518279991,0,0.6156230562261414,0.7168754093561324,0.0
101.12,0.04,693.9500827314464,446.57288547977896,0,-225.7795694884981,482.4205132795081,-2.7513874518785224,14.429144851392554,-105.98681294379294,0.0,0,4.13070819145139,0.9915720830711621,0,0.5875649466097457,0.7015797718052859,0.0
101.16,0.04,683.8348999786375,422.16699103556147,0,-225.8841222116695,482.9707693576827,-2.613818079284596,13.756401954364703,-105.98681294379294,0.0,0,-10.115182752808892,-24.405894444217495,0,0.5601009047400552,0.6866646472458822,0.0
101.2,0.04,714.8642110613256,436.5862748018715,0,-225.9834472986823,483.4946539142938,-2.483127175320366,13.09711391527741,-105.98681294379294,0.0,0,31.029311082688082,14.419283766310059,0,0.5332171242240048,0.6721166795003352,0.0
101.24000000000001,0.04,720.1059954403306,417.39038295866663,0,-226.0778061313445,483.9926943797727,-2.3589708165543475,12.451011636971861,-105.98681294379294,0.0,0,5.241784379005026,-19.19589184320489,0,0.5069002806822944,0.6579232139495129,0.0
101.28,0.04,700.0282225736092,459.40188818627064,0,-226.16744702237355,484.465407635942,-2.24102227572663,11.817831404232424,-105.98681294379294,0.0,0,-20.077772866721375,42.011505227604005,0,0.48113751870194693,0.6440722517042294,0.0
101.32000000000001,0.04,726.8351868202859,436.09713274586306,0,-226.25260586885116,484.9133002269879,-2.1289711619402985,11.197314776147776,-105.98681294379294,0.0,0,26.80696424667667,-23.304755440407575,0,0.45591644217686095,0.6305524068864525,0.0
101.36,0.04,685.2767611489586,433.1184321268323,0,-226.3335067730049,485.33686856621284,-2.0225226038432833,10.589208480624821,-105.98681294379294,0.0,0,-41.55842567132731,-2.9787006190307466,0,0.43122510859954843,0.6173528668238164,0.0
101.4,0.04,728.8895747450205,437.68515305398637,0,-226.41036263195093,485.73659913865333,-1.921396473651119,9.993264311012325,-105.98681294379294,0.0,0,43.61281359606187,4.566720927154051,0,0.4070520281216321,0.6044633549709774,0.0
101.44,0.04,763.6662849231675,425.8639781149451,0,-226.48337569794967,486.112968699645,-1.825326649968563,9.409239024792079,-105.98681294379294,0.0,0,34.77671017814703,-11.82117493904127,0,0.38338616856586516,0.5918740963811796,0.0
101.48,0.04,745.9984963139497,451.4347928476107,1,-226.53518906468562,486.47105130206717,-1.2953341683988135,8.952065060554027,-100.2735669516016,142.83114980478365,0,-17.667788609217837,25.57081473266561,1,0.36181179517800377,0.6999286135725535,5.7132459921913465
101.52,0.04,725.9380806019896,443.5428832411757,1,-226.56981481530119,486.8124253278411,-0.8656437653888709,8.534350644348144,-95.52384921046642,118.74294352837929,0,-20.060415711960104,-7.891909606435036,0,0.3431255864530967,0.5992655304162489,4.749717741135171
101.56,0.04,719.6255976845332,435.5757066298654,1,-226.58851544637983,487.13868421228904,-0.4675157769661986,8.156472111198816,-91.27281852161806,106.275767221209,0,-6.31248291745635,-7.967176611310265,0,0.32679438992118864,0.5489062588280182,4.25103068884836
101.60000000000001,0.04,718.7366863730533,438.6917610042718,1,-226.59146874018387,487.44920474453613,-0.07383234510092862,7.763013306177449,-87.56958169674081,92.58092062193128,0,-0.8889113114798874,3.116054374406417,0,0.3105345759996994,0.5565936361242907,3.7032368248772514
101.64,0.04,753.6467021764024,459.1534464893622,1,-226.57169269355262,487.73989458748537,0.4944011657810812,7.2672460737306395,-83.7073582261546,96.55558676465539,0,34.9100158033491,20.461685485090356,0,0.2913617627867664,0.7541050799837272,3.8622234705862155
101.68,0.04,758.5187973849131,440.906315311247,1,-226.5282128874444,488.01440316737234,1.0869951527056507,6.862714497174416,-79.68696865363736,100.50973931293079,0,4.8720952085107,-18.247131178115183,0,0.27793066396273985,0.7175050033067509,4.020389572517232
101.72,0.04,738.7171868009405,471.48096666375636,1,-226.464989643976,488.26661555392656,1.5805810867103496,6.305309663855645,-77.312857809378,59.35277110648407,0,-19.80161058397266,30.574651352509363,0,0.2600158965256543,0.7445315456408931,2.374110844259363
101.76,0.04,800.2753285726292,422.83855907162183,1,-226.36971133479307,488.50626022866646,2.3819577295734966,5.991116868497535,-72.57498047602793,118.44693333375176,0,61.558141771688724,-48.64240759213453,0,0.2578905316834137,0.8607680502792556,4.73787733335007
101.8,0.04,788.7395152856675,441.1312212295368,1,-226.244685122553,488.72967865916047,3.1256553060018284,5.585460762349847,-69.03917996447188,88.39501278890118,0,-11.535813286961684,18.292662157914947,0,0.25602216472701195,0.8471381006897748,3.5358005115560474
101.84,0.04,748.7608744580308,458.29603176868324,1,-226.0979067354213,488.9334378833007,3.6694596782919824,5.093980603506431,-67.29452653627399,43.61633570494732,0,-39.978640827636696,17.16481053914646,0,0.2511209197801203,0.7329910926188924,1.7446534281978927
101.88,0.04,756.4436506230625,425.9909871427197,1,-225.92783961816502,489.1239989100124,4.251677931407297,4.764025667792829,-64.6190669080662,66.88649070519475,0,7.682776165031669,-32.305044625963546,0,0.25541403499666077,0.6692147292628993,2.67545962820779
101.92,0.04,763.8495800901677,456.2817478644228,1,-225.7330025848907,489.29530358715124,4.870925831858141,4.282616928470709,-62.89502584303308,43.101026625828,0,7.4059294671052385,30.290760721703123,0,0.2594354677849214,0.7843611008384413,1.72404106503312
101.96000000000001,0.04,761.808790472837,452.0153054495344,1,-225.51380379352182,489.44820520320013,5.47996978422233,3.82254040122303,-61.3105268857996,39.61247393083713,0,-2.040789617330688,-4.266442414888388,0,0.26725832882801226,0.7632856259852383,1.5844989572334853
102.0,0.04,762.008390295428,477.3413280672632,1,-225.27020332409384,489.5776385536356,6.090011735699473,3.2358337608867274,-60.49431866567659,20.40520550307523,0,0.19959982259092612,25.326022617728768,0,0.27585173718953176,0.8463899009184553,0.8162082201230092
102.04,0.04,755.993250830441,468.92418151237155,1,-225.0034042044998,489.6852870677686,6.669977989851684,2.6912128533248634,-59.771814292790275,18.06260932215782,0,-6.015139464986987,-8.417146554891644,0,0.28769771082024476,0.7955958703442694,0.7225043728863128
102.08,0.04,755.1127314225516,483.1363201082448,1,-224.7135825386212,489.76830831788,7.245541646964437,2.075531252783641,-59.47098228677893,7.520800150283691,0,-0.8805194078893237,14.212138595873228,0,0.30147823467488694,0.8428151378766328,0.30083200601134763
102.12,0.04,825.205398720202,492.52263419168486,1,-224.3867197929986,489.824825041153,8.17156864056545,1.412918081825218,-57.74137635189779,43.240148372028386,0,70.09266729765034,9.386314083440084,0,0.33171281929625357,1.1386756373986875,1.7296059348811355
102.16,0.04,767.9154673652839,470.06556177191874,1,-224.03427395390293,489.85932865207167,8.81114597739187,0.8625902729656119,-57.04452519511381,17.42127891959946,0,-57.28993135491805,-22.45707241976612,0,0.35413072256199835,0.8437534396885096,0.6968511567839784
102.2,0.04,780.5777909125159,479.3675294678305,1,-223.65371255662475,489.86995875709675,9.514034931954452,0.26575262562645463,-56.299321511241175,18.630092096815964,0,12.66232354723195,9.301967695911742,0,0.38070983206526016,0.9220998100679878,0.7452036838726386
102.24000000000001,0.04,791.352162809769,469.377292446411,1,-223.24288072678462,489.8587134036325,10.270795746003298,-0.281133836605612,-55.11652607228286,29.569885973957888,0,10.774371897253104,-9.990237021419489,0,0.41098570581509114,0.9336871704444576,1.1827954389583155
102.28,0.04,823.631184829547,488.9249641868279,1,-222.79532265997858,489.8216830573309,11.188951670151038,-0.9257586575397383,-53.808926053003226,32.69000048199082,0,32.27902201977804,19.547671740416888,0,0.44908737424957246,1.1218517998434308,1.3076000192796329
102.32000000000001,0.04,745.7303615227829,466.9069530586846,1,-222.32661852086798,489.7632713204176,11.71760347776495,-1.4602934228331534,-54.406413545861064,-14.937187321445933,0,-77.9008233067641,-22.018011128143257,0,0.47232986463767196,0.7517979442647756,-0.5974874928578373
102.36,0.04,804.4799637833456,509.3255695227012,1,-221.82501838900072,489.6749944695997,12.540003296681672,-2.2069212704466494,-54.05232523424983,8.852207790280886,0,58.74960226056271,42.418616464016566,0,0.5093088401741869,1.110763073290708,0.35408831161123544
102.4,0.04,795.3816837811964,480.8318067071171,1,-221.29234192037723,489.5625512574404,13.316911715587647,-2.81108030398223,-53.34927326859239,17.576299141435925,0,-9.098280002149181,-28.49376281558409,0,0.5444150036377524,0.9841721542340188,0.703051965657437
102.44,0.04,812.5893507075865,474.27634273768115,1,-220.7251475816122,489.4272527767336,14.179858469125573,-3.382462017670626,-52.1149743204735,30.85747370297227,0,17.20766692639006,-6.555463969435948,0,0.5831081347474714,1.034965778264738,1.2342989481188908
102.48,0.04,814.6446103647735,466.05363319925016,1,-220.12302432077422,489.2707435693869,15.053081520949444,-3.9127301836668877,-50.73438768295233,34.51466593802923,0,2.05525965718698,-8.22270953843099,0,0.6221314597626767,1.0216177495059653,1.3805866375211693
102.52,0.04,782.7792602288731,464.3857546388068,1,-219.49234520789048,489.0933572111125,15.766977822093803,-4.434658956860908,-50.39968658676145,8.36752740477209,0,-31.86535013590037,-1.6678785604433415,0,0.6551504129050687,0.8843401908063505,0.3347010961908836
102.56,0.04,837.7759566854957,470.95941977336,1,-218.82211090366962,488.8937789688834,16.755857605521282,-4.9894560557277075,-48.843445764350534,38.906020560272836,0,54.996696456622544,6.5736651345532096,0,0.6993178800271553,1.1338796439581205,1.5562408224109134
102.60000000000001,0.04,799.8544634635741,473.4475947874444,1,-218.11990570675607,488.6715112076968,17.555129922839154,-5.556694029664918,-48.509372963883486,8.351820011676203,0,-37.92149322192154,2.4881750140843906,0,0.7365426642328963,0.9800995644867271,0.3340728004670481
102.64,0.04,806.1977707704756,495.8396492234161,1,-217.3844609556884,488.42207551666553,18.38611877669153,-6.2358922757819855,-48.67057155524394,-4.0299647840113195,0,6.343307306901465,22.39205443597166,0,0.7765932949963146,1.073244022930193,-0.16119859136045278
102.68,0.04,845.0083345267576,465.1676504156338,1,-216.6080145377154,488.1516062955511,19.41116044932532,-6.761730527860145,-46.95587366905004,42.867447154847405,0,38.81056375628202,-30.671998807782302,0,0.822205959327313,1.152048739413612,1.7146978861938962
102.72,0.04,816.8180044082355,460.6218483428019,1,-215.79620451886075,487.86101270476814,20.295250471366497,-7.264839769574159,-45.940934281919304,25.373484678268454,0,-28.19033011852207,-4.5458020728318616,0,0.862252945322278,1.0172187946409668,1.0149393871307382
102.76,0.04,825.0923577536616,494.3363875873391,1,-214.94737602845535,487.5435518364677,21.2207122601348,-7.936521707510842,-45.91410081335082,0.6708367142120863,0,8.274353345426107,33.71453924453721,0,0.906251184289414,1.1435191945134124,0.026833468568483454
102.8,0.04,828.2339171190927,493.50977598008177,1,-214.06090075462615,487.19938901297127,22.16188184573026,-8.60407058741125,-45.80847650550161,2.6406076962302905,0,3.1415593654310214,-0.8266116072573482,0,0.9509397773716332,1.153872478182152,0.10562430784921162
102.84,0.04,784.7065582172007,481.8019519668799,1,-213.1454841691535,486.83086579908144,22.88541463681626,-9.213080347245658,-47.02362980973834,-30.378832605918227,0,-43.527358901891944,-11.707824013201844,0,0.986811473450783,0.9457233143738506,-1.215153304236729
102.88,0.04,822.2010326033538,514.8483597978112,1,-212.19362737716017,486.43137291323205,23.79641979983303,-9.987322146234725,-47.60752966843937,-14.597496467525772,0,37.494474386153115,33.04640783093129,0,1.03229158589426,1.1955671333492877,-0.5838998587010309
102.92,0.04,827.2585009540999,474.2660172766079,1,-211.20431888497603,486.00902682392734,24.732712304603535,-10.558652232617753,-46.76650920122853,21.02551168027098,0,5.057468350746035,-40.582342521203316,0,1.0756893193941417,1.096841703299007,0.8410204672108392
102.96000000000001,0.04,805.8807676064874,474.6222231153387,1,-210.1818342392706,485.56375628999956,25.56211614263597,-11.131763348194447,-46.86654570093516,-2.500912492665819,0,-21.377733347612434,0.3562058387308298,0,1.115231231219663,1.0081503247732921,-0.10003649970663275
103.0,0.04,842.0683212361956,462.16516770654755,1,-209.1189359293179,485.0980527225305,26.57245774881694,-11.642589186727172,-45.19320170035889,41.83360001440679,0,36.18755362970819,-12.457055408791177,0,1.1604450138001754,1.1321365635350749,1.6733440005762716
103.04,0.04,831.9551891578751,499.2235844490301,1,-208.01764658153365,484.6045044381716,27.532233694606315,-12.338707108972322,-45.442069184296074,-6.2216870984295625,0,-10.113132078320518,37.058416742482564,0,1.2068256446300172,1.1856432970277333,-0.2488674839371825
103.08,0.04,826.6956179249663,475.43426194651437,1,-206.8790181101644,484.0878693014234,28.465711784231143,-12.915878418704885,-45.018328849259866,10.59350837590518,0,-5.259571232908797,-23.789322502515745,0,1.2503546138338306,1.0975008266912696,0.4237403350362072
103.12,0.04,862.4274068680369,510.28681180121214,1,-205.69590415742155,483.54117680231496,29.577848818571322,-13.667312477710958,-44.77285551588101,6.136833334471348,0,35.73178894307057,34.85254985469777,0,1.3033155081392231,1.342200405373695,0.2454733333788539
103.16,0.04,817.2579185271028,489.3522201643596,1,-204.47733862097328,482.9686138591737,30.464138411206843,-14.314073578532764,-45.54155973870496,-19.217605570598728,0,-45.169488340934095,-20.93459163685253,0,1.3463767268034872,1.0971823747902039,-0.7687042228239491
103.2,0.04,884.4404299902153,507.774994217605,1,-203.20988499852697,482.36649591718884,31.686340561157916,-15.052948549620787,-44.65226802069709,22.232292950196708,0,67.18251146311252,18.422774053245405,0,1.4032051528954426,1.4281856735891705,0.8892917180078683
103.24000000000001,0.04,817.3572358538238,502.4519193106983,1,-201.90695992890988,481.73588759134185,32.57312674042704,-15.765208146174267,-46.12100460529072,-36.71841461484071,0,-67.08319413639151,-5.323074906906697,0,1.4475084102222837,1.1374108583204494,-1.4687365845936284
103.28,0.04,829.8995591937891,510.275889107037,1,-200.56605494745403,481.07522408767346,33.522624536395995,-16.516587591709445,-47.15549978820677,-25.862379572901162,0,12.542323339965264,7.823969796338702,0,1.494825218670231,1.210833240261701,-1.0344951829160465
103.32000000000001,0.04,854.1908408016276,482.4046512961336,1,-199.18231179783788,480.3900796537459,34.593578740404126,-17.1286108481901,-45.98046231835853,29.375936746205866,0,24.291281607838528,-27.871237810903438,0,1.5440751275283096,1.2334972126259043,1.1750374698482347
103.36,0.04,849.2316298194013,505.68355216265115,1,-197.75672232225784,479.67579850938574,35.63973688950114,-17.857028609003343,-46.19040383829142,-5.248537998322078,0,-4.9592109822262955,23.278900866517574,0,1.5945227831777784,1.2747702958534384,-0.20994151993288312
103.4,0.04,833.0648161264374,495.6964103191136,1,-196.2925198834525,478.9343780829618,36.60506097013332,-18.535510660598923,-46.855957055162946,-16.638830421788242,0,-16.166813692963842,-9.987141843537529,0,1.6412169358503819,1.17991036735242,-0.6655532168715297
103.44,0.04,817.3458168929141,508.86957782136926,1,-194.7928482812686,478.1631837409736,37.4917900545979,-19.27985854970577,-49.081759427842194,-55.64505931698118,0,-15.718999233523391,13.173167502255637,0,1.6863438639588195,1.1577315100027323,-2.2258023726792473
103.48,0.04,800.7877162384432,470.2986906253301,1,-193.261019135837,477.3699296608603,38.29572863579011,-19.831352002832425,-51.79410097712201,-67.80853873199533,0,-16.558100654470877,-38.570887196039166,0,1.7250369753747554,0.9749165457468186,-2.712341549279813
103.52,0.04,853.8124934042472,490.3149990088669,1,-191.68642749172454,476.5506125809452,39.36479110281135,-20.482926997876767,-50.67953155963948,27.8642354370632,0,53.02477716580404,20.016308383536796,0,1.774998400886415,1.2519762507973442,1.114569417482528
103.56,0.04,830.6758554364718,508.6766304390784,1,-190.0737006765248,475.7015601749423,40.31817037999372,-21.226310150072173,-52.13627012581064,-36.41846415427903,0,-23.136637967775414,18.361631430211503,0,1.8225744891783264,1.2089460521994957,-1.4567385661711612
103.60000000000001,0.04,862.72722482449,519.6632581591648,1,-188.41642841636013,474.82057511730756,41.43180650411617,-22.024626440867983,-52.0689759171307,1.682355216998488,0,32.0513693880182,10.986627720086403,0,1.876881993117036,1.370216886883407,0.06729420867993952
103.64,0.04,886.4970095443365,526.3887771029913,1,-186.70985675428662,473.90631230425225,42.66429155183785,-22.856570326382943,-51.328744794699254,18.50577806078615,0,23.769784719846484,6.725518943826501,0,1.9360432146850834,1.4869936185146335,0.740231122431446
103.68,0.04,848.6750843732182,466.4469973681271,1,-184.96155007533847,472.9707600917233,43.70766697370394,-23.388805313223592,-48.28111876556439,76.19065072837152,0,-37.82192517111832,-59.94177973486421,0,1.9828853184242665,1.1712840612641764,3.047626029134861
103.72,0.04,838.1506682467506,524.599428124189,1,-183.17361326274096,472.00228799356955,44.69842031493769,-24.211802453844534,-50.85852903907741,-64.43525683782542,0,-10.5244161264676,58.152430756061904,0,2.0333854161825045,1.2879893154200064,-2.577410273513017
103.76,0.04,845.0137953219311,503.8348175790026,1,-181.34467369107907,471.0050489319,45.72348929154735,-24.93097654173956,-52.10948480132854,-31.273894056278273,0,6.8631270751805005,-20.764610545186372,0,2.083148027123948,1.2521891931761828,-1.250955762251131
103.8,0.04,840.1798664643638,508.9848034466943,1,-179.4756981461243,469.97801290954106,46.724388623869174,-25.675900558973034,-54.29723334152236,-54.6937135048454,0,-4.83392885756723,5.149985867691669,0,2.132574167259319,1.2476823573704663,-2.187748540193816
103.84,0.04,818.0043750026667,510.53298945075323,1,-177.571121726169,468.920870289292,47.614410498882506,-26.42856550622681,-59.420350782436984,-128.07793602286566,0,-22.175491461697106,1.5481860040589481,0,2.178293336306391,1.1656086224916054,-5.123117440914626
103.88,0.04,831.1579334379018,483.04663245641984,1,-175.62831371952612,467.8391183425516,48.57020016607201,-27.043798668508906,-63.66424390883872,-106.09732816004342,0,13.153558435235027,-27.48635699433339,0,2.2236659427513565,1.1366818956409286,-4.243893126401737
103.92,0.04,805.8062578718033,510.0802597216905,1,-173.65234446130887,466.72735034386693,49.399231455431035,-27.794199967117372,-70.22327945888713,-163.97588875121033,0,-25.351675566098493,27.03362726527064,0,2.267263238426224,1.1182106186624932,-6.559035550048414
103.96000000000001,0.04,832.8505085710992,498.9131364989377,1,-171.6378051013774,465.58779971788243,50.363483998286526,-28.48876564961207,-74.10293659830107,-96.99142848534841,0,27.044250699295958,-11.167123222752764,0,2.3145073907626053,1.1883620886340178,-3.8796571394139363
104.0,0.04,824.5627805500519,507.5943299063746,1,-169.58635318533595,464.41873022591665,51.28629790103679,-29.226737299143956,-79.077668222575,-124.36829060684822,0,-8.287728021047315,8.681193407436865,0,2.361181577277637,1.1816038484288995,-4.974731624273929
104.04,0.04,803.4759026808924,521.1449499332375,1,-167.5022060887583,463.21743174396426,52.10367741444125,-30.03246204881014,-84.93126914071303,-146.3400229534507,0,-21.08687786915948,13.55062002686293,0,2.4055741857016546,1.1477376186036365,-5.853600918138028
104.08,0.04,859.8696620307677,512.9280869760396,1,-165.3740850597745,461.98554764461664,53.20302572459509,-30.79710248369033,-84.10314428563744,20.703121376889655,0,56.39375934987527,-8.216862957197918,0,2.4589504973115126,1.3391197488245328,0.8281248550755862
104.12,0.04,843.3180154095792,516.9060141254162,1,-163.20530042770878,460.722282342444,54.21961580164299,-31.581632554317416,-87.08431527515899,-74.52927473803861,0,-16.551646621188524,3.977927149376569,0,2.509873702790214,1.2841116837994981,-2.9811709895215444
104.16,0.04,862.7431196005542,517.8481247554173,1,-160.99196717172293,459.4274474153202,55.33333139964576,-32.370873178094506,-87.09134337201866,-0.17570242149176352,0,19.42510419097505,0.9421106300011388,0,2.5642623872280486,1.365013990937352,-0.007028096859670541
104.2,0.04,833.8544969023442,504.89545404351776,1,-158.73986301635662,458.10363339738774,56.30260388415748,-33.0953504483121,-94.20652978210062,-177.879660252049,0,-28.888622698210042,-12.952670711899543,0,2.612366107706333,1.2101059723402137,-7.115186410081961
104.24000000000001,0.04,841.4849241457173,502.9417374958896,1,-156.44746187616119,456.7512310319561,57.31002850488606,-33.810059135791555,-101.23505150105525,-175.7130429738659,0,7.630427243373106,-1.9537165476281757,0,2.661596352866919,1.2351975042108625,-7.028521718954636
104.28,0.04,830.5068694231345,506.7219874745546,1,-154.1169593620811,455.3694842690295,58.262562852001736,-34.54366907316432,-107.97555091759824,-168.5124854135747,0,-10.978054722582783,3.78024997866504,0,2.7093294530181566,1.2022916545693685,-6.740499416542988
104.32000000000001,0.04,798.1258737086679,498.836634670502,1,-151.7548316732593,453.9599701791688,59.05319222054507,-35.23785224651683,-79.3331281718126,716.060568644641,0,-32.38099571446662,-7.885352804052616,0,2.750704852908512,1.0521335830439968,28.642422745785638
104.36,0.04,817.8260960191246,529.5668386337838,1,-149.35713876523369,452.5165427215814,59.94232270064069,-36.08568643968575,-87.18413466320452,-196.27516228479783,0,19.700222310456752,30.730203963281838,0,2.7986450483249183,1.2285665752174186,-7.851006491391914
104.4,0.04,835.351026218985,527.2454735172898,1,-146.92037565196426,451.0396661692905,60.919077831735606,-36.9219138072722,-94.26234464793126,-176.9552496181685,0,17.524930199860364,-2.3213651164940075,0,2.8493821823155114,1.2858175595397696,-7.07820998472674
104.44,0.04,821.9145417730452,503.07840926917476,1,-144.44722963034022,449.5341739351458,61.82865054060083,-37.63730585361807,-67.48778954313184,669.3638776199855,0,-13.436484445939755,-24.167064248115082,0,2.895333851448713,1.1571984672852607,26.77455510479942
104.48,0.04,825.1062843190186,516.8477108310102,1,-141.93706235185238,447.9973121588349,62.75418196219593,-38.42154440777312,-78.46438980933424,-274.4150066550599,0,3.1917425459733977,13.769301561835448,0,2.9432777452147723,1.2131110922677473,-10.976600266202396
104.52,0.04,835.5707506060714,517.3254544871854,1,-139.38778092324333,446.42898529162653,63.73203571522629,-39.208171680209055,-88.57038663522505,-252.6499206472703,0,10.464466287052801,0.4777436561752211,0,2.9930728298286793,1.254982242127577,-10.105996825890813
104.56,0.04,825.9452817533816,495.08660593681645,1,-136.8013104382836,444.83364110323083,64.6617621239932,-39.88360470989314,-63.57200036288924,624.9596568083952,0,-9.625468852689892,-22.23884855036897,0,3.038906489021301,1.1491740393634204,24.998386272335807
104.60000000000001,0.04,838.6715662947869,507.5929371373357,1,-134.1751056400649,443.20877832740763,65.65511995546713,-40.62156939557982,-40.525816986584616,576.1545844076156,0,12.726284541405334,12.506331200519242,0,3.0882245194355127,1.2374779427008884,23.046183376304626
104.64,0.04,820.5935199659963,506.98498889740404,1,-131.51278213785304,441.55451855380494,66.5580875552971,-41.35649434006685,-19.688454646452733,520.934058503297,0,-18.078046328790606,-0.6079482399316589,0,3.1344125173610653,1.1642444590256726,20.837362340131882
104.68,0.04,816.2087549410021,507.6298485347193,1,-128.81521688465295,439.8707328104953,67.43913133000211,-42.09464358274044,-0.9701745293165942,467.9570029284035,0,-4.384765024994181,0.6448596373152782,0,3.179935962349734,1.1493922034736592,18.71828011713614
104.72,0.04,799.7444164202301,508.52250569465446,1,-126.08570274816883,438.15724256604676,68.23785341210326,-42.83725611121371,15.986843699396125,423.92545571781795,0,-16.464338520772003,0.8926571599351405,0,3.2227777210175526,1.0906100732532527,16.95701822871272
104.76,0.04,808.0626545623753,506.47743890724985,1,-123.32257608077222,436.41445683381676,69.07816668491515,-43.569643305749956,30.94779907476225,374.0238843841531,0,8.31823814214522,-2.0450667874046076,0,3.2668289040815623,1.1146826450539584,14.960955375366126
104.8,0.04,779.5098561041173,515.8952717127736,1,-120.53154744215479,434.6404920472442,69.77571596543572,-44.349119664313825,44.977386153860714,350.73967697746156,0,-28.552798458258053,9.417832805523744,0,3.307082086308423,1.0460202638165108,14.029587079098462
104.84,0.04,799.3019219067053,490.3664612705695,1,-117.70865841915602,432.84045396841753,70.57222557496925,-45.00095197066667,56.281755203197434,282.60922623341804,0,19.792065802588013,-25.528810442204076,0,3.34796050176715,1.0292292813967763,11.30436904933672
104.88,0.04,822.9851025647757,517.3698153746309,1,-114.8491723756443,431.00894192651594,71.48715108779314,-45.78780104753982,67.24783371158317,274.1519627096434,0,23.683180658070455,27.003354104061373,0,3.3957468681674223,1.2067394763544377,10.966078508385735
104.92,0.04,796.1993527031468,508.6510513073001,1,-111.95844646159195,429.1476996743529,72.26814785130887,-46.53105630407634,76.94808849021085,242.50636946569202,0,-26.785749861628915,-8.718764067330767,0,3.438098170705827,1.0781392864519899,9.70025477862768
104.96000000000001,0.04,801.9599186211698,523.1570823535834,1,-109.03532856381536,427.25382600571913,73.07794744441472,-47.34684171584424,86.11552952077169,229.18602576402094,0,5.760565918022962,14.506031046283283,0,3.4830124485919067,1.1494699730953095,9.167441030560838
105.0,0.04,855.3256828683203,487.3362115736617,1,-106.0691455294651,425.3344850947706,74.15457585875632,-47.98352277371256,91.6567918069066,138.53155715337272,0,53.36576424715054,-35.82087077992168,0,3.533003159594951,1.2507963511363562,5.541262286134909
105.04,0.04,812.5867833352505,504.20499142574386,1,-103.0684451384478,423.386303185537,75.01750977543257,-48.70454773084128,98.32571374389364,166.72304842467616,0,-42.7388995330698,16.868779852082127,0,3.5776550404023983,1.124514087663064,6.668921936987047
105.08,0.04,738.7784402969186,514.6641892305133,1,-100.04798905937112,421.40718843845724,75.51140197691717,-49.47786867699386,105.29202279348861,174.15772623987422,0,-73.80834303833194,10.459197804769474,0,3.6111009550744706,0.9175809459909383,6.966309049594969
105.12,0.04,771.8974749322493,509.22277943645787,1,-97.00115348530798,419.39822913549017,76.17088935157841,-50.22398257417614,111.0978462326411,145.14558597881225,0,33.11903463533076,-5.44140979405546,0,3.649537572947372,0.9957959353733619,5.8058234391524906
105.16,0.04,812.2502194624057,515.8240498676229,1,-93.91986786735237,417.3581050225496,77.03214044889043,-51.00310282351426,116.03538992221675,123.4385922393912,0,40.352744530156315,6.6012704311650054,0,3.695460384799402,1.1613706624286044,4.937543689575648
105.2,0.04,789.2935231776988,530.4299832652868,1,-90.80872354476121,415.28389491295593,77.77860806477892,-51.85525273984069,121.1442366598637,127.72116844117356,0,-22.956696284706823,14.605933397663875,0,3.7391933053443096,1.1328607070003716,5.108846737646942
105.24000000000001,0.04,780.1211134968136,505.9730962573407,1,-87.66955499947069,413.18049018411085,78.479213632263,-52.585118221127395,124.99754037172423,96.33259279651334,0,-9.172409680885266,-24.456887007946023,0,3.7787154707743227,1.0117073598445163,3.8533037118605336
105.28,0.04,795.6374122616528,509.49275805428255,1,-84.49925897172784,411.0471869036549,79.25740069357127,-53.332582011398806,128.33969300805182,83.55381590818993,0,15.516298764839235,3.5196617969418185,0,3.8212249070064175,1.079016784000374,3.3421526363275973
105.32000000000001,0.04,757.3680822588958,508.5558392538104,1,-81.30548932753321,408.88417245534816,79.84424110486574,-54.07536120766786,131.65178681131079,82.80234508147402,0,-38.26933000275699,-0.9369188004721423,0,3.8573042456828333,0.9466269607075277,3.3120938032589606
105.36,0.04,764.933505367001,479.5263774842938,1,-78.08673298226518,406.6972527315446,80.46890863170074,-54.67299309508933,133.81396121653827,54.05436013068723,0,7.565423108105165,-29.029461769516615,0,3.891402098031537,0.8645076008602252,2.162174405227489
105.4,0.04,775.6547217505812,510.6145607915808,1,-74.84084569264704,404.4802100955827,81.14718224045365,-55.42606589904724,136.37059696322746,63.91589366722954,0,10.721216383580213,31.08818330728701,0,3.9307839353718528,1.0134957998885388,2.5566357466891816
105.44,0.04,800.577073853885,510.40675359519236,1,-71.56284298825811,402.2330861089018,81.95006760972308,-56.17809966702321,138.33773974845252,49.17856963062661,0,24.922352103303865,-0.20780719638844403,0,3.974275775722915,1.1000816807687752,1.9671427852250645
105.48,0.04,744.9789365304612,483.21985773077176,1,-68.2638444965631,399.9613181506747,82.47496229237538,-56.79419895567707,140.0233594341059,42.14049214133482,0,-55.598137323423884,-27.186895864420592,0,4.005536256761792,0.8093780089404761,1.6856196856533927
105.52,0.04,745.2736509038635,496.69170509174785,1,-64.9437912746873,397.6622118514293,83.0013305468947,-57.477657481135815,141.78606100432546,44.0675392554887,0,0.29471437340237117,13.471847360976085,0,4.038396113721111,0.8626581567387898,1.7627015702195479
105.56,0.04,787.0772270821687,486.74850260173326,1,-61.59432260739508,395.3377558516635,83.73671668230556,-58.11139999414447,142.6712063770617,22.12863431840617,0,41.80357617830521,-9.943202490014585,0,4.077013128261862,0.9707843946773298,0.8851453727362468
105.60000000000001,0.04,768.3060312507688,491.90895120043893,1,-58.2191927338527,392.9869180616576,84.37824683855939,-58.77094475014666,143.77896734637673,27.69402423287559,0,-18.77119583139995,5.1604485987056705,0,4.113142348399562,0.9200870755276703,1.1077609693150237
105.64,0.04,705.6314006101842,478.8687956042825,1,-54.830936580188286,390.6123065125309,84.70640384161031,-59.365288728168075,145.0545261814676,31.88897087727156,0,-62.67463064058461,-13.04015559615641,0,4.137518552476924,0.6789195702450174,1.2755588350908624
105.68,0.04,714.024134797051,514.3664738768297,1,-51.427875599564466,388.2068216686288,85.07652451559557,-60.13712109755223,146.75565901754692,42.52832090198311,0,8.392734186866846,35.49767827254715,0,4.167395034321458,0.8559874530274735,1.7011328360793243
105.72,0.04,726.839027760218,516.243711762682,1,-48.0074468133886,385.7700880823742,85.51071965439665,-60.91833965636564,148.1890112699308,35.833806309597094,0,12.814892963166926,1.8772378858523098,0,4.199643276717887,0.8937717019423875,1.4333522523838838
105.76,0.04,747.1873083786984,484.49067112595,1,-44.56558056553699,383.30845636189434,86.04665619629014,-61.54079301199538,148.65257013194716,11.5889715504089,0,20.34828061848043,-31.75304063673201,0,4.231556923328881,0.821386727961612,0.463558862016356
105.8,0.04,747.6905393607306,514.1725345305402,1,-41.10217620981324,380.8159901345084,86.5851088930938,-62.31165568464808,149.61516290359702,24.064819291246664,0,0.5032309820321643,29.681863404590274,0,4.2670314770230755,0.9402981265451895,0.9625927716498666
105.84,0.04,718.9746884793093,514.6436233392267,1,-37.622976916393625,378.29259518245465,86.97998233549035,-63.08487380134422,150.65726289212608,26.052499713226496,0,-28.71585088142126,0.47108880868643155,0,4.297947162004431,0.8682115476640625,1.0420999885290598
105.88,0.04,753.6202526036196,547.7771887158519,1,-34.121053572453285,375.73164479265773,87.54808359850844,-64.0237597449235,151.98075800775499,33.087377890722536,0,34.64556412431034,33.133565376625256,0,4.3384252910284475,1.0973813649290265,1.3234951156289014
105.92,0.04,663.7400935005089,507.6073638553143,1,-30.614382209812845,373.14117293008974,87.66678406601099,-64.76179656420007,152.90040870089558,22.99126732851491,0,-89.88015910311071,-40.16982486053763,0,4.35973491353764,0.7475213358782506,0.9196506931405963
105.96000000000001,0.04,710.0941093044087,500.29113364372904,1,-27.093692025311523,370.52264284079297,88.01725461253304,-65.46325223241871,153.27823772994174,9.445725726153853,0,46.354015803899756,-7.316230211585264,0,4.387705460009423,0.7841362499307912,0.3778290290461541
106.0,0.04,725.5711465580673,504.463322896124,1,-23.555887611498587,367.875220086917,88.44511034532337,-66.18556884689934,153.5350202360022,6.419562651511512,0,15.477037253658636,4.172189252394958,0,4.418699730478917,0.8395247582033046,0.2567825060604605
106.04,0.04,733.0433078026191,496.11270707617984,1,-19.999474536125128,365.2005747916258,88.91032688433647,-66.86613238228026,153.52409114778055,-0.27322720554110447,0,7.472161244551785,-8.350615819944153,0,4.449921506983099,0.8243744015078903,-0.010929088221644179
106.08,0.04,690.7787069447849,495.7498129231319,1,-16.43290571936271,362.49877953374994,89.1642204190604,-67.54488144689591,153.79919194322983,6.877519886231909,0,-42.26460085783424,-0.3628941530479324,0,4.47438383916518,0.7246807708855273,0.27510079544927635
106.12,0.04,703.403599983754,493.69294933488345,1,-12.853656182603544,359.7702456860071,89.48123841897917,-68.21334619357035,153.89021368919532,2.2755436491372905,0,12.624893038969162,-2.0568635882484614,0,4.500658196827324,0.7398280407087932,0.09102174596549162
106.16,0.04,686.3955884129515,475.9015987578649,0,-9.453369122682336,357.08091611521917,85.0071764980302,-67.23323926969893,153.89021368919532,0.0,0,-17.008011570802523,-17.791350577018534,1,4.335256120482629,4.58015716484776,0.0
106.2,0.04,698.672126276961,508.3005805184184,0,-6.223096415757188,354.430006735847,80.7568176731287,-66.27273448430495,153.89021368919532,0.0,0,12.27653786400947,32.39898176055351,0,4.178753677682976,4.357535953171573,0.0
106.24000000000001,0.04,662.2149679342428,488.1081284185991,0,-3.154337344178298,351.8167491440622,76.71897678947225,-65.33143979461884,153.89021368919532,0.0,0,-36.45715834271812,-20.19245209981932,0,4.030682011821127,4.146105967598839,0.0
106.28,0.04,665.5331110629185,487.76843009341684,0,-0.2390162261783524,349.24039030411313,72.88302794999863,-64.40897099872646,153.89021368919532,0.0,0,3.318143128675615,-0.33969832518226895,0,3.890594054028282,3.945307615187202,0.0
106.32000000000001,0.04,689.9364873461932,489.26020888029865,0,2.5305388359215955,346.7001922409631,69.2388765524987,-63.50495157875193,153.89021368919532,0.0,0,24.403376283274724,1.4917787868818095,0,3.758063522884459,3.754609236603971,0.0
106.36,0.04,719.0175854782914,489.64404942013454,0,5.161616144916546,344.195431739076,65.77693272487376,-62.619012547176894,153.89021368919532,0.0,0,29.08109813209819,0.3838405398358873,0,3.6326839908973145,3.5735057063475497,0.0
106.4,0.04,678.9024155424013,523.409419674209,0,7.661139588461749,341.7254000472267,62.48808608863007,-61.75079229623336,153.89021368919532,0.0,0,-40.115169935890094,33.76537025407441,0,3.514068013509717,3.4015171028351294,0.0
106.44,0.04,659.1037216288461,495.8831414686912,0,10.035686859829692,339.2894025892143,59.36368178419856,-60.899936450308694,153.89021368919532,0.0,0,-19.798693913555212,-27.52627820551777,0,3.4018463162529335,3.238187444867006,0.0
106.48,0.04,674.5528357752961,466.94351332656413,0,12.291506767629237,336.8867586803622,56.395497694988634,-60.06609772130252,153.89021368919532,0.0,0,15.449114146450029,-28.93962814212705,0,3.295667035543615,3.083083491154529,0.0
106.52,0.04,637.6710121912423,495.3205557629018,0,14.434535680038804,334.51680124968715,53.5757228102392,-59.24893576687647,153.89021368919532,0.0,0,-36.88182358405379,28.37704243633766,0,3.195195008545695,2.935793599765673,0.0
106.56,0.04,645.7167336535531,481.77667138120484,0,16.470413146827894,332.1788765676256,50.89693666972724,-58.448117051538944,153.89021368919532,0.0,0,8.04572146231078,-13.543884381696955,0,3.100111107488276,2.79592664450157,0.0
106.60000000000001,0.04,645.3619067672848,495.469451767979,0,18.40449674027753,329.87234397920525,48.35208983624087,-57.66331471050817,153.89021368919532,0.0,0,-0.3548268862682562,13.692780386774189,0,3.010111613860204,2.6631109853689874,0.0
106.64,0.04,641.3474866342079,492.36573949069356,1,20.338849831054006,327.5393382428868,48.35882726941191,-58.32514340796164,153.72917072424107,-4.026074123856205,0,-4.0144201330768965,-3.1037122772854673,1,3.0306167104223722,0.66186299018656,-0.1610429649542482
106.68,0.04,601.1784477905092,480.6319280051153,1,22.265438611388586,325.1822061209673,48.164719508364456,-58.92830304798722,153.71281121352828,-0.408987767819724,0,-40.169038843698786,-11.733811485578258,0,3.0443088162497305,0.6336240006933481,-0.01635951071278896
106.72,0.04,662.2326436021629,504.70952562382377,1,24.196473920443598,322.79613209392306,48.27588272637527,-59.65185067610634,153.46253926020884,-6.256798832986021,0,61.0541958116537,24.077597618708467,0,3.0695678241981,0.7320371788340577,-0.25027195331944085
106.76,0.04,670.0404254112632,453.12266571079317,1,26.13351731458086,320.39143353373663,48.42608485343159,-60.1174640046603,151.9166035794747,-38.64839201835366,0,7.807781809100334,-51.586859913030594,0,3.0878329417462833,0.48924068790252623,-1.5459356807341464
106.8,0.04,620.5826823582801,489.28341271974307,1,28.06667724518978,317.9608782910063,48.32899826522299,-60.763881068259,151.91110714427128,-0.137410880085298,0,-49.45774305298312,36.1607470089499,0,3.1055927140041835,0.6536672132833017,-0.00549643520341192
106.84,0.04,640.5266813986904,468.2966940630137,1,29.999942512078437,315.5086637094633,48.331631672216446,-61.30536453857406,151.1817927622912,-18.232859549502223,0,19.94399904041029,-20.98671865672935,0,3.122638459074334,0.5414898738266773,-0.7293143819800889
106.88,0.04,634.9872802497351,489.92726932389775,1,31.932205235017044,313.03046367405557,48.30656807346512,-61.95500088519356,150.9896184323942,-4.804358247425,0,-5.539401148955221,21.63057526088403,0,3.142469513925785,0.6501196557799965,-0.192174329897
106.92,0.04,609.2018775893512,481.7338750621704,1,33.858308333473516,310.52791686363537,48.15257746141188,-62.563670260504416,150.8995916623374,-2.250669251419879,0,-25.785402660383966,-8.193394261727349,0,3.1579445346978368,0.6278467305336842,-0.09002677005679516
106.96000000000001,0.04,612.6502210659623,471.52862933220666,1,35.77894147614318,308.00306432734874,48.01582856674169,-63.12131340716545,150.53785907822854,-9.043314602721608,0,3.4483434766111714,-10.205245729963735,0,3.1723354171200406,0.5741656026021941,-0.36173258410886433
107.0,0.04,621.6147812980832,457.7123844100394,1,37.695897575072465,305.4586693141801,47.923902473232104,-63.60987532921565,149.81165983291797,-18.154981132764192,0,8.964560232120903,-13.816244922167243,0,3.185697202852088,0.4971349498328536,-0.7261992453105677
107.04,0.04,624.9031311286277,484.73948270292095,1,39.609834300227476,302.88932640447086,47.84841812887524,-64.23357274273025,149.56776526700014,-6.097364147945683,0,3.288349830544462,27.027098292881533,0,3.2038534260434273,0.6282486369804442,-0.24389456591782732
107.08,0.04,607.4867894818196,452.1138251087138,1,41.51726838327885,300.3015607297399,47.685852076284334,-64.69414186827382,148.93682717944432,-15.773452188895476,0,-17.416341646808064,-32.625657594207155,0,3.214783969180803,0.48841748623381487,-0.630938087555819
107.12,0.04,578.7235511148433,493.10102121074124,1,43.41244717655319,297.6871748507668,47.37946983185855,-65.35964697432752,149.3331512502468,9.908101770061961,0,-28.76323836697634,40.98719610202744,0,3.2290426108447043,0.732643928442001,0.39632407080247845
107.16,0.04,610.4851415950076,477.54669549972834,1,45.30172299814653,295.04927963269375,47.23189553983359,-65.94738045182615,149.01968474363423,-7.836662665314265,0,31.761590480164273,-15.554325711012893,0,3.2446655161340967,0.6059775674390123,-0.3134665066125706
107.2,0.04,594.4245394057668,453.2749273475812,1,47.18188372762103,292.3927294291512,47.00401823686242,-66.41375508856405,148.47514979303952,-13.613373764867731,0,-16.06060218924074,-24.27176815214716,0,3.254575756162409,0.5190697130461546,-0.5445349505947092
107.24000000000001,0.04,603.508117441897,469.54451104623496,1,49.054746080583904,289.7142703233994,46.82155882407191,-66.9614776437952,148.1000630356663,-9.377168934330626,0,9.08357803613012,16.269583698653776,0,3.2682956681320072,0.5773139828765724,-0.37508675737322505
107.28,0.04,590.6152601773283,449.0979786001099,1,50.917731485582244,287.01799162192754,46.57463512495855,-67.40696753679575,147.54489889304656,-13.879103565493267,0,-12.892857264568647,-20.446532446125047,0,3.2772905661914544,0.509345224724311,-0.5551641426197307
107.32000000000001,0.04,584.032256504243,452.9188757267476,1,52.76952334188144,284.3031291453104,46.294796407479765,-67.87156191542948,147.1384438194204,-10.161376840654412,0,-6.583003673085273,3.8208971266377034,0,3.2862762126759604,0.5423630190732357,-0.4064550736261765
107.36,0.04,592.0969557022332,451.1575077152283,1,54.611734589321074,281.57003516715014,46.055281185990935,-68.32734945400563,146.61240979524962,-13.150850604269237,0,8.064699197990194,-1.7613680115193233,0,3.29598922535388,0.5148881642125261,-0.5260340241707695
107.4,0.04,554.4627023788896,462.5421717467368,1,56.43683837723649,278.8164327546406,45.627594697885385,-68.84006031273933,146.67006449165189,1.441367410056671,0,-37.634253323343614,11.384664031508521,0,3.303532969843301,0.6676736903394537,0.057654696402266836
107.44,0.04,575.2347359461934,470.30011521003803,1,58.24898911234114,276.040770319089,45.30376837761635,-69.39156088878951,146.58149581224626,-2.214216985140638,0,20.772033567303765,7.757943463301217,0,3.314844226034217,0.639543877370953,-0.08856867940562552
107.48,0.04,588.7669870605489,486.4491796416516,1,60.0508932448579,273.2398180476091,45.047603312919094,-70.02380678699777,146.56525850752956,-0.405932617917415,0,13.532251114355518,16.149064431613567,0,3.3304942771140436,0.6821696388527645,-0.0162373047166966
107.52,0.04,539.4328338317536,464.86613382546653,1,61.83268394414102,270.4178925493641,44.54476748207786,-70.54813745612509,146.66245550956396,2.4299250508597936,0,-49.334153228795344,-21.583045816185063,0,3.337370463957663,0.7264754113975929,0.09719700203439174
107.56,0.04,536.4878210108357,442.07697454888313,1,63.5937722076263,267.57955165620933,44.02720658713204,-70.95852232886949,146.41502281916289,-6.185817260026738,0,-2.9450128209178956,-22.789159276583405,0,3.340301019001186,0.6605187535222247,-0.24743269040106952
107.60000000000001,0.04,555.3645597433473,459.67923103550504,1,65.33793338306025,264.72127491684745,43.604029385848776,-71.45691848404701,146.20350573370246,-5.287927136510717,0,18.876738732511626,17.60225648662191,0,3.348409193134603,0.653817766033984,-0.2115170854604287
107.64,0.04,559.877168675268,448.5727966313203,1,67.06606999222925,261.8452836181593,43.203415229225115,-71.89978246720361,145.76336583546984,-11.003497455815392,0,4.512608931920681,-11.106434404184768,0,3.355261851194316,0.5971768666522634,-0.4401398982326157
107.68,0.04,580.4770050633008,452.9607593489354,1,68.78230200241092,258.9507001676014,42.90580025454162,-72.3645862639483,145.15024003656643,-15.328144972585278,0,20.599836388032827,4.387962717615153,0,3.365124910759801,0.5519214098258354,-0.6131257989034111
107.72,0.04,577.2323403185961,428.5984899868375,1,70.4859804806563,256.04239701904606,42.5919619561346,-72.7075787138825,144.272383456847,-21.946414492985866,0,-3.2446647447046644,-24.362269362097948,0,3.3705708064263056,0.4649067629739099,-0.8778565797194346
107.76,0.04,557.403918252744,423.7839627388501,1,72.17313974255222,253.121337077943,42.178981547398315,-73.02649852757675,143.61956709283746,-16.320409100238464,0,-19.828422065852124,-4.814527247987371,0,3.373291798009515,0.521787950768089,-0.6528163640095386
107.8,0.04,537.1068110805803,458.61127342939676,1,73.83972036666427,250.18055488215404,41.66451560280122,-73.51955489472373,143.6628100437454,1.0810737726984598,0,-20.29710717216369,34.82731069054665,0,3.380190956105143,0.7125866889960545,0.04324295090793839
107.84,0.04,559.411134160005,463.2868154174555,1,75.49018321760832,247.2191153232816,41.26157127360124,-74.03598897181101,143.48285354960905,-4.498912353408713,0,22.30432307942465,4.67554198805874,0,3.3903026241326732,0.6550330437553602,-0.1799564941363485
107.88,0.04,499.7814339022068,459.31918084190903,1,77.11260235533281,244.2378119282408,40.560478443112274,-74.53258487602055,143.80282494713086,7.999284938045292,0,-59.62970025779816,-3.9676345755464695,0,3.3941735064278244,0.8591499572488639,0.3199713975218117
107.92,0.04,555.741512558299,436.9135593819015,1,78.71816979556897,241.2411258213236,40.13918600590377,-74.91715267293006,143.19266625249907,-15.253967365794807,0,55.96007865609215,-22.405621460007524,0,3.399702108793802,0.5704206413419103,-0.6101586946317923
107.96000000000001,0.04,527.8155091189385,429.99550845634127,1,80.3013003376289,238.23044061271514,39.57826355149846,-75.26713021521176,142.82283281200307,-9.245836012399877,0,-27.926003439360443,-6.918050925560237,0,3.401547844516783,0.6611492115684766,-0.3698334404959951
108.0,0.04,526.6790120684662,437.1761944395676,1,81.86176668210254,235.20432016521875,39.011658611840794,-75.6530111874096,142.54792715710195,-6.872641372527966,0,-1.1364970504722578,7.18068598322634,0,3.4047702088379928,0.6855255519299159,-0.2749056549011186
108.04,0.04,502.8703314615317,450.44093540444493,1,83.39480709286848,232.16011153064147,38.326010269148455,-76.10521586443183,142.65500431491785,2.67692894539735,0,-23.80868060693456,13.26474096487732,0,3.408433527571898,0.8213420236159382,0.107077157815894
108.08,0.04,487.00634161390866,425.1142141530047,0,84.85119548309612,229.16142066875574,36.40970975569103,-74.96727154714318,142.65500431491785,0.0,0,-15.863989847623031,-25.326721251440233,1,3.3336487559949797,2.2287047644599975,0.0
108.12,0.04,533.339456500848,434.5651827572823,0,86.23476445381237,226.20733722410773,34.58922426790648,-73.85208611620031,142.65500431491785,0.0,0,46.33311488693931,9.450968604277591,0,3.2620349622087534,2.134901861121817,0.0
108.16,0.04,556.6224613667587,447.4550527819899,0,87.54915497599282,223.29696904835268,32.859763054511156,-72.7592043938763,142.65500431491785,0.0,0,23.283004865910698,12.88987002470759,0,3.193409676700686,2.0458315051901814,0.0
108.2,0.04,500.26474355456526,438.90302185741575,0,88.79782597206425,220.42944183611272,31.216774901785595,-71.68818030599877,142.65500431491785,0.0,0,-56.357717812193414,-8.552030924574126,0,3.1276015681935414,1.961250281532281,0.0
108.24000000000001,0.04,491.7456251731896,425.25466914661445,0,89.9840634183321,217.60389876811757,29.655936156696313,-70.63857669987878,142.65500431491785,0.0,0,-8.519118381375677,-13.648352710801305,0,3.0644498540559404,1.8809267179111375,0.0
108.28,0.04,495.3834532582407,452.40995545113026,0,91.11098899228656,214.81950016148232,28.173139348861497,-69.6099651658812,142.65500431491785,0.0,0,3.637828085051126,27.155286304515812,0,3.0038037302501843,1.8046407014134336,0.0
108.32000000000001,0.04,492.2305245816161,455.5617485765951,0,92.1815682875433,212.07542312697979,26.76448238141842,-68.60192586256358,142.65500431491785,0.0,0,-3.152928676624583,3.151793125464849,0,2.9455218211238314,1.7321829259518222,0.0
108.36,0.04,530.836465811747,444.82838145989746,0,93.1986186180372,209.3708612331673,25.4262582623475,-67.6140473453123,142.65500431491785,0.0,0,38.60594123013084,-10.73336711669765,0,2.889471649319368,1.6633543692520014,0.0
108.4,0.04,472.29591633760606,400.7846263618584,0,94.1648164320064,206.70502417723105,24.154945349230122,-66.64592639840605,142.65500431491785,0.0,0,-58.5405494741409,-44.04375509803907,0,2.8355291260224513,1.5979657977871908,0.0
108.44,0.04,472.9792070669899,404.5392692004013,0,95.08270435527714,204.07713746241353,22.947198081768615,-65.69716787043792,142.65500431491785,0.0,0,0.6832907293838275,3.7546428385429067,0,2.783578061704161,1.5358372981709285,0.0
108.48,0.04,502.19279223511336,451.9875007659876,0,95.95469788238435,201.48644208189236,21.799838177680183,-64.76738451302916,142.65500431491785,0.0,0,29.213585168123473,47.4482315655863,0,2.733509697434891,1.4767978335656287,0.0
108.52,0.04,480.03687920824314,413.63655766571617,0,96.7830917331362,198.93219420898163,20.709846268796174,-63.85619682276857,142.65500431491785,0.0,0,-22.155913026870223,-38.35094310027142,0,2.685222256766188,1.4206848237082832,0.0
108.56,0.04,501.36177306784845,419.7147903872847,0,97.57006589135045,196.4136648935291,19.674353955356363,-62.96323288631319,142.65500431491785,0.0,0,21.32489385960531,6.078232721568554,0,2.6386205180909954,1.3673437471984897,0.0
108.60000000000001,0.04,473.2824475369737,433.7758039678486,0,98.317691341654,193.93013976438561,18.690636257588544,-62.08812822858693,142.65500431491785,0.0,0,-28.07932553087477,14.061013580563895,0,2.593615407308638,1.3166277647367972,0.0
108.64,0.04,468.90525571251874,417.6140730434629,0,99.02793551944237,191.480918737825,17.756104444709116,-61.2305256640152,142.65500431491785,0.0,0,-4.37719182445494,-16.161730924385722,0,2.550123610539093,1.2683973620453988,0.0
108.68,0.04,509.3282254371149,416.85000480743,0,99.70266748834132,189.0653157317956,16.86829922247366,-60.390075150734894,142.65500431491785,0.0,0,40.42296972459616,-0.7640682360328697,0,2.508067206554175,1.222520011247944,0.0
108.72,0.04,466.4468963436518,408.85077474610165,0,100.34366285879531,186.6826583858868,16.024884261349975,-59.566433647720196,142.65500431491785,0.0,0,-42.88132909346308,-7.999230061328376,0,2.4673733185224735,1.1788698495319907,0.0
108.76,0.04,455.82336442332695,415.15534307399986,0,100.95260846072661,184.3322877868962,15.223640048282475,-58.75926497476579,142.65500431491785,0.0,0,-10.623531920324865,6.30456832789821,0,2.427973784601268,1.1373273739663226,0.0
108.8,0.04,470.01599634444386,428.3689147122899,0,101.53110678256134,182.01355819988538,14.46245804586835,-57.968239675270475,142.65500431491785,0.0,0,14.192631921116913,13.213571638290034,0,2.3898048468535893,1.0977791513965052,0.0
108.84,0.04,486.3301501062256,405.5824352509153,0,102.08068018830434,179.72583680461477,13.739335143574932,-57.193034881765065,142.65500431491785,0.0,0,16.31415376178171,-22.786479461374597,0,2.35280685792074,1.0601175423956637,0.0
108.88,0.04,487.50026106755814,429.5292777263857,0,102.6027749237602,177.46850343724958,13.052368386396186,-56.43333418412976,142.65500431491785,0.0,0,1.1701109613325684,23.94684247547042,0,2.3169240048415465,1.0242404383035502,0.0
108.92,0.04,457.9137533571382,396.4128278561601,0,103.09876492244325,175.24095033723168,12.399749967076376,-55.68882750044717,142.65500431491785,0.0,0,-29.586507710419937,-33.11644987022561,0,2.2821040493792077,0.9900510104451898,0.0
108.96000000000001,0.04,427.410723817598,394.8190349118699,0,103.56995542119215,173.04258189921416,11.779762468722558,-54.95921095043823,142.65500431491785,0.0,0,-30.503029539540194,-1.5937929442902146,0,2.2482980841923177,0.9574574706805398,0.0
109.0,0.04,423.2603930064074,402.9061478010266,0,104.0175863950036,170.87281442995697,11.19077434528643,-54.244186731429465,142.65500431491785,0.0,0,-4.150330811190599,8.087112889156685,0,2.215460304172048,0.9263728424980407,0.0
109.04,0.04,453.9594799793847,436.9196231218883,0,104.44283582012449,168.73107591008494,10.631235628022107,-53.543462996800876,142.65500431491785,0.0,0,30.699086972977284,34.013475320861744,0,2.1835477922567432,0.8967147419272422,0.0
109.08,0.04,475.8529980989986,380.6660637708623,0,104.84682277398933,166.61680576061033,10.099673846621002,-52.85675373686486,142.65500431491785,0.0,0,21.89351811961393,-56.25355935102601,0,2.152520319033567,0.8684051676079478,0.0
109.12,0.04,478.89547786315546,378.66800157771195,0,105.23061038016093,164.52945461412523,9.594690154289951,-52.183778662127565,142.65500431491785,0.0,0,3.0424797641568375,-1.9980621931503606,0,2.122340155437767,0.8413702994151674,0.0
109.16,0.04,452.9810591573715,412.4865196195468,0,105.59520860602395,162.46848409056983,9.114955646575453,-51.524263088885014,142.65500431491785,0.0,0,-25.914418705783987,33.818518041834864,0,2.0929718978683565,0.8155403050993391,0.0
109.2,0.04,487.03075246829513,394.53504194096786,0,105.94157692059382,160.43336657748554,8.65920786424668,-50.87793782710732,142.65500431491785,0.0,0,34.04969331092366,-17.951477678578954,0,2.0643823050492247,0.7908491544596881,0.0
109.24000000000001,0.04,461.4253050572531,381.85478469175234,0,106.2706268194352,158.42358501466293,8.226247471034345,-50.244539070565175,142.65500431491785,0.0,0,-25.605447411042007,-12.680257249215515,0,2.036540145980239,0.7672344406240585,0.0
109.28,0.04,461.0122708731732,371.51556177627646,0,106.5832242233345,156.43863268309678,7.8149350974826275,-49.62380828915387,142.65500431491785,0.0,0,-0.4130341840799474,-10.339222915475887,0,2.009416058339953,0.7446372080605662,0.0
109.32000000000001,0.04,422.11284033664725,405.7828881544956,0,106.88019175703883,154.47801299816194,7.424188342608495,-49.0154921233708,142.65500431491785,0.0,0,-38.89943053652593,34.26732637821914,0,1.9829824167219507,0.7230017869948069,0.0
109.36,0.04,445.48405578422745,387.38312803191644,0,107.16231091405795,152.5412393069258,7.052978925478071,-48.419342280903386,142.65500431491785,0.0,0,23.371215447580198,-18.399760122579153,0,1.9572132101080986,0.7022756339502529,0.0
109.4,0.04,472.5396525015717,382.1848524315704,0,107.43032411322612,150.6278346895144,6.700329979204167,-47.83511543528532,142.65500431491785,0.0,0,27.055596717344258,-5.198275600346051,0,1.9320839280061382,0.6824091781687391,0.0
109.44,0.04,441.4509400331784,404.7207504015837,0,107.68493665243588,148.73733176445123,6.365313480243958,-47.26257312657961,142.65500431491785,0.0,0,-31.088712468393283,22.53589797001331,0,1.907571454702355,0.6633556737027402,0.0
109.48,0.04,441.19122284562036,376.1780595891535,0,107.92681856468515,146.8692724978893,6.04704780623176,-46.70148166404802,142.65500431491785,0.0,0,-0.25971718755806705,-28.54269081243018,0,1.8836539711054152,0.6450710570009173,0.0
109.52,0.04,487.128856459001,400.4550985335152,0,108.15660638132195,145.02320801665863,5.744695415920171,-46.15161203076706,142.65500431491785,0.0,0,45.937633613380626,24.277038944361664,0,1.8603108636827939,0.6275138098334282,0.0
109.56,0.04,410.24202337195885,382.7774132224557,0,108.37490480712691,143.19869842505256,5.457460645124162,-45.61273979015172,142.65500431491785,0.0,0,-76.88683308704213,-17.677685311059463,0,1.837522640016031,0.6106448274242838,0.0
109.60000000000001,0.04,480.36021611796275,383.09845200459324,0,108.58228831164163,141.39531262527862,5.184587612867954,-45.084644994348686,142.65500431491785,0.0,0,70.1181927460039,0.3210387821375207,0,1.8152708505264668,0.5944272916740508,0.0
109.64,0.04,403.47256358242316,413.12512588704385,0,108.77930264093061,139.61262814150015,4.925358232224556,-44.56711209446171,142.65500431491785,0.0,0,-76.88765253553959,30.02667388245061,0,1.7935380159477208,0.5788265493687893,0.0
109.68,0.04,443.56708378775187,373.72149525925965,0,108.96646625375514,137.85023094739725,4.679090320613328,-44.05992985257248,142.65500431491785,0.0,0,40.094520205328706,-39.403630627784196,0,1.7723075601450546,0.5638099952795652,0.0
109.72,0.04,419.2425034961178,367.58541751277176,0,109.14427168593845,136.1077152971764,4.445135804582661,-43.56289125552103,142.65500431491785,0.0,0,-24.32458029163405,-6.136077746487899,0,1.7515637479059796,0.5493469600625975,0.0
109.76,0.04,466.67262627489214,370.57022755797124,0,109.3131868465126,134.38468355996,4.222879014353528,-43.07579343041061,142.65500431491785,0.0,0,47.43012277877432,2.984810045199481,0,1.7312916273484404,0.535408602872849,0.0
109.8,0.04,427.3163985575786,351.8123613222586,0,109.47365624905802,132.6807460574879,4.011735063635851,-42.598437561802406,142.65500431491785,0.0,0,-39.356227717313516,-18.75786623571264,0,1.7114769766152569,0.5219678086044813,0.0
109.84,0.04,433.6095585772858,347.4159962262349,0,109.62610218147618,130.99552090506526,3.811148310454058,-42.13062881056636,142.65500431491785,0.0,0,6.293160019707159,-4.396365096023715,0,1.6921062545445462,0.5089990896701537,0.0
109.88,0.04,432.6999512063489,357.9775831661039,0,109.77092581727344,129.32863385569107,3.620590894931355,-41.672176234355035,142.65500431491785,0.0,0,-0.9096073709368966,10.561586939869017,0,1.6731665550258137,0.4964784922285051,0.0
109.92,0.04,422.1609413274515,350.6502867922822,0,109.90850827128082,127.67971814730434,3.4395613501847873,-41.22289270966794,142.65500431491785,0.0,0,-10.539009878897389,-7.327296373821696,0,1.654645564770651,0.48438350676546654,0.0
109.96000000000001,0.04,439.8219635511619,348.95985444156474,0,110.03921160258784,126.04841435308536,3.2675832826755475,-40.782594855474585,142.65500431491785,0.0,0,17.661022223710404,-1.6904323507174581,0,1.6365315242451,0.4726929829302358,0.0
110.0,0.04,438.02538382091467,361.7701790908628,0,110.16337976732952,124.43437023475076,3.10420411854177,-40.3511029583651,142.65500431491785,0.0,0,-1.796579730247231,12.810324649298082,0,1.6188131915282398,0.46138704852238444,0.0
110.04,0.04,392.79656135851724,352.7498454385551,0,110.2813395238341,122.83724059878284,2.9489939126146814,-39.928240899197796,142.65500431491785,0.0,0,-45.22882246239743,-9.020333652307727,0,1.6014798088772877,0.4504470325211822,0.0
110.08,0.04,459.86310786675944,369.4978720281771,0,110.39340129251346,121.2566871555343,2.801544216983947,-39.51383608121384,142.65500431491785,0.0,0,67.0665465082422,16.748026589621986,0,1.5845210717956337,0.43985539204369534,0.0
110.12,0.04,443.62663572564696,361.80406621869787,0,110.49985997275886,119.69237838115072,2.6614670061347496,-39.10771935958957,142.65500431491785,0.0,0,-16.236472141112472,-7.693805809479215,0,1.5679271004141226,0.4295956431135413,0.0
110.16,0.04,439.5967626244697,351.70516374301235,0,110.60099571899198,118.1439893822548,2.5283936558280122,-38.70972497239778,142.65500431491785,0.0,0,-4.029873101177259,-10.09890247568552,0,1.5516884130095285,0.41965229511826285,0.0
110.2,0.04,444.0630854455129,346.9275029398559,0,110.69707467791345,116.61120176333681,2.4019739730366116,-38.31969047294982,142.65500431491785,0.0,0,4.466322821043207,-4.7776608031564365,0,1.5357959014972413,0.4100107888296313,0.0
110.24000000000001,0.04,448.76871808525516,376.5655891966858,0,110.78834968888884,115.09370349679718,2.281875274384781,-37.93745666349083,142.65500431491785,0.0,0,4.705632639742248,29.638086256829865,0,1.5202408087468737,0.400657437858576,0.0
110.28,0.04,421.21015453443067,360.42409909797607,0,110.87506094931547,113.59118879558834,2.167781510665542,-37.56286753022101,142.65500431491785,0.0,0,-27.558563550824488,-16.14149009870971,0,1.5050147075804472,0.39157937341419397,0.0
110.32000000000001,0.04,441.3450309444352,363.6653233003604,0,110.95743664672077,112.10335798840367,2.0593924351322648,-37.195770179616595,142.65500431491785,0.0,0,20.13487641000455,3.2412242023843305,0,1.4901094813236977,0.38276449223476994,0.0
110.36,0.04,427.15776278076123,341.97089207487244,0,111.03569355925579,110.6299173973627,1.9564228133756514,-36.836014776024264,142.65500431491785,0.0,0,-14.187268163673991,-21.69443122548796,0,1.475517305790303,0.3742014075582572,0.0
110.4,0.04,459.0972176272361,349.93784163974016,0,111.11003762616407,109.17057921814255,1.8586016727068688,-36.48345448050378,142.65500431491785,0.0,0,31.93945484647486,7.966949564867718,0,1.4612306325881816,0.3658794029994476,0.0
110.44,0.04,466.68291953582354,354.6122614593092,0,111.18066448972694,107.7250614025068,1.7656715890715253,-36.137945390893705,142.65500431491785,0.0,0,7.585701908587453,4.674419819569039,0,1.4472421736451322,0.357788389201851,0.0
110.48,0.04,429.27548463371545,362.1886844369064,0,111.24776001011165,106.29308754318376,1.677388009617949,-35.79934648307583,142.65500431491785,0.0,0,-37.40743490210809,7.57642297759719,0,1.4335448868592178,0.34991886313343257,0.0
110.52,0.04,446.85410211624105,333.57786311255603,0,111.31150075447712,104.87438676104719,1.5935186091370515,-35.46751955341431,142.65500431491785,0.0,0,17.5786174825256,-28.610821324350354,0,1.420131962786267,0.34226186989732665,0.0
110.56,0.04,461.2065410700788,346.41941587796634,0,111.37205446162433,103.46869359455334,1.5138426786801988,-35.14232916234603,142.65500431491785,0.0,0,14.352438953837748,12.841552765410313,0,1.406996812283798,0.33480896693085727,0.0
110.60000000000001,0.04,461.9680414352513,345.05168179946054,0,111.42958048341418,102.07574789138938,1.4381505447461889,-34.823642579099115,142.65500431491785,0.0,0,0.7615003651724805,-1.367734078505805,0,1.3941330550366797,0.3275521904690566,0.0
110.64,0.04,460.1792592493395,316.37354197667867,0,111.48423020411454,100.69529470228869,1.3662430175088793,-34.511329727517136,142.65500431491785,0.0,0,-1.7887821859117707,-28.678139822781873,0,1.3815345088961393,0.32048402415198707,0.0
110.68,0.04,467.93037112072085,342.4605161978475,0,111.53614743877988,99.32708417697002,1.2979308666334353,-34.2052631329668,142.65500431491785,0.0,0,7.75111187138134,26.086974221168816,0,1.3691951799681796,0.3135973696587234,0.0
110.72,0.04,454.3607144062237,352.4674744144963,0,111.58546881171195,97.97087146215772,1.2330343233017635,-33.905317870307464,142.65500431491785,0.0,0,-13.569656714497171,10.006958216648798,0,1.3571092533935711,0.3068855192546191,0.0
110.76,0.04,511.58667380139593,320.6052012832861,0,111.63232411599742,96.62641660164167,1.1713826071366753,-33.611371512901314,142.65500431491785,0.0,0,57.225959395172254,-31.862273131210202,0,1.345271084765045,0.30034213014234984,0.0
110.8,0.04,465.16841962428305,330.9318396470098,0,111.67683665506861,95.29348443833594,1.1128134767798414,-33.32330408264329,142.65500431491785,0.0,0,-46.418254177112885,10.326638363723703,0,1.3336751921324215,0.2939612005115942,0.0
110.84,0.04,455.8435473834155,312.0808867047231,0,111.71912356718624,93.97184451829632,1.0571728029408494,-33.04099800099043,142.65500431491785,0.0,0,-9.324872240867535,-18.850952942286654,0,1.3223162485497806,0.2877370471862282,0.0
110.88,0.04,449.3773860424126,319.7348504185715,0,111.759296133698,92.66127099665749,1.0043141627938068,-32.76433804097062,142.65500431491785,0.0,0,-6.46616134100293,7.653963713848384,0,1.311189075122633,0.28166428477241373,0.0
110.92,0.04,447.79097216206793,344.16265066598805,0,111.79746007188416,91.36154254545144,0.9540984546541165,-32.49321128015121,142.65500431491785,0.0,0,-1.5864138803446508,24.427800247416542,0,1.3002886345163351,0.2757378062152486,0.0
110.96000000000001,0.04,494.2951337904129,327.6134538385624,0,111.83371581316102,90.07244226326951,0.9063935319214106,-32.227507054548184,142.65500431491785,0.0,0,46.504161628344946,-16.549196827425646,0,1.2896100248901126,0.2699527646760373,0.0
111.0,0.04,450.9428030762291,309.52932487739605,1,111.83216011505313,88.7934361161121,-0.038892452697445345,-31.975153678935165,142.0537356050757,-15.03171774605363,0,-43.35233071418378,-18.084128961166357,1,1.2790070932809672,0.9783904225308655,-0.6012687098421452
111.04,0.04,498.6993409463476,323.1266510047181,1,111.8023442851345,87.52180463875375,-0.7453957479657082,-31.790786933958756,140.86219221242118,-29.788584816363084,0,47.75653787011851,13.597326127322049,0,1.2719809738837797,0.7301629974725576,-1.1915433926545234
111.08,0.04,460.8319167856749,322.30595241453887,1,111.736694838573,86.2577119709125,-1.6412361640373367,-31.60231669603145,140.42057985523786,-11.04030892958292,0,-37.867424160672726,-0.8206985901792336,0,1.2657962406026688,0.9154512994429379,-0.4416123571833168
111.12,0.04,442.0198265657961,310.21716505511387,1,111.63144935732467,85.00357587006022,-2.631137031208353,-31.353402521307018,140.072132214385,-8.711191021321696,0,-18.81209021987877,-12.088787359424998,0,1.2585443857028442,1.0207164117445529,-0.34844764085286783
111.16,0.04,461.2327772440675,309.36661807734106,1,111.49045043152515,83.75956644559247,-3.5249731449880164,-31.100235611693726,139.3901183386134,-17.050346894289703,0,19.212950678271397,-0.8505469777728081,0,1.2519744986385295,0.9289975685758687,-0.6820138757715881
111.2,0.04,478.76003201091373,314.89168543778675,1,111.3172035121278,82.52457868403717,-4.331172984933445,-30.87469403888266,138.4993615533175,-22.268919632397655,0,17.527254766846227,5.525067360445689,0,1.2470802966417385,0.8371542169720727,-0.8907567852959062
111.24000000000001,0.04,494.487552870991,314.52046205435454,1,111.11485410330467,81.29868683007099,-5.05873522057849,-30.64729634915443,137.31948984313235,-29.496792754628842,0,15.727520860077277,-0.3712233834322092,0,1.242479827148795,0.7622706317513173,-1.1798717101851537
111.28,0.04,465.1579581119756,296.68644245646095,1,110.87753628610392,80.08545768761353,-5.932945430018612,-30.330728561436736,136.51730037401603,-20.05473672790785,0,-29.329594759015436,-17.834019597893587,0,1.236221945472981,0.9297626872002431,-0.8021894691163141
111.32000000000001,0.04,464.32286551180704,321.14640339789196,1,110.60508304200553,78.87999926447648,-6.811331102459575,-30.136460578426195,136.16151920451807,-8.894529237448978,0,-0.8350926001685366,24.459960941431007,0,1.235864385817387,0.8996118267189169,-0.3557811694979591
111.36,0.04,461.3197072870633,285.18698787176373,1,110.29689373936456,77.68950344376508,-7.704732566024261,-29.762395517785016,135.27868801240788,-22.070779802754714,0,-3.0031582247437427,-35.959415526128225,0,1.2297401942661093,0.9685508993811384,-0.8828311921101886
111.4,0.04,491.1502738908958,294.32555648785535,1,109.95893449150176,76.51214251175611,-8.448981196569783,-29.43402330022429,133.96083240472424,-32.946390192091,0,29.830566603832494,9.138568616091618,0,1.224906207608162,0.8134705509940929,-1.31785560768364
111.44,0.04,498.37992975528465,293.49948577386755,1,109.59265122959003,75.34808168259237,-9.15708154779336,-29.10152072909363,132.5504106615644,-35.260543578996106,0,7.22965586438886,-0.8260707139878036,0,1.2203282517216767,0.7822813222948986,-1.4104217431598443
111.48,0.04,502.99327057745666,306.15998101737836,1,109.19896662179379,74.19478885722515,-9.842115194906079,-28.83232063418052,131.29456497970932,-31.39614204637695,0,4.613340822172006,12.660495243510809,0,1.2186352659672957,0.7360297472098387,-1.255845681855078
111.52,0.04,461.1413785719209,282.72306791983283,1,108.76951028971193,73.05695141827397,-10.736408302046478,-28.445935973779683,130.7077623072414,-14.67006681169778,0,-41.851892005535774,-23.436913097545528,0,1.2161853389365382,0.9741936497801136,-0.5868026724679112
111.56,0.04,479.82346829252083,276.8113412929306,1,108.30801865128858,71.9357517110642,-11.537290960583874,-28.029992680244334,129.66475977955358,-26.075063192195813,0,18.682089720599947,-5.911726626902237,0,1.2124616760054492,0.9024532432115041,-1.0430025276878325
111.60000000000001,0.04,501.2491501022947,293.0336722161501,1,107.81877684288568,70.8279452694112,-12.231045210072402,-27.695161041325086,128.3793164316423,-32.136083697781714,0,21.42568180977389,16.222330923219488,0,1.21102958644998,0.7703292705750833,-1.2854433479112686
111.64,0.04,505.9546171835085,318.59684629848783,1,107.30272595791949,69.72841945849851,-12.901272124154858,-27.488145272817526,127.3990051114146,-24.50778300569283,0,4.705467081213783,25.563174082337753,0,1.2146050900344558,0.7014696321090934,-0.9803113202277132
111.68,0.04,502.51679385208257,255.2496572725074,1,106.75917843172371,68.6498437161313,-13.588688154894442,-26.96439355918006,125.79462540578473,-40.10949264074668,0,-3.437823331425932,-63.34718902598044,0,1.207795324240214,0.8642086882553005,-1.6043797056298672
111.72,0.04,495.597152859935,286.7310336436034,1,106.18675033609992,67.58592176703537,-14.31070239059477,-26.59804872739808,124.80313065128672,-24.787368862450165,0,-6.919640992147549,31.48137637109599,0,1.2081406534123247,0.8096376302564602,-0.9914947544980066
111.76,0.04,501.0399066431956,311.0417964287759,1,105.58653022180476,66.5317914586537,-15.005502857378794,-26.353257709541957,124.03112107065877,-19.30023951569879,0,5.442753783260571,24.31076278517253,0,1.2130354045341503,0.7366616123202933,-0.7720095806279517
111.8,0.04,495.16211703316236,274.1400874699914,1,104.95734253091625,65.49483313277803,-15.72969227221298,-25.923958146891913,122.96523382816626,-26.647181062312697,0,-5.877789610033233,-36.901708958784525,0,1.212913731461764,0.8418719754507804,-1.0658872424925079
111.84,0.04,540.1770774097381,287.99643782503404,1,104.30819025550967,64.47227551933734,-16.22880688516429,-25.563940336017083,120.80146866067176,-54.09412918736258,0,45.01496037657574,13.85635035504265,0,1.2112071455663733,0.6154089867792315,-2.1637651674945033
111.88,0.04,557.8715362199599,294.4857290722181,1,103.64261228734709,63.46282076008222,-16.63944920406449,-25.23636898137817,118.25571230619637,-63.64390886188467,0,17.694458810221818,6.489291247184042,0,1.209129001672798,0.5252904972029354,-2.5457563544753867
111.92,0.04,552.5191016830254,284.36840512024463,1,102.95953813952111,62.46849231980304,-17.076853695649362,-24.858211006979392,116.05516724813478,-55.01362645153982,0,-5.352434536934538,-10.117323951973447,0,1.2063495921896785,0.57820942820055,-2.200545058061593
111.96000000000001,0.04,508.12559153079184,272.3045220758406,1,102.2500891100013,61.491702975108694,-17.736225737995404,-24.419733617358595,115.26913448395025,-19.65081910461315,0,-44.393510152233546,-12.063883044404008,0,1.2072428709232539,0.791854728745279,-0.786032764184526
112.0,0.04,524.4104558964036,282.5903271608357,1,101.51752217166076,60.530395564982186,-18.314173458513388,-24.032685253162775,114.11310161568116,-28.900821706727342,0,16.28486436561178,10.285805084995104,0,1.208621634720216,0.6955788983850739,-1.1560328682690937
112.04,0.04,521.0090190493278,278.0588440352051,1,100.76115703713009,59.58547638604863,-18.909128363266746,-23.622979473338802,113.08235338256661,-25.76870582786377,0,-3.4014368470758427,-4.531483125630643,0,1.2103555144873988,0.7223781313905117,-1.0307482331145508
112.08,0.04,515.2974663294573,262.3013919457443,1,99.97985139586531,58.660096928725935,-19.532641031619463,-23.134486433067522,112.14972560482836,-23.31569444345618,0,-5.711552719870497,-15.757452089460799,0,1.211101005328218,0.7920817495623815,-0.9326277777382472
112.12,0.04,579.8353538513637,245.6400392398578,1,99.1865128253708,57.75758946355526,-19.833464262362646,-22.56268662926681,109.39953259198555,-68.75482532107036,0,64.53788752190644,-16.661352705886486,0,1.2016263196697496,0.6461034218925785,-2.7501930128428143
112.16,0.04,543.6305195975942,265.6796362135902,1,98.37390035879581,56.87394607114187,-20.315311664374676,-22.09108481033476,107.93234611077486,-36.679662030267224,0,-36.20483425376949,20.039596973732387,0,1.2004851793291467,0.6742293337179575,-1.467186481210689
112.2,0.04,551.8644654295936,264.50346556678943,1,97.54366078530674,56.00940198561513,-20.75598933722671,-21.613602138168705,106.3000311331913,-40.80787443958904,0,8.233945831999335,-1.176170646800756,0,1.1986384881216618,0.6497588118441482,-1.6323149775835617
112.24000000000001,0.04,533.3655977740015,279.7504039615605,1,96.69209433137247,55.16090781929607,-21.2891613483567,-21.212354157976506,105.41122721568982,-22.22009793753692,0,-18.498867655592107,15.246938394771064,0,1.2021263559807909,0.6672872957435345,-0.8888039175014768
112.28,0.04,574.0751091541592,252.34510436072708,1,95.82734289926904,54.33394463210487,-21.618785802585904,-20.674079679780142,103.25392771770687,-53.932487449573685,0,40.70951138015778,-27.405299600833416,0,1.1965212711416255,0.631182774403317,-2.1572994979829474
112.32000000000001,0.04,583.2502657935207,267.93131187071793,1,94.9512415203243,53.52539518253952,-21.902534473618303,-20.21373623913373,100.91667198353873,-58.431393354203465,0,9.17515663936149,15.586207509990857,0,1.1921853205694573,0.5407674099451897,-2.3372557341681386
112.36,0.04,525.1881377029285,268.73373467678795,1,94.05217776892016,52.735098986038814,-22.47659378510366,-19.75740491251767,100.65704733072327,-6.490616320386522,0,-58.06212809059218,0.8024228060700125,0,1.1970312056468582,0.7333364662651205,-0.2596246528154609
112.4,0.04,561.513684099487,263.8155439570554,1,93.13741675433592,51.964039680746694,-22.869025364606223,-19.276482632302947,99.16265719916908,-37.35975328885495,0,36.32554639655848,-4.918190719732536,0,1.196377936139229,0.6207163476160478,-1.4943901315541979
112.44,0.04,571.7875270569604,280.3563626164521,1,92.20901324516306,51.20890910293129,-23.210087729321423,-18.87826444538521,97.34446531910277,-45.45479700165771,0,10.273842957473335,16.540818659396678,0,1.1967268967464122,0.5243102717067197,-1.8181918800663084
112.48,0.04,565.5819227371541,244.06324070260155,1,91.26572612053764,50.476965876975356,-23.58217811563565,-18.298580648898216,96.00905526294517,-33.385251403939975,0,-6.205604319806298,-36.29312191385054,0,1.1939562326596742,0.6888283962621199,-1.335410056157599
112.52,0.04,552.6494382835407,257.87710711430924,1,90.30496888356892,49.76544722959657,-24.018930924217948,-17.787966184469763,95.11988323918396,-22.22930059403012,0,-12.93248445361337,13.813866411707693,0,1.195538896881028,0.6719227240450214,-0.8891720237612049
112.56,0.04,578.8272259822639,281.6259927737206,1,89.33197709179666,49.069603383663036,-24.324794794306626,-17.396096148338366,93.23577372654673,-47.10273781593095,0,26.17778769872325,23.74888565941137,0,1.1962072081289923,0.49710645966759165,-1.884109512637238
112.60000000000001,0.04,550.2326215402771,256.82026748371027,1,88.34103182433245,48.39439548423276,-24.773631686605242,-16.880197485756916,92.59944081103676,-15.908322887749193,0,-28.594604441986803,-24.805725290010344,0,1.1991156035023338,0.6838172167630814,-0.6363329155099677
112.64,0.04,602.93483059283,250.02259140722754,1,87.3426735229868,47.74118306652104,-24.95895753364109,-16.330310442793053,90.36936181868815,-55.75197480871523,0,52.70220905255292,-6.79767607648273,0,1.1930656983245127,0.580277028322763,-2.2300789923486093
112.68,0.04,607.8238424513246,249.56787250594812,1,86.33787999013143,47.11005707430813,-25.11983832138447,-15.778149805322794,88.18408034241659,-54.63203690678888,0,4.889011858494541,-0.4547189012794206,0,1.186562287330383,0.5751208546353479,-2.1852814762715553
112.72,0.04,596.2277813334177,256.34550471863423,1,85.32433201354273,46.49966198115149,-25.338699414717382,-15.259877328915966,86.43853745653011,-43.63857214716198,0,-11.596061117906856,6.777632212686115,0,1.1831575003340618,0.5625891378046184,-1.7455428858864792
112.76,0.04,616.9182574207113,237.54621863325673,1,84.30616768843818,45.9137576442682,-25.45410812761383,-14.64760842208225,84.44429979948094,-49.85594142622922,0,20.69047608729352,-18.799286085377503,0,1.1747095321373067,0.6230508689407053,-1.9942376570491689
112.8,0.04,601.1417965898354,241.73873012807815,1,83.28023172265159,45.351505561359296,-25.64839914466465,-14.05630207272264,82.9932758246262,-36.27559937136873,0,-15.776460830875862,4.192511494821417,0,1.16990256458812,0.6224083853063286,-1.451023974854749
112.84,0.04,628.3101199458881,248.63700769585515,1,82.25195778085418,44.81152607691122,-25.706848544935212,-13.499487111201915,80.80784363075583,-54.63580484675923,0,27.168323356052724,6.898277567777001,0,1.161432366952286,0.5598743017547021,-2.185432193870369
112.88,0.04,619.2842552997031,281.11878136782957,1,81.21954069011672,44.28732283618958,-25.810427268436698,-13.105081018041062,78.51203100109132,-57.39531574161276,0,-9.025864646185028,32.48177367197442,0,1.1578748148353026,0.4077802328271992,-2.2958126296645105
112.92,0.04,612.0454863618654,227.29808531190974,1,80.18153269665162,43.78965997840556,-25.95019983662737,-12.441571444600612,77.40371612187799,-27.70787198033311,0,-7.238768937837676,-53.820696055919825,0,1.151142438847254,0.6780717697012199,-1.1083148792133244
112.96000000000001,0.04,604.7862313889161,235.48776942475766,1,79.1364819494643,43.31689956673658,-26.126268679682788,-11.8190102917244,76.46666153804908,-23.42636459572276,0,-7.259254972949293,8.189684112847914,0,1.1470106673602447,0.6469796183539571,-0.9370545838289104
113.0,0.04,616.1407923576877,241.63438992640647,1,78.08665936074853,42.86781227708232,-26.245564717894347,-11.22718224135643,75.1779414750064,-32.21800157606687,0,11.35456096877158,6.146620501648812,0,1.141843623928815,0.6037317168538728,-1.2887200630426747
113.04,0.04,648.7233038710153,214.05515676509214,1,77.03858143280695,42.44791395607505,-26.20194819853927,-10.497458025181892,73.54653529773694,-40.785154431736714,0,32.58251151332763,-27.579233161314335,0,1.1290624176824935,0.7310265606885954,-1.6314061772694686
113.08,0.04,674.8883184602361,242.51134974948368,1,75.99748116855743,42.05151336511788,-26.02750660623809,-9.910014773929312,71.04223756654214,-62.60744327986991,0,26.165014589220732,28.45619298439155,0,1.1140122031340676,0.6127964120054658,-2.5042977311947965
113.12,0.04,666.7868710426917,254.62921411428255,1,74.96173827851645,41.676186931337845,-25.893572251024636,-9.383160844500726,68.70080494283275,-58.53581559273486,0,-8.101447417544364,12.117864364798862,0,1.1016502467500633,0.5436115106036534,-2.3414326237093945
113.16,0.04,635.8194156570579,217.82418759750996,1,73.92515927160687,41.32929566003831,-25.914475172739344,-8.672281782488277,67.89517579926796,-20.14072858911966,0,-30.967455385633798,-36.805026516772585,0,1.093082609718703,0.7111863138052574,-0.8056291435647864
113.2,0.04,635.912901252043,225.76763377446494,1,72.8877628449477,41.00925086198389,-25.934910666479126,-8.0011199513606,67.0115529102153,-22.090572226316496,0,0.09348559498505438,7.9434461769549785,0,1.0856426754724204,0.6714728683774531,-0.8836228890526598
113.24000000000001,0.04,644.9851574382891,258.3510694919027,1,71.85136344977619,40.70953585003108,-25.909984879287684,-7.492875298820113,65.35714413106922,-41.36021947865203,0,9.072256186246136,32.583435717437766,0,1.0788664396957353,0.5088555017911405,-1.654408779146081
113.28,0.04,703.9069373823958,241.74038400381053,1,70.82774544208115,40.433472761277514,-25.590450192375705,-6.901577218839165,62.94744547753412,-60.242466338377554,0,58.921779944106675,-16.610685488092173,0,1.0601908576523909,0.6721129633693225,-2.409698653535102
113.32000000000001,0.04,672.5342419102495,237.7069678302457,1,69.81063428276818,40.1818682789579,-25.427778982824456,-6.290112057990395,61.42114926467932,-38.157405321369886,0,-31.372695472146233,-4.033416173564831,0,1.0477690231736694,0.6327334078019575,-1.5262962128547954
113.36,0.04,673.808992297525,243.45844039094763,1,68.80028492191471,39.953572108560095,-25.258734021336828,-5.7074042599451325,59.873620175973485,-38.68822721764591,0,1.2747503872755033,5.751472560701927,0,1.035820917145099,0.6067327063107053,-1.5475290887058364
113.4,0.04,681.5410163364608,214.90806612049815,1,67.79824376432853,39.75429432493819,-25.051028939654522,-4.981944590547624,58.82013617334966,-26.337100065595642,0,7.7320240389357195,-28.55037427044948,0,1.0216643854720118,0.7546079332202891,-1.0534840026238257
113.44,0.04,686.8756153798656,222.61446218700465,1,66.80557772981832,39.58249364887889,-24.816650862755196,-4.295016901482647,57.59857675388276,-30.538985486672487,0,5.3345990434048645,7.7063960665065,0,1.0074231128799138,0.7258117751422714,-1.2215594194668995
113.48,0.04,674.7080486995683,229.87908213512694,1,65.81985330504803,39.436717156392554,-24.643110619257357,-3.6444123121582805,56.57393104559865,-25.616142707102796,0,-12.167566680297341,7.264619948122288,0,0.9964453960706278,0.6733517266356546,-1.0246457082841118
113.52,0.04,679.2791661305595,227.59339234853698,1,64.84198471350385,39.31742198543652,-24.44671478860456,-2.982379273900964,55.56453019226955,-25.235021333227436,0,4.571117430991194,-2.2856897865899555,0,0.9851184295007519,0.690549828790085,-1.0094008533290975
113.56,0.04,670.4503811937725,250.45745336272844,1,63.87020619819842,39.220035323807934,-24.2944628826357,-2.4346665407146055,54.31445681609491,-31.251834404366008,0,-8.828784936786974,22.864061014191464,0,0.9766461204921604,0.5684803259266075,-1.2500733761746403
113.60000000000001,0.04,685.6763502113597,238.73740385181904,1,62.90756295293526,39.146901181408985,-24.066081131578898,-1.8283535599736993,53.100175799156375,-30.35702542346339,0,15.225969017587204,-11.720049510909405,0,0.9654173296741758,0.647899417217436,-1.2142810169385356
113.64,0.04,696.2475440631836,240.25166785084468,1,61.95616921648474,39.097716705439865,-23.78484341126298,-1.2296118992279226,51.7372959617682,-34.07199593470445,0,10.571193851823864,1.5142639990256441,0,0.9526642401358612,0.6615030095480332,-1.3628798373881779
113.68,0.04,726.2848889022479,222.41149873561156,1,61.02203245781467,39.076049929723624,-23.35341896675174,-0.5416693929059804,50.35085867952992,-34.660932055956906,0,30.037344839064303,-17.840169115233124,0,0.9343879992104804,0.8120295212160378,-1.3864372822382762
113.72,0.04,690.5611686252347,251.27627431957814,1,60.09800793286964,39.07612789914347,-23.100613123625568,0.001949235496127244,49.04087095882477,-32.7496930176288,1,-35.72372027701317,28.864775583966576,0,0.9240245282345649,0.5995264860408783,-1.309987720705152
113.76,0.04,685.7366918634161,213.0275969035494,1,59.1831307462973,39.10560034918261,-22.871929664308485,0.7368112509783806,48.77530077480057,-6.639254600604971,0,-4.824476761818573,-38.24867741602873,0,0.9153517858298144,0.7696221841682237,-0.26557018402419885
113.8,0.04,716.5287079387268,229.06815784885902,0,58.31399741905358,39.11911695022096,-21.72833318109306,0.337915025958813,48.77530077480057,0.0,0,30.7920160753107,16.040560945309608,1,0.8692384247313134,1.2111693171301652,0.0
113.84,0.04,697.8727595460895,204.4551102634611,0,57.488320758172044,39.11699681923855,-20.641916522038407,-0.053003274560363266,48.77530077480057,0.0,1,-18.655948392637356,-24.613047585397908,0,0.825679382859874,1.1546074115266514,0.0
113.88,0.04,702.8478931636822,202.74782882274295,0,56.70392793033459,39.09955269087578,-19.609820695936484,-0.436103209069156,48.77530077480057,0.0,0,4.975133617592746,-1.7072814407181625,0,0.7845867740264172,1.1009029721449806,0.0
113.92,0.04,713.6912534234708,229.64176532508327,0,55.958754743889,39.067091045080275,-18.62932966113966,-0.8115411448877728,48.77530077480057,0.0,0,10.843360259788597,26.893936502340324,0,0.7458799073880578,1.0499125263414522,0.0
113.96000000000001,0.04,684.143092433079,211.3653473881037,0,55.250840216765695,39.019912232200674,-17.697863178082677,-1.1794703219900173,48.77530077480057,0.0,0,-29.548160990391807,-18.276417936979584,0,0.7094848963134763,1.0014997196313535,0.0
114.0,0.04,697.5547887372744,220.39240170923185,0,54.57832141599855,38.958310595578666,-16.812970019178543,-1.540040915550217,48.77530077480057,0.0,0,13.411696304195402,9.027054321128162,0,0.6753342128307929,0.9555349578198026,0.0
114.04,0.04,737.1844613132539,203.0290468433887,0,53.939428555269764,38.8825745916891,-15.972321518219616,-1.8934000972392129,48.77530077480057,0.0,0,39.6296725759795,-17.36335486584315,0,0.6433661708353766,0.9118950671258227,0.0
114.08,0.04,746.0201148105467,203.94679345291266,0,53.332480337577415,38.79298690787732,-15.173705442308634,-2.2396920952944286,48.77530077480057,0.0,0,8.83565349729281,0.9177466095239595,0,0.6135243206676307,0.8704629714241313,0.0
114.12,0.04,736.487945837446,232.40432851373436,0,52.75587953076969,38.68982457774178,-14.415020170193202,-2.57905825338854,48.77530077480057,0.0,0,-9.532168973100738,28.457535060821698,0,0.5857567385615927,0.8311273857745423,0.0
114.16,0.04,703.751777873744,232.43534607413574,0,52.208108764302345,38.57335909420895,-13.694269161683541,-2.9116370883207687,48.77530077480057,0.0,0,-32.73616796370197,0.031017560401380706,0,0.5600151975176724,0.7937825254517583,0.0
114.2,0.04,767.6341757411352,206.15695078231093,0,51.68772653615837,38.44385652034678,-13.009555703599364,-3.237564346554353,48.77530077480057,0.0,0,63.882397867391205,-26.278395291824808,0,0.5362542121093447,0.7583278297288408,0.0
114.24000000000001,0.04,712.1176447929643,224.6044433231662,0,51.193363419421594,38.301577597961845,-12.359077918419395,-3.556973059623266,48.77530077480057,0.0,0,-55.51653094817095,18.44749254085528,0,0.5144299592215825,0.7246676997058566,0.0
114.28,0.04,754.7859101284818,213.26304582338406,0,50.72371845852166,38.14677785402461,-11.741124022498424,-3.8699935984308005,48.77530077480057,0.0,0,42.6682653355175,-11.341397499782147,0,0.4944990900110269,0.6927112495111261,0.0
114.32000000000001,0.04,749.6381190254301,217.20053032074105,0,50.27755574566672,37.979707704966124,-11.154067821373502,-4.176753726462184,48.77530077480057,0.0,0,-5.147791103051645,3.9374844973569907,0,0.4764174650960095,0.6623720702362498,0.0
114.36,0.04,760.1088431532372,210.8878922310683,0,49.85370116845453,37.80061255888881,-10.596364430304826,-4.477378651932941,48.77530077480057,0.0,0,10.470724127807102,-6.31263808967276,0,0.46013886379241975,0.633568005997619,0.0
114.4,0.04,735.6735023945713,207.59222455751848,0,49.45103932010294,37.609732915733034,-10.066546208789584,-4.771991078894283,48.77530077480057,0.0,0,-24.435340758665916,-3.295667673549815,0,0.44561373664777265,0.6062209415465836,0.0
114.44,0.04,727.5244040830843,229.52165577055808,0,49.06851056416894,37.407304465440376,-9.563218898350105,-5.060711257316398,48.77530077480057,0.0,0,-8.149098311487023,21.929431213039607,0,0.43278808509974465,0.5802566008778682,0.0
114.48,0.04,759.232823384819,214.12970339035533,0,48.705108246031635,37.193558184153574,-9.0850579534326,-5.3436570321700705,48.77530077480057,0.0,0,31.708419301734693,-15.391952380202753,0,0.42160255880568726,0.5556043563111672,0.0
114.52,0.04,741.9763653541515,210.09740034804616,0,48.359876043801194,36.96872042849251,-8.63080505576097,-5.620943891526669,48.77530077480057,0.0,0,-17.25645803066743,-4.032303042309167,0,0.41199185650639325,0.5321970475443454,0.0
114.56,0.04,753.5801268384241,215.28142473667398,0,48.03190545168228,36.733013027944665,-8.199264802972921,-5.892685013696136,48.77530077480057,0.0,0,11.603761484272582,5.184024388627819,0,0.4038844983010054,0.5099708101982836,0.0
114.60000000000001,0.04,755.9118357395394,213.70033975220608,0,47.720333389169305,36.486653375407776,-7.789301562824275,-6.158991313422214,48.77530077480057,0.0,0,2.3317089011152348,-1.581084984467907,0,0.3972030067065003,0.48886491339323196,0.0
114.64,0.04,781.5166567419639,210.67404179765623,0,47.42433992978198,36.22985451592162,-7.399836484683061,-6.41997148715377,48.77530077480057,0.0,0,25.6048210024245,-3.0262979545498467,0,0.3918644947344241,0.46882160591476063,0.0
114.68,0.04,765.2155786432843,207.19895474622723,0,47.14314614336402,35.962825233625196,-7.029844660448908,-6.675732057410695,48.77530077480057,0.0,0,-16.301078098679568,-3.475087051429,0,0.3877816178260817,0.44978597054406233,0.0
114.72,0.04,796.3747535643477,228.86439853417625,0,46.876012046266965,35.685770136974696,-6.678352427426462,-6.926377416262481,48.77530077480057,0.0,0,31.159174921063368,21.665443787949016,0,0.38486381021327176,0.43170578614265315,0.0
114.76,0.04,754.1282949164134,195.35626892588172,0,46.62223465402476,35.398889742257204,-6.344434806055138,-7.1720098679372315,48.77530077480057,0.0,0,-42.24645864793422,-33.508129608294524,0,0.3830187014840383,0.41453139709560166,0.0
114.8,0.04,787.3494202226391,197.35388510361582,0,46.381146131394665,35.10238055543407,-6.027213065752381,-7.412729670578487,48.77530077480057,0.0,0,33.221125306225645,1.997616177734102,0,0.38215359950480504,0.3982155897304305,0.0
114.84,0.04,798.3323045976673,220.76674437482373,0,46.15211203489608,34.79643515234739,-5.725852412464762,-7.648635077166917,48.77530077480057,0.0,0,10.98288437502822,23.412859271207907,0,0.38217693157592864,0.38271347534100936,0.0
114.88,0.04,788.1991104937022,202.2966210669195,0,45.93452964322242,34.48124225732245,-5.439559791841523,-7.879822375623578,48.77530077480057,0.0,0,-10.133194103965138,-18.47012330790423,0,0.38299955383868806,0.36798237945723844,0.0
114.92,0.04,777.0658286889952,192.08560521415745,0,45.727826371132444,34.15698682019801,-5.167581802249447,-8.106385928111107,48.77530077480057,0.0,0,-11.13328180470694,-10.211015852762046,0,0.38453586464394357,0.3539817370124015,0.0
114.96000000000001,0.04,820.5051009800412,223.4716329745988,0,45.531458262646964,33.82385009181605,-4.909202712136974,-8.328418209548884,48.77530077480057,0.0,0,43.439272291045995,31.38602776044135,0,0.3867046855511324,0.3406729930707942,0.0
115.0,0.04,780.1140140904483,206.48280552299948,0,45.34490855958576,33.48200969800173,-4.663742576530125,-8.546009845357906,48.77530077480057,0.0,0,-40.391086889592884,-16.98882745159932,0,0.389429899411113,0.3280195087890028,0.0
115.04,0.04,812.3559758258605,215.7028991837999,0,45.167686341677616,33.1316397120637,-4.430555447703618,-8.759249648450748,48.77530077480057,0.0,0,32.24196173541213,9.220093660800416,0,0.3926408557021261,0.3159864722949763,0.0
115.08,0.04,814.6881810346705,239.8025004842186,0,44.99932523466488,32.77291072584443,-4.2090276753184375,-8.968224655481732,48.77530077480057,0.0,0,2.3322052088100236,24.099601300418698,0,0.3962725676960977,0.3045408141802021,0.0
115.12,0.04,846.5741115072017,191.41475414468974,0,44.839382183002776,32.40598991934955,-3.9985762915525154,-9.173020162372097,48.77530077480057,0.0,0,31.885930472531186,-48.38774633952886,0,0.40026573424893747,0.2936511273117694,0.0
115.16,0.04,799.1775628718127,215.36379192451432,0,44.68743628392378,32.03104112898456,-3.7986474769748892,-9.373719759124654,48.77530077480057,0.0,0,-47.39654863538897,23.94903777982458,0,0.4045666220081595,0.28328759068313203,0.0
115.2,0.04,818.6708070744302,222.93608876109252,0,44.54308767979874,31.648224914426876,-3.6087151031261446,-9.570405363942161,48.77530077480057,0.0,0,19.49324420261746,7.572296836578204,0,0.4091268429730859,0.2734218970350541,0.0
115.24000000000001,0.04,811.0542447685923,228.5532670814316,0,44.40595650587994,31.257698624160344,-3.4282793479698372,-9.763157256663318,48.77530077480057,0.0,0,-7.616562305837874,5.617178320339093,0,0.4139030590001561,0.2640271839913748,0.0
115.28,0.04,829.7860106969866,215.84835596728217,0,44.27568189065709,30.859616459699144,-3.2568653805713454,-9.952054111530051,48.77530077480057,0.0,0,18.73176592839434,-12.70491111414944,0,0.4188566401927713,0.2550779684681431,0.0
115.32000000000001,0.04,813.4885563941993,228.68166073411078,0,44.15192100619538,30.454129538527166,-3.094022111542778,-10.137173029299449,48.77530077480057,0.0,0,-16.297454302787287,12.833304766828604,0,0.4239532990369037,0.24655008412901294,0.0
115.36,0.04,819.9292582980034,211.5287705909708,0,44.03434816595676,30.041385955778626,-2.9393210059656387,-10.31858956871346,48.77530077480057,0.0,0,6.440701903804097,-17.152890143139985,0,0.4291627172319114,0.2384206216746876,0.0
115.4,0.04,795.6156049937589,227.56346253084664,0,43.922653967730064,29.621530844685058,-2.792354955667357,-10.49637777733919,48.77530077480057,0.0,0,-24.313653304244554,16.03469193987584,0,0.43445817776731566,0.23066787176939726,0.0
115.44,0.04,832.3327410703363,199.73628149670677,0,43.8165444794147,29.194706435813362,-2.652737207883989,-10.670610221792405,48.77530077480057,0.0,0,36.71713607657739,-27.82718103413987,0,0.4398162110691466,0.22327127042287143,0.0
115.48,0.04,824.7587589128455,212.29501610610956,0,43.71574046551511,28.7610521151191,-2.520100347489789,-10.841358017356557,48.77530077480057,0.0,0,-7.573982157490832,12.55873460940279,0,0.4452162610182512,0.21621134666165837,0.0
115.52,0.04,830.2476983941425,195.7009823397886,0,43.6199766523105,28.32070448083872,-2.3940953301152996,-11.008690857009425,48.77530077480057,0.0,0,5.488939481297052,-16.594033766320962,0,0.45064037428509884,0.20946967233907132,0.0
115.56,0.04,802.4024349101547,216.03847035598852,0,43.529001029766114,27.87379739924395,-2.2743905636095345,-11.172677039869235,48.77530077480057,0.0,0,-27.845263483987765,20.337488016199927,0,0.4560729146495024,0.2030288139479983,0.0
115.60000000000001,0.04,854.5103565710725,223.4966904023755,0,43.44257418834895,27.42046205928108,-2.1606710354290577,-11.33338349907185,48.77530077480057,0.0,0,52.10792166091778,7.45822004638697,0,0.4615003026831092,0.196872286315347,0.0
115.64,0.04,831.425038848562,228.55338751660372,0,43.360468689002644,26.96082702611746,-2.052637483657605,-11.490875829090413,48.77530077480057,0.0,0,-23.085317722510467,5.056697114228228,0,0.4669107802720198,0.19098450807076253,0.0
115.68,0.04,798.1134713648961,207.16159265328338,0,43.282468464623655,26.495018293617115,-1.9500056094747245,-11.645218312508604,48.77530077480057,0.0,0,-33.311567483665954,-21.391794863320342,0,0.4722941988599387,0.1853507587952772,0.0
115.72,0.04,851.4229756765001,219.51518795385823,0,43.20836825146362,26.023159335766778,-1.852505329000988,-11.79647394625843,48.77530077480057,0.0,0,53.30950431160397,12.353595300574852,0,0.47764182992486004,0.17995713776763342,0.0
115.76,0.04,848.7520888656097,204.63037920946587,0,43.137973048961584,25.545371157073447,-1.7598800625509385,-11.944704467333262,48.77530077480057,0.0,0,-2.6708868108903516,-14.884808744392359,0,0.48294619600364647,0.17479052423703817,0.0
115.8,0.04,855.5793137422712,214.10956142124402,0,43.07109760658465,25.061772341953983,-1.6718860594233915,-12.089970377986596,48.77530077480057,0.0,0,6.827224876661489,9.479182211778152,0,0.48820092050103725,0.16983853916103156,0.0
115.84,0.04,831.5324884731305,228.371353013229,0,43.007565936326564,24.572479103136907,-1.5882917564522219,-12.232330970426863,48.77530077480057,0.0,0,-24.046825269140754,14.261791591984974,0,0.4934005945252668,0.1650895083558603,0.0
115.88,0.04,831.165384176875,207.3359292409193,0,42.94721084958138,24.077605329096173,-1.5088771686296107,-12.371844351018325,48.77530077480057,0.0,0,-0.36710429625543384,-21.035423772309684,0,0.4985406590533393,0.16053242701427395,0.0
115.92,0.04,836.6554768142365,232.33296222458077,0,42.889873517173456,23.577262630536254,-1.43343331019813,-12.508567463997958,48.77530077480057,0.0,0,5.490092637361499,24.997032983661455,0,0.5036173008246232,0.15615692555205712,0.0
115.96000000000001,0.04,825.1572991772017,214.731033942083,0,42.835403051385924,23.071560385947535,-1.3617616446882235,-12.642556114717998,48.77530077480057,0.0,0,-11.498177637034814,-17.601928282497767,0,0.5086273604763891,0.15195323674980019,0.0
116.0,0.04,872.2346365816675,220.06537892148475,0,42.78365610888777,22.56060578625059,-1.2936735624538123,-12.773864992423636,48.77530077480057,0.0,0,47.077337404465766,5.334344979401749,0,0.5135682515590038,0.1479121641606068,0.0
116.04,0.04,857.1789826996509,231.95061976301744,0,42.73449651351452,22.044503878547584,-1.2289898843311216,-12.902547692575164,48.77530077480057,0.0,0,-15.0556538820166,11.885240841532692,0,0.5184378891940137,0.14402505175755975,0.0
116.08,0.04,848.4962211098116,217.9744096158398,0,42.68779489790994,21.523357608998637,-1.1675403901145653,-13.02865673872366,48.77530077480057,0.0,0,-8.682761589839288,-13.976210147177653,0,0.5232346272609082,0.1402837547970331,0.0
116.12,0.04,867.6131626803544,214.55925137303927,0,42.64342836308558,20.99726786484067,-1.109163370608837,-13.152243603949186,48.77530077480057,0.0,0,19.11694157054285,-3.4151582428005156,0,0.5279572031145299,0.13668061187543967,0.0
116.16,0.04,865.365400500836,202.98097527262883,0,42.60128015500245,20.46633351556586,-1.0537052020783952,-13.273358731870202,48.77530077480057,0.0,0,-2.2477621795184177,-11.578276100410449,0,0.5326046889433883,0.1332084181576933,0.0
116.2,0.04,855.4093161931964,208.49694605295858,0,42.56123935732347,19.93065145327655,-1.0010199419744754,-13.392051557232797,48.77530077480057,0.0,0,-9.956084307639571,5.515970780329752,0,0.5371764489786368,0.12986039975594274,0.0
116.24000000000001,0.04,803.5400131270383,223.4174596228457,0,42.523200599528444,19.390316632233024,-0.9509689448757516,-13.508370526088141,48.77530077480057,0.0,0,-51.86930306615818,14.920513569887135,0,0.5416721018538136,0.12663018923679684,0.0
116.28,0.04,820.7355150164931,239.48283851400197,0,42.48706377962316,18.845422107610368,-0.903420497631964,-13.622363115566378,48.77530077480057,0.0,0,17.195501889454818,16.065378891156257,0,0.5460914874969365,0.12351180223464078,0.0
116.32000000000001,0.04,863.7045936894264,206.04601385843463,0,42.45273380071315,18.296059073480166,-0.8582494727503658,-13.73407585325505,48.77530077480057,0.0,0,42.96907867293328,-33.436824655567335,0,0.5504346380095496,0.12049961514773373,0.0
116.36,0.04,864.7451895368262,219.45660981221982,0,42.42012032074864,17.742316900032566,-0.8153369991128474,-13.843554336189948,48.77530077480057,0.0,0,1.0405958473997998,13.41059595378519,0,0.5547017520522777,0.11758834389265616,0.0
116.4,0.04,853.6363104712815,208.87467527978683,0,42.38913751478235,17.18428317005392,-0.774570149157205,-13.950843249466148,48.77530077480057,0.0,0,-11.10887906554467,-10.581934532432996,0,0.558893172314196,0.11477302369151836,0.0
116.44,0.04,804.4092426105442,234.97236051566028,0,42.359703849114375,16.62204371467485,-0.7358416416993447,-14.055986384476824,48.77530077480057,0.0,0,-49.22706786073729,26.097685235873456,0,0.5630093656943983,0.11204898986508921,0.0
116.48,0.04,869.4593233680731,201.08011569918162,0,42.3317418667298,16.05568264840336,-0.6990495596143774,-14.159026656787287,48.77530077480057,0.0,0,65.05008075752892,-33.892244816478666,0,0.5670509058691773,0.10941185960379787,0.0
116.52,0.04,812.917434009677,222.43636453563016,0,42.30517798346445,15.485282403457298,-0.6640970816336585,-14.26000612365154,48.77530077480057,0.0,0,-56.54188935839613,21.356248836448543,0,0.5710184579579379,0.10685751468746292,0.0
116.56,0.04,859.689207084781,210.03688947848894,0,42.27994229436237,14.910923763410157,-0.6308922275519756,-14.358966001178509,48.77530077480057,0.0,0,46.771773075103965,-12.399475057141217,0,0.5749127650359296,0.10438208512354304,0.0
116.60000000000001,0.04,846.1974784645726,220.47895212143038,0,42.2559683897154,14.332685896163959,-0.5993476161743768,-14.455946681154938,48.77530077480057,0.0,0,-13.491728620208391,10.442062642941437,0,0.5787346362724923,0.10198193367285362,0.0
116.64,0.04,861.1176672923606,205.36652589761462,0,42.23319318030077,13.750646386262686,-0.569380235365658,-14.550987747531838,48.77530077480057,0.0,0,14.920188827788024,-15.11242622381576,0,0.5824849365005024,0.09965364123098158,0.0
116.68,0.04,848.2565905142933,214.75569231931158,0,42.21155673135688,13.164881266559437,-0.5409112235973751,-14.6441279925812,48.77530077480057,0.0,0,-12.861076778067286,9.389166421696956,0,0.5861645770462958,0.0973939930330298,0.0
116.72,0.04,808.2853797308263,231.6248205294459,0,42.19100210486018,12.575465049250255,-0.5138656624175063,-14.735405432729575,48.77530077480057,0.0,0,-39.97121078346697,16.869128210134335,0,0.5897745076700787,0.09519996564901749,0.0
116.76,0.04,817.7121296645695,261.48565236881063,0,42.17147520968832,11.982470756287256,-0.488172379296631,-14.824857324074983,48.77530077480057,0.0,0,9.426749933743167,29.86083183936472,0,0.5933157094850429,0.09306871473701693,0.0
116.8,0.04,802.9608535792212,225.0078381690719,0,42.152924659275044,11.385969949183517,-0.4637637603317994,-14.912520177593484,48.77530077480057,0.0,0,-14.751276085348309,-36.47781419973873,0,0.5967891887392462,0.09099756352109854,0.0
116.84,0.04,812.8078258773776,241.13653398639926,0,42.13530163638244,10.786032758221852,-0.4405755723152094,-14.998429774041613,48.77530077480057,0.0,0,9.846972298156402,16.128695817327355,0,0.6001959713583943,0.08898399196132487,0.0
116.88,0.04,855.0422040430434,233.2624568233767,0,42.11855976463446,10.182727911079422,-0.4185467936994489,-15.08262117856078,48.77530077480057,0.0,0,42.23437816566582,-7.874077163022548,0,0.6035370981598207,0.0870256265832785,0.0
116.92,0.04,854.9572051513975,213.86850809011048,0,42.10265498647388,9.576122760879839,-0.39761945401447646,-15.165128754989563,48.77530077480057,0.0,0,-0.08499889164590968,-19.393948733266228,0,0.6068136206587617,0.08512023093508246,0.0
116.96000000000001,0.04,816.9373941090727,245.66970833299686,0,42.08754544722133,8.966283313684247,-0.3777384813137526,-15.245986179889771,48.77530077480057,0.0,0,-38.01981104232482,31.80120024288638,0,0.6100265973973997,0.08326569664045098,0.0
117.0,0.04,849.410699912385,244.15152797274675,0,42.073191384931405,8.353274255432568,-0.35885155724806495,-15.325226456291976,48.77530077480057,0.0,0,32.473305803312314,-1.5181803602501134,0,0.6131770907354851,0.08146003501693848,0.0
117.04,0.04,847.4371695028566,219.19518132288093,0,42.05955502575598,7.7371589783459225,-0.34090897938566167,-15.402881927166135,48.77530077480057,0.0,0,-1.9735304095283936,-24.95634664986582,0,0.6162661640485511,0.07970136922936644,0.0
117.08,0.04,832.7008997214749,228.47380045143598,0,42.04660048453932,7.11799960680101,-0.32386353041637855,-15.478984288622812,48.77530077480057,0.0,0,-14.73626978138168,9.27861912855505,0,0.6192948792861326,0.0779879269492856,0.0
117.12,0.04,842.4818546771597,249.42030474959947,0,42.0342936703835,6.495857022686995,-0.30767035389555963,-15.553564602850354,48.77530077480057,0.0,0,9.78095495568482,20.94650429816349,0,0.6222642948480406,0.07631803349217939,0.0
117.16,0.04,840.1394572873718,258.00955158196,0,42.022602196935466,5.870790890255262,-0.29228683620078166,-15.626653310793346,48.77530077480057,0.0,0,-2.3423973897879478,8.589246832360544,0,0.6251754637416215,0.07469010540521061,0.0
117.2,0.04,818.2478382313303,224.33759032915592,0,42.01149529715984,5.242859680472162,-0.27767249439074254,-15.69828024457748,48.77530077480057,0.0,0,-21.891619056041463,-33.671961252804095,0,0.6280294319873017,0.07310264447923527,0.0
117.24000000000001,0.04,794.8232823506894,223.04728231837288,0,42.00094374237299,4.612120694884725,-0.2637888696712054,-15.768474639685932,48.77530077480057,0.0,0,-23.424555880640924,-1.2903080107830363,0,0.6308272372435179,0.07155423215991041,0.0
117.28,0.04,791.783041582435,245.84943789427217,0,41.990919765325486,3.9786300890090365,-0.25059942618764514,-15.837265146892214,48.77530077480057,0.0,0,-3.040240768254421,22.80215557589929,0,0.6335699076255087,0.07004352433382828,0.0
117.32000000000001,0.04,803.9358962072175,233.79671108858773,0,41.98139698713035,3.3424428952508616,-0.23806945487826287,-15.90467984395437,48.77530077480057,0.0,0,12.152854624782549,-12.052726805684443,0,0.6362584606953806,0.06856924646659075,0.0
117.36,0.04,786.2790599001225,259.0727896219686,0,41.97235034784498,2.70361304536785,-0.2261659821343497,-15.970746247075281,48.77530077480057,0.0,0,-17.656836307094977,25.276078533380854,0,0.6388939026034843,0.06713018907093832,0.0
117.4,0.04,787.6429591138846,233.21401632442934,0,41.963756040523876,2.062193392482499,-0.21485768302763222,-16.035491322133776,48.77530077480057,0.0,0,1.3638992137620107,-25.858773297539244,0,0.6414772273634457,0.06572520348402973,0.0
117.44,0.04,788.7064332064231,256.1847771451779,0,41.955591448568825,1.4182357326548551,-0.2041147988762506,-16.0989414956911,48.77530077480057,0.0,0,1.063474092538513,22.97076082074858,0,0.6440094162452038,0.06435319793409346,0.0
117.48,0.04,799.7438107326792,258.7108971514421,0,41.947835086211526,0.771790826023764,-0.19390905893243807,-16.161122665777278,48.77530077480057,0.0,0,11.037377526256137,2.5261200062641933,0,0.6464914372722177,0.063013133877683,0.0
117.52,0.04,793.6750862794124,237.65000340102492,0,41.94046654197209,0.1229084175252948,-0.18421360598581615,-16.22206021246173,48.77530077480057,0.0,0,-6.068724453266782,-21.060893750417193,0,0.648924244810581,0.061704022589780014,0.0
117.56,0.04,798.3505711330275,242.67561243931038,0,41.93346642494463,-0.528362742803205,-0.17500292568652534,-16.281779008212496,48.77530077480057,0.0,0,4.675484853615103,5.025609038285467,0,0.6513087792391783,0.060424921989997896,0.0
117.60000000000001,0.04,749.8011023380153,267.7633006873972,0,41.92681631376855,-1.1819748799251348,-0.16625277940219907,-16.340303428048244,48.77530077480057,0.0,0,-48.54946879501222,25.087688248086806,0,0.6536459666912591,0.05917493368908897,0.0
117.64,0.04,763.0061001479837,270.85359398956484,0,41.920498708151264,-1.8378811743046262,-0.15794014043208912,-16.39765735948728,48.77530077480057,0.0,0,13.204997809968404,3.0902933021676517,0,0.6559367188588937,0.057953200240892164,0.0
117.68,0.04,781.4825732010505,241.8061417944302,0,41.914496982814846,-2.4960357427965274,-0.15004313341048467,-16.453864212297532,48.77530077480057,0.0,0,18.476473053066798,-29.04745219513464,0,0.6581819328527444,0.05675890258569683,0.0
117.72,0.04,802.3495720688838,263.6939871132129,0,41.90879534374525,-3.1563936199185907,-0.14254097673996044,-16.50894692805158,48.77530077480057,0.0,0,20.86699886783333,21.887845318782723,0,0.6603824911104458,0.05559125767195957,0.0
117.76,0.04,802.8092704171795,270.5316499361092,0,41.903378786629126,-3.8189107394982127,-0.13541392790296242,-16.562927989490547,48.77530077480057,0.0,0,0.45969834829566025,6.837662822896277,0,0.6625392613476362,0.05444951624397217,0.0
117.8,0.04,764.8085254452915,239.77117730574994,0,41.89823305736881,-4.4835439166862425,-0.1286432315078143,-16.615829429700735,48.77530077480057,0.0,0,-38.000744971888025,-30.76047263035926,0,0.664653096546368,0.05333296078399766,0.0
117.84,0.04,800.865147183105,237.19431198701142,0,41.89334461457152,-5.150250830330512,-0.12221106993242356,-16.667672841106718,48.77530077480057,0.0,0,36.05662173781354,-2.576865318738527,0,0.6667248349762063,0.052240903598061286,0.0
117.88,0.04,761.5171940788667,265.3144766113037,0,41.88870059391409,-5.818990005701895,-0.11610051643580238,-16.71847938428458,48.77530077480057,0.0,0,-39.347953104238286,28.120164624292272,0,0.6687553002438671,0.051172685035272024,0.0
117.92,0.04,726.3436247939982,244.52161690615532,0,41.88428877428953,-6.489720797565851,-0.11029549061401225,-16.76826979659889,48.77530077480057,0.0,0,-35.17356928486856,-20.792859705148373,0,0.6707453013677014,0.05012767183124021,0.0
117.96000000000001,0.04,763.1168665699324,235.00770906387444,0,41.880097545646194,-7.162403373592527,-0.10478071608331163,-16.81706440066691,48.77530077480057,0.0,0,36.77324177593425,-9.513907842280872,0,0.6726956328737579,0.049105255566786674,0.0
118.0,0.04,762.8880457975887,288.9692050008846,0,41.87611587843503,-7.83699869809867,-0.09954168027914605,-16.864883112653573,48.77530077480057,0.0,0,-0.2288207723437381,53.96149593701014,0,0.6746070749105206,0.048104851233743307,0.0
118.04,0.04,773.3854404299427,272.27570462619457,0,41.87233329458442,-8.51346851611469,-0.09456459626518875,-16.9117454504005,48.77530077480057,0.0,0,10.49739463235403,-16.693500374690018,0,0.6764803933797449,0.047125895900120465,0.0
118.08,0.04,767.9293709734724,260.9177545691563,0,41.86873983992634,-9.19177533777039,-0.0898363664519293,-16.95767054139249,48.77530077480057,0.0,0,-5.456069456470345,-11.357950057038295,0,0.678316340081113,0.04616784746757758,0.0
118.12,0.04,749.429632801869,258.82694109023254,0,41.865326058001166,-9.871882422992975,-0.08534454812933283,-17.00267713056464,48.77530077480057,0.0,0,-18.499738171603326,-2.090813478923735,0,0.6801156528686826,0.04523018351448409,0.0
118.16,0.04,794.1657362578999,240.03605458946043,0,41.86208296517225,-10.0,-0.08107732072286618,0.0,48.77530077480057,0.0,1,44.73610345603083,-18.790886500772103,0,0.12815861730390166,17.002677666045884,0.0
118.2,0.04,746.9527432304357,298.6736262012328,0,41.85900202698478,-10.0,-0.07702345468672286,0.0,48.77530077480057,0.0,1,-47.21299302746422,58.63757161177239,0,0.0030809381874661312,0.004053866036143314,0.0
118.24000000000001,0.04,764.1184854529987,262.82219665577753,0,41.85607513570669,-10.0,-0.07317228195238672,0.0,48.77530077480057,0.0,1,17.16574222256304,-35.85142954545529,0,0.0029268912780935352,0.0038511727343361474,0.0
118.28,0.04,781.973533372672,266.93705194184025,0,41.8532945889925,-10.0,-0.06951366785476738,0.0,48.77530077480057,0.0,1,17.855047919673325,4.1148552860627206,0,0.0027805467141917006,0.0036586140976193338,0.0
118.32000000000001,0.04,752.5062287692327,261.6456926314869,0,41.85065306961402,-10.0,-0.066037984462029,0.0,48.77530077480057,0.0,1,-29.46730460343929,-5.291359310353357,0,0.002641519378478563,0.003475683392738377,0.0
118.36,0.04,778.9544698456276,261.56195381307225,0,41.84814362620446,-10.0,-0.06273608523892756,0.0,48.77530077480057,0.0,1,26.44824107639488,-0.08373881841464481,0,0.002509443409557832,0.003301899223101451,0.0
118.4,0.04,706.5323111743419,280.9851098342848,0,41.845759654965384,-10.0,-0.059599280976981174,0.0,48.77530077480057,0.0,1,-72.42215867128573,19.42315602121255,0,0.002383971239076743,0.0031368042619463812,0.0
118.44,0.04,725.6384718472042,287.70079555828124,0,41.84349488228826,-10.0,-0.056619316928132116,0.0,48.77530077480057,0.0,1,19.106160672862302,6.715685723996444,0,0.0022647726771225507,0.0029799640488490584,0.0
118.48,0.04,737.5940954761679,256.40698384894245,0,41.84134334824499,-10.0,-0.053788351081725506,0.0,48.77530077480057,0.0,1,11.955623628963735,-31.293811709338797,0,0.002151534043271397,0.0028309658464066093,0.0
118.52,0.04,709.9069287552487,249.88895108798087,0,41.83929939090388,-10.0,-0.05109893352763923,0.0,48.77530077480057,0.0,1,-27.68716672091921,-6.5180327609615745,0,0.0020439573411081824,0.0026894175540862764,0.0
118.56,0.04,718.3633586512524,302.34382499690435,0,41.83735763142983,-10.0,-0.04854398685125726,0.0,48.77530077480057,0.0,1,8.45642989600367,52.454873908923474,0,0.0019417594740502864,0.0025549466763819667,0.0
118.60000000000001,0.04,750.5419113508349,287.21018650268616,0,41.83551295992948,-10.0,-0.0461167875086944,0.0,48.77530077480057,0.0,1,32.1785526995825,-15.13363849421819,0,0.0018446715003506142,0.002427199342562865,0.0
118.64,0.04,722.6390266342812,296.15270163275204,0,41.83376052200415,-10.0,-0.043810948133259676,0.0,48.77530077480057,0.0,1,-27.90288471655367,8.942515130065885,0,0.0017524379253330835,0.002305839375434722,0.0
118.68,0.04,704.1907224716757,284.82403725442333,0,41.832095705975085,-10.0,-0.04162040072659669,0.0,48.77530077480057,0.0,1,-18.448304162605496,-11.32866437832871,0,0.0016648160290628766,0.002190547406662989,0.0
118.72,0.04,681.3111514074859,309.37285760141117,0,41.830514130747474,-10.0,-0.03953938069026685,0.0,48.77530077480057,0.0,1,-22.879571064189804,24.54882034698784,0,0.0015815752276111539,0.002081020036329838,0.0
118.76,0.04,692.0799499249105,295.012198947265,0,41.829011634281244,-10.0,-0.037562411655753504,0.0,48.77530077480057,0.0,1,10.768798517424557,-14.360658654146164,0,0.001502496466230241,0.0019769690345133456,0.0
118.8,0.04,704.1048129248994,302.70009851133864,0,41.827584262638325,-10.0,-0.03568429107296583,0.0,48.77530077480057,0.0,1,12.024862999988954,7.687899564073632,0,0.0014273716429187289,0.0018781205827876762,0.0
118.84,0.04,685.0376411794122,297.0374735484973,0,41.826228259577555,-10.0,-0.033900076519317535,0.0,48.77530077480057,0.0,1,-19.067171745487258,-5.662624962841335,0,0.0013560030607706608,0.0017842145536482931,0.0
118.88,0.04,705.6829696913386,275.58325874745054,0,41.82494005666982,-10.0,-0.032205072693351655,0.0,48.77530077480057,0.0,1,20.645328511926436,-21.45421480104676,0,0.0012882029077374568,0.0016950038259658795,0.0
118.92,0.04,697.5479863797743,280.51988824707206,0,41.82371626390747,-10.0,-0.03059481905868407,0.0,48.77530077480057,0.0,1,-8.13498331156427,4.936629499621517,0,0.0012237927623459655,0.0016102536346675848,0.0
118.96000000000001,0.04,648.7447735703581,286.76229696819826,0,41.82255366078324,-10.0,-0.029065078105749865,0.0,48.77530077480057,0.0,1,-48.80321280941621,6.242408721126196,0,0.0011626031242286672,0.0015297409529342054,0.0
119.0,0.04,668.0754353830404,279.8041156463404,0,41.821449187815226,-10.0,-0.02761182420046237,0.0,48.77530077480057,0.0,1,19.33066181268225,-6.9581813218578645,0,0.0011044729680165233,0.0014532539052874958,0.0
119.04,0.04,714.1566802927294,298.0733307177364,0,41.820399938495605,-10.0,-0.026231232990439248,0.0,48.77530077480057,0.0,1,46.081244909689076,18.26921507139599,0,0.0010492493196210262,0.0013805912100231209,0.0
119.08,0.04,674.9550872625648,298.8411900900113,0,41.81940315164197,-10.0,-0.024919671340917285,0.0,48.77530077480057,0.0,1,-39.201593030164645,0.767859372274927,0,0.00099678685363358,0.0013115616495219633,0.0
119.12,0.04,668.5696097248964,300.21275271383246,0,41.81845620413102,-10.0,-0.02367368777387142,0.0,48.77530077480057,0.0,1,-6.385477537668407,1.3715626238211485,0,0.0009469475109540326,0.0012459835670458642,0.0
119.16,0.04,664.445614044412,318.705958684529,0,41.81755660399561,-10.0,-0.02249000338517785,0.0,48.77530077480057,0.0,1,-4.123995680484427,18.493205970696522,0,0.0008996001354049099,0.0011836843886935712,0.0
119.2,0.04,649.6476462226706,307.1361726513803,0,41.81670198386698,-10.0,-0.021365503215918957,0.0,48.77530077480057,0.0,1,-14.797967821741395,-11.56978603314866,0,0.0008546201286350197,0.0011245001692588921,0.0
119.24000000000001,0.04,654.9221402067051,304.78510170555046,0,41.81589009474477,-10.0,-0.020297228055123007,0.0,48.77530077480057,0.0,1,5.274493984034507,-2.3510709458298606,0,0.0008118891222039792,0.00106827516079595,0.0
119.28,0.04,615.8125074829884,314.21280992400773,0,41.81511880007868,-10.0,-0.019282366652366857,0.0,48.77530077480057,0.0,1,-39.109632723716686,9.42770821845727,0,0.0007712946660944908,0.0010148614027561502,0.0
119.32000000000001,0.04,669.1536767948484,320.63345673620137,0,41.814386070145886,-10.0,-0.018318248319748515,0.0,48.77530077480057,0.0,1,53.34116931185997,6.420646812193638,0,0.0007327299327926085,0.0009641183326183425,0.0
119.36,0.04,603.5102268536463,349.46180712184923,0,41.81368997670974,-10.0,-0.017402335903761088,0.0,48.77530077480057,0.0,1,-65.6434499412021,28.828350385647866,0,0.0006960934361472937,0.0009159124159874264,0.0
119.4,0.04,601.0538530271386,316.1877760738098,0,41.8130286879454,-10.0,-0.016532219108573033,0.0,48.77530077480057,0.0,1,-2.4563738265076154,-33.27403104803943,0,0.0006612887643413501,0.0008701167951880549,0.0
119.44,0.04,639.6727253175907,308.5375087616124,0,41.81240046361927,-10.0,-0.015705608153144382,0.0,48.77530077480057,0.0,1,38.61887229045203,-7.6502673121974,0,0.0006282243261281906,0.0008266109554286513,0.0
119.48,0.04,616.1087639621583,311.8402653063834,0,41.81180365050945,-10.0,-0.014920327745487162,0.0,48.77530077480057,0.0,1,-23.56396135543241,3.3027565447710003,0,0.0005968131098228469,0.0007852804076572198,0.0
119.52,0.04,625.5434898153906,307.80053293627657,0,41.81123667805512,-10.0,-0.014174311358212803,0.0,48.77530077480057,0.0,1,9.434725853232294,-4.039732370106833,0,0.0005669724543295729,0.0007460163872743588,0.0
119.56,0.04,625.4160379687494,307.7937145178211,0,41.81069805422351,-10.0,-0.013465595790302163,0.0,48.77530077480057,0.0,1,-0.12745184664117915,-0.006818418455452502,0,0.0005386238316091863,0.0007087155679106408,0.0
119.60000000000001,0.04,615.4504375466518,329.309109165398,0,41.810186361583476,-10.0,-0.012792316000787054,0.0,48.77530077480057,0.0,1,-9.965600422097623,21.515394647576898,0,0.0005116926400319244,0.0006732797895151084,0.0
119.64,0.04,602.8605571065523,331.3129467021001,0,41.80970025357544,-10.0,-0.0121527002007477,0.0,48.77530077480057,0.0,1,-12.589880440099478,2.003837536702065,0,0.00048610800803317034,0.0006396158000393538,0.0
119.68,0.04,595.6339941561538,312.3970238800062,0,41.80923845096781,-10.0,-0.011545065190710314,0.0,48.77530077480057,0.0,1,-7.226562950398488,-18.915922822093876,0,0.0004618026076315118,0.0006076350100373863,0.0
119.72,0.04,622.944928667248,324.65962253481257,0,41.80879973849056,-10.0,-0.010967811931174798,0.0,48.77530077480057,0.0,1,27.31093451109416,12.262598654806368,0,0.0004387124772478046,0.0005772532595355161,0.0
119.76,0.04,639.1506618966649,342.53685128174516,0,41.80838296163718,-10.0,-0.010419421334616057,0.0,48.77530077480057,0.0,1,16.20573322941698,17.877228746932587,0,0.0004167768533847038,0.0005483905965587409,0.0
119.8,0.04,629.3518138645909,356.4189122013133,0,41.80798702362647,-10.0,-0.009898450267885254,0.0,48.77530077480057,0.0,1,-9.798848032074034,13.882060919568119,0,0.0003959380107119159,0.0005209710667308035,0.0
119.84,0.04,554.2900922434684,326.1370222733846,0,41.807610882516286,-10.0,-0.00940352775449099,0.0,48.77530077480057,0.0,1,-75.0617216211225,-30.28188992792866,0,0.0003761411101805834,0.0004949225133942629,0.0
119.88,0.04,624.4748935345679,331.68097387393505,0,41.80725354846162,-10.0,-0.008933351366766441,0.0,48.77530077480057,0.0,1,70.18480129109946,5.543951600550429,0,0.0003573340546694226,0.0004701763877245496,0.0
119.92,0.04,610.038138552042,357.7305525427756,0,41.80691408110968,-10.0,-0.008486683798428119,0.0,48.77530077480057,0.0,1,-14.436754982525827,26.04957866884058,0,0.0003394673519352409,0.00044666756833832214,0.0
119.96000000000001,0.04,575.4914396642326,324.980447612682,1,41.79367290169059,-9.992996089522537,-0.33102948547726374,0.17509776193659032,59.04687376201391,256.7893246803335,0,-34.546698887809384,-32.75010493009364,1,0.014979439054412385,0.3670055655573026,10.27157298721334
