timestamp,deltaTime,mouseX,mouseY,isGripping,playerX,playerY,velocityX,velocityY,hammerAngle,hammerAngularVel,isGrounded,mouseDeltaX,mouseDeltaY,grippingChanged,positionDelta,velocityDelta,angleDelta
0.0,0.02,681.5658612666771,518.2592333633087,0,-40.0,-5.0038416,0.0,-0.19208,0.0,0.0,0,0.0,0.0,0,0.0,0.0,0.0
0.02,0.02,659.2733341601061,511.92408931947074,0,-40.0,-5.011447968000001,0.0,-0.3803184,0.0,0.0,0,-22.292527106571015,-6.335144043837943,0,0.007606368000000252,0.1882384,0.0
0.04,0.02,671.6741862082991,532.5470001094977,0,-40.0,-5.0227438086400005,0.0,-0.5647920319999999,0.0,0.0,0,12.400852048193087,20.622910790026992,0,0.011295840639999888,0.18447363199999994,0.0
0.06,0.02,645.9335297192806,510.7803932202718,0,-40.0,-5.0376553324672,0.0,-0.7455761913599999,0.0,0.0,0,-25.740656489018534,-21.766606889225955,0,0.014911523827199957,0.18078415935999992,0.0
0.08,0.02,658.7682348472032,530.7375394471882,0,-40.0,-5.056110225817856,0.0,-0.9227446675327998,0.0,0.0,0,12.834705127922575,19.957146226916393,0,0.018454893350655865,0.17716847617279996,0.0
0.1,0.02,662.9891397682619,512.0390563113949,1,-39.99770108602318,-5.089769024799652,0.11494569884131067,-1.6829399490897745,-8.129659007611663,-406.48295038058313,0,4.220904921058718,-18.698483135793253,1,0.0337372161621219,0.7688363803720564,-8.129659007611663
0.12,0.02,646.6238208941479,518.4851398581221,1,-39.99473978995694,-5.139276337767259,0.14806480331204952,-2.475365648380385,-16.08069067128403,-397.55158318361845,0,-16.365318874113996,6.446083546727209,0,0.049595799334868754,0.7931174969556255,-7.951031663672369
0.14,0.02,622.1941872081006,526.8974383651826,1,-39.993559075169884,-5.205473394571385,0.05903573935255224,-3.3098528402062977,-24.11071005377549,-401.500969124573,0,-24.429633686047282,8.412298507060427,0,0.06620758579601746,0.8392228831192592,-8.03001938249146
0.16,0.02,682.6789678820858,519.4867412476061,1,-39.98811046359462,-5.287619125500272,0.2724305787629824,-4.107286546444328,-29.14321806203811,-251.62540041313085,0,60.48478067398514,-7.410697117576433,0,0.08232623201592036,0.8254925034980783,-5.032508008262617
0.18,0.02,645.8362961486401,494.8379059219933,1,-39.982078222404496,-5.383248647021357,0.3016120595061835,-4.781476076054295,-34.98969542923318,-292.32386835975353,0,-36.84267173344563,-24.648835325612822,0,0.09581958735106115,0.67482077669117,-5.846477367195071
0.2,0.02,640.391532984191,519.4735873256204,1,-39.97600682791595,-5.4948255272750055,0.30356972442713825,-5.5788440126823975,-40.49905495407495,-275.46797624208847,0,-5.444763164449114,24.63568140362713,0,0.11174194395200239,0.7973703398136279,-5.50935952484177
0.22,0.02,666.853370204321,488.81606207584883,1,-39.96725009640698,-5.619284013736238,0.4378365754487419,-6.222924323061642,-44.190749891804494,-184.58474688647718,0,26.46183722012995,-30.657525249771595,0,0.12476616207506398,0.6579263131244119,-3.691694937729544
0.24,0.02,645.4259365072925,507.71949061996816,1,-39.957950771247276,-5.758514449259468,0.4649662579852034,-6.961521776161483,-48.5792145161701,-219.42323121828016,0,-21.427433697028505,18.903428544119322,0,0.13954064506234026,0.7390955401029697,-4.388464624365604
0.26,0.02,665.2055302168076,534.2944708169698,1,-39.94613089306589,-5.915174331864394,0.5909939090692404,-7.832994130246332,-51.86011933754436,-164.0452410687132,0,19.779593709515098,26.57498019700165,0,0.15710515057760543,0.8805379223928681,-3.280904821374264
0.28,0.02,688.3273641925451,515.8878238403632,1,-39.929478278465254,-6.087422996853357,0.8326307300319655,-8.612433249448149,-53.81422387947267,-97.70522709641547,0,23.12183397573756,-18.406646976606567,0,0.17305176151521093,0.8160353508194822,-1.9541045419283094
0.3,0.02,661.9204377439784,498.5294174922501,1,-39.910633620090216,-6.273524603591545,0.9422329187518557,-9.305080336909398,-56.48427159803135,-133.5023859279339,0,-26.406926448566765,-17.358406348113135,0,0.1870532789870493,0.7012650194760485,-2.6700477185586777
0.32,0.02,678.3879218636744,496.57438633751667,1,-39.887950169528814,-6.473283648963484,1.134172528070227,-9.987952268596981,-58.11466437417429,-81.51963880714703,0,16.467484119695996,-1.9550311547334331,0,0.2010428191636799,0.7093341164162482,-1.6303927761429406
0.34,0.02,672.6844758947303,502.7036850273221,1,-39.861998271377935,-6.687313062838156,1.2975949075438784,-10.701470693733592,-59.91006553839044,-89.77005821080759,0,-5.703445968944038,6.12929868980541,0,0.2155970570791007,0.7319941373551154,-1.7954011642161518
0.36,0.02,650.5931080627943,519.8179732973721,1,-39.83498706242078,-6.9173242740425644,1.3505604478578483,-11.500560560220453,-62.58892637564397,-133.94304186267652,0,-22.091367831936054,17.114288270049997,0,0.23159180186061482,0.8008432825358159,-2.6788608372535307
0.38,0.02,671.1669189326061,525.2115601223134,1,-39.80485916157036,-7.163856641259205,1.5063950425208787,-12.32661836083202,-64.19737619649436,-80.42249104251944,0,20.573810869811837,5.393586824941281,0,0.24836646008487737,0.8406282833958242,-1.6084498208503888
0.4,0.02,680.5732573180768,529.8489382905291,1,-39.77067393498814,-7.427373902304899,1.7092613291112642,-13.175863052284665,-65.3259982731238,-56.43110383147203,0,9.40633838547069,4.637378168215719,0,0.2657253781359663,0.8731387496815558,-1.1286220766294406
0.42,0.02,663.2711718389742,495.21082159812335,1,-39.73416159122202,-7.7044122455104045,1.8256171883061363,-13.851917160275281,-66.75913725589055,-71.65694913833747,0,-17.30208547910263,-34.63811669240573,0,0.2794340617271756,0.6859940545660469,-1.4331389827667493
0.44,0.02,665.5178804787104,477.2440449504648,1,-39.695097459408025,-7.993174993210957,1.9532065906996898,-14.438137385027606,-67.70895694817561,-47.49098461425305,0,2.246708639736198,-17.96677664765855,0,0.29139308648963164,0.5999443370112012,-0.949819692285061
0.46,0.02,677.3505916809828,507.4785584075518,1,-39.65229826842593,-8.296685596752264,2.139959549104603,-15.175530177065365,-68.36137113322349,-32.62070925239371,0,11.832711202272435,30.23451345708702,0,0.30651338830584574,0.7606739099129336,-0.6524141850478742
0.48,0.02,694.7791727087425,512.1806043571012,1,-39.60402116017296,-8.615414260729281,2.413855412648317,-15.936433198850871,-68.27042415898899,4.547348711724908,0,17.42858102775972,4.702045949549358,0,0.3223641425807829,0.8086979365799513,0.09094697423449816
0.5,0.02,694.2344997881928,502.6567387988939,1,-39.55032060194117,-8.948408598586187,2.6850279115892803,-16.64971689284534,-68.03571533547924,11.735441175487438,0,-0.544672920549715,-9.523865558207262,0,0.3372965742475977,0.7630911821665106,0.23470882350974875
0.52,0.02,682.2936153493592,523.3888309489355,1,-39.49239068217445,-9.297741819537988,2.8964959883360777,-17.46666104759002,-68.64589428915986,-30.50894768403083,0,-11.940884438833564,20.73209215004158,0,0.35410390405181674,0.8438699541128877,-0.6101789536806166
0.54,0.02,693.855781986326,501.2617621721723,1,-39.4290751842091,-9.661201216707006,3.1657748982677063,-18.17296985845088,-68.34437163938453,15.076132488766092,0,11.562166636966708,-22.127068776763167,0,0.36893303684146683,0.755898979780797,0.30152264977532184
0.56,0.02,723.2040794998719,511.42391534340817,1,-39.357439278293754,-10.0,3.5817952957670656,0.0,-67.22000866166412,56.21814888602046,1,29.34829751354596,10.162153171235843,0,0.3462893567193841,18.17773105883404,1.1243629777204092
0.58,0.02,660.9585845145565,534.1325736327435,1,-39.283707513926956,-10.0,3.6865882183398497,0.0,-69.05190343300318,-91.59473856695257,1,-62.24549498531542,22.708658289335347,0,0.07373176436679785,0.10479292257278416,-1.8318947713390514
0.6,0.02,669.3318611800722,477.2845561135438,1,-39.20704256344215,-10.0,3.8332475242402104,0.0,-70.10011595258203,-52.410625978942704,1,8.373276665515732,-56.84801751919974,0,0.0766649504848047,0.1466593059003607,-1.048212519578854
0.62,0.02,717.0888282880557,514.4472135264725,1,-39.12266873012854,-10.0,4.218691665680488,0.0,-69.6936002374349,20.32578575735684,1,47.75696710798343,37.16265741292875,0,0.08437383331361303,0.38544414144027783,0.4065157151471368
0.64,0.02,703.0594618498104,518.4227999840185,1,-39.031988950629945,-10.0,4.533988974929539,0.0,-69.84229699905671,-7.434838081091044,1,-14.029366438245233,3.975586457546001,0,0.0906797794985934,0.31529730924905053,-0.14869676162182088
0.66,0.02,710.9780060679968,519.0189273915856,1,-38.93421137052455,-10.0,4.888879005269523,0.0,-69.7530883459158,4.460432657045743,1,7.918544218186412,0.5961274075671099,0,0.09777758010539372,0.354890030339984,0.08920865314091486
0.68,0.02,726.5760741310927,501.1320668457092,1,-38.82777618300605,-10.0,5.321759375924987,0.0,-68.94964406058232,40.17221426667419,1,15.598068063095866,-17.88686054587646,0,0.10643518751849967,0.4328803706554645,0.8034442853334838
0.7000000000000001,0.02,724.6372697268687,513.1007703661415,1,-38.712877268514866,-10.0,5.744945724559329,0.0,-68.5009596020129,22.43422292847086,1,-1.9388044042240153,11.96870352043237,0,0.11489891449118517,0.4231863486343421,0.4486844585694172
0.72,0.02,712.15739490507,518.9173735913633,1,-38.59076261453317,-10.0,6.10573269908468,0.0,-68.58414362491374,-4.159201145041891,1,-12.479874821798717,5.816603225221797,0,0.12211465398169707,0.36078697452535025,-0.08318402290083782
0.74,0.02,729.6205878639615,512.1428597952697,1,-38.45968590176508,-10.0,6.553835638404486,0.0,-68.0559387616887,26.41024316125211,1,17.463192958891568,-6.774513796093629,0,0.13107671276809185,0.4481029393198064,0.5282048632250422
0.76,0.02,703.5010048888608,510.51332783382406,1,-38.322259088508105,-10.0,6.871340662848791,0.0,-68.42100375012325,-18.253249421727702,1,-26.119582975100684,-1.6295319614456503,0,0.13742681325697248,0.31750502444430495,-0.36506498843455404
0.78,0.02,683.8459719751644,489.99149410809844,1,-38.18044767805361,-10.0,7.090570522724612,0.0,-69.2933935059862,-43.61948779314773,1,-19.65503291369646,-20.521833725725628,0,0.14181141045449408,0.21922985987582067,-0.8723897558629545
0.8,0.02,741.944019793117,504.00598401632254,1,-38.028441865619804,-10.0,7.6002906216901955,0.0,-68.2577465249966,51.78234904947985,1,58.09804781795265,14.014489908224107,0,0.1520058124338064,0.5097200989655839,1.035646980989597
0.8200000000000001,0.02,707.1434609659394,492.2685670530436,1,-37.869721707089404,-10.0,7.936007926519892,0.0,-68.31318255119793,-2.7718013100660244,1,-34.80055882717761,-11.737416963278918,0,0.1587201585304001,0.3357173048296964,-0.05543602620132049
0.84,0.02,683.3462886020272,520.2215877425125,1,-37.706666919698804,-10.0,8.152739369530028,0.0,-69.52390319715536,-60.536032297871856,1,-23.797172363912182,27.95302068946887,0,0.16305478739059964,0.21673144301013636,-1.2107206459574371
0.86,0.02,738.2663411797216,480.612754631175,1,-37.533785498190234,-10.0,8.644071075428638,0.0,-68.18381117074098,67.0046013207191,1,54.92005257769438,-39.6088331113375,0,0.17288142150857055,0.4913317058986095,1.340092026414382
0.88,0.02,702.6437669472855,513.6352134486918,1,-37.35463969998693,-10.0,8.957289910165066,0.0,-68.74219678323611,-27.91928062475648,1,-35.622574232436136,33.02245881751685,0,0.1791457982033009,0.3132188347364284,-0.5583856124951296
0.9,0.02,739.2265446727123,513.2808287840879,1,-37.16557124731636,-10.0,9.453422633528628,0.0,-68.10250727054311,31.98447563464981,1,36.58277772542681,-0.3543846646039128,0,0.18906845267057548,0.4961327233635622,0.6396895126929962
0.92,0.02,725.6455528095626,496.86735798504446,1,-36.96793823936483,-10.0,9.88165039757644,0.0,-67.72183369601757,19.03367872627726,1,-13.580991863149734,-16.413470799043466,0,0.19763300795153071,0.4282277640478114,0.3806735745255452
0.9400000000000001,0.02,745.2440140453444,483.37654999262696,1,-36.759780830008765,-10.0,10.40787046780316,0.0,-66.51121292132738,60.531038734509224,1,19.598461235781883,-13.490807992417501,0,0.20815740935606186,0.5262200702267208,1.2106207746901845
0.96,0.02,723.8284878075754,499.781693204931,1,-36.54324057187194,-10.0,10.827012906841038,0.0,-66.46215669352155,2.4528113902917426,1,-21.415526237769086,16.40514321230404,0,0.2165402581368241,0.41914243903787707,0.04905622780583485
0.98,0.02,757.896056160125,482.07153239946894,0,-36.33752732664196,-10.0,10.285662261498985,0.0,-66.46215669352155,0.0,1,34.06756835254964,-17.710160805462067,1,0.2057132452299797,0.5413506453420531,0.0
1.0,0.02,743.0744787436403,513.1458896583575,0,-36.142099743673484,-10.0,9.771379148424035,0.0,-66.46215669352155,0.0,1,-14.821577416484729,31.074357258888597,0,0.1954275829684775,0.5142831130749492,0.0
1.02,0.02,720.1539180702164,505.1881745522245,0,-35.956443539853424,-10.0,9.282810191002833,0.0,-66.46215669352155,0.0,1,-22.920560673423893,-7.957715106133037,0,0.18565620382005932,0.48856895742120265,0.0
1.04,0.02,734.2706711939336,494.2899694546521,0,-35.78007014622437,-10.0,8.818669681452691,0.0,-66.46215669352155,0.0,1,14.116753123717217,-10.898205097572372,0,0.17637339362905635,0.4641405095501412,0.0
1.06,0.02,751.493379815429,512.6499762729524,1,-35.59254741461377,-10.0,9.376136580529836,0.0,-65.68790171546539,38.71274890280816,1,17.22270862149537,18.360006818300235,1,0.18752273161059918,0.557466899077145,0.7742549780561632
1.08,0.02,764.7984551047995,507.5626799133808,1,-35.39254483749269,-10.0,10.000128856053832,0.0,-64.58089567970325,55.350301788107004,1,13.305075289370507,-5.087296359571553,0,0.20000257712107583,0.6239922755239959,1.10700603576214
1.1,0.02,735.9009183396532,514.8777820847578,1,-35.18295216853765,-10.0,10.479633447752098,0.0,-64.5406832590286,2.0106210337324626,1,-28.897536765146242,7.315102171376964,0,0.20959266895503958,0.47950459169826587,0.04021242067464925
1.12,0.02,738.4342748895624,509.5394311113624,1,-34.963516072093654,-10.0,10.971804822199909,0.0,-64.37760268349926,8.15402877646676,1,2.533356549909172,-5.338350973395393,0,0.21943609644399942,0.49217137444781045,0.1630805755293352
1.1400000000000001,0.02,731.2403719144527,518.8451306567824,1,-34.734955938458214,-10.0,11.428006681772173,0.0,-64.61060807289755,-11.65026946991432,1,-7.193902975109722,9.305699545420055,0,0.22856013363544037,0.4562018595722641,-0.2330053893982864
1.16,0.02,697.6745924715331,474.84399439084024,1,-34.50062834557561,-10.0,11.71637964412984,0.0,-65.489302072606,-43.9346999854223,1,-33.56577944291962,-44.00113626594219,0,0.2343275928826003,0.2883729623576663,-0.878693999708446
1.18,0.02,721.5184581214219,489.730135896531,1,-34.258148906880876,-10.0,12.123971934736948,0.0,-65.55842342624808,-3.4560676821044467,1,23.843865649888812,14.886141505690773,0,0.24247943869473687,0.4075922906071092,-0.06912135364208893
1.2,0.02,770.2930915578158,512.2611343721562,1,-34.002640159030356,-10.0,12.775437392526028,0.0,-64.55012729036855,50.41480679397665,1,48.77463343639397,22.53099847562521,0,0.25550874785052,0.6514654577890795,1.008296135879533
1.22,0.02,745.852076495523,511.3372595546184,1,-33.73654620353028,-10.0,13.304697775003644,0.0,-64.33138508123085,10.93711045688508,1,-24.441015062292877,-0.9238748175378078,0,0.2660939555000752,0.5292603824776165,0.2187422091377016
1.24,0.02,788.6831408200893,491.55867153704787,1,-33.4555839339482,-10.0,14.04811347910409,0.0,-62.64740385989252,84.19906106691641,1,42.83106432456634,-19.77858801757054,0,0.2809622695820835,0.7434157041004461,1.6839812213383283
1.26,0.02,733.0831330347047,521.7306632112045,1,-33.16531335106264,-10.0,14.513529144277614,0.0,-63.221978245004316,-28.728719255589752,1,-55.600007785384605,30.17199167415663,0,0.2902705828855545,0.4654156651735235,-0.574574385111795
1.28,0.02,745.0789470207638,504.08642063769446,1,-32.864534873475016,-10.0,15.038923879381434,0.0,-63.14995386807224,3.601218846603871,1,11.995813986059147,-17.64424257351004,0,0.30077847758762744,0.52539473510382,0.07202437693207742
1.3,0.02,773.5162139776247,525.2316084613572,1,-32.55040477448962,-10.0,15.706504949269558,0.0,-62.66360113308777,24.31763674922358,1,28.437266956860867,21.145187823662695,0,0.31413009898539457,0.6675810698881239,0.4863527349844716
1.32,0.02,724.4831244876818,504.5064752713216,1,-32.22782636305546,-10.0,16.128920571707965,0.0,-63.41023289342223,-37.331588016723316,1,-49.03308948994288,-20.725133190035535,0,0.3225784114341579,0.42241562243840747,-0.7466317603344663
1.34,0.02,750.3014553117268,511.2420362861039,1,-31.894217806090133,-10.0,16.6804278482666,0.0,-63.372851922566255,1.869048542798879,1,25.818330824045006,6.735561014782263,0,0.33360855696533065,0.5515072765586346,0.03738097085597758
1.36,0.02,771.1877492780476,495.1966076405916,1,-31.547490474196994,-10.0,17.336366594656837,0.0,-62.483314295952106,44.476881330707485,1,20.88629396632075,-16.04542864551229,0,0.3467273318931383,0.6559387463902375,0.8895376266141497
1.3800000000000001,0.02,709.5483565403264,495.6439086633661,1,-31.193808306649824,-10.0,17.68410837735847,0.0,-63.820662925425204,-66.8674314736549,1,-61.63939273772121,0.4473010227745249,0,0.35368216754716997,0.3477417827016325,-1.337348629473098
1.4000000000000001,0.02,776.3327962816146,512.8886460446679,1,-30.826492859474495,-10.0,18.36577235876654,0.0,-63.130322280849036,34.517032228808375,1,66.78443974128822,17.244737381301775,0,0.36731544717532927,0.6816639814080716,0.6903406445761675
1.42,0.02,763.3311429379377,482.8312242953012,1,-30.44684429800537,-10.0,18.98242807345623,0.0,-62.33740447985697,39.64589004960324,1,-13.001653343676935,-30.05742174936671,0,0.37964856146912496,0.6166557146896885,0.7929178009920648
1.44,0.02,776.6093218217724,493.9792691482705,1,-30.05353480435407,-10.0,19.66547468256509,0.0,-61.50543519096427,41.59846444463504,1,13.278178883834698,11.148044852969292,0,0.3933094936513015,0.6830466091088603,0.8319692888927008
1.46,0.02,778.5651184954361,487.347457073863,1,-29.646368798853224,-10.0,20.35830027504227,0.0,-60.60117315680671,45.21310170787807,1,1.9557966736637127,-6.631812074407492,0,0.40716600550084436,0.6928255924771811,0.9042620341575613
1.48,0.02,775.1741152122522,493.86175227369233,1,-29.225685381831152,-10.0,21.034170851103532,0.0,-60.059052455030795,27.10603508879572,1,-3.3910032831838635,6.514295199829348,0,0.42068341702207235,0.6758705760612607,0.5421207017759144
1.5,0.02,768.4938904989891,480.46208046590675,1,-28.792152575759182,-10.0,21.676640303598475,0.0,-59.52794330298004,26.555457602537658,1,-6.680224713263101,-13.39967180778558,0,0.43353280607196965,0.642469452494943,0.5311091520507532
1.52,0.02,770.2874039830807,492.5284803127069,1,-28.345591029288904,-10.0,22.32807732351388,0.0,-59.28835848478057,11.979240909973754,1,1.7935134840915907,12.066399846800152,0,0.4465615464702779,0.6514370199154058,0.23958481819947508
1.54,0.02,813.1814717637398,506.8670742264178,1,-27.88171133564225,-10.0,23.19398468233258,0.0,-58.27904773673819,50.4655374021187,1,42.89406778065904,14.338593913710895,0,0.4638796936466534,0.8659073588186992,1.009310748042374
1.56,0.02,805.7790376780897,496.0328503471362,1,-27.40125373822779,-10.0,24.02287987072303,0.0,-57.36360009277092,45.77238219836346,1,-7.402434085650043,-10.83422387928158,0,0.4804575974144605,0.828895188390451,0.9154476439672692
1.58,0.02,809.1249707553451,475.03045617859,1,-26.903883643737796,-10.0,24.868504724499758,0.0,-56.020747639147444,67.14262268117395,1,3.3459330772553812,-21.002394168546232,0,0.4973700944899946,0.8456248537767266,1.342852453623479
1.6,0.02,786.0090700330364,503.1013738464908,1,-26.391912642244495,-10.0,25.598550074664942,0.0,-56.066022157241235,-2.263725904689551,1,-23.115900722308652,28.0709176679008,0,0.5119710014933005,0.7300453501651845,-0.045274518093791016
1.62,0.02,757.9160998453494,495.9662630932536,0,-25.90554019082586,-10.0,24.318622570931694,0.0,-56.066022157241235,0.0,1,-28.092970187687,-7.1351107532372,1,0.48637245141863517,1.2799275037332478,0.0
1.6400000000000001,0.02,779.5640216499771,510.5513764142465,0,-25.44348636197816,-10.0,23.102691442385108,0.0,-56.066022157241235,0.0,1,21.647921804627686,14.585113320992889,0,0.46205382884770074,1.2159311285465861,0.0
1.6600000000000001,0.02,802.5904751310155,486.27979779289836,0,-25.00453522457284,-10.0,21.947556870265853,0.0,-56.066022157241235,0.0,1,23.026453481038402,-24.271578621348112,0,0.43895113740531855,1.1551345721192554,0.0
1.68,0.02,807.2198633114249,485.0257136461526,0,-24.58753164403779,-10.0,20.85017902675256,0.0,-56.066022157241235,0.0,1,4.629388180409364,-1.254084146745754,0,0.41700358053505227,1.0973778435132928,0.0
1.7,0.02,758.0309717678019,470.4901950075104,0,-24.19137824252949,-10.0,19.80767007541493,0.0,-56.066022157241235,0.0,1,-49.18889154362296,-14.535518638642202,0,0.39615340150830036,1.0425089513376307,0.0
1.72,0.02,776.3802527805276,497.2946943778877,0,-23.815032511096604,-10.0,18.817286571644182,0.0,-56.066022157241235,0.0,1,18.34928101272567,26.8044993703773,0,0.37634573143288463,0.9903835037707474,0.0
1.74,0.02,783.5515697822124,477.2890993848094,1,-23.4243316226855,-10.0,19.535044420555245,0.0,-55.2899454250994,38.803836607091924,1,7.17131700168477,-20.00559499307832,1,0.3907008884111036,0.717757848911063,0.7760767321418385
1.76,0.02,789.8362956496369,471.50353366435576,1,-23.01864710470943,-10.0,20.284225898803427,0.0,-54.318970728052975,48.54873485232112,1,6.284725867424527,-5.785565720453633,0,0.40568451797606997,0.7491814782481825,0.9709746970464224
1.78,0.02,800.5305525962027,483.6123573202373,1,-22.59690953147374,-10.0,21.08687866178444,0.0,-53.51150033625624,40.373519589836704,1,10.694256946565815,12.108823655881565,0,0.4217375732356885,0.8026527629810118,0.8074703917967341
1.8,0.02,782.6035011822738,467.17355343643953,1,-22.160911608119825,-10.0,21.799896167695806,0.0,-52.88726807347122,31.21161313925107,1,-17.927051413928893,-16.43880388379779,0,0.4359979233539164,0.7130175059113668,0.6242322627850214
1.82,0.02,823.0612653066722,477.5087646870173,1,-21.70660755823524,-10.0,22.715202494229167,0.0,-51.64760007431224,61.9833999579491,1,40.45776412439841,10.335211250577743,0,0.45430404988458406,0.9153063265333614,1.239667999158982
1.84,0.02,811.8584622919225,491.3220377821505,1,-21.235117662121464,-10.0,23.57449480568878,0.0,-51.130785866175756,25.84071040682403,1,-11.202803014749747,13.81327309513324,0,0.471489896113777,0.8592923114596118,0.5168142081364806
1.86,0.02,832.5428658959727,509.76104147127995,1,-20.74437347941809,-10.0,24.537209135168645,0.0,-50.64064298474607,24.507144071484177,1,20.684403604050203,18.439003689129436,0,0.4907441827033736,0.9627143294798657,0.49014288142968354
1.8800000000000001,0.02,801.1933686120607,468.18791684175795,1,-20.23750995985351,-10.0,25.34317597822895,0.0,-50.01582298004304,31.241000235151617,1,-31.349497283912,-41.573124629522,0,0.506863519564579,0.805966843060304,0.6248200047030323
1.9000000000000001,0.02,830.4280179981375,475.88033840518256,1,-19.71160363848912,-10.0,26.295316068219634,0.0,-49.01962820409647,49.80973879732851,1,29.234649386076853,7.6924215634246025,0,0.525906321364392,0.9521400899906851,0.9961947759465701
1.92,0.02,781.7692084543743,494.1087097141492,1,-19.171520396279288,-10.0,27.004162110491507,0.0,-49.79758749877757,-38.897964734054824,1,-48.658809543763255,18.228371308966643,0,0.5400832422098318,0.7088460422718725,-0.7779592946810965
1.94,0.02,792.1435458889086,475.9224102764285,1,-18.616222799480568,-10.0,27.76487983993605,0.0,-49.83692810967449,-1.9670305448460823,1,10.374337434534368,-18.18629943772072,0,0.5552975967987201,0.7607177294445435,-0.039340610896921646
1.96,0.02,803.275766593411,463.76381654746194,1,-18.044597626022504,-10.0,28.581258672903104,0.0,-49.2890992031408,27.391445326684405,1,11.132220704502402,-12.158593728966537,0,0.5716251734580631,0.8163788329670538,0.5478289065336881
1.98,0.02,793.9410934591727,509.3524880645894,1,-17.457578343218525,-10.0,29.35096414019897,0.0,-50.107703051478545,-40.93019241688722,1,-9.334673134238301,45.588671517127466,0,0.5870192828039791,0.7697054672958643,-0.8186038483377445
2.0,0.02,819.1626393586605,477.77313168803784,1,-16.85264279647868,-10.0,30.24677733699227,0.0,-49.575221699784926,26.624067584680944,1,25.22154589948775,-31.579356376551573,0,0.6049355467398456,0.8958131967933021,0.5324813516936189
2.02,0.02,803.6307507389473,459.81301138482013,1,-16.23134417466494,-10.0,31.064931090687008,0.0,-49.06966212534874,25.27797872180919,1,-15.531888619713186,-17.960120303217707,0,0.6212986218137395,0.8181537536947374,0.5055595744361838
2.04,0.02,795.6520275477164,464.32452615948324,1,-15.594480350096429,-10.0,31.84319122842559,0.0,-49.022967763716046,2.33471808163479,1,-7.97872319123087,4.511514774663112,0,0.6368638245685112,0.7782601377385809,0.0466943616326958
2.06,0.02,791.7480278202507,463.5881280534423,1,-14.942441722745892,-10.0,32.601931367526845,0.0,-49.13291637573206,-5.497430600800612,1,-3.9039997274657026,-0.7363981060409515,0,0.652038627350537,0.7587401391012563,-0.10994861201601225
2.08,0.02,801.9331910529006,463.163829825503,1,-14.274209776290064,-10.0,33.41159732279135,0.0,-48.952230892550205,9.034274159092703,1,10.18516323264987,-0.42429822793928906,0,0.668231946455828,0.8096659552645065,0.18068548318185407
2.1,0.02,825.7258430488755,483.2129950229637,1,-13.58740524552935,-10.0,34.34022653803573,0.0,-48.70405788278908,12.408650488056239,1,23.792651995974893,20.049165197460695,0,0.686804530760714,0.9286292152443778,0.24817300976112477
2.12,0.02,815.341506107804,463.5582443341677,1,-12.883066564157856,-10.0,35.21693406857475,0.0,-48.29656521984522,20.374633147192966,1,-10.384336941071524,-19.654750688796014,0,0.7043386813714942,0.8767075305390222,0.40749266294385933
2.14,0.02,800.6002998809312,464.71323422150533,1,-12.162667852798268,-10.0,36.01993556797941,0.0,-48.4446467338742,-7.404075701449031,1,-14.741206226872805,1.1549898873376492,0,0.7203987113595876,0.8030014994046581,-0.14808151402898062
2.16,0.02,809.6799679958103,487.95336432508486,1,-11.4253011446391,-10.0,36.86833540795846,0.0,-48.913814979384945,-23.4584122755372,1,9.079668114879155,23.24013010357953,0,0.7373667081591684,0.8483998399790522,-0.469168245510744
2.18,0.02,771.0770272130189,469.2694544391556,1,-10.674826733758628,-10.0,37.523720544023554,0.0,-50.30771572841788,-69.69503745164687,1,-38.60294078279139,-18.683909885929268,0,0.7504744108804715,0.6553851360650924,-1.3939007490329374
2.2,0.02,814.6888663627384,468.74667113120324,1,-9.906883436241884,-10.0,38.39716487583725,0.0,-50.07756707111011,11.507432865388623,1,43.61183914971946,-0.5227833079523521,0,0.7679432975167444,0.873444331813694,0.23014865730777245
2.22,0.02,820.3807192911519,481.53021973179943,1,-9.120902066796024,-10.0,39.29906847229301,0.0,-50.07516461329789,0.12012289061082981,1,5.691852928413482,12.783548600596191,0,0.7859813694458602,0.9019035964557602,0.0024024578122165963
2.24,0.02,866.7387513162948,458.28517429210285,1,-8.312246822218535,-10.0,40.43276222887448,0.0,-48.464743506683696,80.52105533070986,1,46.35803202514296,-23.245045439696582,0,0.8086552445774888,1.1336937565814722,1.6104211066141971
2.2600000000000002,0.02,823.9576700306204,485.48825536659973,1,-7.4851958106379834,-10.0,41.352550579027586,0.0,-48.72837115719779,-13.181382525704777,1,-42.78108128567442,27.20308107449688,0,0.8270510115805516,0.9197883501531052,-0.26362765051409554
2.2800000000000002,0.02,832.3616822223111,472.4698060294073,1,-6.638908630835201,-10.0,42.31435899013914,0.0,-48.47876554836709,12.48028044153493,1,8.40401219169064,-13.018449337192408,0,0.8462871798027827,0.961808411111555,0.2496056088306986
2.3000000000000003,0.02,848.9925440199916,470.1872366389726,1,-5.771722196630419,-10.0,43.3593217102391,0.0,-47.83325137506503,32.27570866510305,1,16.630861797680495,-2.2825693904347304,0,0.8671864342047817,1.04496272009996,0.6455141733020611
2.32,0.02,834.2742543766839,464.1214604082791,1,-4.885108336987969,-10.0,44.33069298212252,0.0,-47.509184245344585,16.203356486022358,1,-14.718289643307685,-6.065776230693473,0,0.8866138596424502,0.9713712718834202,0.32406712972044716
2.34,0.02,816.0247934132899,491.7899106454878,1,-3.9808919980041892,-10.0,45.21081694918897,0.0,-48.4577218284213,-47.4268791538357,1,-18.24946096339397,27.668450237208674,0,0.9042163389837796,0.8801239670664458,-0.948537583076714
2.36,0.02,846.4146837477388,466.89880195678955,1,-3.056034190645636,-10.0,46.24289036792766,0.0,-47.92960878959099,26.405651941515274,1,30.389890334448864,-24.89110868869824,0,0.9248578073585532,1.0320734187386904,0.5281130388303055
2.38,0.02,816.6165448597753,475.6500932638549,1,-2.1135147288011056,-10.0,47.12597309222653,0.0,-48.59084689586112,-33.0619053135063,1,-29.798138887963432,8.751291307065344,0,0.9425194618445305,0.8830827242988732,-0.661238106270126
2.4,0.02,819.8977176900229,483.99215992478105,1,-1.1530054951875726,-10.0,48.02546168067664,0.0,-49.3250019311931,-36.70775176659902,1,3.281172830247556,8.34206666092615,0,0.960509233613533,0.8994885884501116,-0.7341550353319803
2.42,0.02,838.1759634518947,468.9248742775192,1,-0.17267866522885023,-10.0,49.01634149793612,0.0,-49.133022670775574,9.598963020876283,1,18.278245761871858,-15.067285647261826,0,0.9803268299587223,0.9908798172594757,0.19197926041752567
2.44,0.02,842.15637942963,462.11862995565565,1,0.8278638026728352,-10.0,50.02712339508427,0.0,-48.72018324918795,20.64197107938135,1,3.9804159777352197,-6.8062443218635735,0,1.0005424679016854,1.0107818971481493,0.412839421587627
2.46,0.02,848.0128064547414,457.49544336254513,1,1.8492075512199948,-10.0,51.06718742735797,0.0,-48.11212767586226,30.40277866628429,1,5.856427025111429,-4.623186593110518,0,1.0213437485471597,1.0400640322737047,0.6080555733256858
2.48,0.02,815.62432602438,455.78436397689956,1,2.8881137323695922,-10.0,51.945309057479875,0.0,-48.61793032511232,-25.290132462502868,1,-32.38848043036137,-1.7110793856455757,0,1.0389061811495974,0.8781216301219033,-0.5058026492500574
2.5,0.02,818.6717386538459,444.35642201203905,1,3.9448870873845743,-10.0,52.8386677507491,0.0,-48.669142955318705,-2.560631510319311,1,3.047412629465839,-11.427941964860509,0,1.056773355014982,0.8933586932692279,-0.05121263020638622
2.52,0.02,837.1764389762262,462.766192631207,1,5.021378086297179,-10.0,53.82454994563023,0.0,-48.696072053767814,-1.3464549224554645,1,18.50470032238036,18.409770619167944,0,1.0764909989126044,0.9858821948811283,-0.02692909844910929
2.54,0.02,822.0266221056894,482.78371703770057,1,6.116071747420352,-10.0,54.73468305615868,0.0,-49.76843005252705,-53.617899937961866,1,-15.149816870536824,20.01752440649358,0,1.0946936611231735,0.9101331105284487,-1.0723579987592373
2.56,0.02,815.9815988284519,456.4170195651248,1,7.228363568426371,-10.0,55.61459105030094,0.0,-50.40310745279603,-31.73387001344885,1,-6.045023277237533,-26.366697472575765,0,1.1122918210060186,0.8799079941422576,-0.634677400268977
2.58,0.02,824.8208835598109,474.2436058579376,1,8.359137477788371,-10.0,56.538695468099995,0.0,-51.14996826967676,-37.34304084403668,1,8.839284731359044,17.826586292812806,0,1.1307739093620004,0.9241044177990574,-0.7468608168807336
2.6,0.02,838.7586844795055,435.94581632990423,1,9.509787255598322,-10.0,57.532488890497525,0.0,-50.257112083741305,44.64280929677287,1,13.93780091969461,-38.29778952803338,0,1.1506497778099511,0.9937934223975304,0.8928561859354573
2.62,0.02,808.6171697657211,467.8643853865932,1,10.677298750384844,-10.0,58.37557473932613,0.0,-51.663367995217854,-70.31279557382746,1,-30.14151471378443,31.918569056688966,0,1.1675114947865222,0.8430858488286077,-1.4062559114765492
2.64,0.02,861.6874325152414,455.4742196598322,1,11.866978988422892,-10.0,59.48401190190234,0.0,-50.78767331099459,43.78473421116311,1,53.07026274952034,-12.390165726760983,0,1.1896802380380471,1.1084371625762088,0.8756946842232622
2.66,0.02,828.0501141451662,465.9651885979193,1,13.075464237875455,-10.0,60.42426247262817,0.0,-51.47067807934046,-34.150238417293366,1,-33.63731837007526,10.490968938087065,0,1.208485249452563,0.94025057072583,-0.6830047683458673
2.68,0.02,854.6392483649802,472.8755244725059,1,14.305413412164516,-10.0,61.497458714453074,0.0,-51.416274538317815,2.720177051132211,1,26.589134219814014,6.910335874586622,0,1.229949174289061,1.0731962418249026,0.05440354102264422
2.7,0.02,871.1977471796948,494.07135899682,1,15.558482361171546,-10.0,62.65344745035155,0.0,-51.44444513803644,-1.408529985931395,1,16.558498814714653,21.19583452431408,0,1.2530689490070301,1.1559887358984753,-0.028170599718627898
2.72,0.02,843.5584940339168,455.49173224605323,1,16.831907159581966,-10.0,63.67123992052113,0.0,-51.44051497001443,0.1965084011004592,1,-27.63925314577807,-38.57962675076675,0,1.2734247984104208,1.0177924701695815,0.003930168022009184
2.74,0.02,866.5577411028595,460.26461674935683,1,18.127987732102675,-10.0,64.80402862603543,0.0,-50.89276165192083,27.387665904680247,1,22.999247068942736,4.772884503303601,0,1.296080572520708,1.1327887055143009,0.547753318093605
2.7600000000000002,0.02,842.017502613996,464.709212753117,1,19.444270054884782,-10.0,65.81411613910541,0.0,-51.412445199194785,-25.984177363697825,1,-24.54023848886345,4.444596003760182,0,1.3162823227821079,1.0100875130699762,-0.5196835472739565
2.7800000000000002,0.02,821.8928620265089,491.07293702484066,1,20.778741663869543,-10.0,66.72358044923796,0.0,-53.2427254486366,-91.51401247209066,1,-20.124640587487193,26.36372427172364,0,1.3344716089847601,0.9094643101325488,-1.8302802494418131
2.8000000000000003,0.02,820.1705831241683,419.0762812109835,1,22.13123033116672,-10.0,67.6244333648588,0.0,-53.193510160089595,2.4607644273501705,1,-1.7222789023405767,-71.99665581385716,0,1.3524886672971768,0.9008529156208454,0.04921528854700341
2.82,0.02,834.6001513667809,456.26387065799236,1,23.503179013600572,-10.0,68.59743412169271,0.0,-53.79325902377645,-29.987443184342766,1,14.429568242612618,37.18758944700886,0,1.3719486824338532,0.9730007568339119,-0.5997488636868553
2.84,0.02,833.5894204172156,449.1341015193371,1,24.89448663807615,-10.0,69.56538122377879,0.0,-54.27154672853986,-23.91438523817051,1,-1.0107309495652999,-7.129769138655263,0,1.3913076244755764,0.9679471020860717,-0.4782877047634102
2.86,0.02,827.1053760715223,408.78544865912096,1,26.304504800158877,-10.0,70.5009081041364,0.0,-53.5062864786988,38.26301249205315,1,-6.484044345693292,-40.348652860216134,0,1.4100181620827286,0.9355268803576138,0.765260249841063
2.88,0.02,844.8352779943735,473.41311626289,1,27.735006490041044,-10.0,71.52508449410827,0.0,-54.29759480613503,-39.56541637181168,1,17.72990192285124,64.62766760376905,0,1.430501689882167,1.0241763899718705,-0.7913083274362336
2.9,0.02,819.4458221332745,461.3426559392031,1,29.183452762136536,-10.0,72.42231360477464,0.0,-55.98270246012807,-84.2553826996518,1,-25.38945586109901,-12.070460323686916,0,1.4484462720954916,0.8972291106663732,-1.685107653993036
2.92,0.02,830.5099525662096,464.0820869901818,1,30.650950029488648,-10.0,73.37486336760568,0.0,-57.104051177383866,-56.06743586278995,1,11.06413043293503,2.7394310509786806,0,1.4674972673521118,0.9525497628310404,-1.121348717255799
2.94,0.02,831.6570022104805,427.1366120547117,1,32.13761299706181,-10.0,74.33314837865808,0.0,-57.13031290139655,-1.313086200634217,1,1.1470496442709646,-36.94547493547009,0,1.4866629675731602,0.9582850110523964,-0.02626172401268434
2.96,0.02,857.4916466351918,448.4645300116372,1,33.646025129298486,-10.0,75.42060661183405,0.0,-56.7177927057003,20.626009784812638,1,25.834644424711314,21.32791795692549,0,1.5084121322366784,1.0874582331759655,0.41252019569625276
2.98,0.02,852.0974877786068,432.302381196121,1,35.17564701031303,-10.0,76.48109405072708,0.0,-56.11807893875846,29.985688347091966,1,-5.3941588565850225,-16.16214881551616,0,1.5296218810145419,1.060487438893034,0.5997137669418393
3.0,0.02,839.0273631688195,452.6815348536199,1,36.72517162764445,-10.0,77.47623086657117,0.0,-56.96291867095727,-42.241986609940696,1,-13.070124609787285,20.379153657498875,0,1.5495246173314214,0.9951368158440914,-0.8448397321988139
3.02,0.02,847.652865760884,466.7451195151366,1,38.295461531551965,-10.0,78.51449519537559,0.0,-57.72936202105075,-38.32216750467374,1,8.625502592064436,14.0635846615167,0,1.5702899039075149,1.0382643288044164,-0.7664433500934749
3.04,0.02,807.1061141298119,455.11349533144784,1,39.882462046872455,-10.0,79.35002576602464,0.0,-60.45136209559734,-136.1000037273296,1,-40.546751631072084,-11.631624183688757,0,1.58700051532049,0.8355305706490554,-2.7220000745465924
3.06,0.02,826.2501673020435,473.4694639426948,1,41.48808757892315,-10.0,80.28127660253486,0.0,-62.13064488008833,-83.96413922454968,1,19.144053172231565,18.355968611246965,0,1.605625532050695,0.9312508365102161,-1.6792827844909937
3.08,0.02,856.5496793860949,465.65419556778875,1,43.115368078912454,-10.0,81.36402499946533,0.0,-62.21809153806732,-4.372332898949338,1,30.299512084051457,-7.815268374906054,0,1.627280499989304,1.0827483969304694,-0.08744665797898676
3.1,0.02,840.8943562096067,462.28805924536897,1,44.76273801452272,-10.0,82.36849678051337,0.0,-63.049505251534235,-41.570685673345764,1,-15.655323176488196,-3.366136322419777,0,1.6473699356102642,1.0044717810480392,-0.8314137134669153
3.12,0.02,840.1918112087801,445.34167066398015,1,46.43012713125386,-10.0,83.36945583655726,0.0,-63.604097036172554,-27.729589231915952,1,-0.7025450008266034,-16.946388581388817,0,1.6673891167311439,1.0009590560438966,-0.554591784638319
3.14,0.02,880.3609052245162,455.4925974979212,1,48.121552338507456,-10.0,84.57126036267985,0.0,-62.572129543763374,51.598374620459,1,40.16909401573605,10.150926833941071,0,1.6914252072535945,1.2018045261225865,1.03196749240918
3.16,0.02,837.3356860256421,440.04630553043995,1,49.83271111436362,-10.0,85.55793879280806,0.0,-63.50125428143502,-46.456236883582136,1,-43.02521919887408,-15.446291967481272,0,1.7111587758561626,0.9866784301282081,-0.9291247376716427
3.18,0.02,862.9039027061655,418.69870970294903,1,51.566160280490394,-10.0,86.67245830633888,0.0,-62.13370766621024,68.37733076123875,1,25.568216680523392,-21.34759582749092,0,1.7334491661267748,1.1145195135308228,1.367546615224775
3.2,0.02,865.5327867896979,464.43320511407563,1,53.32216272529614,-10.0,87.80012224028738,0.0,-62.36495539337885,-11.562386358430388,1,2.628884083532398,45.7344954111266,0,1.7560024448057447,1.1276639339484973,-0.23124772716860775
3.22,0.02,826.6302581093689,417.9558676082653,1,55.09682819591282,-10.0,88.73327353083423,0.0,-64.22996408059537,-93.2504343608258,1,-38.90252868032894,-46.47733750581034,0,1.7746654706166822,0.9331512905468458,-1.8650086872165161
3.24,0.02,875.2937097843758,448.55229843077905,1,56.89502303750794,-10.0,89.9097420797561,0.0,-63.60042937438934,31.47673531030115,1,48.663451675006854,30.596430822513753,0,1.7981948415951194,1.176468548921875,0.629534706206023
3.2600000000000002,0.02,830.2496438046892,434.2618063355121,1,58.71224284348353,-10.0,90.86099029877954,0.0,-65.58531442445528,-99.24425250329669,1,-45.04406597968659,-14.290492095266927,0,1.81721980597559,0.9512482190234408,-1.9848850500659339
3.2800000000000002,0.02,869.1053676163864,437.6322251372442,1,60.55237318622076,-10.0,92.00651713686148,0.0,-65.01178580549937,28.67643094779524,1,38.8557238116972,3.3704188017320575,0,1.8401303427372326,1.1455268380819348,0.5735286189559048
3.3000000000000003,0.02,858.7568024901078,417.5392174470001,1,62.414379209207006,-10.0,93.10030114931202,0.0,-64.56045053508038,22.566763520949706,1,-10.348565126278572,-20.093007690244065,0,1.8620060229862432,1.0937840124505414,0.45133527041899413
3.3200000000000003,0.02,804.5861476210138,432.57619208938684,1,64.29284384695535,-10.0,93.92323188741709,0.0,-68.88144564920319,-216.04975570614044,1,-54.17065486909405,15.036974642386724,0,1.878464637748344,0.8229307381050717,-4.320995114122809
3.34,0.02,840.8803980046172,449.0118924139522,1,66.19139652450416,-10.0,94.92763387744017,0.0,-70.28722414651996,-70.28892486583871,1,36.29425038360341,16.435700324565346,0,1.8985526775488069,1.0044019900230836,-1.4057784973167742
3.36,0.02,848.5320071713988,434.96936896403406,1,68.1108024027701,-10.0,95.97029391329717,0.0,-71.01060637720715,-36.169111534359644,1,7.651609166781668,-14.042523449918122,0,1.9194058782659482,1.042660035856997,-0.7233822306871929
3.38,0.02,828.4658530758898,456.5533512348656,1,70.04905486634364,-10.0,96.91262317867663,0.0,-73.2272517833677,-110.8322703080276,1,-20.06615409550909,21.58398227083154,0,1.9382524635735336,0.9423292653794562,-2.216645406160552
3.4,0.02,810.4865406593458,418.2199180406691,1,72.0043559839831,-10.0,97.76505588197335,0.0,-77.23204507233356,-200.23966444829284,1,-17.979312416543962,-38.333433194196516,0,1.9553011176394648,0.8524327032967278,-4.004793288965857
3.42,0.02,821.8525524721015,440.55087419734366,1,73.97784235686979,-10.0,98.67431864433385,0.0,-79.59777272922503,-118.28638284457327,1,11.366011812755687,22.330956156674574,0,1.9734863728866827,0.9092627623604983,-2.3657276568914654
3.44,0.02,836.395624900143,455.93157002456996,1,75.97096829224648,-10.0,99.65629676883457,0.0,-80.81215972000513,-60.71934953900495,1,14.543072428041569,15.380695827226305,0,1.9931259353766961,0.9819781245007135,-1.214386990780099
3.46,0.02,827.6247209078032,430.70626871657583,1,77.98285669971395,-10.0,100.59442037337358,0.0,-82.81689877081526,-100.23695254050651,1,-8.770903992339868,-25.22530130799413,0,2.0118884074674668,0.9381236045390153,-2.00473905081013
3.48,0.02,841.6706131860019,430.6149385226834,1,80.01491216850002,-10.0,101.60277343930359,0.0,-83.65973123604994,-42.14162326173394,1,14.045892278198721,-0.09133019389241781,0,2.0320554687860692,1.0083530659300095,-0.8428324652346788
3.5,0.02,850.4667846632246,410.39462988955887,1,82.06801431575241,-10.0,102.65510736261972,0.0,-83.70951929705058,-2.489403050032024,1,8.796171477222742,-20.220308633124546,0,2.053102147252389,1.0523339233161266,-0.04978806100064048
3.52,0.02,830.1132214103818,441.74942808899794,1,84.14012778514584,-10.0,103.60567346967163,0.0,-85.51989566539592,-90.51881841726725,1,-20.353563252842832,31.354798199439074,0,2.072113469393429,0.9505661070519125,-1.810376368345345
3.54,0.02,857.2943340741493,426.70154257607226,1,86.23397068794668,-10.0,104.69214514004238,0.0,-85.29160190899526,11.41468782003301,1,27.18111266376752,-15.047885512925689,0,2.0938429028008443,1.0864716703707558,0.22829375640066019
3.56,0.02,863.5328140258324,440.24305825412523,1,88.35016687215011,-10.0,105.80980921017155,0.0,-84.91797474958766,18.68135797038022,1,6.238479951683075,13.541515678052974,0,2.1161961842034316,1.117664070129166,0.3736271594076044
3.58,0.02,832.3552480989487,451.9375507948668,1,90.48559858116344,-10.0,106.7715854506663,0.0,-86.72395635656522,-90.29908034887839,1,-31.177565926883744,11.694492540741578,0,2.135431709013332,0.9617762404947428,-1.8059816069775678
3.6,0.02,844.6843614663741,423.89181064321286,1,92.6414987263234,-10.0,107.79500725799817,0.0,-88.02020368339265,-64.81236634137133,1,12.329113367425407,-28.045740151653945,0,2.1559001451599613,1.0234218073318715,-1.2962473268274266
3.62,0.02,827.0547806303612,444.5077528064879,1,94.8161043495464,-10.0,108.73028116114997,0.0,-90.19704997303108,-108.84231448192168,1,-17.629580836012906,20.615942163275008,0,2.1746056232230018,0.9352739031518098,-2.1768462896384335
3.64,0.02,819.8937095110887,447.65523842194705,1,97.00869934372052,-10.0,109.62974970870542,0.0,-92.59582014979668,-119.93850883827974,1,-7.161071119272492,3.147485615459175,0,2.192594994174115,0.8994685475554434,-2.398770176765595
3.66,0.02,824.3366505229895,431.22325788823144,0,99.09166458818592,-10.0,104.14826222327014,0.0,-92.59582014979668,0.0,1,4.442941011900871,-16.431980533715603,1,2.0829652444653988,5.481487485435281,0.0
3.68,0.02,815.3894924828643,436.29874760229603,0,101.07048157042806,-10.0,98.94084911210662,0.0,-92.59582014979668,0.0,1,-8.94715804012526,5.075489714064588,0,1.9788169822421366,5.207413111163518,0.0
3.7,0.02,813.7538151618978,437.97494019892355,0,102.95035770355808,-10.0,93.99380665650128,0.0,-92.59582014979668,0.0,1,-1.6356773209664652,1.6761925966275157,0,1.8798761331300256,4.947042455605342,0.0
3.72,0.02,842.5290131201924,436.3909308136831,0,104.73624003003161,-10.0,89.2941163236762,0.0,-92.59582014979668,0.0,1,28.775197958294598,-1.5840093852404493,0,1.7858823264735264,4.699690332825071,0.0
3.74,0.02,848.7669751663356,418.1992307855142,0,106.43282824018146,-10.0,84.8294105074924,0.0,-92.59582014979668,0.0,1,6.237962046143139,-18.191700028168896,0,1.696588210149855,4.464705816183809,0.0
3.7600000000000002,0.02,859.5812364920466,419.4505090215181,0,108.04458703982382,-10.0,80.58793998211777,0.0,-92.59582014979668,0.0,1,10.814261325711072,1.251278236003884,0,1.6117587996423595,4.241470525374623,0.0
3.7800000000000002,0.02,831.893311397633,410.34323403029896,0,109.57575789948406,-10.0,76.55854298301188,0.0,-92.59582014979668,0.0,1,-27.687925094413572,-9.107274991219128,0,1.5311708596602358,4.029396999105899,0.0
3.8000000000000003,0.02,830.6950304699219,430.28666938663065,0,111.03037021616129,-10.0,72.73061583386128,0.0,-92.59582014979668,0.0,1,-1.1982809277111528,19.94343535633169,0,1.4546123166772276,3.8279271491505966,0.0
3.8200000000000003,0.02,829.6712149196683,398.3232802831416,0,112.41225191700465,-10.0,69.09408504216822,0.0,-92.59582014979668,0.0,1,-1.0238155502536301,-31.96338910348902,0,1.3818817008433655,3.636530791693062,0.0
3.84,0.02,828.1509918886927,442.47534391724804,0,113.72503953280585,-10.0,65.6393807900598,0.0,-92.59582014979668,0.0,1,-1.5202230309755578,44.15206363410641,0,1.3127876158011986,3.4547042521084137,0.0
3.86,0.02,893.1137398557541,431.27923488706506,0,114.97218776781699,-10.0,62.35741175055681,0.0,-92.59582014979668,0.0,1,64.96274796706143,-11.196109030182981,0,1.2471482350111387,3.2819690395029966,0.0
3.88,0.02,835.0342323657816,409.9169197088221,0,116.15697859107757,-10.0,59.23954116302897,0.0,-92.59582014979668,0.0,1,-58.07950748997257,-21.362315178242966,0,1.1847908232605846,3.1178705875278396,0.0
3.9,0.02,811.7233000047014,415.3631617875925,0,117.28252987317512,-10.0,56.27756410487751,0.0,-92.59582014979668,0.0,1,-23.310932361080177,5.4462420787704104,0,1.1255512820975468,2.9619770581514544,0.0
3.92,0.02,842.1704038104629,399.6753534312881,0,118.3518035911678,-10.0,53.46368589963363,0.0,-92.59582014979668,0.0,1,30.447103805761458,-15.687808356304402,0,1.0692737179926723,2.8138782052438813,0.0
3.94,0.02,792.010137997779,424.84801070020706,0,119.36761362326084,-10.0,50.79050160465195,0.0,-92.59582014979668,0.0,1,-50.16026581268386,25.172657268918954,0,1.015810032093043,2.673184294981681,0.0
3.96,0.02,817.1739684083857,464.8275887422386,0,120.33263315374923,-10.0,48.25097652441935,0.0,-92.59582014979668,0.0,1,25.163830410606693,39.97957804203156,0,0.9650195304883908,2.5395250802326004,0.0
3.98,0.02,777.3059256857464,400.24881125053747,0,121.24940170771319,-10.0,45.83842769819838,0.0,-92.59582014979668,0.0,1,-39.8680427226393,-64.57877749170115,0,0.9167685539639621,2.41254882622097,0.0
4.0,0.02,823.2333523961271,428.1895261406696,0,122.12033183397897,-10.0,43.54650631328846,0.0,-92.59582014979668,0.0,1,45.9274267103807,27.940714890132142,0,0.870930126265776,2.2919213849099194,0.0
4.0200000000000005,0.02,803.1893727505766,432.72052573791564,0,122.94771545393145,-10.0,41.369180997624035,0.0,-92.59582014979668,0.0,1,-20.043979645550507,4.530999597246023,0,0.8273836199524851,2.177325315664426,0.0
4.04,0.02,800.1208321546499,426.0117239963328,0,123.7337298928863,-10.0,39.30072194774283,0.0,-92.59582014979668,0.0,1,-3.06854059592672,-6.708801741582818,0,0.7860144389548509,2.0684590498812057,0.0
4.0600000000000005,0.02,789.2939476808647,420.24719765100184,0,124.48044360989341,-10.0,37.33568585035569,0.0,-92.59582014979668,0.0,1,-10.826884473785185,-5.764526345330978,0,0.7467137170071112,1.9650360973871415,0.0
4.08,0.02,828.6629209263018,420.4100397076483,0,125.18982164105017,-10.0,35.4689015578379,0.0,-92.59582014979668,0.0,1,39.36897324543713,0.16284205664646834,0,0.7093780311567599,1.866784292517785,0.0
4.1,0.02,778.1831010239769,380.18000334006285,0,125.8637307706491,-10.0,33.695456479946,0.0,-92.59582014979668,0.0,1,-50.47981990232495,-40.230036367585456,0,0.6739091295989255,1.7734450778918998,0.0
4.12,0.02,839.8351159217715,406.40317039243087,0,126.50394444376808,-10.0,32.010683655948704,0.0,-92.59582014979668,0.0,1,61.65201489779463,26.223167052368012,0,0.6402136731189785,1.6847728239972994,0.0
4.14,0.02,805.7981797532233,390.9845494894282,0,127.1121474332311,-10.0,30.410149473151268,0.0,-92.59582014979668,0.0,1,-34.03693616854821,-15.418620903002648,0,0.6082029894630239,1.6005341827974355,0.0
4.16,0.02,793.1154743768676,412.1368881321529,0,127.68994027322097,-10.0,28.889641999493705,0.0,-92.59582014979668,0.0,1,-12.68270537635567,21.152338642724658,0,0.5777928399898684,1.5205074736575632,0.0
4.18,0.02,824.1410688766413,407.9883123426916,0,128.23884347121134,-10.0,27.44515989951902,0.0,-92.59582014979668,0.0,1,31.02559449977366,-4.14857578946129,0,0.54890319799037,1.4444820999746852,0.0
4.2,0.02,800.0081995903661,378.49564208943593,0,128.7603015093022,-10.0,26.072901904543066,0.0,-92.59582014979668,0.0,1,-24.132869286275195,-29.492670253255653,0,0.5214580380908558,1.3722579949759535,0.0
4.22,0.02,803.3140089015914,414.6056587806372,0,129.2556866454885,-10.0,24.769256809315912,0.0,-92.59582014979668,0.0,1,3.305809311225289,36.11001669120128,0,0.4953851361863144,1.3036450952271537,0.0
4.24,0.02,795.7619049649634,403.8573200087728,0,129.7263025248655,-10.0,23.530793968850116,0.0,-92.59582014979668,0.0,1,-7.5521039366279865,-10.74833877186444,0,0.470615879376993,1.2384628404657967,0.0
4.26,0.02,831.1615292020066,414.54188796084276,0,130.17338761027366,-10.0,22.35425427040761,0.0,-92.59582014979668,0.0,1,35.39962423704321,10.684567952069983,0,0.44708508540816183,1.1765396984425074,0.0
4.28,0.02,839.0921245785554,413.12349307010675,0,130.5981184414114,-10.0,21.23654155688723,0.0,-92.59582014979668,0.0,1,7.930595376548808,-1.4183948907360104,0,0.4247308311377367,1.1177127135203797,0.0
4.3,0.02,805.3384655911468,397.07657617557317,0,131.00161273099226,-10.0,20.174714479042866,0.0,-92.59582014979668,0.0,1,-33.753658987408585,-16.04691689453358,0,0.40349428958086264,1.061827077844363,0.0
4.32,0.02,788.7159631851788,393.658034693107,0,131.38493230609407,-10.0,19.16597875509072,0.0,-92.59582014979668,0.0,1,-16.62250240596802,-3.4185414824661393,0,0.38331957510180814,1.008735723952146,0.0
4.34,0.02,769.2112696522878,381.6377344451915,0,131.74908590244078,-10.0,18.20767981733618,0.0,-92.59582014979668,0.0,1,-19.504693532890997,-12.020300247915543,0,0.36415359634671063,0.9582989377545381,0.0
4.36,0.02,773.6031902310602,410.45106280015904,0,132.09503181897017,-10.0,17.297295826469373,0.0,-92.59582014979668,0.0,1,4.391920578772442,28.813328354967553,0,0.3459459165293879,0.9103839908668085,0.0
4.38,0.02,810.2027108546417,392.5117351994892,0,132.4236804396731,-10.0,16.432431035145903,0.0,-92.59582014979668,0.0,1,36.5995206235815,-17.939327600669856,0,0.32864862070292133,0.8648647913234697,0.0
4.4,0.02,817.9634095781661,394.9015266968285,0,132.73589662934086,-10.0,15.610809483388607,0.0,-92.59582014979668,0.0,1,7.760698723524342,2.3897914973393313,0,0.3122161896677653,0.8216215517572962,0.0
4.42,0.02,816.5485400412305,393.5869082235778,0,133.03250200952525,-10.0,14.830269009219176,0.0,-92.59582014979668,0.0,1,-1.414869536935612,-1.3146184732507322,0,0.2966053801843884,0.7805404741694311,0.0
4.44,0.02,805.4581625418595,418.8526278581367,0,133.3142771207004,-10.0,14.088755558758217,0.0,-92.59582014979668,0.0,1,-11.090377499371016,25.265719634558934,0,0.28177511117516474,0.7415134504609586,0.0
4.46,0.02,796.4003607400283,383.8213829538917,0,133.58196347631682,-10.0,13.384317780820306,0.0,-92.59582014979668,0.0,1,-9.057801801831147,-35.031244904245,0,0.2676863556164051,0.7044377779379118,0.0
4.48,0.02,783.8717063513933,399.1392593633253,1,133.86403700256835,-10.0,14.103676312577273,0.0,-85.2057508145997,369.5034667598492,1,-12.528654388635005,15.317876409433609,1,0.28207352625153703,0.7193585317569671,7.3900693351969835
4.5,0.02,814.3497020551617,393.44496611636185,1,134.16354549902542,-10.0,14.97542482285308,0.0,-77.98923841814309,360.8256198228304,1,30.477995703768443,-5.694293246963468,0,0.2995084964570651,0.8717485102758076,7.216512396456608
4.5200000000000005,0.02,747.5011303079917,406.8753562079875,1,134.4738041085133,-10.0,15.51293047439304,0.0,-73.34092733700673,232.4155540568178,1,-66.84857174717001,13.430390091625668,0,0.31025860948787454,0.5375056515399592,4.648311081136356
4.54,0.02,818.2826845712892,418.51776672921255,1,134.8018909864583,-10.0,16.404343897249483,0.0,-68.19810919471047,257.14090711481316,1,70.7815542632975,11.642410521225031,0,0.32808687794499747,0.8914134228564432,5.142818142296264
4.5600000000000005,0.02,805.0722479953238,374.2771898486842,0,135.11357352050604,-10.0,15.584126702387008,0.0,-68.19810919471047,0.0,1,-13.210436575965446,-44.24057688052835,1,0.3116825340477476,0.8202171948624741,0.0
4.58,0.02,793.0675324847147,371.6177455070958,0,135.40967192785138,-10.0,14.804920367267657,0.0,-68.19810919471047,0.0,1,-12.004715510609117,-2.6594443415884257,0,0.2960984073453403,0.7792063351193512,0.0
4.6000000000000005,0.02,781.546330021182,398.7186152741704,0,135.69096541482946,-10.0,14.064674348904274,0.0,-68.19810919471047,0.0,1,-11.521202463532632,27.10086976707464,0,0.2812934869780861,0.7402460183633828,0.0
4.62,0.02,808.5778485229753,389.0910265855991,0,135.95819422745865,-10.0,13.36144063145906,0.0,-68.19810919471047,0.0,1,27.031518501793244,-9.627588688571336,0,0.26722881262918463,0.7032337174452152,0.0
4.64,0.02,787.7167475911602,378.93316455114234,0,136.21206159945638,-10.0,12.693368599886107,0.0,-68.19810919471047,0.0,1,-20.86110093181503,-10.157862034456741,0,0.25386737199772824,0.6680720315729527,0.0
4.66,0.02,786.8455284023853,384.1245878247377,0,136.45323560285422,-10.0,12.0587001698918,0.0,-68.19810919471047,0.0,1,-0.8712191887749441,5.191423273595376,0,0.24117400339784467,0.6346684299943064,0.0
4.68,0.02,777.6250769024,398.34251028331437,0,136.68235090608218,-10.0,11.45576516139721,0.0,-68.19810919471047,0.0,1,-9.220451499985302,14.217922458576652,0,0.2291153032279567,0.6029350084945904,0.0
4.7,0.02,776.3394125414097,399.58472208524427,0,136.90001044414873,-10.0,10.882976903327348,0.0,-68.19810919471047,0.0,1,-1.2856643609902676,1.2422118019298978,0,0.21765953806655602,0.5727882580698616,0.0
4.72,0.02,775.8006448398764,384.08658508159937,0,137.10678700531196,-10.0,10.33882805816098,0.0,-68.19810919471047,0.0,1,-0.5387677015332883,-15.4981370036449,0,0.20677656116322396,0.5441488451663687,0.0
4.74,0.02,770.6750855884203,376.97659022619524,0,137.30322473841701,-10.0,9.82188665525293,0.0,-68.19810919471047,0.0,1,-5.1255592514561386,-7.109994855404125,0,0.19643773310505708,0.5169414029080492,0.0
4.76,0.02,766.6311988286232,409.3304504064562,0,137.4898405848668,-10.0,9.330792322490284,0.0,-68.19810919471047,0.0,1,-4.043886759797147,32.35386018026094,0,0.18661584644979712,0.49109433276264625,0.0
4.78,0.02,797.5740963807206,395.2321271800323,0,137.66712563899412,-10.0,8.86425270636577,0.0,-68.19810919471047,0.0,1,30.942897552097406,-14.098323226423872,0,0.1772850541273101,0.4665396161245141,0.0
4.8,0.02,765.5738896091822,367.7290795642682,0,137.83554644041507,-10.0,8.42104007104748,0.0,-68.19810919471047,0.0,1,-32.00020677153839,-27.503047615764103,0,0.16842080142095028,0.44321263531828947,0.0
4.82,0.02,775.1865374352251,374.102528194114,0,137.99554620176497,-10.0,7.999988067495106,0.0,-68.19810919471047,0.0,1,9.612647826042917,6.373448629845768,0,0.15999976134989424,0.4210520035523748,0.0
4.84,0.02,766.6302572009827,416.57789935293823,0,138.14754597504736,-10.0,7.59998866412035,0.0,-68.19810919471047,0.0,1,-8.556280234242422,42.47537115882426,0,0.1519997732823981,0.39999940337475604,0.0
4.86,0.02,808.3196392478433,383.5311240788049,1,138.31637771225456,-10.0,8.441586860359568,0.0,-62.261531821664484,296.82886865229926,1,41.6893820468606,-33.046775274133324,1,0.16883173720719924,0.841598196239218,5.936577373045985
4.88,0.02,773.5415357925699,408.4909661696904,1,138.49856360304102,-10.0,9.109294539322423,0.0,-58.31595550263151,197.27881595164865,1,-34.77810345527337,24.959842090885502,0,0.18218589078645664,0.6677076789628558,3.9455763190329733
4.9,0.02,761.0084942338107,383.42927121602276,1,138.69285034325085,-10.0,9.71433701049148,0.0,-53.78316689125634,226.63943056875837,1,-12.533041558759237,-25.061694953667654,0,0.19428674020983294,0.6050424711690567,4.532788611375167
4.92,0.02,787.167552291647,381.7637793464626,1,138.90185383868985,-10.0,10.450174771949708,0.0,-49.3828076413288,220.01796249637698,1,26.15905805783632,-1.6654918695601282,0,0.2090034954389921,0.7358377614582281,4.40035924992754
4.94,0.02,774.2593521869858,360.64076738555076,1,139.12428326934753,-10.0,11.12147153288463,0.0,-44.47730142040427,245.27531104622682,1,-12.908200104661205,-21.123011960911867,0,0.22242943065768372,0.6712967609349221,4.905506220924536
4.96,0.02,765.8147386578463,362.8679217394745,0,139.33559122847234,-10.0,10.565397956240398,0.0,-44.47730142040427,0.0,1,-8.444613529139474,2.2271543539237655,1,0.21130795912480949,0.5560735766442324,0.0
4.98,0.02,729.3274668570355,382.77917889811704,0,139.5363337896409,-10.0,10.037128058428378,0.0,-44.47730142040427,0.0,1,-36.487271800810845,19.911257158642513,0,0.2007425611685676,0.5282698978120202,0.0
5.0,0.02,740.0327397780355,389.6279065957307,0,139.72703922275105,-10.0,9.535271655506959,0.0,-44.47730142040427,0.0,1,10.705272921000073,6.84872769761364,0,0.1907054331101392,0.501856402921419,0.0
5.0200000000000005,0.02,798.3792118674351,368.45383856781905,0,139.9082093842057,-10.0,9.05850807273161,0.0,-44.47730142040427,0.0,1,58.346472089399526,-21.17406802791163,0,0.18117016145464504,0.476763582775348,0.0
5.04,0.02,745.2323810573972,374.8179544889444,0,140.0803210375876,-10.0,8.60558266909503,0.0,-44.47730142040427,0.0,1,-53.14683081003784,6.364115921125347,0,0.17211165338190426,0.4529254036365806,0.0
5.0600000000000005,0.02,745.0649453917027,351.40432753113515,0,140.2438271083004,-10.0,8.175303535640278,0.0,-44.47730142040427,0.0,1,-0.16743566569448376,-23.413626957809242,0,0.1635060707127991,0.43027913345475177,0.0
5.08,0.02,727.8567328259916,394.21867939445315,0,140.39915787547756,-10.0,7.766538358858264,0.0,-44.47730142040427,0.0,1,-17.208212565711165,42.814351863317995,0,0.155330767177162,0.4087651767820146,0.0
5.1000000000000005,0.02,745.1627553237049,372.22294105470473,0,140.54672210429587,-10.0,7.37821144091535,0.0,-44.47730142040427,0.0,1,17.306022497713343,-21.995738339748414,0,0.147564228818311,0.38832691794291385,0.0
5.12,0.02,749.7353890422717,367.88721636244344,0,140.68690812167327,-10.0,7.009300868869582,0.0,-44.47730142040427,0.0,1,4.572633718566749,-4.335724692261294,0,0.14018601737740255,0.3689105720457677,0.0
5.14,0.02,725.7892635515145,353.2903999714681,0,140.8200848381818,-10.0,6.658835825426102,0.0,-44.47730142040427,0.0,1,-23.94612549075714,-14.596816390975334,0,0.13317671650852958,0.35046504344347973,0.0
5.16,0.02,769.6538364624496,400.13512290606093,0,140.94660271886488,-10.0,6.325894034154797,0.0,-44.47730142040427,0.0,1,43.86457291093507,46.84472293459282,0,0.12651788068308178,0.3329417912713053,0.0
5.18,0.02,755.7309318457136,343.18162754230156,0,141.06679470551381,-10.0,6.009599332447057,0.0,-44.47730142040427,0.0,1,-13.922904616735991,-56.95349536375937,0,0.12019198664893338,0.31629470170774,0.0
5.2,0.02,738.1712072356523,356.125291037609,0,141.18097709283032,-10.0,5.709119365824704,0.0,-44.47730142040427,0.0,1,-17.559724610061267,12.943663495307419,0,0.11418238731650376,0.300479966622353,0.0
5.22,0.02,755.4479511735242,356.1821056288133,0,141.289450360781,-10.0,5.423663397533469,0.0,-44.47730142040427,0.0,1,17.276743937871856,0.05681459120432919,0,0.10847326795067147,0.28545596829123543,0.0
5.24,0.02,751.7368837373158,346.4575351391058,0,141.39249996533414,-10.0,5.152480227656795,0.0,-44.47730142040427,0.0,1,-3.7110674362083955,-9.724570489707503,0,0.10304960455314927,0.27118316987667335,0.0
5.26,0.02,741.5730223212995,358.8372799202762,0,141.4903970896596,-10.0,4.894856216273955,0.0,-44.47730142040427,0.0,1,-10.163861416016289,12.379744781170416,0,0.09789712432547049,0.2576240113828403,0.0
5.28,0.02,768.4805130322361,371.23705396842615,0,141.58339935776883,-10.0,4.6501134054602575,0.0,-44.47730142040427,0.0,1,26.9074907109366,12.399774048149936,0,0.09300226810921686,0.24474281081369753,0.0
5.3,0.02,751.3978007919159,368.86927286580317,0,141.67175151247258,-10.0,4.417607735187245,0.0,-44.47730142040427,0.0,1,-17.082712240320234,-2.3677811026229847,0,0.08835215470375601,0.23250567027301283,0.0
5.32,0.02,720.4648333158665,354.95975213008495,0,141.75568605944113,-10.0,4.196727348427882,0.0,-44.47730142040427,0.0,1,-30.932967476049384,-13.909520735718218,0,0.08393454696854974,0.2208803867593625,0.0
5.34,0.02,733.2323049138662,350.8178006795604,0,141.83542387906127,-10.0,3.986890981006488,0.0,-44.47730142040427,0.0,1,12.767471597999702,-4.141951450524573,0,0.07973781962013504,0.20983636742139433,0.0
5.36,0.02,766.7153916914962,348.7373558349286,1,141.92783323785054,-9.998873735583492,4.620467939463969,0.0563132208253565,-39.487376086215434,249.4962667094416,1,33.48308677762998,-2.0804448446317565,1,0.09241622186272085,0.6360746348723227,4.9899253341888326
5.38,0.02,719.8404207377431,349.0844394450131,1,142.0282266387136,-9.996655915111486,5.019670043152692,0.11089102360029113,-34.66761890393933,240.9878591138053,0,-46.87497095375306,0.3470836100844963,0,0.10041789514073741,0.4029156935951255,4.819757182276106
5.4,0.02,720.1916922182778,338.9998124427698,1,142.13663920879847,-9.992338075883756,5.420628504244084,0.2158919613864425,-29.54889238586444,255.93632590374432,0,0.3512714805347059,-10.084627002243337,0,0.10849852113280424,0.4144790518913452,5.118726518074887
5.42,0.02,696.056710445924,372.5541301467488,1,142.25065744992796,-9.989275649670702,5.700912056473703,0.15312131065269874,-28.20061541752514,67.41384841696511,0,-24.134981772353854,33.554317703978995,0,0.11405936070560797,0.2872264337486913,1.3482769683393023
5.44,0.02,726.1492285133743,344.68859318327907,1,142.37329061390878,-9.984682082775976,6.131658199040578,0.22967834473630333,-24.243979302078124,197.83180577235075,0,30.092518067450328,-27.865536963469708,0,0.12271916624864905,0.43749653576219394,3.956636115447015
5.46,0.02,740.9055264073133,351.65628626871967,1,142.50601433053032,-9.979254144508122,6.636185831077148,0.2713969133927048,-21.310887177293154,146.6546062392485,0,14.756297893939063,6.967693085440601,0,0.13283466214687636,0.5062495140335125,2.93309212478497
5.48,0.02,734.3827946688049,341.40741873498905,1,142.64817632661874,-9.971966948113767,7.108099804421178,0.36435981971775977,-17.923576579929637,169.3655298681758,0,-6.522731738508469,-10.248867533730618,0,0.14234864369966246,0.4809832639393505,3.3873105973635163
5.5,0.02,709.6431250279072,364.3614160958922,1,142.79730263520995,-9.965115893329001,7.456315429560709,0.34255273923829854,-16.658035102258513,63.277073883556234,0,-24.73966964089766,22.953997360903145,0,0.14928359878333478,0.3488977935590193,1.2655414776711247
5.5200000000000005,0.02,742.2302264472246,335.85138026560475,1,142.9566519664459,-9.955849976570795,7.967466561796831,0.46329583791027495,-13.486083602496338,158.59757498810873,0,32.58710141931738,-28.51003583028745,0,0.1596185032466871,0.5252184077725957,3.1719514997621747
5.54,0.02,746.8873079370919,348.38415080568683,1,143.12669002847554,-9.945422474893158,8.50190310148229,0.521375083881841,-11.466581508873139,100.97510468115995,0,4.657081489867323,12.532770540082083,0,0.17035749273229875,0.5375831226550851,2.019502093623199
5.5600000000000005,0.02,726.0219688260172,362.82577137288104,1,143.3053302873878,-9.93527755035281,8.932012945612376,0.5072462270174354,-10.642407437954699,41.208703545922006,0,-20.865339111074718,14.441620567194207,0,0.17892809057877468,0.4303418439030793,0.8241740709184402
5.58,0.02,697.7953813255525,343.4222538123077,1,143.4897500844326,-9.923474851193692,9.220989852240143,0.5901349579558968,-7.441316698950365,160.0545369502167,0,-28.22658750046469,-19.403517560573334,0,0.18479709210235037,0.30062966300872834,3.201090739004334
5.6000000000000005,0.02,715.9951886127092,345.6401161949718,1,143.68176940033865,-9.910236163654071,9.600965795303685,0.661934376981038,-5.404441645427081,101.84375267616419,0,18.19980728715666,2.217862382664123,0,0.19247514262575638,0.3866999791561616,2.036875053523284
5.62,0.02,722.4151894651603,350.34374807885115,1,143.88203023519125,-9.896031850922336,10.013041742629488,0.7102156365867822,-4.111999048298243,64.62212985644192,0,6.420000852451153,4.703631883879325,0,0.20076395213294915,0.41489476544489634,1.2924425971288382
5.64,0.02,684.0142602399023,344.0187804111596,1,144.08669249606783,-9.880229416231716,10.233113043828999,0.7901217345309846,-0.5559809120947032,177.80090681017697,0,-38.40092922525798,-6.324967667691567,0,0.2052714251162649,0.23412894332037243,3.5560181362035395
5.66,0.02,706.0263958197694,309.34925034316643,1,144.29795739652639,-9.859361906575412,10.56324502292785,1.0433754828151525,4.2241205417118515,239.00507269032775,0,22.01213557986705,-34.66953006799315,0,0.21229298416344533,0.41608242530021045,4.780101453806555
5.68,0.02,659.4602856242267,334.7227924516681,0,144.49865905196202,-9.842753347112234,10.035082771781457,0.8304279731588494,4.2241205417118515,0.0,0,-46.566110195542706,25.37354210850168,1,0.20138768269694904,0.5694752017470527,0.0
5.7,0.02,704.743452484339,361.60836735632523,0,144.68932562462587,-9.830318558838322,9.533328633192385,0.6217394136956723,4.2241205417118515,0.0,0,45.28316686011226,26.88557490465712,0,0.1910716250278775,0.5434226075919903,0.0
5.72,0.02,693.3684064070048,317.19683043274705,0,144.87045886865653,-9.821974066329886,9.056662201532765,0.41722462542175887,4.2241205417118515,0.0,0,-11.375046077334105,-44.41153692357818,0,0.18132535026381302,0.518687946354876,0.0
5.74,0.02,667.490861626534,350.7555647684775,0,145.04253545048564,-9.81763806367162,8.603829091456126,0.21680013291332367,4.2241205417118515,0.0,0,-25.877544780470885,33.558734335730435,0,0.1721312026712336,0.49520480892146596,0.0
5.76,0.02,686.4408631954383,345.54944182465533,0,145.20600820322332,-9.81723038106652,8.173637636883319,0.02038413025505719,4.2241205417118515,0.0,1,18.950001568904327,-5.206122943822152,0,0.16347326109409957,0.4729100693448167,0.0
5.78,0.02,674.0864080633746,341.3200667210948,0,145.3613073183241,-9.82067245211352,7.764955755039153,-0.17210355235004396,4.2241205417118515,0.0,0,-12.354455132063663,-4.229375103560528,0,0.15533725568638138,0.45174371993683676,0.0
5.8,0.02,707.1702411811897,318.71379480608834,0,145.50884147766985,-9.827887281739581,7.376707967287195,-0.3607414813030431,4.2241205417118515,0.0,0,33.08383311781506,-22.60627191500646,0,0.14771046659052667,0.4316487147368401,0.0
5.82,0.02,690.7325493515877,322.52542252921836,0,145.6489989290483,-9.83879941477312,7.007872568922835,-0.5456066516769823,4.2241205417118515,0.0,0,-16.43769182960193,3.811627723130016,0,0.1405815984552961,0.4125708209556047,0.0
5.84,0.02,706.6653485827995,332.2157701444184,0,145.78214850785784,-9.853334905145989,6.657478940476693,-0.7267745186434427,4.2241205417118515,0.0,0,15.932799231211789,9.69034761520004,0,0.1339406242240821,0.39445847801363065,0.0
5.86,0.02,688.9193405299055,342.24437053881337,0,145.9086406077269,-9.871421285711401,6.3246049934528585,-0.9043190282705738,4.2241205417118515,0.0,0,-17.746008052894013,10.02860039439497,0,0.12777859167811836,0.37726266381125645,0.0
5.88,0.02,649.4883761424453,327.1719695588985,0,146.0288081026025,-9.892987538665505,6.008374743780215,-1.078312647705162,4.2241205417118515,0.0,0,-39.43096438746022,-15.072400979914846,0,0.1220873871092271,0.3609367678859703,0.0
5.9,0.02,682.5202885554545,341.28987152102326,0,146.14296722273434,-9.917964066560526,5.707956006591204,-1.2488263947510587,4.2241205417118515,0.0,0,33.031912413009195,14.117901962124733,0,0.11685945257001883,0.34543647112873294,0.0
5.92,0.02,683.1396181415329,344.35168978141905,0,146.25141838685957,-9.946282663897646,5.422558206261644,-1.4159298668560374,4.2241205417118515,0.0,0,0.6193295860783792,3.061818260395796,0,0.11208745672580434,0.33071963174642516,0.0
5.94,0.02,694.6657163130429,341.0993816127482,0,146.35444699277855,-9.977876489288025,5.151430295948561,-1.5796912695189165,4.2241205417118515,0.0,0,11.526098171510057,-3.2523081686708792,0,0.10776392457778282,0.31674617717164727,0.0
5.96,0.02,641.2897270870188,340.256574322124,0,146.45232416840156,-10.0,4.893858781151133,0.0,4.2241205417118515,0.0,1,-53.3759892260241,-0.8428072906241937,0,0.10034635635717287,1.6005522772559877,0.0
5.98,0.02,699.5822723318348,338.1275726281276,0,146.54530748524343,-10.0,4.649165842093576,0.0,4.2241205417118515,0.0,1,58.29254524481598,-2.129001693996372,0,0.09298331684186678,0.24469293905755674,0.0
6.0,0.02,672.9808996077994,316.940188483673,0,146.6336416362432,-10.0,4.416707549988897,0.0,4.2241205417118515,0.0,1,-26.6013727240354,-21.187384144454597,0,0.0883341509997706,0.2324582921046794,0.0
6.0200000000000005,0.02,639.2940787316185,323.03647978749035,0,146.717559079693,-10.0,4.195872172489452,0.0,4.2241205417118515,0.0,1,-33.686820876180946,6.096291303817338,0,0.08391744344979202,0.22083537749944515,0.0
6.04,0.02,668.3240651319813,315.3416083267092,0,146.7972806509703,-10.0,3.9860785638649787,0.0,4.2241205417118515,0.0,1,29.029986400362873,-7.694871460781144,0,0.07972157127730384,0.20979360862447294,0.0
6.0600000000000005,0.02,674.9053624681578,358.4276350130625,0,146.87301614368374,-10.0,3.78677463567173,0.0,4.2241205417118515,0.0,1,6.581297336176476,43.08602668635331,0,0.0757354927134486,0.19930392819324894,0.0
6.08,0.02,691.2988054052786,314.13050533760793,0,146.9449648617615,-10.0,3.597435903888143,0.0,4.2241205417118515,0.0,1,16.393442937120767,-44.297129675454585,0,0.07194871807774916,0.18933873178358684,0.0
6.1000000000000005,0.02,679.0358135663856,310.4611420817494,0,147.01331614393536,-10.0,3.417564108693736,0.0,4.2241205417118515,0.0,1,-12.262991838892958,-3.6693632558585136,0,0.06835128217386455,0.1798717951944071,0.0
6.12,0.02,659.1028121761799,339.09765715926176,0,147.07824986200055,-10.0,3.2466859032590487,0.0,4.2241205417118515,0.0,1,-19.93300139020573,28.636515077512342,0,0.06493371806519121,0.17087820543468712,0.0
6.140000000000001,0.02,634.7549494986766,340.5710994285771,0,147.13993689416247,-10.0,3.084351608096096,0.0,4.2241205417118515,0.0,1,-24.347862677503258,1.473442269315342,0,0.06168703216192739,0.16233429516295272,0.0
6.16,0.02,626.3159412421692,318.4052151900019,0,147.1985395747163,-10.0,2.930134027691291,0.0,4.2241205417118515,0.0,1,-8.439008256507464,-22.165884238575188,0,0.05860268055383244,0.15421758040480515,0.0
6.18,0.02,631.1287246657613,300.62403212179925,0,147.25421212124243,-10.0,2.783627326306726,0.0,4.2241205417118515,0.0,1,4.812783423592123,-17.781183068202665,0,0.05567254652612519,0.14650670138456467,0.0
6.2,0.02,664.9064649731271,317.4205269587497,0,147.30710104044226,-10.0,2.6444459599913896,0.0,4.2241205417118515,0.0,1,33.777740307365775,16.796494836950444,0,0.0528889191998303,0.1391813663153365,0.0
6.22,0.02,596.502827104301,332.87529278306994,0,147.3573455136821,-10.0,2.51222366199182,0.0,4.2241205417118515,0.0,1,-68.40363786882608,15.454765824320248,0,0.050244473239843046,0.13222229799956953,0.0
6.24,0.02,629.7371485640489,317.48734082808045,0,147.40507776325995,-10.0,2.386612478892229,0.0,4.2241205417118515,0.0,1,33.23432145974789,-15.38795195498949,0,0.04773224957784805,0.12561118309959118,0.0
6.26,0.02,626.5392274676774,301.01066512876554,0,147.45042340035891,-10.0,2.2672818549476172,0.0,4.2241205417118515,0.0,1,-3.1979210963714877,-16.47667569931491,0,0.04534563709896133,0.11933062394461169,0.0
6.28,0.02,625.6184180792667,325.0006149589349,0,147.49350175560292,-10.0,2.153917762200236,0.0,4.2241205417118515,0.0,1,-0.9208093884107029,23.989949830169337,0,0.04307835524400616,0.11336409274738113,0.0
6.3,0.02,654.2067087488236,315.30566835687546,0,147.53442619308473,-10.0,2.0462218740902243,0.0,4.2241205417118515,0.0,1,28.588290669556955,-9.694946602059417,0,0.04092443748180585,0.10769588811001185,0.0
6.32,0.02,596.2678651251409,304.8111351113289,0,147.57330440869245,-10.0,1.943910780385713,0.0,4.2241205417118515,0.0,1,-57.938843623682715,-10.494533245546563,0,0.03887821560772409,0.1023110937045113,0.0
6.34,0.02,660.7559998979368,290.52603401796983,0,147.61023871351978,-10.0,1.8467152413664272,0.0,4.2241205417118515,0.0,1,64.48813477279589,-14.28510109335906,0,0.036934304827326514,0.09719553901928579,0.0
6.36,0.02,620.2320766372418,322.2902624112163,0,147.64532630310575,-10.0,1.7543794792981058,0.0,4.2241205417118515,0.0,1,-40.52392326069503,31.76422839324647,0,0.035087589585970136,0.09233576206832139,0.0
6.38,0.02,607.9272244938387,316.0669645674237,0,147.6786595132124,-10.0,1.6666605053332004,0.0,4.2241205417118515,0.0,1,-12.304852143403082,-6.223297843792579,0,0.03333321010666168,0.08771897396490536,0.0
6.4,0.02,643.1044176660258,304.6187986817434,0,147.71032606281375,-10.0,1.5833274800665402,0.0,4.2241205417118515,0.0,1,35.17719317218712,-11.44816588568034,0,0.031666549601339966,0.0833330252666602,0.0
6.42,0.02,642.6088691811643,315.9723134496466,0,147.74040928493503,-10.0,1.5041611060632132,0.0,4.2241205417118515,0.0,1,-0.4955484848615015,11.35351476790322,0,0.03008322212127723,0.07916637400332704,0.0
6.44,0.02,623.479953998466,301.33717591338814,0,147.76898834595022,-10.0,1.4289530507600525,0.0,4.2241205417118515,0.0,1,-19.12891518269828,-14.635137536258469,0,0.028579061015193474,0.07520805530316066,0.0
6.46,0.02,627.5685351125453,310.1699954766793,0,147.79613845391466,-10.0,1.3575053982220497,0.0,4.2241205417118515,0.0,1,4.088581114079261,8.832819563291139,0,0.02715010796444517,0.07144765253800278,0.0
6.48,0.02,645.3140975297379,305.395999611815,0,147.82193105648088,-10.0,1.2896301283109473,0.0,4.2241205417118515,0.0,1,17.74556241719256,-4.7739958648642755,0,0.025792602566212963,0.06787526991110249,0.0
6.5,0.02,608.0486220760898,297.88758743473767,0,147.8464340289188,-10.0,1.2251486218953997,0.0,4.2241205417118515,0.0,1,-37.26547545364804,-7.508412177077332,0,0.024502972437915105,0.06448150641554751,0.0
6.5200000000000005,0.02,619.820239685777,297.67488532957157,0,147.8697118527348,-10.0,1.1638911908006297,0.0,4.2241205417118515,0.0,1,11.771617609687155,-0.21270210516610177,0,0.023277823816016507,0.06125743109477,0.0
6.54,0.02,604.8834368470517,320.5266144216632,0,147.89182578536003,-10.0,1.1056966312605983,0.0,4.2241205417118515,0.0,1,-14.93680283872527,22.85172909209166,0,0.022113932625217103,0.0581945595400315,0.0
6.5600000000000005,0.02,621.5338246917333,314.1722645603282,0,147.91283402135397,-10.0,1.0504117996975684,0.0,4.2241205417118515,0.0,1,16.65038784468163,-6.354349861335038,0,0.0210082359939463,0.05528483156302988,0.0
6.58,0.02,635.7854621150274,325.83527408396975,0,147.93279184554822,-10.0,0.9978912097126899,0.0,4.2241205417118515,0.0,1,14.251637423294028,11.663009523641563,0,0.019957824194250406,0.05252058998487852,0.0
6.6000000000000005,0.02,625.2083572736037,294.730482521983,0,147.95175177853275,-10.0,0.9479966492270553,0.0,4.2241205417118515,0.0,1,-10.577104841423647,-31.104791561986758,0,0.01895993298452936,0.049894560485634565,0.0
6.62,0.02,609.8081579345882,302.95378395979003,0,147.96976371486807,-10.0,0.9005968167657025,0.0,4.2241205417118515,0.0,1,-15.400199339015558,8.223301437807038,0,0.01801193633531284,0.04739983246135282,0.0
6.640000000000001,0.02,649.3047332341221,304.20323119529183,0,147.98687505438662,-10.0,0.8555669759274173,0.0,4.2241205417118515,0.0,1,39.4965752995339,1.2494472355018047,0,0.01711133951855004,0.04502984083828521,0.0
6.66,0.02,580.9267204699042,290.44305642646003,0,148.00313082692924,-10.0,0.8127886271310464,0.0,4.2241205417118515,0.0,1,-68.37801276421783,-13.760174768831803,0,0.016255772542621116,0.04277834879637088,0.0
6.68,0.02,587.4025414321285,303.4865393720442,0,148.0185738108447,-10.0,0.772149195774494,0.0,4.2241205417118515,0.0,1,6.4758209622242475,13.043482945584174,0,0.01544298391547727,0.04063943135655235,0.0
6.7,0.02,584.1893882937044,299.29740496987324,0,148.03324464556442,-10.0,0.7335417359857693,0.0,4.2241205417118515,0.0,1,-3.2131531384241043,-4.189134402170964,0,0.014670834719709092,0.03860745978872471,0.0
6.72,0.02,610.5518112978747,293.7794819251177,0,148.04718193854816,-10.0,0.6968646491864808,0.0,4.2241205417118515,0.0,1,26.362423004170296,-5.517923044755548,0,0.01393729298374069,0.036677086799288494,0.0
6.74,0.02,584.1770043078608,288.04755946501405,0,148.0604223668827,-10.0,0.6620214167271568,0.0,4.2241205417118515,0.0,1,-26.374806990013894,-5.731922460103647,0,0.013240428334540866,0.03484323245932408,0.0
6.76,0.02,603.0402501199134,286.1566172092523,0,148.07300077380052,-10.0,0.6289203458907989,0.0,4.2241205417118515,0.0,1,18.863245812052583,-1.890942255761729,0,0.01257840691781098,0.03310107083635783,0.0
6.78,0.02,580.6083333780695,278.05940945580244,0,148.08495026037244,-10.0,0.5974743285962589,0.0,4.2241205417118515,0.0,1,-22.431916741843906,-8.09720775344988,0,0.011949486571921852,0.031446017294539996,0.0
6.8,0.02,577.6627633272867,287.834515584178,0,148.09630227261576,-10.0,0.567600612166446,0.0,4.2241205417118515,0.0,1,-2.9455700507827487,9.775106128375569,0,0.011352012243321496,0.029873716429812958,0.0
6.82,0.02,580.6584836288104,309.2403121472528,0,148.10708668424692,-10.0,0.5392205815581237,0.0,4.2241205417118515,0.0,1,2.9957203015236473,21.405796563074773,0,0.010784411631163948,0.028380030608322282,0.0
6.84,0.02,583.4001434818578,320.32467381218515,0,148.11733187529651,-10.0,0.5122595524802175,0.0,4.2241205417118515,0.0,1,2.741659853047395,11.084361664932374,0,0.01024519104959154,0.026961029077906207,0.0
6.86,0.02,587.7177004011108,285.60946352398315,0,148.12706480679364,-10.0,0.4866465748562066,0.0,4.2241205417118515,0.0,1,4.317556919253093,-34.715210288202,0,0.009732931497126174,0.02561297762401088,0.0
6.88,0.02,614.2982995068254,279.6940050100423,0,148.1363110917159,-10.0,0.4623142461133963,0.0,4.2241205417118515,0.0,1,26.580599105714555,-5.915458513940848,0,0.009246284922255654,0.024332328742810327,0.0
6.9,0.02,599.9895048496243,267.8166887287428,0,148.14509506239204,-10.0,0.43919853380772644,0.0,4.2241205417118515,0.0,1,-14.308794657201133,-11.8773162812995,0,0.008783970676148556,0.023115712305669833,0.0
6.92,0.02,531.4130532385562,292.2736911664789,0,148.1534398345344,-10.0,0.4172386071173401,0.0,4.2241205417118515,0.0,1,-68.57645161106802,24.457002437736094,0,0.008344772142351076,0.021959926690386322,0.0
6.94,0.02,566.3902033187827,296.7250985215091,1,148.1544236270086,-9.993672509852152,0.049189623711256514,0.3163745073924549,17.76569698334151,677.0788220814829,0,34.977150080226465,4.451407355030199,1,0.006403513036095158,0.48533790611703725,13.541576441629658
6.96,0.02,610.1552483920373,298.0278031873806,1,148.15242294432204,-9.98114780002304,-0.10003413432855318,0.6262354914555521,27.591390377776698,491.28466972175937,0,43.765045073254555,1.302704665871488,0,0.012683496659667544,0.3439208621297561,9.825693394435188
6.98,0.02,568.6598232075838,310.51948999973723,1,148.14328824395622,-9.963675039193902,-0.45673501829063007,0.8736380414568661,39.41942020685924,591.4014914541273,0,-41.49542518445344,12.491686812356647,0,0.01971649364784655,0.434100843544999,11.828029829082546
7.0,0.02,576.9275799656907,281.792480287534,1,148.12784630158697,-9.938381526393519,-0.7720971184621708,1.2646756400191963,48.388674724992505,448.4627259066631,0,8.267756758106884,-28.727009712203255,0,0.029634698816056605,0.5023580970921032,8.969254518133262
7.0200000000000005,0.02,540.037351477751,264.7061494757901,1,148.1024080943655,-9.903558628540713,-1.27191036107341,1.7411448926402455,57.21953620443421,441.5430739720854,0,-36.89022848793968,-17.086330811743892,0,0.04312466349444781,0.690533291147373,8.830861479441708
7.04,0.02,553.1177022889573,277.51303947558614,1,148.06828165737292,-9.860487034635467,-1.706321849628623,2.153579695262315,65.18501168741506,398.27377414904214,0,13.080350811206245,12.806889999796056,0,0.05495248769024876,0.5990123603087514,7.9654754829808425
7.0600000000000005,0.02,578.9507751872909,266.5530111911614,1,148.02805029789909,-9.808070741849336,-2.0115679736921668,2.6208146393065084,70.95483799013066,288.49131513578,0,25.833072898333626,-10.960028284424766,0,0.06607594142011419,0.5581072380750826,5.7698263027156
7.08,0.02,547.5136914132238,308.177006587059,1,147.97857030756657,-9.750472149721912,-2.4739995166260518,2.8799296063712134,79.08399528603971,406.4578647954526,0,-31.437083774067105,41.62399539589762,0,0.07593330796407584,0.5300787658991414,8.129157295909053
7.1000000000000005,0.02,561.5931380075237,291.9660583673446,1,147.9212496310348,-9.686070163431221,-2.8660338265884353,3.2200993145344903,85.1473830513353,303.16938826477934,0,14.079446594299952,-16.210948219714396,0,0.08621644736501746,0.519043669202863,6.063387765295587
7.12,0.02,586.1287906150608,254.32831057657637,1,147.85854183356454,-9.611101008198188,-3.1353898735131343,3.7484577616516086,88.21930590724547,153.59614279550868,0,24.53565260753703,-37.63774779076823,0,0.09773761865283316,0.5930559237162322,3.0719228559101737
7.140000000000001,0.02,545.5660461482186,258.32065259991816,1,147.7863906407091,-9.525963918225148,-3.607559642772046,4.256854498652018,92.70855451791121,224.462430533287,0,-40.56274446684222,3.9923420233417914,0,0.11159802291949858,0.6938382615528473,4.48924861066574
7.16,0.02,569.1526037068161,294.89034034469535,1,147.70715470822435,-9.434315862286578,-3.9617966242379627,4.582402796928541,97.27370506754743,228.25752748181074,0,23.58655755859752,36.569687744777184,0,0.12115155448465001,0.481108650461436,4.565150549636215
7.18,0.02,529.6326904527185,261.2682101749251,1,147.61688204478486,-9.3327946273655,-4.5136331719743765,5.076061746053916,101.43071728859924,207.85061105259075,0,-39.51991325409756,-33.62213016977023,0,0.13585181229693108,0.740420646301285,4.157012221051815
7.2,0.02,554.7972874575086,296.8130565240594,1,147.51808911009113,-9.224954698096827,-4.939646734686832,5.391996463433618,105.80498902964402,218.71358705223898,0,25.16459700479004,35.544846349134275,0,0.14625147619792656,0.5303793936992196,4.37427174104478
7.22,0.02,559.9270199448553,280.6157889770649,1,147.41128887739188,-9.10917634772586,-5.340011634962551,5.788917518548294,108.79074433507456,149.2877652715272,0,5.1297324873467005,-16.19726754699451,0,0.15751481238040665,0.5637715648790148,2.985755305430544
7.24,0.02,553.0613878592919,294.8402361153206,1,147.29579478347856,-8.986882020966426,-5.774704695666088,6.114716337971691,112.40442239193686,180.6839028431149,0,-6.865632085563334,14.224447138255698,0,0.16821054689407425,0.5432337689811715,3.613678056862298
7.26,0.02,547.6904408354897,279.3421558931441,1,147.17106973364878,-8.856521909796307,-6.236252491488642,6.518005558505971,115.13752657330743,136.6552090685282,0,-5.370947023802273,-15.498080222176498,0,0.18041645334981632,0.6129180721987278,2.733104181370564
7.28,0.02,523.1785582859482,273.3699068619959,1,147.0346625396476,-8.717498789312387,-6.820359700058901,6.951156024195992,118.10593289555874,148.4203161125656,0,-24.511882549541497,-5.972249031148181,0,0.19476742695934018,0.7271867415122628,2.9684063222513117
7.3,0.02,573.4617312084883,236.7607242045523,1,146.89160151876726,-8.566151741248923,-7.153051044016465,7.56735240317323,117.87415270694272,-11.5890094308007,0,50.28317292254019,-36.6091826574436,0,0.20826037705922149,0.7002724525561106,-0.23178018861601402
7.32,0.02,545.3560569440725,257.12012739304697,1,146.73907610358134,-8.404516705924763,-7.626270759296105,8.081751766207995,119.33423991808408,73.00436055706783,0,-28.105674264415825,20.359403188494667,0,0.22223835609966108,0.6989589427283377,1.4600872111413565
7.34,0.02,537.8302984203713,261.1335280635132,1,146.57633371823746,-8.232995023406955,-8.137119267194251,8.576084125890429,121.043715182873,85.47376323944604,0,-7.525758523701256,4.01340067046624,0,0.2364418989120883,0.7108661476332689,1.7094752647889209
7.36,0.02,557.62996407226,256.6673590992631,1,146.4053543293008,-8.051140076799072,-8.548969446832956,9.092747330394113,121.68664876772316,32.14667924250776,0,19.799665651888745,-4.46616896425013,0,0.24961004195928066,0.6607279601745712,0.6429335848501552
7.38,0.02,567.0043611809305,249.1318779031952,1,146.22707537648222,-7.858198317981509,-8.9139476409283,9.647087940878137,121.62462504983942,-3.101185894186642,0,9.37439710867045,-7.535481196067877,0,0.2626973683037224,0.6637036948796492,-0.06202371788373284
7.4,0.02,518.7319373824669,275.7548069951213,1,146.0366696174019,-7.656832039863459,-9.52028795401597,10.068313905902532,124.2529113631959,131.41431566782416,0,-48.27242379846359,26.622929091926125,0,0.2771330565884621,0.7382952586099866,2.628286313356483
7.42,0.02,541.4763162995768,271.0187319215499,1,145.83641148995156,-7.446567634937563,-10.012906372518088,10.513220246294782,125.73937883425839,74.32337355312413,0,22.744378917109884,-4.736075073571442,0,0.29036948460326095,0.6637880369280195,1.4864674710624826
7.44,0.02,520.0671666461469,271.308450453593,1,145.62416007916582,-7.227434075057027,-10.612570539287347,10.956677994026817,127.75750865995703,100.90649128493183,0,-21.409149653429836,0.289718532043139,0,0.3050740540368081,0.7458229595089161,2.0181298256986366
7.46,0.02,517.8651268651081,236.25190783937572,1,145.3996951810666,-6.9959257059604285,-11.223244904961803,11.575418454829938,128.45575784288812,34.91245914655465,0,-2.2020397810388204,-35.05654261421731,0,0.3224602540476325,0.8693462708994368,0.6982491829310931
7.48,0.02,516.6702364517354,268.1411639275753,1,145.16289730661254,-6.755231453256587,-11.839893722703124,12.034712635192061,130.1875336367254,86.58878969186361,0,-1.1948904133727183,31.889256088199573,0,0.3376491620463748,0.7688998039642643,1.7317757938372722
7.5,0.02,515.3165970352254,234.31017359537546,1,144.913631091862,-6.5019682179122835,-12.463310737526996,12.663161767215184,130.65140948625623,23.19379247654183,0,-1.3536394165099637,-33.83099033219983,0,0.3553532217289308,0.8852101930685864,0.4638758495308366
7.5200000000000005,0.02,538.2602206223188,280.9272979606653,1,144.65419089917367,-6.240797712364047,-12.9720096344154,13.058525277411858,132.0922131026987,72.040180822124,0,22.943623587093384,46.61712436528987,0,0.3681293883276266,0.644272359247636,1.44080361644248
7.54,0.02,516.9569313294123,258.4840477394022,1,144.38244639961832,-5.96947561158975,-13.587224977768344,13.566105038714847,133.1022299622664,50.50084297838424,0,-21.30328929290647,-22.443250221263156,0,0.3840061918864946,0.79757578497675,1.0100168595676848
7.5600000000000005,0.02,508.80178151675796,264.2558083634419,1,144.09758207821463,-5.688579091651797,-14.243216070184559,14.044825996897638,134.45478401997164,67.62770288526241,0,-8.155149812654372,5.7717606240397,0,0.4000631656651689,0.8120948646142697,1.3525540577052482
7.58,0.02,516.10621665053,261.0800457061245,1,143.800328378476,-5.397790576284457,-14.86268498693191,14.539425768367014,135.35301449927377,44.911523965106426,0,7.304435133772017,-3.175762657317364,0,0.4158337680826883,0.7926983491553998,0.8982304793021285
7.6000000000000005,0.02,533.2105161951755,276.6176709619712,1,143.49239573035686,-5.098663828013314,-15.396632405956026,14.956337413557158,136.30475597863207,47.58707396791522,0,17.104299544645528,15.537625255846706,0,0.4293009752014668,0.6774327761318222,0.9517414793583043
7.62,0.02,511.5066302750103,275.29472856287407,1,143.17161374526523,-4.791066552598458,-16.039099254580975,15.379863770742787,137.75152225440533,72.33831378866284,0,-21.70388592016519,-1.322942399097144,0,0.4444290334822513,0.7695051830969055,1.446766275773257
7.640000000000001,0.02,504.763830725352,250.3957322863847,1,142.83730814324616,-4.472508850412241,-16.715280100954217,15.927885109310864,138.23948864655193,24.398319607330166,0,-6.742799549658287,-24.898996276489356,0,0.46177835068731443,0.8703722907629706,0.4879663921466033
7.66,0.02,499.4457217893988,262.4886055494513,1,142.48894711340603,-4.144200008780969,-17.418051492007223,16.415442081563608,139.26962627479554,51.506881412180405,0,-5.318108935953205,12.092873263066565,0,0.47868789686448804,0.8553358575874385,1.030137628243608
7.68,0.02,502.7712460567111,261.61933890691824,1,142.12686320817156,-3.806053101040389,-18.10419526172366,16.907345387029018,140.08424377283384,40.730874901915115,0,3.3255242673122893,-0.8692666425330344,0,0.4954271749151048,0.8442524116924277,0.8146174980383023
7.7,0.02,496.48337497298047,245.68746760635747,1,141.7504276404344,-3.456474940060444,-18.821778386858753,17.47890804899723,140.39056472286734,15.316047501674745,0,-6.287871083730636,-15.931871300560772,0,0.5137203785053879,0.9173927283529311,0.3063209500334949
7.72,0.02,510.2043149831758,236.497206025314,1,141.36101250419554,-3.094546499683031,-19.470756811942877,18.09642201887066,139.96547179664768,-21.254646310983105,0,13.720940010195307,-9.190261581043472,0,0.531635537079634,0.8958216894078371,-0.4250929262196621
7.74,0.02,521.2561333825203,259.12252952091467,1,140.95972298129493,-2.7225303122577094,-20.06447614503027,18.600809371266084,140.06827545106933,5.1401827210824536,0,11.051818399344484,22.625323495600668,0,0.5472013568114328,0.7790438034784731,0.10280365442164907
7.76,0.02,512.8220785558884,237.5005621106477,1,140.54571566624992,-2.3382641810434523,-20.700365752250832,19.213306560712844,139.61893960170121,-22.466792468405572,0,-8.434054826631836,-21.62196741026696,0,0.5648561909983394,0.8828977288742458,-0.44933584936811144
7.78,0.02,511.42694692256134,260.2982147492057,0,140.15240871695715,-1.9655249724534807,-19.66534746463829,18.636960429498586,139.61893960170121,0.0,0,-1.3951316333270825,22.79765263855802,1,0.5418716397655994,1.1846677672065022,0.0
7.8,0.02,504.46907413051906,260.9358896564469,0,139.77876711512903,-1.6040821480353085,-18.682080091406377,18.072141220908613,139.61893960170121,0.0,0,-6.957872792042281,0.6376749072411485,0,0.5198547508103332,1.1339468530996473,0.0
7.82,0.02,508.20247220852065,240.58663163441136,0,139.4238075933923,-1.2537097801054997,-17.747976086836058,17.51861839649044,139.61893960170121,0.0,0,3.733398078001585,-20.349258022035514,0,0.4987555095237648,1.0857890257808738,0.0
7.84,0.02,524.761686370171,252.38283951949725,0,139.0865960477424,-0.9141864595342872,-16.860577282494255,16.976166028560627,139.61893960170121,0.0,0,16.559214161650345,11.796207885085892,0,0.47852660504019245,1.040063079538891,0.0
7.86,0.02,528.8952204408334,255.1419271907833,0,138.766245079375,-0.585295205374499,-16.01754841836954,16.444562707989412,139.61893960170121,0.0,0,4.133534070662449,2.7590876712860393,0,0.4591232949837383,0.9966442475576474,0.0
7.88,0.02,498.7086311135,239.72983095803485,0,138.461911659426,-0.26682337629790653,-15.216670997451061,15.923591453829623,139.61893960170121,0.0,0,-30.186589327333422,-15.41209623274844,0,0.44050327627981994,0.9554138846582971,0.0
7.9,0.02,466.0019003495086,228.8533798998177,0,138.17279491047444,0.041437416197154076,-14.455837447578507,15.413039624753031,139.61893960170121,0.0,0,-32.7067307639914,-10.876451058217157,0,0.42262656177055447,0.9162591668218804,0.0
7.92,0.02,462.25837863552016,238.47767256550583,0,137.89813399897045,0.3396913928423135,-13.733045575199581,14.91269883225797,139.61893960170121,0.0,0,-3.743521713988457,9.624292665688131,0,0.40545536239252244,0.8790728066614384,0.0
7.94,0.02,510.2736269950368,231.0464204448615,0,137.63720613304167,0.6281386899545697,-13.046393296439602,14.42236485561281,139.61893960170121,0.0,0,48.01524835951665,-7.431252120644331,0,0.3889539746930382,0.8437527840421788,0.0
7.96,0.02,486.1649775683173,263.54932056558175,0,137.38932466040933,0.9069754411245807,-12.394073631617621,13.941837558500554,139.61893960170121,0.0,0,-24.108649426719523,32.502900120720255,0,0.37308867347780195,0.8102020910757222,0.0
7.98,0.02,483.3795456743752,237.42514051893156,0,137.1538372614086,1.1763938572711916,-11.77436995003674,13.470920807330543,139.61893960170121,0.0,0,-2.785431893942075,-26.124180046650196,0,0.3578276093974281,0.7783284907398782,0.0
8.0,0.02,469.7257589245103,252.30531667737657,0,136.9301242323579,1.4365823050948703,-11.185651452534902,13.009422391183932,139.61893960170121,0.0,0,-13.653786749864935,14.88017615844501,0,0.3431407112948389,0.7480442883991906,0.0
8.02,0.02,480.4054136914591,256.3158809762296,0,136.71759685475976,1.6877253839620754,-10.626368879908156,12.557153943360253,139.61893960170121,0.0,0,10.679654766948829,4.0105642988530406,0,0.3289995931481462,0.7192661155238933,0.0
8.040000000000001,0.02,510.4093773184147,260.9674315124322,0,136.5156958460415,1.9300040012519364,-10.095050435912748,12.113930864493048,139.61893960170121,0.0,0,30.003963626955624,4.651550536202592,0,0.31537746545582557,0.6919147249265816,0.0
8.06,0.02,488.1002594471576,280.21087604261834,0,136.32388988775915,2.163595446196,-9.59029791411711,11.679572247203186,139.61893960170121,0.0,0,-22.309117871257115,19.24344453018614,0,0.3022490509226854,0.6659147968569373,0.0
8.08,0.02,501.3791581231136,241.67947411624428,0,136.14167422739092,2.3886734622411825,-9.110783018411254,11.253900802259123,139.61893960170121,0.0,0,13.278898675955986,-38.53140192637406,0,0.28959050431646594,0.6411947553158595,0.0
8.1,0.02,485.7151193323706,266.62297725159664,1,135.94403007895593,2.6230891805612053,-9.8822074217494,11.72078591600114,140.9101118205015,64.5586109400142,0,-15.664038790743007,24.94350313535236,1,0.3066169245264917,0.9017080012395964,1.291172218800284
8.120000000000001,0.02,476.93082691068236,264.2968338362988,1,135.73007901321202,2.8670752154975983,-10.697553287195987,12.199301746819645,142.14748924894852,61.868871422350935,0,-8.784292421688235,-2.3261434152978495,0,0.32450615368115754,0.9453921306234625,1.2373774284470187
8.14,0.02,495.3418226972846,230.17084460744815,1,135.50166212973784,3.1240441659732463,-11.420844173709568,12.848447523782404,141.88026231107932,-13.361346893459825,0,18.410995786602257,-34.12598922885064,0,0.34381290575633444,0.9718744498453425,-0.2672269378691965
8.16,0.02,478.33384412419366,225.2749211862757,1,135.25707863067606,3.394485624330267,-12.229174953088602,13.522072917851027,141.87974740957762,-0.025745075085126246,0,-17.007978573090952,-4.895923421172455,0,0.3646363536615263,1.0522213742486053,-0.0005149015017025249
8.18,0.02,507.2569707027475,241.69234480503638,1,134.99922082868457,3.6767578482067838,-12.89289009957487,14.113611193825845,141.68133182281863,-9.92077933794917,0,28.92312657855382,16.417423618760694,0,0.38231957106598347,0.8890642989224955,-0.1984155867589834
8.2,0.02,469.85878365012604,234.18256045190287,1,134.7243489050581,3.97161181603811,-13.743596181324236,14.74269839156633,142.11014418514904,21.440618116520227,0,-37.39818705262144,-7.509784353133512,0,0.4031047466155627,1.058041369647867,0.42881236233040454
8.22,0.02,477.2238765584084,247.02712773693747,1,134.43319936908745,4.277763071095743,-14.557476798532193,15.307562752881644,142.73512475617707,31.249028551401636,0,7.3650929082823495,12.8445672850346,0,0.4224886309349476,0.990693396440575,0.6249805710280327
8.24,0.02,475.6084041093825,243.8099840070281,1,134.12561067352775,4.595533327752673,-15.379434777985281,15.888512832846503,143.23363796845348,24.925660613820355,0,-1.6154724490259014,-3.217143729909367,0,0.4422541595643049,1.0065375876726017,0.4985132122764071
8.26,0.02,452.8817179874588,232.0828818911095,1,133.7993101497668,4.926095296220492,-16.315026188047995,16.528098423390958,143.75514301257618,26.075252206135247,0,-22.726686121923706,-11.727102115918598,0,0.4644816969526239,1.133314172776126,0.5215050441227049
8.28,0.02,430.46689646603704,257.2852829328306,1,133.45205631565244,5.266928736395028,-17.362691705717808,17.041672008726806,145.23607864228018,74.04678148519963,0,-22.414821521421743,25.202401041721117,0,0.4865723576697804,1.166773698910408,1.4809356297039926
8.3,0.02,460.25431814410325,250.75278368225554,1,133.0868279133525,5.6186868982013385,-18.261420114997293,17.58790809031553,145.97777924948275,37.08503036012871,0,29.78742167806621,-6.532499250575086,0,0.5070755271593449,1.0517065229784575,0.7417006072025742
8.32,0.02,492.78356209157477,217.37382633977484,1,132.7068778672617,5.984707677373672,-18.997502304539424,18.301038958616655,144.9651043583553,-50.63374455637302,0,32.529243947471514,-33.3789573424807,0,0.527572979132092,1.0248768828913324,-1.0126748911274603
8.34,0.02,450.10080438077466,238.72960949545592,1,132.307937901609,6.36285549559646,-19.946998282635548,18.907390911139373,145.5596500937835,29.727286771409922,0,-42.682757710800104,21.35578315568108,0,0.5496806969701994,1.1265901218938625,0.5945457354281984
8.36,0.02,493.7095602330051,242.49438203865324,1,131.89436889197958,6.752753875615381,-20.67845048147052,19.49491900094611,145.32314375817742,-11.825316780303297,0,43.608755852230445,3.7647725431973242,0,0.5683837369834158,0.9381959153036573,-0.23650633560606593
8.38,0.02,468.83139670174637,238.23436342719032,1,131.46368302202035,7.154828819291584,-21.534293497961784,20.103747183810157,145.54243850950098,10.964737566177973,0,-24.878163531258735,-4.260018611462925,0,0.5891982509434018,1.0503042535981677,0.21929475132355947
8.4,0.02,433.80871204449676,236.55072109760482,1,131.01237802326557,7.569248690858027,-22.565249937739296,20.720993578322133,146.28981255297123,37.36870217351225,0,-35.02268465724961,-1.6836423295854956,0,0.612715294284546,1.2016090430155548,0.7473740434702449
8.42,0.02,480.32190107582926,245.81385392986454,1,130.54510521461836,7.995087177031483,-23.363640432360143,21.29192430867281,146.42366989136525,6.692866919701146,0,46.5131890313325,9.263132832259714,0,0.6322043134996406,0.9815239583217924,0.13385733839402292
8.44,0.02,456.9796465533988,237.86402702283064,1,130.0595303706265,8.433139260502656,-24.278742199593154,21.902604173558657,146.75902745734606,16.767878299040717,0,-23.342254522430437,-7.949826907033895,0,0.6539667858164903,1.1001550535129017,0.33535756598081434
8.46,0.02,483.07335528226133,229.77272646912007,1,129.55826286216288,8.884214071326918,-25.063375423181853,22.553740541213056,146.22763108130934,-26.56981880183622,0,26.09370872886251,-8.091300553710568,0,0.6743423462911665,1.0196214321214307,-0.5313963760367244
8.48,0.02,463.3225463338169,232.65143418235624,1,129.03932760833263,9.348023738732943,-25.946762691512767,23.190483370301273,146.30706565448088,3.9717286585769784,0,-19.750808948444444,2.8787077132361674,0,0.6959979922723583,1.0889510991061169,0.07943457317153957
8.5,0.02,471.8510309851182,262.97667365664665,1,128.5035774576009,9.821535738773303,-26.787507536587178,23.67560000201804,147.3325041517192,51.27192486191632,0,8.528484651301312,30.325239474290413,0,0.7150117748619899,0.9706647417555753,1.0254384972383264
8.52,0.02,463.7823106797573,250.2238644348971,1,127.95020553793712,10.306025352370174,-27.66859598318839,24.224480679843555,147.90921612596185,28.835598712132082,0,-8.068720305360898,-12.752809221749544,0,0.7354934854610315,1.0380688075577325,0.5767119742426416
8.540000000000001,0.02,470.979595036306,235.8450456957729,1,127.37993157777699,10.802930461397468,-28.513698008006862,24.845255451364693,147.75629084019573,-7.646264288305815,0,7.197284356548721,-14.378818739124199,0,0.7563908229309447,1.0485984690573433,-0.1529252857661163
8.56,0.02,458.7681339506543,212.8223990044113,1,126.79153443101191,11.31455333052432,-29.419857338253593,25.581143456342637,147.16928184102335,-29.35044995861915,0,-12.211461085651706,-23.022646691361615,0,0.7797237732266951,1.1673285260215402,-0.587008999172383
8.58,0.02,460.5365688007824,250.19583279816055,1,126.18519094112692,11.837156616371358,-30.317174494249677,26.130164292351836,147.86846160940934,34.95898841929943,0,1.7684348501280738,37.37343379374926,0,0.8004789954171384,1.0519514992703518,0.6991797683859886
8.6,0.02,482.29336081800164,260.671339362169,1,125.56307678732372,12.369692768282178,-31.10570769015967,26.626807595540992,148.50595266512312,31.874552785689048,0,21.756792017219254,10.47550656400847,0,0.818914387133509,0.9319008378870904,0.637491055713781
8.620000000000001,0.02,463.145781214781,213.05283714522878,1,124.923277211642,12.916923636478476,-31.989978784085764,27.36154340981485,147.7302984533455,-38.78271058888032,0,-19.147579603220663,-47.61850221694024,0,0.8419056480089584,1.14968347136502,-0.7756542117776064
8.64,0.02,451.6312674359045,234.06484393286053,1,124.26464076270388,13.476748020281487,-32.93182244690624,27.991219190150545,147.9845503476312,12.712594714284364,0,-11.514513778876506,21.012006787631748,0,0.8644103843489186,1.1329435438434055,0.2542518942856873
8.66,0.02,452.76205926885785,229.05818430458052,1,123.58728051969264,14.049666585654041,-33.86801215056195,28.645928268627642,148.02151025007169,1.8479951220243152,0,1.1307918329533777,-5.006659628280005,0,0.8871598398038462,1.1424076061858583,0.0369599024404863
8.68,0.02,463.1554629843431,200.6856897632082,1,122.89223582297984,14.638516582050274,-34.75223483564024,29.4424998198116,146.90986432966562,-55.58229602030309,0,10.393403715485249,-28.372494541372333,0,0.9109508486655192,1.1901159577800269,-1.1116459204060618
8.700000000000001,0.02,452.1689916288406,236.83150940232156,1,122.17840802542992,15.239683427506273,-35.691389877496036,30.058342272799994,147.37551019648618,23.282293341027582,0,-10.986471355502488,36.14581963911337,0,0.9332479309543067,1.123064610583882,0.46564586682055165
8.72,0.02,484.38155848066026,236.55430294297796,1,121.44901838372806,15.853194842667975,-36.469482085092736,30.675570758085104,146.94720374931057,-21.41532235878003,0,32.212566851819645,-0.2772064593436028,0,0.9531030930364655,0.9931759595207981,-0.4283064471756006
8.74,0.02,416.7852553304692,243.91062005035454,1,120.69730726755925,16.478315195824642,-37.58555580844039,31.256017657833333,148.26295225683214,65.78742537607809,0,-67.59630315019103,7.356317107376583,0,0.9776732880172544,1.2579901268986275,1.3157485075215618
8.76,0.02,446.23761293008585,248.05712697857146,1,119.92621991268345,17.114629836283452,-38.55436774378996,31.815732022940473,149.18699727230668,46.20225077372737,0,29.45235759961662,4.1465069282169225,0,0.9997359804026198,1.1188729760714888,0.9240450154745474
8.78,0.02,463.2915116536275,219.21911860981834,1,119.13746170897302,17.76502256488128,-39.43791018552182,32.51963642989138,148.49361011632513,-34.669357799077716,0,17.053898723541636,-28.838008368753123,0,1.0223258802032906,1.129658647763299,-0.6933871559815543
8.8,0.02,435.0296461928672,225.8785966090772,1,118.32820646988188,18.428827433818203,-40.462761954557486,33.19024344684599,148.78035247881147,14.337118124316817,0,-28.261865460760305,6.659477999258854,0,1.0466761418991202,1.2247591272100375,0.28674236248633633
8.82,0.02,455.370040326974,237.39108316308634,1,117.50048823482342,19.104893194438812,-41.38591175292262,33.80328803103056,149.06545845043016,14.25529858093455,0,20.340394134106816,11.512486554009143,0,1.068729333990514,1.108164794793453,0.285105971618691
8.84,0.02,433.83538421160654,235.67838395375264,1,116.65215353818613,19.793391116664047,-42.41673483186458,34.4248961112618,149.70195498507434,31.824826732209033,0,-21.534656115367454,-1.7126992093336924,0,1.0925663121418108,1.2037411787789594,0.6364965346441807
8.86,0.02,439.36708810266293,225.3587235281008,1,115.7837555503591,20.49535316653647,-43.419899391351265,35.0981024936213,149.77931802402475,3.8681519475204595,0,5.531703891056395,-10.319660425651847,0,1.1166314453404576,1.2081167024173092,0.07736303895040919
8.88,0.02,443.2585008887343,233.14960006633305,1,114.89568341262095,21.210000256402264,-44.403606886907596,35.732354493289634,150.08495661435927,15.281929516726223,0,3.8914127860713847,7.790876538232254,0,1.1399090248263024,1.170451210387256,0.30563859033452445
8.9,0.02,465.23061098275474,235.19494626349558,1,113.99013433598108,21.93712785164171,-45.277453831993824,36.35637976197216,149.90250443424173,-9.122609005876825,0,21.972110094020422,2.04534619716253,0,1.1613499343272993,1.0737858349740084,-0.1824521801175365
8.92,0.02,458.3823695157003,230.47738723245183,1,113.06642349629277,22.677207708157905,-46.18554198441532,37.003992825809895,149.72394116974456,-8.928163224858565,0,-6.848241467054436,-4.7175590310437485,0,1.1836215228605464,1.1153594815222552,-0.1785632644971713
8.94,0.02,458.0359335993189,212.8092671041465,1,112.1245162499644,23.43200663796369,-47.09536231641873,37.739946490289164,148.82666403304356,-44.86385683505034,0,-0.34643591638138105,-17.668120128305333,0,1.2070255528040192,1.1702140115326134,-0.8972771367010068
8.96,0.02,459.85832558635707,216.12854741451517,1,111.16459483619467,24.20119271302802,-47.996070688486945,38.45930375321659,148.0932769144265,-36.66935593085299,0,1.822391987038145,3.3192803103686686,0,1.2300798098849355,1.1527143805992062,-0.7333871186170597
8.98,0.02,423.68739464959947,251.09336571346404,1,110.18304216188989,24.98126945152101,-49.077633715238946,39.00383692464926,149.81844331110176,86.25831983376315,0,-36.1709309367576,34.96481829894887,0,1.2537804314842056,1.2109066667697708,1.725166396675263
9.0,0.02,430.7082485348438,225.49207521142029,1,109.18056031243859,25.774796982492852,-50.124092472564726,39.67637654859216,150.15353119370425,16.754394130124695,0,7.020853885244321,-25.601290502043753,0,1.2785365856672106,1.2439394987526797,0.3350878826024939
9.02,0.02,465.9299007965316,222.69163007827885,1,108.16067145306694,26.582055350456866,-50.99444296858207,40.36291839820076,149.32504667329437,-41.42422602049436,0,35.22165226168784,-2.8004451331414373,0,1.300707253042868,1.1085349327746232,-0.8284845204098872
9.040000000000001,0.02,444.0776821785967,248.5277426795073,1,107.12119036191316,27.40046094415293,-51.97405455768909,40.920279684803226,150.6067829501506,64.08681384281181,0,-21.85221861793491,25.83611260122845,0,1.322992310884401,1.127071634509505,1.2817362768562361
9.06,0.02,443.8954296551995,235.540350385187,1,106.0620988137249,28.231312502810475,-52.95457740941309,41.54257793287729,151.08191484245958,23.75659461544899,0,-0.1822525233972101,-12.987392294320301,0,1.3461014894752499,1.1613269015695047,0.4751318923089798
9.08,0.02,426.7706793340297,211.52775790947095,1,104.98168433347004,29.077011285677074,-54.02072401274294,42.284939143329936,150.84582619802507,-11.804432221725847,0,-17.124750321169813,-24.012592475716048,0,1.372042958688402,1.2991415421640882,-0.23608864443451694
9.1,0.02,455.9928890857412,225.00549723798346,1,103.88286914212375,29.936209518819876,-54.94075956731423,42.95991165714002,150.4105975388679,-21.761432957858062,0,29.22220975171149,13.477739328512513,0,1.3948535509397024,1.1410755084894286,-0.43522865915716125
9.120000000000001,0.02,451.6030025340205,218.6128945795621,1,102.76521425103087,30.80954646250472,-55.88274455464413,43.66684718424221,149.84974605357905,-28.04257426444252,0,-4.389886551720679,-6.392602658421367,0,1.418403987864046,1.1777493603624474,-0.5608514852888504
9.14,0.02,402.35599058465743,237.95799201621955,1,101.62379495899646,31.695087606987943,-57.07096460172084,44.27705722416111,151.34766124376503,74.8957595092989,0,-49.24701194936307,19.345097436657454,0,1.444652594501875,1.3357481697883076,1.497915190185978
9.16,0.02,473.1377885772866,229.59047014924954,1,100.46568944581976,32.59366970445624,-57.905275658834405,44.929104873414865,150.36681563055177,-49.042280660663096,0,70.78179799262915,-8.367521866970009,0,1.465830196694274,1.0588867158101956,-0.9808456132132619
9.18,0.02,456.29049817446435,210.5432332692472,1,99.28921298246053,33.50719747859761,-58.82382316796208,45.676388707068625,149.19684472742003,-58.498545156587056,0,-16.84729040282224,-19.047236880002345,0,1.4895065837269554,1.1841294923127796,-1.1699709031317411
9.200000000000001,0.02,436.30510915878557,224.90602856284417,1,98.09236703001716,34.4342346498827,-59.842297622168154,46.3518585642544,149.59968199835322,20.141863546659522,0,-19.985389015678777,14.362795293596974,0,1.5138818153423759,1.2221087275021505,0.40283727093319044
9.22,0.02,454.02188318975936,219.0882270773913,1,96.87692326589277,35.37536299846005,-60.772188206219354,47.05641742886745,149.04058192537735,-27.95500364879331,0,17.716774030973795,-5.817801485452861,0,1.5372137496928626,1.166661772756745,-0.5591000729758662
9.24,0.02,461.21111286160397,206.76723020522135,1,95.64360061305455,36.33181462401687,-61.66613264191133,47.82258127784134,147.52852882658794,-75.60265493947043,0,7.1892296718446005,-12.320996872169957,0,1.5607320327443173,1.1773460398621696,-1.5120530987894085
9.26,0.02,461.2235243595554,229.1372250946116,1,94.39240031265227,37.30135252706424,-62.56001502011355,48.47689515236828,147.5465314373983,0.9001305405178073,0,0.01241149795146157,22.369994889390256,0,1.5828790026948454,1.1077690880589317,0.018002610810356146
9.28,0.02,439.0379709191128,234.62289135455708,1,93.12110380934192,38.28342814097615,-63.56482516551799,49.10378069559549,148.77156927587762,61.251891923966184,0,-22.185553440442618,5.485666259945475,0,1.6064455517600293,1.1843263539307716,1.2250378384793237
9.3,0.02,405.65488354013434,231.56050033324158,1,91.82637279438558,39.27834770485473,-64.73655074781732,49.74597819392928,150.35131628852133,78.98735063218538,0,-33.38308737897847,-3.0623910213155057,0,1.632848229223471,1.3361730677875858,1.5797470126437076
9.32,0.02,454.36498302548813,217.24126950042964,1,90.51307827773178,40.287543141783274,-65.66472583268987,50.45977184642713,149.5549747564798,-39.817076602076895,0,48.710099485353794,-14.31923083281194,0,1.656266258000303,1.1709015187129888,-0.7963415320415379
9.34,0.02,449.4428736200256,234.1248494903469,1,89.18072804843999,41.309326093762785,-66.61751146458974,51.0891475989754,150.3534658813096,39.92455624149045,0,-4.92210940546255,16.88357998991725,0,1.679046614734043,1.1418906682561774,0.798491124829809
9.36,0.02,446.0988032318156,206.33815306673085,1,87.82898769947137,42.34647523043562,-67.58701744843066,51.85745683364175,149.2800322084709,-53.671683641934465,0,-3.344070388209957,-27.786696423616036,0,1.7037841127123519,1.2370290751542319,-1.0734336728386893
9.38,0.02,465.97659424747286,225.98496273332992,1,86.4598450099275,43.39702587083512,-68.45713447719329,52.5275320199751,148.5551809874569,-36.24256105070032,0,19.877791015657237,19.64680966659907,0,1.7257486353392273,1.09822784479469,-0.7248512210140063
9.4,0.02,468.0100190008016,228.68673584614243,1,85.07350332228371,44.46070783765001,-69.31708438218928,53.184098340744384,148.02057361314888,-26.730368715401198,0,2.0334247533287453,2.7017731128125035,0,1.7473873644461984,1.0819395420591313,-0.534607374308024
9.42,0.02,439.9971572659349,216.22725346028037,1,83.66716135036653,45.53876707911887,-70.3170985958596,53.90296207344298,148.0976765853267,3.8551486088906017,0,-28.012861734866704,-12.45948238586206,0,1.77200718680606,1.2315817040424222,0.07710297217781203
9.44,0.02,432.62778018058646,233.34881124023627,1,82.2400821564674,46.629491439463706,-71.35395969495667,54.536218017241794,149.76709610116757,83.47097579204359,0,-7.369377085348447,17.121557779955907,0,1.7961722233431432,1.214946101346601,1.6694195158408718
9.46,0.02,447.17745919972435,219.2461180342003,1,80.79372070848824,47.73429118800512,-72.31807239895805,55.23998742707079,149.5764087216591,-9.534368975423035,0,14.549679019137898,-14.10269320603598,0,1.8200395387401735,1.1936518287289228,-0.1906873795084607
9.48,0.02,445.4020222985818,213.4028862014834,1,79.32789946273894,48.85375064792639,-73.29106228746514,55.97297299606337,149.0371164508937,-26.964613538270044,0,-1.775436901142541,-5.843231832716896,0,1.8444027236200973,1.218186015142356,-0.5392922707654009
9.5,0.02,434.8976572986711,243.14706372029502,1,77.84156798271951,49.984895401475626,-74.31657400097178,56.5572376774619,151.75463914867737,135.87613488918322,0,-10.504364999910706,29.744177518811625,0,1.8677980945430672,1.1802709402798417,2.7175226977836644
9.52,0.02,410.70909086790596,240.14692699148517,1,76.33230741178687,51.128025462325716,-75.46302854663224,57.15650304250447,154.17479085762594,121.00758544742831,0,-24.18856643076515,-3.0001367288098493,0,1.893307636648373,1.293629391674887,2.4201517089485662
9.540000000000001,0.02,428.7937186431059,254.55742381106342,1,74.80192621271854,52.281699780794696,-76.51905995341671,57.68371592344915,121.72558802974467,-1622.4601413940632,0,18.08462777519992,14.410496819578242,0,1.916515339765556,1.1803201912825085,-32.449202827881265
9.56,0.02,436.72862124237304,208.93101395645286,1,73.25121787577444,53.450480997868034,-77.53541684720486,58.43906085366689,124.01804605866818,114.62290144617526,0,7.934902599267161,-45.62640985461056,0,1.9418408481776674,1.2663045838803242,2.2924580289235053
9.58,0.02,429.12746691782326,227.53058965623663,1,71.67942228552212,54.63250915597575,-78.58977951261573,59.101407905385706,128.1282348517184,205.50943965251065,0,-7.601154324549782,18.59957569978377,0,1.9666550140012242,1.2451442675983138,4.110188793050213
9.6,0.02,436.8443517766586,219.53189870793872,1,70.08731113044747,55.82858412421267,-79.60555775373244,59.803748411846016,130.77602782302893,132.38964856552684,0,7.7168848588353285,-7.998690948297906,0,1.9913345424001663,1.234944380181178,2.647792971310537
9.620000000000001,0.02,433.63468102291796,227.9264277847238,1,68.47456344347512,57.037866449671114,-80.63738434861784,60.464116272922396,134.31003479954353,176.7003488257302,0,-3.2096707537406246,8.39452907678509,0,2.0157675571605145,1.2250517678267305,3.534006976514604
9.64,0.02,404.9191592651652,209.08173883275353,1,66.83830767242928,58.26224060124628,-81.81278855229202,61.218707578758625,136.70589327224778,119.79292363521239,0,-28.715521757752754,-18.844688951970284,0,2.0436303509505405,1.3967759594360687,2.395858472704248
9.66,0.02,449.77105639895933,214.26998610242885,1,65.18302900702334,59.501187754211216,-82.76393327029723,61.94735764824648,136.8876947773511,9.090075255166141,0,44.851897133794125,5.1882472696753155,0,2.0675922006014624,1.198168267963172,0.18180150510332282
9.68,0.02,429.7229398020337,204.81317929862723,1,63.5067226355976,60.755653589246286,-83.81531857128707,62.723291751753344,137.7098579972623,41.10816099556018,0,-20.048116596925638,-9.456806803801612,0,2.093725765746976,1.3067076123305037,0.8221632199112037
9.700000000000001,0.02,443.64036836188063,217.78878010202035,1,61.810780301008045,62.02434054627115,-84.79711672947766,63.434347851243245,138.95664236968156,62.33921862096281,0,13.91742855984694,12.975600803393121,0,2.117967657254961,1.2122410651550486,1.2467843724192562
9.72,0.02,465.07427682433575,224.78925923127565,1,60.09734539410093,63.30654857737289,-85.67174534535599,64.11040155508687,136.77442031799265,-109.11110258444552,0,21.433908462455122,7.000479129255297,0,2.140073974242386,1.1054518651637022,-2.1822220516889104
9.74,0.02,429.4969926583885,212.87018365909643,1,58.36286018645965,64.60346959010872,-86.72426038206405,64.84605063679139,138.5768267265884,90.12032042978717,0,-35.577284165947276,-11.919075572179224,0,2.165743070819375,1.2841212847349246,1.8024064085957434
9.76,0.02,406.08197541906674,218.9459915183805,1,56.60498317636028,65.9144960036927,-87.89385050496871,65.55132067919948,141.74771059539282,158.5441934402212,0,-23.41501723932174,6.075807859284083,0,2.192925406791302,1.365777027305137,3.170883868804424
9.78,0.02,406.45558272949523,208.77799009208994,1,54.82375172453386,67.24064461826748,-89.06157259132124,66.30743072873904,143.71704237974075,98.46658921739646,0,0.37360731042849693,-10.168001426290573,0,2.2206880989716367,1.3911424362624445,1.9693317843479292
9.8,0.02,418.5211912202528,210.1539703084492,1,53.020372391829454,68.58177783581142,-90.16896663521997,67.05666087719679,145.2525996212026,76.77786207309225,0,12.06560849075754,1.3759802163592667,0,2.2474019054955745,1.3370367922463564,1.535557241461845
9.82,0.02,416.8011020038749,227.08573610413242,1,51.19467316932544,69.93620247974495,-91.2849611252006,67.72123219667613,113.08341234399174,-1608.4593638605427,0,-1.7200892163778576,16.93176579568322,0,2.273245206119705,1.2988836515799305,-32.16918727721085
9.84,0.02,447.07772351036664,196.2747021267915,1,49.349681719172466,71.3069996534658,-92.24957250764876,68.53985868604217,112.5293362581294,-27.70380429311672,0,30.276621506491722,-30.811033977340912,0,2.2984947993455704,1.265157874828408,-0.5540760858623344
9.86,0.02,414.22143143492605,202.59672608570176,1,47.482112412162984,72.69353715457807,-93.37846535047413,69.32687505561366,116.71001868234404,209.03412121073188,0,-32.85629207544059,6.3220239589102505,0,2.3260054510844426,1.3761518145015188,4.180682424214638
9.88,0.02,444.598935912285,207.128270157724,1,45.59500299874473,74.09536182867457,-94.35547067091271,70.09123370482504,116.81895803136749,5.446967451172213,0,30.37750447735897,4.531544072022228,0,2.3508071709771396,1.2404771423889875,0.10893934902344427
9.9,0.02,423.18885778073366,216.16854433386933,1,43.686212471104554,75.51156964833768,-95.43952638200903,70.8103909831557,122.64980194650687,291.54219575696914,0,-21.41007813155136,9.040274176145346,0,2.3767889824054267,1.3009089037040669,5.830843915139383
9.92,0.02,422.66684617126475,216.50332193249233,1,41.7556886280815,76.94212713580755,-96.52619215115271,71.52787437349323,128.28078628212748,281.5492167810305,0,-0.5220116094689047,0.33477759862299195,0,2.4027935894363885,1.302161629460362,5.63098433562061
9.94,0.02,447.1105737469738,210.95282704287334,1,39.805875842433146,78.38758934057313,-97.49063928241785,72.27311023827886,121.96000646922656,-316.03899064504617,0,24.443727575709033,-5.550494889618989,0,2.42716519513682,1.2188251569311837,-6.320779812900923
9.96,0.02,417.56689967777055,194.4446244807787,1,37.83381974675257,79.84960708289063,-98.60280478402899,73.10088711587497,124.0145967079321,102.72951193527717,0,-29.543674069203234,-16.508202562094624,0,2.4548933018284287,1.3864078267438953,2.0545902387055435
9.98,0.02,487.00556000321603,223.5314749450849,1,35.84646420707231,81.32527167771362,-99.3677769840129,73.78322974114954,110.24935158890003,-688.2622559516036,0,69.43866032544548,29.086850464306195,0,2.47531170512158,1.0250726437744921,-13.765245119032073
10.0,0.02,457.5296885907581,179.66781225490647,1,33.84086163625113,82.81896949131112,-100.28012854105911,74.68489067987501,105.19483356433014,-252.72590122849437,0,-29.475871412457934,-43.863662690178444,0,2.500714863880028,1.2827228118607448,-5.054518024569887
10.02,0.02,427.3963525501754,198.1691992352171,1,31.813998700684962,84.3288503849851,-101.34314677830824,75.49404468369892,107.92012939230415,136.26479139870042,0,-30.13333604058272,18.501386980310627,0,2.5274322290921325,1.3359408574590772,2.7252958279740085
10.040000000000001,0.02,437.0363267660513,193.6103340675782,1,29.7668393977954,85.85537024525232,-102.35796514447799,76.32599301336103,105.40122715448804,-125.94511189080535,0,9.639974215875895,-4.558865167638885,0,2.553649172301769,1.3122478194087486,-2.518902237816107
10.06,0.02,456.1576599690618,218.25866128652655,1,27.701295860902746,87.39606423939088,-103.27717684463268,77.0346997069284,92.01179742326838,-669.4714865609832,0,19.121333203010522,24.64832721894834,0,2.576860121615774,1.160696052896047,-13.389429731219664
10.08,0.02,470.7745952923723,226.33185276514627,1,25.61882978353933,88.95012504825293,-104.12330386817081,77.70304044310265,79.89848696361283,-605.6655229827776,0,14.616935323310486,8.07319147861972,0,2.5984168181818594,1.07824407236555,-12.113310459655551
10.1,0.02,445.415223842249,180.05859930707166,1,23.516905228560137,90.52217999718428,-105.09622774895956,78.60274744656729,77.46176749350613,-121.83597350533475,0,-25.359371450123263,-46.273253458074606,0,2.6247749612650666,1.325161714619154,-2.436719470106695
10.120000000000001,0.02,450.12085286766387,212.10903125488053,1,21.395992758867713,92.10902404299014,-106.04562348462125,79.34220229029289,67.12395874891853,-516.8904372293803,0,4.705629025414851,32.050431947808875,0,2.648838184904154,1.2033892673619089,-10.337808744587605
10.14,0.02,449.3696048707125,218.86531238995352,1,19.25601724966236,93.709981557557,-106.99877546026768,80.04787572834312,56.50583438360775,-530.9062182655389,0,-0.7512479969513493,6.756281135072982,0,2.6725568550447716,1.185948434734128,-10.618124365310777
10.16,0.02,444.8525074992828,179.03225723364298,1,17.096526991206936,95.3290358464005,-107.97451292277127,80.95271444217491,55.1054336636942,-70.02003599567743,0,-4.517097371429713,-39.833055156310536,0,2.699024817704796,1.3307128517383888,-1.4004007199135486
10.18,0.02,448.55155174953967,205.9143700166773,1,14.917891887926464,96.96349869824233,-108.93175516402357,81.72314259209152,47.64362004639939,-373.0906808647404,0,3.6990442502568612,26.88211278303433,0,2.7235858215405746,1.2287685879048438,-7.461813617294808
10.200000000000001,0.02,476.11129536134877,216.08537216384934,1,12.722867914182128,98.61235301286777,-109.75119868721683,82.44271573127227,40.813213121024106,-341.5203462687643,0,27.559743611809097,10.171002147172032,0,2.7453325474651153,1.090538027917331,-6.830406925375286
10.22,0.02,514.9447025059957,204.17256768760743,1,10.515338410688392,100.27679007072446,-110.37647517468685,83.22185289283424,36.098866175843504,-235.71734725903005,0,38.83340714464691,-11.912804476241917,0,2.7646947803260185,0.9990122132935486,-4.714346945180601
10.24,0.02,448.1820700359112,218.7597445346683,1,8.288627114198245,101.95535115412768,-111.33556482450729,83.92805417016089,28.410673574678068,-384.40963005827183,0,-66.7626324700845,14.587176847060874,0,2.788514032353546,1.1910387065458863,-7.6881926011654365
10.26,0.02,457.4337610216077,218.7536977306166,1,6.04365919381026,103.64803686775784,-112.24839601939925,84.6342856815078,22.194117915032532,-310.8277829822768,0,9.251690985696541,-0.006046804051692334,0,2.8115949012435597,1.1541333276477368,-6.216555659645536
10.28,0.02,464.4697548924976,217.2051940266386,1,3.781138248911525,105.35500206198533,-113.12604724493676,85.34825971137461,17.093219474316,-255.04492203582654,0,7.035993870889854,-1.5485037039780138,0,2.834207331937727,1.1313843683787264,-5.100898440716531
10.3,0.02,436.9794816789359,220.65209435175805,1,1.4983152521806833,107.07590204677764,-114.14114983654208,86.04499923961582,10.149054010394982,-347.2082731960509,0,-27.490273213561693,3.446900325119458,0,2.85880702252904,1.2312104782276811,-6.944165463921019
10.32,0.02,459.991339890444,208.80244961702775,1,-0.8025086105611141,108.81192178660825,-115.04119313708986,86.80098699153068,6.723637254857602,-171.27083777686903,0,23.011858211508127,-11.849644734730305,0,2.8822829466316495,1.175412873804869,-3.4254167555373805
10.34,0.02,446.5512749624948,224.06785381489533,1,-3.122677345806662,110.56153474105737,-116.00843676227738,87.48064772245621,1.5172348596586716,-260.3201197599465,0,-13.440064927949209,15.265404197867582,0,2.905912670812236,1.1821585932640883,-5.20640239519893
10.36,0.02,480.68814102631563,211.8799173012809,1,-5.458777266949578,112.32595970377636,-116.8049960571458,88.2212481359498,-0.7211709367129306,-111.9202898185801,0,34.13686606382083,-12.187936513614432,0,2.9275515863311194,1.0876560498191297,-2.238405796371602
10.38,0.02,467.6477288773482,211.0497940981832,1,-7.812112415204759,114.10527968708554,-117.66675741275905,88.9659991654589,-3.1200792249394915,-119.94541441132804,0,-13.040412148967448,-0.8301232030976848,0,2.9502823463215533,1.138984955995136,-2.398908288226561
10.4,0.02,472.17434484224975,220.85211577860116,1,-10.182230128975716,115.89851445881686,-118.5058856885478,89.66173858656589,-5.822396232400296,-135.11585037304022,0,4.526615964901566,9.802321680417947,0,2.9720613929858763,1.090041102578475,-2.7023170074608043
10.42,0.02,455.78699498175496,209.3923681763287,1,-12.570769143248496,117.70680999373054,-119.42695071363903,90.41477674568424,-8.13485810745484,-115.62309375272717,0,-16.387349860494794,-11.459747602272472,0,2.9958390084068176,1.1897172981572748,-2.3124618750545434
10.44,0.02,476.10964027989775,179.28399436604403,1,-14.975697193493287,119.53317712920763,-120.24640251223954,91.31835677385402,-7.465004008762445,33.49270493461969,0,20.32264529814279,-30.10837381028466,0,3.019817186586795,1.219818887186504,0.6698540986923938
10.46,0.02,460.4334806093712,216.99794866835126,1,-17.39858189567714,121.37384446981787,-121.14423510919269,92.03336703051227,-10.039820234017625,-128.740811262759,0,-15.676159670526545,37.71395430230723,0,3.042766264251282,1.1477556531240134,-2.57481622525518
10.48,0.02,480.045680391935,190.87266648344345,1,-19.8374620298218,123.23142454377977,-121.94400670723302,92.87900369809505,-10.156584074245119,-5.838192011374677,0,19.612199782563778,-26.125282184907803,0,3.065736459630177,1.1639312619706037,-0.11676384022749353
10.5,0.02,442.2593177089118,208.2319927744936,0,-22.154398157259227,125.04801141626243,-115.84680637187135,90.82934362413314,-10.156584074245119,0.0,0,-37.786362683023185,17.359326291050138,1,2.94417745455349,6.43249239007151,0.0
10.52,0.02,456.61816312929915,205.64991482641523,0,-24.355487478324783,126.82442495129544,-110.05446605327778,88.82067675165048,-10.156584074245119,0.0,0,14.358845420387354,-2.582077948078364,0,2.8285047722705583,6.130738044559887,0.0
10.540000000000001,0.02,456.5323621437991,194.08134698832927,0,-26.44652233333706,128.5614686156278,-104.55174275061388,86.85218321661748,-10.156584074245119,0.0,0,-0.08580098550004323,-11.568567838085954,0,2.7184089936345885,5.844221979284068,0.0
10.56,0.02,436.4415144630998,207.0165356066665,0,-28.433005445598724,130.2599298066735,-99.32415561308318,84.92305955228512,-10.156584074245119,0.0,0,-20.090847680699312,12.935188618337236,0,2.613596291088046,5.572179590857024,0.0
10.58,0.02,463.0661013683417,235.42419705453412,0,-30.320164402247304,131.9205801738983,-94.35794783242902,83.03251836123943,-10.156584074245119,0.0,0,26.624586905241927,28.40766144786761,0,2.5137876938641295,5.31388423995766,0.0
10.6,0.02,485.6132780481983,218.52373214393484,0,-32.112965411063456,133.54417593377858,-89.64005044080757,81.17978799401463,-10.156584074245119,0.0,0,22.54717667985659,-16.900464910599283,0,2.418718389708373,5.068645342841161,0.0
10.620000000000001,0.02,526.3950731134978,225.99081229875048,0,-33.8161263694388,135.13145817846126,-85.15804791876718,79.36411223413434,-10.156584074245119,0.0,0,40.78179506529949,7.467080154815648,0,2.328137060917787,4.83580655864079,0.0
10.64,0.02,470.9718064319025,196.01599572394127,0,-35.43412927989537,136.68315317825028,-80.90014552282882,77.58474998945165,-10.156584074245119,0.0,0,-55.423266681595294,-29.97481657480921,0,2.241805252606969,4.614744067783156,0.0
10.66,0.02,497.9155245235792,216.339073988997,0,-36.97123204482912,138.19997267804354,-76.85513824668737,75.84097498966261,-10.156584074245119,0.0,0,26.943718091676715,20.323078265055727,0,2.159496771222417,4.404864937081104,0.0
10.68,0.02,486.4525108097586,217.51124425984673,0,-38.43147967151618,139.68261418784093,-73.01238133435301,74.13207548986937,-10.156584074245119,0.0,0,-11.463013713820601,1.1721702708497332,0,2.080997111439481,4.2056055672979085,0.0
10.700000000000001,0.02,481.2174825675292,217.8437138819029,0,-39.818714916868885,141.13176126744236,-69.36176226763536,72.45735398007197,-10.156584074245119,0.0,0,-5.2350282422294185,0.33246962205615205,0,2.0061029096898637,4.016430219194717,0.0
10.72,0.02,463.9880154513196,241.74429256070488,0,-41.13658839995396,142.54808380545177,-65.89367415425359,70.81612690047054,-10.156584074245119,0.0,0,-17.229467116209605,23.900578678801992,0,1.9346214226799516,3.836829614277518,0.0
10.74,0.02,483.79009173465823,217.25178798944694,0,-42.38856820888478,143.932238292701,-62.5989904465409,69.20772436246112,-10.156584074245119,0.0,0,19.802076283338636,-24.49250457125794,0,1.8663700293732217,3.666319606654954,0.0
10.76,0.02,529.1422739475252,207.7815294259621,0,-43.57794902736905,145.28486809020524,-59.46904092421386,67.6314898752119,-10.156584074245119,0.0,0,45.35218221286692,-9.470258563484833,0,1.801175755020789,3.5044399225994907,0.0
10.78,0.02,540.430306863716,219.31287486488802,0,-44.70786080492911,146.6066036917594,-56.49558887800316,66.08678007770766,-10.156584074245119,0.0,0,11.2880329161909,11.53134543892591,0,1.7388748159326166,3.350752964576792,0.0
10.8,0.02,458.8621934082438,244.3051274191269,0,-45.78127699361117,147.89806298128246,-53.670809434103,64.5729644761535,-10.156584074245119,0.0,0,-81.56811345547226,24.99225255423889,0,1.6793121837883898,3.204842676667559,0.0
10.82,0.02,473.7953907478785,218.07488103288597,0,-46.80102237285913,149.15985148501508,-50.98726896239785,63.08942518663043,-10.156584074245119,0.0,0,14.933197339634717,-26.230246386240935,0,1.6223411683888687,3.066313468456564,0.0
10.84,0.02,457.9750758704513,210.28357333981614,0,-47.769780483144686,150.39256261867303,-48.43790551427795,61.63555668289782,-10.156584074245119,0.0,0,-15.820314877427222,-7.791307693069825,0,1.567823017846177,2.9347891946024793,0.0
10.86,0.02,487.0340014040305,202.19608437530331,0,-48.690100687915965,151.59677792965783,-46.01601023856405,60.210765549239866,-10.156584074245119,0.0,0,29.058925533579213,-8.08748896451283,0,1.5156265353049496,2.809912187431421,0.0
10.88,0.02,492.27134678380145,200.77442126330723,0,-49.564404882448684,152.77306733442293,-43.71520972663585,58.81447023825507,-10.156584074245119,0.0,0,5.237345379770943,-1.4216631119960823,0,1.4656277113715273,2.6913423400168193,0.0
10.9,0.02,476.6017381084934,194.28241762368336,0,-50.39499386725477,153.92198935109272,-41.529449240304054,57.44610083348997,-10.156584074245119,0.0,0,-15.66960867530804,-6.492003639623874,0,1.4177093715108784,2.5787562373180193,0.0
10.92,0.02,463.88802863322906,203.57743539808286,0,-51.184053402820545,155.04409132742913,-39.45297677828885,56.105098816820174,-10.156584074245119,0.0,0,-12.713709475264352,9.295017774399497,0,1.3717608377429922,2.471846333051459,0.0
10.94,0.02,499.7502395169424,218.75352482967259,0,-51.933659961608036,156.13990966423881,-37.480327939374405,54.790916840483774,-10.156584074245119,0.0,0,35.86221088371332,15.17608943158973,0,1.3276776040385592,2.3703201700609884,0.0
10.96,0.02,505.383691535953,208.36381290118635,0,-52.64578619245615,157.2099700343123,-35.606311542405685,53.5030185036741,-10.156584074245119,0.0,0,5.633452019010633,-10.389711928486236,0,1.2853610248734628,2.2738996420389253,0.0
10.98,0.02,463.9805197711202,222.8201025132253,0,-53.32230611176186,158.25478759698433,-33.8259959652854,52.24087813360062,-10.156584074245119,0.0,0,-41.40317176483279,14.456289612038944,0,1.2447180164540532,2.182320294527445,0.0
11.0,0.02,482.90075570870215,246.07879775095796,0,-53.965000035102285,159.2748672084029,-32.134696167021126,51.003980570928604,-10.156584074245119,0.0,0,18.920235937581936,23.258695237732667,0,1.2056607701715107,2.095330663201573,0.0
11.02,0.02,482.34127016988566,233.92819812458993,0,-54.57555926227569,160.2707036275931,-30.52796135867007,49.791820959510034,-10.156584074245119,0.0,0,-0.5594855388164888,-12.150599626368034,0,1.1681064778829624,2.0126916475012577,0.0
11.040000000000001,0.02,482.49842449646513,224.92026283171194,0,-55.15559052809042,161.2427817183995,-29.001563290736563,48.60390454031983,-10.156584074245119,0.0,0,0.15715432657947304,-9.007935292877988,0,1.1319770686495672,1.9341759177419238,0.0
11.06,0.02,492.0253916739525,195.44528293295977,0,-55.70662023061442,162.19157664738978,-27.551485126199733,47.439746449513436,-10.156584074245119,0.0,0,9.526967177487393,-29.474979898752167,0,1.0971989565896236,1.8595673538908168,0.0
11.08,0.02,532.9147592437206,221.57090633201037,0,-56.230098448012214,163.11755407780024,-26.173910869889745,46.29887152052317,-10.156584074245119,0.0,0,40.88936756976807,26.125623399050596,0,1.0637027995260342,1.7886605142526506,0.0
11.1,0.02,533.6026549301858,185.79843017556394,0,-56.72740275454012,164.02117035960248,-24.86521532639526,45.18081409011271,-10.156584074245119,0.0,0,0.6878956864652537,-35.77247615644643,0,1.031423268124835,1.7212601323618606,0.0
11.120000000000001,0.02,531.9927527310168,218.05438631783812,0,-57.19984184574163,164.9028727157687,-23.621954560075494,44.08511780831046,-10.156584074245119,0.0,0,-1.6099021991690279,32.25595614227419,0,1.000298825233921,1.6571806404328087,0.0
11.14,0.02,490.2080016496697,227.65249975529755,0,-57.64865898238307,165.76309942481157,-22.44085683207172,43.01133545214425,-10.156584074245119,0.0,0,-41.78475108134711,9.598113437459432,0,0.9702715151408688,1.596245717773277,0.0
11.16,0.02,523.1477721760517,198.10122194212812,0,-58.07503526219243,166.6022799996736,-21.318813990468133,41.95902874310137,-10.156584074245119,0.0,0,32.939770526382006,-29.551277813169435,0,0.9412867624745695,1.538287862622114,0.0
11.18,0.02,509.1983068777186,201.0223555626865,0,-58.48009272801132,167.4208353630384,-20.252873290944724,40.927768168239346,-10.156584074245119,0.0,0,-13.94946529833311,2.921133620558379,0,0.9132931804786967,1.483147985928986,0.0
11.200000000000001,0.02,514.3502317958549,204.95215297159646,0,-58.86489732053927,168.2191780191359,-19.240229626397486,39.91713280487456,-10.156584074245119,0.0,0,5.151924918136331,3.9297974089099625,0,0.8862423883878595,1.4306750256543683,0.0
11.22,0.02,508.3178841433736,192.7763322392125,0,-59.23046168344082,168.99771222211146,-18.27821814507761,38.92671014877707,-10.156584074245119,0.0,0,-6.032347652481349,-12.175820732383954,0,0.8600888376362013,1.3807255802303646,0.0
11.24,0.02,522.5780814213019,208.6944455468879,0,-59.577747828197296,169.7568341410275,-17.364307237823727,37.95609594580153,-10.156584074245119,0.0,0,14.260197277928341,15.918113307675384,0,0.8347896466287664,1.3331635598888294,0.0
11.26,0.02,526.3732296823613,229.62467464268016,0,-59.90766966571595,170.49693202156521,-16.49609187593254,37.0048940268855,-10.156584074245119,0.0,0,3.795148261059353,20.93022909579227,0,0.8103044438037517,1.287859854632242,0.0
11.28,0.02,500.01280668650594,213.0929781659585,0,-60.22109541135867,171.21838634449216,-15.67128728213591,36.072716146347794,-10.156584074245119,0.0,0,-26.360422995855345,-16.531696476721663,0,0.7865952187126938,1.2446920176942544,0.0
11.3,0.02,515.2033171552495,214.70315187409187,0,-60.51884986971925,171.92156998096058,-14.887722918029114,35.15918182342084,-10.156584074245119,0.0,0,15.190510468743526,1.6101737081333738,0,0.763626180844108,1.203543963411267,0.0
11.32,0.02,519.2693987695786,197.91905935102022,0,-60.8017166051618,172.60684834469964,-14.143336772127657,34.263918186952424,-10.156584074245119,0.0,0,4.066081614329164,-16.78409252307165,0,0.7413636259143074,1.164305678502288,0.0
11.34,0.02,524.9250587379323,206.39177841951707,0,-61.070440003832225,173.27457954116392,-13.436169933521274,33.386559823213375,-10.156584074245119,0.0,0,5.655659968353689,8.472719068496843,0,0.7197758093494075,1.1268729458316975,0.0
11.36,0.02,547.4196566436652,219.5304863282688,0,-61.32572723256913,173.9251145136989,-12.76436143684521,32.52674862674911,-10.156584074245119,0.0,0,22.494597905732917,13.13870790875174,0,0.6988328266812182,1.0911470798070546,0.0
11.38,0.02,549.1545543113241,206.83281975729162,0,-61.56825009986919,174.55879718678318,-12.12614336500295,31.68413365421413,-10.156584074245119,0.0,0,1.7348976676588563,-12.69766657097719,0,0.678506500581005,1.0570346726414326,0.0
11.4,0.02,538.0026248305971,242.25145621374307,0,-61.79864682380425,175.17596460640578,-11.519836196752802,30.858370981129845,-10.156584074245119,0.0,0,-11.151929480726949,35.41863645645145,0,0.6587702742562314,1.0244473507852003,0.0
11.42,0.02,533.4588711503251,223.58599915714555,0,-62.01752371154255,175.77694707763592,-10.943844386915162,30.049123561507248,-10.156584074245119,0.0,0,-4.5437536802720615,-18.665457056597518,0,0.6395991109373836,0.993301540905818,0.0
11.44,0.02,555.9814975635194,211.06795987352285,0,-62.22545675489394,176.36206829944146,-10.396652167569403,29.2560610902771,-10.156584074245119,0.0,0,22.522626413194303,-12.518039283622699,0,0.6209693991853178,0.9635182448642085,0.0
11.46,0.02,534.4061517715741,201.68320683650066,0,-62.42299314607776,176.9316454968109,-9.876819559190933,28.478859868471556,-10.156584074245119,0.0,0,-21.575345791945324,-9.384753037022193,0,0.6028588637526503,0.9350228232025115,0.0
11.48,0.02,556.834871763855,212.76022762762503,0,-62.610652717702386,177.48598955023294,-9.382978581231386,27.71720267110212,-10.156584074245119,0.0,0,22.42871999228089,11.077020791124369,0,0.5852464817380237,0.90774478671965,0.0
11.5,0.02,543.1085631960722,206.42055153643878,0,-62.788929310745786,178.02540512258653,-8.913829652169817,26.97077861768008,-10.156584074245119,0.0,0,-13.72630856778278,-6.339676091186249,0,0.5681124037765003,0.8816175957673545,0.0
11.52,0.02,535.2591970713298,203.49577414674795,0,-62.95829207413701,178.55019078349306,-8.468138169561325,26.239283045326474,-10.156584074245119,0.0,0,-7.849366124742346,-2.9247773896908313,0,0.5514378800160696,0.8565784669501587,0.0
11.540000000000001,0.02,525.8064584384456,206.95596211759994,0,-63.11918669935868,179.06063913118146,-8.044731261083259,25.522417384419942,-10.156584074245119,0.0,0,-9.452738632884234,3.4601879708519903,0,0.5352051906353613,0.832568186957628,0.0
11.56,0.02,558.1595600535719,239.05034195060833,0,-63.272036593319264,179.5570369119161,-7.642494698029095,24.819889036731542,-10.156584074245119,0.0,0,32.35310161512632,32.09437983300839,0,0.5193975806663307,0.8095309332962017,0.0
11.58,0.02,584.0580697375069,233.42984161863887,0,-63.41724399258182,180.03966513703602,-7.26036996312764,24.13141125599691,-10.156584074245119,0.0,0,25.898509683935004,-5.620500331969453,0,0.5039991988912313,0.7874141017208119,0.0
11.6,0.02,532.1686324155352,228.1821896203252,0,-63.55519102188124,180.50879919765356,-6.8973514649712575,23.45670303087697,-10.156584074245119,0.0,0,-51.88943732197174,-5.247651998313671,0,0.4889950405924718,0.7661681401939225,0.0
11.620000000000001,0.02,576.6560305722538,235.92614804130832,0,-63.6862406997157,180.96470897705873,-6.552483891722694,22.795488970259427,-10.156584074245119,0.0,0,44.487398156718655,7.74395842098312,0,0.47437089394037424,0.7457463892213572,0.0
11.64,0.02,571.6251230929424,207.81544431776703,0,-63.81073789365843,181.4076589608758,-6.2248596971365595,22.147499190854237,-10.156584074245119,0.0,0,-5.030907479311395,-28.11070372354129,0,0.46011328981367056,0.7261049284310089,0.0
11.66,0.02,554.5887794959416,211.7968973246101,0,-63.92901022790402,181.83790834501656,-5.913616712279731,21.51246920703715,-10.156584074245119,0.0,0,-17.036343597000837,3.9814530068430543,0,0.4462094548543291,0.7072024292727778,0.0
11.68,0.02,561.4011116241695,231.0492120522379,0,-64.04136894543734,182.25571114147448,-5.617935876665745,20.890139822896405,-10.156584074245119,0.0,0,6.812332128227922,19.252314727627805,0,0.4326472675676922,0.689000013725968,0.0
11.700000000000001,0.02,565.3142973437574,253.81526420713647,1,-64.16119623323628,182.68413241151168,-5.991364389946956,21.42106350186072,4.329999084706698,724.3291579475908,0,3.9131857195878865,22.766052154898574,1,0.44486330880568487,0.649098457413371,14.486583158951817
11.72,0.02,578.0107976073086,203.3587337448544,1,-64.2872224412745,183.1282178081744,-6.301310401910411,22.20426983313644,15.272127484574392,547.1064199933847,0,12.69650026355123,-50.456530462282075,0,0.46162153832071545,0.8423055785654187,10.942128399867695
11.74,0.02,514.1725487993912,219.1028805294858,1,-64.42583139443276,183.5863929167842,-6.930447657913452,22.908755430489013,27.711194260196386,621.9533387810997,0,-63.838248807917466,15.744146784631397,0,0.4786824333994589,0.94451767784846,12.439066775621994
11.76,0.02,552.1154177482568,192.5524535436872,1,-64.5732288058162,184.06131278003963,-7.369870569172169,23.745993162770578,37.0774173700641,468.31115549338557,0,37.94286894886568,-26.550426985798595,0,0.4972674063289163,0.9455472041601435,9.366223109867711
11.78,0.02,557.8814650176594,225.53137924384257,1,-64.72883807069788,184.54967950537065,-7.780463244083873,24.418336266551368,46.15529673843556,453.89396841857314,0,5.76604726940252,32.97892570015537,0,0.5125585837029352,0.7878017478355419,9.077879368371462
11.8,0.02,550.7980456785076,225.0474631027771,1,-64.8933675310117,185.0515414843914,-8.226473015691337,25.09309895103748,54.60348509531367,422.40941784390566,0,-7.08341933915176,-0.483916141065464,0,0.5281433416202397,0.8088444824218345,8.448188356878113
11.82,0.02,574.4296834665698,240.5287481557931,1,-65.06445402297888,185.56535058859657,-8.554324598358487,25.69045521025851,61.687181333540025,354.1848119113176,0,23.63163778806222,15.481285053015995,0,0.5415444425878161,0.6814111539209627,7.083696238226352
11.84,0.02,566.2028002339008,226.96467835288334,1,-65.24292023492266,186.09246322496645,-8.923310597188983,26.355631818494093,68.00441834448985,315.8618505474912,0,-8.226883232669024,-13.564069802909756,0,0.5565050945196888,0.7606645696210214,6.317237010949825
11.86,0.02,570.2609202143421,252.50015102939582,1,-65.42836035484501,186.6303258462334,-9.272005996117276,26.893131063347116,74.56645420462071,328.1017930065431,0,4.058119980441347,25.535472676512484,0,0.5689325420759235,0.6406979939498262,6.562035860130862
11.88,0.02,580.6241675062005,237.76852572086565,1,-65.61973805801674,187.18041161492826,-9.568885158586273,27.504288434742794,79.20018454644858,231.68651709139354,0,10.363247291858329,-14.73162530853017,0,0.5824257705423892,0.679448724864185,4.633730341827871
11.9,0.02,591.7002043634504,229.1095883524448,1,-65.81594574075211,187.74358642478788,-9.81038413676902,28.158740492980574,82.38372516420577,159.17703088785942,0,11.07603685724996,-8.658937368420851,0,0.5963751514146132,0.6975881686173996,3.1835406177571883
11.92,0.02,559.9647115846186,202.9624571725229,1,-66.02015695232903,188.32246498893025,-10.210560578845925,28.943928207117953,86.24700930742397,193.16420716090974,0,-31.735492778831826,-26.1471311799219,0,0.6138424968648283,0.8812836837395851,3.863284143218195
11.94,0.02,596.8315237590211,221.12618898021444,1,-66.22868501153005,188.9152309341746,-10.426402960050819,29.638297262216884,88.18843183576514,97.0711264170589,0,36.866812174402526,18.163731807691534,0,0.6283752201635225,0.7271425707543067,1.9414225283411781
11.96,0.02,580.461530202086,230.953737479093,1,-66.44316691771085,189.52090150567102,-10.72409530904039,30.28352857482142,91.27800691185861,154.47875380467337,0,-16.36999355693513,9.82754849887857,0,0.6425257420958073,0.7105942452710282,3.0895750760934675
11.98,0.02,615.1293668017775,222.60451989895458,1,-66.66013588721148,190.14031162517756,-10.8484484750315,30.97050597532665,91.39105951090927,5.652629952533061,0,34.66783659969144,-8.34921758013843,0,0.6563112294279827,0.698141574966663,0.11305259905066123
12.0,0.02,554.7236949133561,224.95155684645243,1,-66.88563248722078,190.77322658899945,-11.274830000464721,31.645748191094388,95.36780063802027,198.8370563555499,0,-60.40567188842135,2.3470369474978554,0,0.6718854575338082,0.7985945499348754,3.976741127110998
12.02,0.02,605.0174905051274,222.68098631995989,1,-67.11462733817956,191.41987345418934,-11.449742547939085,32.33234325949458,95.77525540240484,20.37273821922838,0,50.2937955917713,-2.2705705264925484,0,0.6859962172093605,0.7085246553334854,0.4074547643845676
12.040000000000001,0.02,609.889048663767,241.04270983311915,1,-67.34663328427196,192.07841604839592,-11.600297304620252,32.927129710328984,95.9391598247663,8.195221118073448,0,4.871558158639573,18.361723513159262,0,0.6982156596686739,0.6135451546997287,0.16390442236146896
12.06,0.02,562.8576391135688,228.36725182375275,1,-67.586353466453,192.75012191742013,-11.986009109052407,33.58529345121022,99.29692831982702,167.88842475303554,0,-47.03140955019819,-12.675458009366395,0,0.7132002104784326,0.762858509744167,3.3577684950607107
12.08,0.02,585.3899139866858,247.13026494115505,0,-67.814087639525,193.40455206906384,-11.386708653599786,32.721507582186014,99.29692831982702,0.0,0,22.53227487311699,18.763013117402295,1,0.6929225620263728,1.0513263353648195,0.0
12.1,0.02,607.2848925286738,234.7834611088423,0,-68.03043510394339,194.04205201767468,-10.817373220919796,31.874997430542294,99.29692831982702,0.0,0,21.894978541988053,-12.346803832312759,0,0.6732105241594845,1.020157964111826,0.0
12.120000000000001,0.02,602.4083785769116,234.910640689576,0,-68.23596519514086,194.6629603673133,-10.276504559873805,31.045417481931445,99.29692831982702,0.0,0,-4.876513951762263,0.12717958073372415,0,0.6540411279412051,0.9903240881847025,0.0
12.14,0.02,578.9419771191622,206.18293637891787,0,-68.43121878177847,195.26760894995917,-9.762679331880115,30.232429132292815,99.29692831982702,0.0,0,-23.466401457749384,-28.72770431065814,0,0.6353926908538547,0.9617517463310951,0.0
12.16,0.02,561.5895162267063,224.1570282150403,0,-68.61670968908419,195.8563229609521,-9.274545365286109,29.435700549646956,99.29692831982702,0.0,0,-17.352460892455838,17.974091836122426,0,0.6172447354433115,0.9343720906296789,0.0
12.18,0.02,592.3862038673028,214.08347942179114,0,-68.79292605102462,196.42942109172517,-8.810818097021803,28.654906538654014,99.29692831982702,0.0,0,30.796687640596474,-10.07354879324916,0,0.5995779129613726,0.9081201830893978,0.0
12.200000000000001,0.02,596.9515963927339,232.41699987234023,0,-68.96033159486804,196.9872156598828,-8.370277192170713,27.88972840788093,99.29692831982702,0.0,0,4.565392525431093,18.333520450549088,0,0.5823739317445908,0.8829347997787876,0.0
12.22,0.02,574.2415196930251,222.00601222264513,0,-69.11936686151928,197.53001273667726,-7.951763332562177,27.139853839723312,99.29692831982702,0.0,0,-22.710076699708793,-10.410987649695102,0,0.5656154900773631,0.8587582422626341,0.0
12.24,0.02,593.8304156498351,206.1785205991253,0,-69.27045036483797,198.05811227193584,-7.554175165934067,26.404976762928843,99.29692831982702,0.0,0,19.588895956810006,-15.827491623519819,0,0.5492862132944647,0.8355361561540497,0.0
12.26,0.02,608.2091382191761,214.80484346861968,0,-69.41397969299072,198.57180821648925,-7.176466407637363,25.684797227670263,99.29692831982702,0.0,0,14.378722569340994,8.626322869494373,0,0.5333705948874525,0.8132173566146401,0.0
12.280000000000001,0.02,616.3647157883365,226.57626224867886,0,-69.55033255473583,199.0713886421516,-6.817643087255495,24.979021283116854,99.29692831982702,0.0,0,8.155577569160414,11.771418780059179,0,0.5178539413879653,0.7917536606547049,0.0
12.3,0.02,592.1929724345264,234.05542835794498,0,-69.67986777339368,199.55713585930067,-6.47676093289272,24.287360857454516,99.29692831982702,0.0,0,-24.171743353810143,7.479166109266117,0,0.5027223208102213,0.7710997260992986,0.0
12.32,0.02,629.8116545457071,242.25023149258183,0,-69.80292623111865,200.02932653210678,-6.152922886248084,23.609533640305422,99.29692831982702,0.0,0,37.61868211118076,8.194803134636857,0,0.4879625144442259,0.751212897095556,0.0
12.34,0.02,613.7478865349299,232.3412447695391,1,-69.92860990019011,200.51428308043594,-6.284183453573433,24.24782741645773,99.34793158282166,2.550163149732043,0,-16.063768010777267,-9.908986723042744,1,0.5009782814040978,0.6516504286880712,0.05100326299464086
12.36,0.02,621.0824452305313,229.75080437985474,1,-70.05618532473852,201.01226454832712,-6.378771227420777,24.899073394558464,98.85098900937554,-24.847128672305985,0,7.334558695601459,-2.590440389684346,0,0.5140632561385428,0.65807915249898,-0.4969425734461197
12.38,0.02,594.8687914746635,249.265527063552,1,-70.18827387013947,201.52131946351193,-6.604427270047458,25.452745759240706,100.77415000712857,96.15804988765149,0,-26.21365375586788,19.514722683697272,0,0.5259128164438923,0.5978910745167222,1.9231609977530297
12.4,0.02,640.0692396446964,239.9329773974763,1,-70.32035549157595,202.042381080957,-6.604081071823976,26.053080872253325,98.59128102474328,-109.14344911926435,0,45.20044817003293,-9.332549666075721,0,0.5375414066802331,0.6003352128345331,-2.182868982385287
12.42,0.02,633.445297835249,243.29606179963508,1,-70.45309258322891,202.5751130922221,-6.636854582647728,26.63660056325515,97.12749258226643,-73.18942212384272,0,-6.623941809447388,3.3630844021587905,0,0.549019609237266,0.5844393320085332,-1.4637884424768544
12.44,0.02,632.1173525168459,232.80538040581044,1,-70.58661793963017,203.1205645654466,-6.6762678200635,27.272573661226097,95.98416716492703,-57.16627086696988,0,-1.3279453184030672,-10.490681393824644,0,0.561557058939589,0.6371932082393499,-1.1433254173393976
12.46,0.02,628.5017522953335,231.53832962325146,1,-70.7212931208019,203.6788622057088,-6.733759058586833,27.91488201310984,95.23044232933523,-37.686241779589835,0,-3.615600221512409,-1.2670507825589823,0,0.5743114656229452,0.6448761597442995,-0.7537248355917967
12.48,0.02,601.9313564129205,219.57735411585853,1,-70.85977516633234,204.25120211055943,-6.924102276522233,28.616995242530542,96.33069393011016,55.01258003874625,0,-26.57039588241298,-11.96097550739293,0,0.5888550276754999,0.727456890503879,1.100251600774925
12.5,0.02,616.8613908504291,233.43763750881527,1,-71.00057107277775,204.83619825165917,-7.039795322270087,29.24980705498647,96.45576425795034,6.253516392008862,0,14.930034437508539,13.860283392956745,0,0.6017008994287495,0.6433006068846586,0.12507032784017724
12.52,0.02,609.3339820086318,253.24313631807365,1,-71.14443358102228,205.4318700791271,-7.193125412226926,29.7835913733961,97.71355827230452,62.889700717709474,0,-7.527408841797296,19.80549880925838,0,0.6127979661498453,0.5553699803430192,1.2577940143541895
12.540000000000001,0.02,639.4033874174887,262.04601295105726,1,-71.28835575052507,206.0373373052999,-7.196108475139481,30.27336130864081,94.91783127301701,-139.7863499643755,0,30.069405408856937,8.802876632983612,0,0.6223376517966597,0.48977901969556314,-2.79572699928751
12.56,0.02,644.4064485518196,255.98509145687112,1,-71.43183727517268,206.65320602232703,-7.1740762323803855,30.793435851356456,92.0413461340777,-143.8242569469658,0,5.003061134330892,-6.060921494186147,0,0.632361624806441,0.5205410163492266,-2.876485138939316
12.58,0.02,634.0938144397988,248.79110950683562,1,-71.57590941837631,207.28019562840348,-7.203607160181391,31.349480303822283,90.84323575290676,-59.90551905854673,0,-10.31263411202076,-7.193981950035493,0,0.6433294246147836,0.5568280783283194,-1.1981103811709346
12.6,0.02,643.1751472882847,235.4460803958136,1,-71.71966404685111,207.91964062644033,-7.187731423739968,31.97224990184322,89.14397432519706,-84.96307138548502,0,9.081332848485886,-13.34502911102203,0,0.655404683170844,0.6229719184896841,-1.6992614277097005
12.620000000000001,0.02,650.683958418402,238.73991153807916,1,-71.86235027948406,208.57121163332337,-7.13431163164796,32.57855034415282,86.83179991089348,-115.6087207151792,0,7.5088111301172376,3.29383114226556,0,0.6670113477247382,0.608649242611846,-2.312174414303584
12.64,0.02,644.2282213617557,255.5601975188613,1,-72.00461368998084,209.23322662045453,-7.113170524839183,33.10074935655852,84.5723322562657,-112.9733827313892,0,-6.455737056646285,16.82028598078213,0,0.677128290025194,0.5226267836176991,-2.259467654627784
12.66,0.02,662.4643675457698,225.8310937900002,1,-72.14463066372305,209.9086584982067,-7.0008486871103335,33.77159388760851,82.2457905248544,-116.32708657056483,0,18.23614618401416,-29.729103728861077,0,0.6897919790920696,0.6801827549052331,-2.3265417314112966
12.68,0.02,646.4367854275898,225.02054266332746,1,-72.2840039589225,210.59758832169254,-6.968664759972383,34.44649117429187,81.30778576671561,-46.900237906939424,0,-16.02758211818002,-0.810551126672749,0,0.702886347216232,0.6756642307674603,-0.9380047581387885
12.700000000000001,0.02,655.0609693519983,225.95197224724933,1,-72.42187115718674,211.29992294795366,-6.893359913212392,35.11673131305563,79.74444899125224,-78.16683877316848,0,8.624183924408499,0.9314295839218687,0,0.715738284292925,0.6744573104026741,-1.5633367754633696
12.72,0.02,650.9221046716814,250.04390409088674,1,-72.55864614498383,212.0132531838057,-6.838749389853986,35.66651179260119,77.52063802700805,-111.1905482122097,0,-4.138864680316942,24.09193184363741,0,0.7263245986937247,0.5524860948031414,-2.223810964244194
12.74,0.02,677.5933623984907,265.4267196949637,1,-72.69166179654106,212.7360407476882,-6.650782577861533,36.13937819412637,72.13415654686236,-269.3240740072845,0,26.67125772680936,15.382815604076967,0,0.7349251839897867,0.5088557321107622,-5.38648148014569
12.76,0.02,649.5450555901357,257.62345524767665,1,-72.82372294253928,213.46906596604597,-6.603057299910858,36.65126091788799,70.11633155078893,-100.89124980367146,0,-28.04830680835505,-7.803264447287063,0,0.7448262327756828,0.5141027378268667,-2.017824996073429
12.780000000000001,0.02,643.4285145192006,240.60382240247728,1,-72.95544123708558,214.21403080216348,-6.585914727314857,37.2482418058756,70.07565898689676,-2.0336281946086388,0,-6.116541070935114,-17.019632845199368,0,0.7565198716291368,0.5972269655815012,-0.040672563892172775
12.8,0.02,679.6213483958398,260.5227101292678,1,-73.08319739679229,214.96894336726805,-6.387807985335654,37.745628255229256,65.52780652104724,-227.3926232924758,0,36.19283387663927,19.91888772679053,0,0.7656465354821215,0.5353873002026203,-4.547852465849516
12.82,0.02,630.8874657739399,250.22992149433577,1,-73.21186480992161,215.7348329402232,-6.433370656465953,38.29447864775758,67.32951015098361,90.08518149681848,0,-48.733882621899966,-10.292788634932037,0,0.7766222641431477,0.5507383320407446,1.8017036299363696
12.84,0.02,654.3618627986166,258.3926936745458,1,-73.33909603677107,216.51088324381092,-6.361561342472867,38.80251517938485,64.75124343095149,-128.91333600160593,0,23.474397024676705,8.162772180210027,0,0.7864107443214358,0.5130864401287786,-2.5782667200321185
12.86,0.02,664.9147312126025,229.06803882243543,1,-73.46383579049926,217.30002674351638,-6.2369876864098535,39.457174985272665,63.70537379644767,-52.29348172519117,0,10.552868413985948,-29.32465485211037,0,0.7989414679984711,0.666406825617791,-1.0458696345038234
12.88,0.02,683.1870082829239,266.75787261280095,1,-73.58425684339916,218.09849445596055,-6.021052644995236,39.92338562220866,58.69817083133867,-250.36014825544973,0,18.272277070321365,37.689833790365526,0,0.8074973175171157,0.5137901323526962,-5.007202965108995
12.9,0.02,679.6337374262425,214.51870388386288,1,-73.70071452255644,218.91151029801634,-5.822883957864021,40.650792102789346,57.96587287539657,-36.61489779710507,0,-3.5532708566813653,-52.23916872893807,0,0.8213142823964439,0.7539171151725399,-0.7322979559421015
12.92,0.02,678.568987139362,230.2653606620116,1,-73.81331530299978,219.73749960400593,-5.630039022167209,41.29946529947929,56.510178025884414,-72.7847424756078,0,-1.0647502868805532,15.746656778148719,0,0.8336289758433436,0.6767319154050995,-1.455694849512156
12.94,0.02,667.0111451962442,259.4011938896913,1,-73.9232149689235,220.57354879060654,-5.494983296185992,41.802459330030835,53.26855321114814,-162.0812407368138,0,-11.55784194311775,29.135833227679683,0,0.8432414713388315,0.520809988278648,-3.2416248147362765
12.96,0.02,681.5118115482502,258.370736515342,1,-74.0289634536924,221.4197609035556,-5.287424238444742,42.31060564745413,49.75005865098351,-175.9247280082313,0,14.500666352005965,-1.0304573743492824,0,0.8527940443815588,0.5489020334825633,-3.5184945601646263
12.98,0.02,684.9466509064029,273.9738209203417,1,-74.13021727337065,222.27457563441266,-5.06269098391273,42.740736542852424,44.83172099885334,-245.91688260650847,0,3.434839358152658,15.60308440499972,0,0.8607906598526932,0.4853015792975404,-4.91833765213017
13.0,0.02,705.7313402683092,243.3850797925599,1,-74.22489795902207,223.14105185729045,-4.734034282571186,43.32381114388962,42.52129900825925,-115.52109952970468,0,20.784689361906317,-30.588741127781816,0,0.8716337975594975,0.6693214606684823,-2.3104219905940937
13.02,0.02,731.6276155783693,247.413725115719,1,-74.31041588311565,224.01878670765666,-4.2758962046793405,43.88674251831103,39.66029501936251,-143.05019944483703,0,25.896275310060105,4.028645323159083,0,0.881891026651631,0.7257976513618742,-2.8610039888967407
13.040000000000001,0.02,690.1397559132841,267.785564627165,1,-74.39091983161791,224.90574300156015,-4.02519742511292,44.34781469517521,36.04031638645774,-180.9989316452384,0,-41.487859665085125,20.371839511446012,0,0.8906022417552499,0.5248213318400505,-3.6199786329047683
13.06,0.02,685.3338678446047,253.48445752116933,1,-74.4668903933357,225.80335084971153,-3.798528085889898,44.88039240756937,34.192751291342645,-92.3782547557547,0,-4.805888068679451,-14.30110710599567,0,0.9008170598465983,0.5788074024084313,-1.847565095115094
13.08,0.02,705.5701619358862,273.85142948085803,1,-74.53630393885992,226.70957355491484,-3.4706772762104654,45.31113526016508,30.42042928910017,-188.61610011212377,0,20.23629409128148,20.366971959688698,0,0.9088772368852894,0.5413183522380819,-3.7723220022424755
13.1,0.02,683.9375960045937,252.45085276346921,1,-74.60132372478367,227.6265511748418,-3.2509892961874973,45.84888099634774,29.12299639436736,-64.87164473664055,0,-21.632565931292447,-21.400576717388816,0,0.9192798964453084,0.580890080264072,-1.297432894732811
13.120000000000001,0.02,659.3018251156842,257.78736920395386,1,-74.66441332819585,228.55375005784836,-3.1544801706090757,46.35994415032797,28.24443983174521,-43.92782813110738,0,-24.63577088890952,5.336516440484644,0,0.9293428144163527,0.520095720686234,-0.8785565626221477
13.14,0.02,706.3714515983979,261.6123426007893,0,-74.72434845143742,229.4585633631948,-2.9967561620786216,45.24066526732141,28.24443983174521,0.0,0,47.069626482713716,3.8249733968354462,1,0.9067961934910882,1.1303371536012266,0.0
13.16,0.02,699.6350391552579,265.1103950295246,0,-74.78128681851692,230.3414388024343,-2.8469183539746905,44.143771961974984,28.24443983174521,0.0,0,-6.736412443140011,3.4980524287353205,0,0.8847095675180877,1.1070800748144645,0.0
13.18,0.02,651.1634429262726,277.86000164022573,0,-74.83537826724243,231.20281513288901,-2.704572436275956,43.06881652273549,28.24443983174521,0.0,0,-48.47159622898528,12.749606610701107,0,0.8630730371717307,1.0843392258126936,0.0
13.200000000000001,0.02,688.9721101107708,266.6539825050673,0,-74.88676514353168,232.04312233673463,-2.569343814462158,42.01536019228078,28.24443983174521,0.0,0,37.80866718449818,-11.206019135158442,0,0.8418769553144902,1.0621002873235454,0.0
13.22,0.02,726.02693032048,269.88946756827085,0,-74.93558267600646,232.86278179650333,-2.44087662373905,40.982972988435165,28.24443983174521,0.0,0,37.05482020970919,3.235485063203555,0,0.8211119177464457,1.040349536336926,0.0
13.24,0.02,688.3346561864913,247.226514635942,0,-74.98195933185751,233.66220646707666,-2.3188327925520973,39.97123352866646,28.24443983174521,0.0,0,-37.69227413398869,-22.662952932328835,0,0.8007687544661095,1.0190738104690262,0.0
13.26,0.02,706.133445251056,242.30702656836013,0,-75.026017154916,234.44180104423853,-2.2028911529244923,38.97972885809313,28.24443983174521,0.0,0,17.79878906456463,-4.919488067581881,0,0.7808385214068615,0.998260474810187,0.0
13.280000000000001,0.02,686.6957804158716,281.4030326119225,0,-75.06787208682157,235.20196212985715,-2.0927465952782676,38.00805428093127,28.24443983174521,0.0,0,-19.437664835184364,39.0960060435624,0,0.7613124926163355,0.9778973910803569,0.0
13.3,0.02,731.6471718418135,264.1983241218433,0,-75.10763427213185,235.94307839376341,-1.9881092655143542,37.055813195312645,28.24443983174521,0.0,0,44.95139142594189,-17.204708490079213,0,0.7421821528486305,0.9579728889275821,0.0
13.32,0.02,742.3145065983991,268.82403061435974,0,-75.14540834817662,236.66553073239155,-1.8887038022386364,36.12261693140639,28.24443983174521,0.0,0,10.66733475658566,4.625706492516429,0,0.7234391905407744,0.9384757392163373,0.0
13.34,0.02,698.8769556270572,271.25799158402583,0,-75.18129372041915,237.36969242424712,-1.7942686121267046,35.20808459277826,28.24443983174521,0.0,0,-43.43755097134192,2.4339609696660887,0,0.7050754911482106,0.9193951291627062,0.0
13.36,0.02,710.3599943844564,268.459421412543,0,-75.21538482404955,238.05592928226557,-1.7045551815203692,34.3118429009227,28.24443983174521,0.0,0,11.483038757399186,-2.7985701714828224,0,0.6870831308144367,0.9007206391835832,0.0
13.38,0.02,741.5855641973776,273.36771706634477,0,-75.24777137249843,238.72459980312365,-1.6193274224443508,33.43352604290425,28.24443983174521,0.0,0,31.225569812921208,4.908295653801758,0,0.6694543703532423,0.882442221336062,0.0
13.4,0.02,689.1536076533447,270.3436367083474,0,-75.27853859352487,239.37605531356456,-1.538361051322133,32.572775522046165,28.24443983174521,0.0,0,-52.431956544032914,-3.024080357997377,0,0.6521816495222154,0.8645501792320457,0.0
13.42,0.02,745.0107755094183,276.32441140336505,0,-75.30776745349999,240.01064011379668,-1.4614429987560265,31.729240011605242,28.24443983174521,0.0,0,55.8571678560736,5.980774695017658,0,0.6352575815691487,0.8470351493210835,0.0
13.44,0.02,758.5998771157178,292.7198328914079,0,-75.33553487047635,240.62869161802413,-1.3883708488182251,30.902575211373136,28.24443983174521,0.0,0,13.58910160629955,16.39542148804287,0,0.6186749480327738,0.8298880834421708,0.0
13.46,0.02,759.5891618733793,275.43084483478896,0,-75.3619139166039,241.23054049216705,-1.3189523063773139,30.092443707145673,28.24443983174521,0.0,0,0.989284757661494,-17.28898805661896,0,0.6024266937824846,0.8131002325522194,0.0
13.48,0.02,732.5263059895826,275.9138987825694,0,-75.38697401042506,241.81651078882712,-1.253004691058448,29.29851483300276,28.24443983174521,0.0,0,-27.062855883796715,0.48305394778043365,0,0.5865059222805942,0.7966631315456237,0.0
13.5,0.02,756.9324406113385,270.8871065009776,0,-75.41078109955518,242.38692007955396,-1.1903544565055255,28.5204645363427,28.24443983174521,0.0,0,24.406134621755882,-5.026792281591781,0,0.5709058910541646,0.7805685850854757,0.0
13.52,0.02,736.5072444417377,273.24370163419985,0,-75.43339783422878,242.94207958446628,-1.1308367336802492,27.757975245615846,28.24443983174521,0.0,0,-20.42519616960078,2.3565951332222426,0,0.5556200073627605,0.7648086543727445,0.0
13.540000000000001,0.02,738.2270639335636,269.32663243749647,0,-75.45488373216871,243.48229429928037,-1.0742948969962367,27.010735740703527,28.24443983174521,0.0,0,1.7198194918258878,-3.9170691967033804,0,0.5406418240498483,0.7493756447851828,0.0
13.56,0.02,752.8525173111083,264.45780084976536,0,-75.47529533521164,244.00786311979815,-1.0205801521464248,26.278441025889453,28.24443983174521,0.0,0,14.625453377544659,-4.868831587731108,0,0.5259650355672215,0.7342620943225291,0.0
13.58,0.02,714.9339170350773,277.45425328416263,0,-75.49468635810243,244.51907896390557,-0.9695511445391035,25.560792205371662,28.24443983174521,0.0,0,-37.91860027603093,12.99645243439727,0,0.5115834741615671,0.7194607627994488,0.0
13.6,0.02,783.4594930434442,265.75749627550994,0,-75.51310782984866,245.01622889113085,-0.9210735873121483,24.85749636126423,28.24443983174521,0.0,0,68.5255760083669,-11.696757008652696,0,0.4974911062133659,0.7049646217318144,0.0
13.620000000000001,0.02,732.2366654593843,288.8777720867956,0,-75.5306082280076,245.49959421981163,-0.8750199079465408,24.16826643403894,28.24443983174521,0.0,0,-51.22282758405993,23.120275811285637,0,0.4836820287196907,0.690766844865969,0.0
13.64,0.02,759.966990147601,290.1125306196405,0,-75.54723360625857,245.9694506419188,-0.8312689125492138,23.49282110535816,28.24443983174521,0.0,0,27.730324688216683,1.2347585328449213,0,0.4701504659120735,0.6768607993043653,0.0
13.66,0.02,699.4341729028879,288.4053127010679,0,-75.563027715597,246.4260683355838,-0.789705466921753,22.830884683250996,28.24443983174521,0.0,0,-60.5328172447131,-1.70721791857261,0,0.4568907660018385,0.6632400371844727,0.0
13.68,0.02,755.9024745461132,255.7440103335337,0,-75.57803211946852,246.86971207537553,-0.7502201935756654,22.182186989585976,28.24443983174521,0.0,0,56.468301643225345,-32.66130236753418,0,0.4438973980459076,0.649898287870904,0.0
13.700000000000001,0.02,749.7669303589488,273.89342737175696,0,-75.59228630314645,247.3006413403714,-0.7127091838968821,21.546463249794254,28.24443983174521,0.0,0,-6.135544187164442,18.14941703822325,0,0.43116494892583207,0.6368294506238656,0.0
13.72,0.02,750.4711851765343,266.5086097702906,0,-75.6058277776405,247.71911042006738,-0.677073724702038,20.923453984798368,28.24443983174521,0.0,0,0.704254817585479,-7.384817601466352,0,0.4186881204346054,0.6240275877096636,0.0
13.74,0.02,773.8774570226574,301.6076535239263,0,-75.61869217840984,248.12536851816944,-0.6432200384669361,20.3129049051024,28.24443983174521,0.0,0,23.406271846123104,35.09904375363567,0,0.4064617264646884,0.6114869179216331,0.0
13.76,0.02,745.689747284192,245.93031758355502,0,-75.63091335914072,248.51965985430945,-0.6110590365435893,19.71456680700035,28.24443983174521,0.0,0,-28.1877097384654,-55.67733594037125,0,0.39448069029235716,0.5992018104821556,0.0
13.780000000000001,0.02,777.7991012621752,281.5433465114442,1,-75.62935462974538,248.9217968557983,0.07793646976728508,20.106850074443127,26.972744048119008,-63.584789181310164,0,32.10935397798323,35.61302892788919,1,0.40214002238495716,0.7928435972070155,-1.2716957836262033
13.8,0.02,765.884042720262,281.35615773088483,1,-75.615207496078,249.3317982415141,0.707356683368592,20.500069285788708,25.95817753098327,-50.72832585678686,0,-11.915058541913254,-0.18718878055938148,0,0.41024538715245623,0.7421530525849475,-1.0145665171357372
13.82,0.02,777.9518628249414,286.3213462206048,1,-75.58726517612813,249.7491674926078,1.3971159974932992,20.86846255468569,24.69203130460174,-63.307311319076476,0,12.067820104679413,4.965188489719992,0,0.41830355604835534,0.7819728332815593,-1.2661462263815295
13.84,0.02,765.0736385176988,267.1851612709216,1,-75.54681549232649,250.1758182275744,2.022484190081795,21.332536748331076,24.47355744069568,-10.92369319530313,0,-12.87822430724259,-19.13618494968324,0,0.42856391188153575,0.7787491467147936,-0.2184738639060626
13.86,0.02,756.5503804129714,297.3934455518654,1,-75.49471077048355,250.60872961798586,2.6052360921466517,21.64556952057175,23.010382299040188,-73.15875708277453,0,-8.523258104727347,30.208284280943815,0,0.4360357485187458,0.6615053256451457,-1.4631751416554906
13.88,0.02,736.1540118698701,289.6446727998048,1,-75.43299064745364,251.04867654111732,3.0860061514960053,21.99734615657273,22.3421626190504,-33.410983999489474,0,-20.39636854310129,-7.7487727520605745,0,0.4442551842800094,0.5957236369349005,-0.6682196799897895
13.9,0.02,762.3367041657798,279.61611288803215,1,-75.35903685400714,251.49666185295996,3.697689672324903,22.39926559213256,21.82817708976905,-25.699276464067466,0,26.182692295909646,-10.028559911772675,0,0.45404845907884855,0.7319125373529074,-0.5139855292813493
13.92,0.02,765.0020562337498,258.17681466944146,1,-75.27258285493727,251.95482948333566,4.322699953493651,22.908381518785358,22.215669038456422,19.374597434368646,0,2.6653520679700478,-21.439298218590693,0,0.46625301230046323,0.8061246047219833,0.3874919486873729
13.94,0.02,787.2103085908648,292.60133146071865,1,-75.17140782500832,252.4197369805653,5.0587514964479725,23.24537486148176,20.86123398631603,-67.7217526070196,0,22.20825235711493,34.4245167912772,0,0.4757892050703176,0.8095284966615641,-1.354435052140392
13.96,0.02,753.4355449616274,282.38435581072815,1,-75.0588892405832,252.89240604221385,5.625929221256112,23.633453082428115,20.429261974880507,-21.59860057177614,0,-33.77476362923733,-10.216975649990502,0,0.4858770149747386,0.6872374241056911,-0.4319720114355228
13.98,0.02,745.3222776137521,266.0455976761466,1,-74.9358384283967,253.3744705440948,6.152540609324871,24.103225094047385,21.005235629474534,28.79868272970132,0,-8.113267347875308,-16.338758134581553,0,0.49752154360739914,0.705694903584063,0.5759736545940264
14.0,0.02,774.4798513665559,280.74996239680195,1,-74.79933963107355,253.86446004973607,6.824939866157647,24.49947528206337,20.310281818899348,-34.74769052875928,0,29.157573752803728,14.704364720655349,0,0.5086468689663156,0.7804709937543941,-0.6949538105751856
14.02,0.02,768.2263534075379,282.2013481560293,1,-74.65001819840964,254.36222942056173,7.466071633195338,24.888468541283228,19.668502218073577,-32.08898004128855,0,-6.253497959017977,1.451385759227378,0,0.5196837853781676,0.7499104602706655,-0.641779600825771
14.040000000000001,0.02,779.4666414579432,294.7641911021733,1,-74.48675010159994,254.8665223722772,8.163404840485054,25.214647585772365,18.38729314947315,-64.06045343002127,0,11.240288050405297,12.562842946143974,0,0.5300640080082307,0.7698482779436531,-1.2812090686004254
14.06,0.02,733.3242218486188,311.8534523992975,1,-74.31414958260538,255.3756299787527,8.630025949728147,25.45538032377588,16.340439461599022,-102.34268439370648,0,-46.142419609324406,17.08926129712421,0,0.5375699899812239,0.5250595306609752,-2.0468536878741297
14.08,0.02,776.9935882763552,259.9870966675439,1,-74.12784970478319,255.89473887556147,9.314993891109925,25.955444840438158,16.918038383435967,28.87994609184723,0,43.66936642773646,-51.86635573175363,0,0.5515266913056762,0.8480834873675281,0.5775989218369446
14.1,0.02,761.7095307657963,280.818492116705,1,-73.9293788738844,256.42176592315855,9.923541544938903,26.351352379854628,16.683369900682244,-11.733424137686121,0,-15.28405751055891,20.831395449161107,0,0.5631591068397472,0.7259979523025927,-0.23466848275372243
14.120000000000001,0.02,766.9270764203901,294.0924347230223,1,-73.71821533534359,256.95538372728333,10.55817692704085,26.68089020623952,15.691221623042846,-49.6074138819699,0,5.217545654593778,13.273942606317291,0,0.5738797791245472,0.7150924746032259,-0.992148277639398
14.14,0.02,797.6960445720936,315.47744425506676,1,-73.49128219234557,257.4934537869826,11.346657149901322,26.903502984964174,13.728682582488457,-98.12695202771948,0,30.76896815170346,21.385009532044478,0,0.5839674995543519,0.8193030642525448,-1.9625390405543897
14.16,0.02,772.9480413907718,264.21946983025356,1,-73.25105424520846,258.0411018996989,12.01139735685518,27.382405635812912,14.419197011168698,34.52572143401209,0,-24.748003181321792,-51.2579744248132,0,0.5980200012937715,0.8192846219300147,0.6905144286802418
14.18,0.02,777.4934264093881,285.19269287792105,1,-72.99707695543042,258.59623074312736,12.698864488902121,27.756442171423313,13.9539086008766,-23.26442051460491,0,4.545385018616344,20.97322304766749,0,0.6104690790934674,0.7826329839818125,-0.4652884102920982
14.200000000000001,0.02,743.15683330218,313.0304769454378,1,-72.73278398232216,259.15605653886126,13.214648655413018,27.99128978669611,11.88854406787506,-103.26822665007703,0,-34.33659310720816,27.837784067516736,0,0.6190764873612106,0.5667333666043156,-2.0653645330015404
14.22,0.02,763.4485436883828,287.79224073321006,1,-72.45614615484506,259.7231031105219,13.831891373854933,28.35232858303007,11.619069233350313,-13.473741726237343,0,20.291710386202794,-25.23823621222772,0,0.6309281274624873,0.7150787270838351,-0.26947483452474685
14.24,0.02,791.6702685662087,286.73591402746763,1,-72.16434130051134,260.29747609077975,14.590242716685975,28.718649012892737,11.19339655211886,-21.28363406157261,0,28.221724877825977,-1.0563267057424355,0,0.6442471524679192,0.8421920306607117,-0.4256726812314522
14.26,0.02,788.3017642247468,308.0728045393706,1,-71.85770626975514,260.8770417905837,15.331751537809705,28.97828499019587,9.780652617826714,-70.63719671460733,0,-3.3685043414619713,21.336890511902993,0,0.6556839501437264,0.7856501591131118,-1.4127439342921466
14.280000000000001,0.02,754.6556926405624,287.8056420942452,1,-71.5396056697349,261.46382692617817,15.905030001012516,29.339256779724646,9.729175683826787,-2.5738466999963627,0,-33.64607158418437,-20.26716244512545,0,0.6674614498889614,0.6774576217061729,-0.051476933999927255
14.3,0.02,824.3686269598348,297.9809148374563,1,-71.20306820701866,262.05681397028894,16.82687313581169,29.64935220553735,8.859664900092227,-43.47553918672799,0,69.71293431927245,10.17527274321111,0,0.6818292295690409,0.972601633910993,-0.8695107837345599
14.32,0.02,819.4820951286098,316.47963433976287,1,-70.84858253478957,262.6541530509657,17.72428361145474,29.866954033838535,7.331435931461479,-76.41144843153738,0,-4.8865318312250565,18.498719502306585,0,0.6946035337654618,0.923415463090099,-1.5282289686307475
14.34,0.02,808.5456333183674,285.84598860047197,1,-70.47724229922864,263.2589075327824,18.56701177804658,30.237724090836164,7.192541014945442,-6.94474582580189,0,-10.93646181024235,-30.6336457392909,0,0.7096629860883629,0.9206851785128662,-0.1388949165160378
14.36,0.02,818.0361313370784,328.024596027589,0,-70.12446907544575,263.8477253249628,17.63866118914425,29.44088960901944,7.192541014945442,0.0,0,9.490498018710923,42.178607427117015,1,0.6864075610061287,1.2234296086524263,0.0
14.38,0.02,821.2661903762806,327.4899120441607,0,-69.78933451285201,264.4209251612996,16.756728129687037,28.65999181683905,7.192541014945442,0.0,0,3.230059039202274,-0.5346839834282946,0,0.6639828517524969,1.1779674372391498,0.0
14.4,0.02,802.3418156998681,302.8338132116344,0,-69.47095667838795,264.97881940090963,15.918891723202684,27.894711980502265,7.192541014945442,0.0,0,-18.924374676412526,-24.65609883252631,0,0.6423475913149356,1.13473480246896,0.0
14.42,0.02,787.8331449378016,290.4051311641286,0,-69.1684977356471,265.52171415572747,15.12294713704255,27.144737740892218,7.192541014945442,0.0,0,-14.508670762066458,-12.428682047505788,0,0.6214628925789824,1.0936128859501866,0.0
14.44,0.02,783.495286061291,313.77747977785424,0,-68.88116174004328,266.04990941544895,14.366799780190421,26.409762986074373,7.192541014945442,0.0,0,-4.337858876510609,23.37234861372565,0,0.6012921143353545,1.0544888408579827,0.0
14.46,0.02,787.2884182938318,309.538684925199,0,-68.60819254421966,266.563699169976,13.6484597911809,25.689487726352883,7.192541014945442,0.0,0,3.7931322325407564,-4.238794852655246,0,0.5818007336928841,1.0172555183320753,0.0
14.48,0.02,829.7408570807354,310.7685770810998,0,-68.34887180818723,267.0633715294125,12.966036801621854,24.983617971825822,7.192541014945442,0.0,0,42.4524387869036,1.2298921559008136,0,0.5629562246935644,0.9818112074298185,0.0
14.5,0.02,826.5653721658471,292.04332674696536,0,-68.1025171089564,267.5492088416603,12.317734961540761,24.291865612389305,7.192541014945442,0.0,0,-3.1754849148883295,-18.725250334134444,0,0.544727942926794,0.9480593877170982,0.0
14.52,0.02,807.0933942295618,334.33632521500215,0,-67.86848014468713,268.0214878076631,11.701848213463723,23.613948300141516,7.192541014945442,0.0,0,-19.47197793628527,42.292998468036785,0,0.5270870159405098,0.9159084936292358,0.0
14.540000000000001,0.02,837.658599596345,288.8865514229299,0,-67.64614502863131,268.48047959434587,11.116755802790536,22.949589334138683,7.192541014945442,0.0,0,30.565205366783175,-45.44977379207222,0,0.5100062392498594,0.8852716897855232,0.0
14.56,0.02,808.5224776262728,333.67655881624506,0,-67.4349266683783,268.92644994529496,10.560918012651008,22.29851754745591,7.192541014945442,0.0,0,-29.136121970072168,44.790007393315136,0,0.4934599777425036,0.8560666564943953,0.0
14.58,0.02,808.8114238510234,303.49426208977695,0,-67.23426922613793,269.3596592892251,10.032872112018458,21.66046719650679,7.192541014945442,0.0,0,0.28894622475058895,-30.18229672646811,0,0.4774240722825035,0.8282153847406691,0.0
14.6,0.02,828.0516848358812,325.68987198574257,0,-67.04364465600958,269.7803628462766,9.531228506417534,21.035177852576652,7.192541014945442,0.0,0,19.240260984857855,22.195609895965617,0,0.46187575131459696,0.8016439800016448,0.0
14.620000000000001,0.02,809.008281513072,313.96803889623646,0,-66.86255131438764,270.1888107321871,9.054667081096657,20.422394295525116,7.192541014945442,0.0,0,-19.04340332280924,-11.721833089506106,0,0.44679354727274007,0.7762824742943764,0.0
14.64,0.02,804.1573461716857,279.33136657028484,0,-66.6905126398468,270.5852480603794,8.601933727041823,19.82186640961461,7.192541014945442,0.0,0,-4.8509353413862755,-34.63667232595162,0,0.4321572175979629,0.7520646459114272,0.0
14.66,0.02,835.1476547611869,315.05784437051193,0,-66.52707589903301,270.96991504200787,8.17183704068973,19.23334908142232,7.192541014945442,0.0,0,30.990308589501183,35.72647780022709,0,0.4179476701729451,0.7289278463563075,0.0
14.68,0.02,830.0340007730547,305.47286644543505,0,-66.3718109952599,271.34304708400373,7.763245188655244,18.65660209979387,7.192541014945442,0.0,0,-5.113653988132228,-9.584977925076885,0,0.4041468929828239,0.7068128340420109,0.0
14.700000000000001,0.02,818.5116829266312,330.54135301793843,0,-66.22430933667546,271.7048748851597,7.375082929222481,18.09139005779799,7.192541014945442,0.0,0,-11.522317846423448,25.06848657250339,0,0.39073788781552204,0.6856636143657451,0.0
14.72,0.02,806.613714454486,321.2298044887695,0,-66.08418276102023,272.05562453029256,7.006328782761357,17.53748225664203,7.192541014945442,0.0,0,-11.897968472145294,-9.311548529168931,0,0.37770460781632215,0.6654272858199494,0.0
14.74,0.02,816.9560608873584,347.1762638425211,0,-65.95106251414776,272.39551758252276,6.6560123436232885,16.99465261150919,7.192541014945442,0.0,0,10.342346432872432,25.946459353751607,0,0.3650318987181044,0.6460538918429497,0.0
14.76,0.02,852.7552123428402,318.8242795939595,0,-65.82459827961893,272.72477117370835,6.323211726442124,16.462679559279003,7.192541014945442,0.0,0,35.79915145548182,-28.35198424856162,0,0.35270544356952216,0.6274962781525191,0.0
14.780000000000001,0.02,828.5803934588849,338.7814218294394,0,-65.70445725681653,273.0435980930702,6.0070511401200175,15.94134596809342,7.192541014945442,0.0,0,-24.174818883955254,19.95714223547992,0,0.34071171079049506,0.6097099553410574,0.0
14.8,0.02,796.0963850982544,326.9870384371886,0,-65.59032328515424,273.35220687404484,5.706698583114016,15.430439048731552,7.192541014945442,0.0,0,-32.48400836063058,-11.794383392250836,0,0.3290379053878898,0.5926529665427133,0.0
14.82,0.02,806.2443010402843,307.92336511038945,0,-65.48189601207507,273.6508018794,5.4213636539583145,14.929750267756921,7.192541014945442,0.0,0,10.147915942029954,-19.06367332679912,0,0.31767192316983417,0.576285760009868,0.0
14.84,0.02,799.8448490377554,314.12681341293614,0,-65.37889010264986,273.939583384648,5.1502954712603985,14.439075262401783,7.192541014945442,0.0,0,-6.39945200252896,6.20344830254669,0,0.30660230780252967,0.5605710664593879,0.0
14.86,0.02,826.4318999336932,322.11844715279676,0,-65.28103448869591,274.2187476597911,4.892780697697378,13.958213757153747,7.192541014945442,0.0,0,26.587050895937864,7.991633739860617,0,0.295818210559254,0.5454737810680005,0.0
14.88,0.02,844.4998590004564,309.84461227013907,0,-65.18807165543966,274.48848704943134,4.648141662812509,13.486969482010672,7.192541014945442,0.0,0,18.067959066763137,-12.273834882657695,0,0.2853093526166099,0.5309608500111119,0.0
14.9,0.02,844.0557057709324,319.9030580662012,0,-65.09975696384622,274.7489900512787,4.415734579671883,13.025150092370458,7.192541014945442,0.0,0,-0.44415322952397673,10.05844579606213,0,0.2750659897601695,0.5170011614509129,0.0
14.92,0.02,795.2172829756606,318.2932519406713,0,-65.01585800683245,275.0004413930892,4.194947850688289,12.572567090523048,7.192541014945442,0.0,0,-48.838422795271754,-1.6098061255298717,0,0.2650788793666701,0.5035654408877639,0.0
14.94,0.02,826.1999711584515,329.09317326049097,0,-64.93615399766936,275.2430221080634,3.9852004581538742,12.129035748712587,7.192541014945442,0.0,0,30.982688182790866,10.799921319819646,0,0.25533924953691345,0.4906261507942414,0.0
14.96,0.02,864.1423001749343,315.34018656592576,0,-64.86043518896444,275.4769096087382,3.7859404352461805,11.694375033738336,7.192541014945442,0.0,0,37.94232901648286,-13.752986694565209,0,0.24583877026128753,0.4781573944540668,0.0
14.98,0.02,822.1021934127099,343.4350807402329,0,-64.78850232069476,275.70227775939946,3.5966434134838714,11.268407533063568,7.192541014945442,0.0,0,-42.04010676222447,28.094894174307115,0,0.23656952650327487,0.4661348239288587,0.0
15.0,0.02,847.2095034820995,302.4520891025443,0,-64.72016609583856,275.9192969470475,3.4168112428096777,10.850959382402296,7.192541014945442,0.0,0,25.107310069389655,-40.9829916376886,0,0.22752399309743854,0.4545355520747618,0.0
15.02,0.02,828.6478603119697,326.3224370321953,0,-64.65524668222518,276.12813415094257,3.2459706806691937,10.44186019475425,7.192541014945442,0.0,0,-18.561643170129855,23.870347929651018,0,0.2186950113619953,0.44333806852871055,0.0
15.040000000000001,0.02,855.0285697069644,327.55758369322933,0,-64.59357323929247,276.32895301075973,3.0836721466357337,10.040942990859165,7.192541014945442,0.0,0,26.38070939499471,1.2351466610340367,0,0.21007576733512034,0.4325221595808285,0.0
15.06,0.02,838.4887175963117,336.2999968655231,0,-64.53498346850638,276.5219138933806,2.929488539303947,9.648044131041981,7.192541014945442,0.0,0,-16.539852110652646,8.742413172293766,0,0.2016597715524586,0.4220688318455716,0.0
15.08,0.02,825.7829087598718,351.9414265320631,0,-64.4793231862596,276.707173958349,2.7830141123387495,9.263003248421143,7.192541014945442,0.0,0,-12.705808836439928,15.641429666539977,0,0.19344084028946215,0.41196023963996503,0.0
15.1,0.02,804.5922797040367,333.07541389642904,0,-64.42644591812517,276.88488722201805,2.643863406721812,8.88566318345272,7.192541014945442,0.0,0,-21.190629055835075,-18.866012635634036,0,0.18541307820448052,0.4021796159728444,0.0
15.120000000000001,0.02,824.8784778723228,335.92212316101006,0,-64.37621251339745,277.05520462041375,2.5116702363857213,8.515869919783666,7.192541014945442,0.0,0,20.28619816828609,2.8467092645810226,0,0.177570862324924,0.39271120704471535,0.0
15.14,0.02,833.7795786331203,333.2297752178942,0,-64.32849077890612,277.2182740708415,2.386086724566435,8.153472521387993,7.192541014945442,0.0,0,8.901100760797476,-2.6923479431158626,0,0.16990882733300278,0.383540210153795,0.0
15.16,0.02,858.9080417901747,343.76393403218947,0,-64.28315513113935,277.3742405322607,2.2667823883381133,7.798323070960233,7.192541014945442,0.0,0,25.128463157054398,10.534158814295267,0,0.16242185211991142,0.3746527149001063,0.0
15.18,0.02,820.9056619140978,345.65393406287365,0,-64.24008626576092,277.52324606445154,2.1534432689212077,7.450276609541029,7.192541014945442,0.0,0,-38.00237987607693,1.8900000306841775,0,0.15510504759179425,0.36603564757633816,0.0
15.200000000000001,0.02,816.5172395190159,312.5232204183855,0,-64.19917084365142,277.66542988599855,2.045771105475147,7.109191077350208,7.192541014945442,0.0,0,-4.388422395081875,-33.13071364448814,0,0.14795374573193598,0.35767671863157474,0.0
15.22,0.02,860.5937560206555,318.3498187962903,0,-64.16030119264738,277.8009284311146,1.9434825502013897,6.774927255803204,7.192541014945442,0.0,0,44.07651650163962,5.826598377904816,0,0.14096348994593563,0.3495643730919953,0.0
15.24,0.02,841.2329368698179,347.2711666451476,0,-64.12337502419355,277.92987540532835,1.8463084226913202,6.44734871068714,7.192541014945442,0.0,0,-19.360819150837642,28.921347848857295,0,0.13413002674854407,0.34168774382131495,0.0
15.26,0.02,803.603354534011,339.62384673464254,0,-64.08829516416242,278.0524018400578,1.7539930015567542,6.126321736473398,7.192541014945442,0.0,0,-37.629582335806845,-7.647319910505075,0,0.12744929888909262,0.33403660750295483,0.0
15.280000000000001,0.02,821.834060130673,321.7433660060364,0,-64.05496929713284,278.1686361460927,1.6662933514789164,5.81171530174393,7.192541014945442,0.0,0,18.230705596662006,-17.88048072860613,0,0.12091744006833952,0.3266013432259,0.0
15.3,0.02,855.5619994031379,323.60256061974985,0,-64.02330972345474,278.2787041660069,1.5829786839049707,5.503400995709051,7.192541014945442,0.0,0,33.72793927246482,1.8591946137134414,0,0.11453077146911442,0.3193728935566164,0.0
15.32,0.02,837.7885679497819,340.8085912284215,0,-63.99323312846055,278.3827292255228,1.503829749709722,5.20125297579487,7.192541014945442,0.0,0,-17.77343145335601,17.206030608671654,0,0.10828580042521409,0.3123427279805059,0.0
15.34,0.02,830.9078186759718,338.37702774338123,0,-63.96466036321607,278.48083218384835,1.4286382622242357,4.905147916278973,7.192541014945442,0.0,0,-6.880749273810011,-2.4315634850402716,0,0.10217922169377046,0.30550280859788,0.0
15.36,0.02,811.4903355525286,336.04820682236834,0,-63.93751623623381,278.57313148300744,1.357206349113024,4.614964957953394,7.192541014945442,0.0,0,-19.417483123443276,-2.328820921012891,0,0.09620792199652242,0.2988455579614874,0.0
15.38,0.02,831.8150884938397,368.1550675762352,0,-63.91172931560067,278.65974319618334,1.2893460316573726,4.330585658794326,7.192541014945442,0.0,0,20.32475294131109,32.10686075386684,0,0.09036898879042632,0.2923638289450053,0.0
15.4,0.02,847.8443171807371,348.3446540665476,0,-63.88723174099918,278.7407810750957,1.2248787300745039,4.051893945618439,7.192541014945442,0.0,0,16.029228686897454,-19.810413509687578,0,0.08465972466272872,0.2860508765347297,0.0
15.42,0.02,830.2938091105734,365.1392539003656,0,-63.863959045127764,278.81635659642984,1.1636347935707787,3.77877606670607,7.192541014945442,0.0,0,-17.550508070163687,16.794599833817983,0,0.07907766940199354,0.27990033143971776,0.0
15.44,0.02,838.4379657822404,340.1100230175949,0,-63.84184998404992,278.8865790073373,1.1054530538922398,3.5111205453719485,7.192541014945442,0.0,0,8.14415667166702,-25.029230882770662,0,0.07362063281034872,0.2739061754189958,0.0
15.46,0.02,877.9302787470315,360.783035858224,0,-63.82084637602597,278.95155537002654,1.0501804011976277,3.2488181344645093,7.192541014945442,0.0,0,39.49231296479104,20.6730128406291,0,0.06828674291801289,0.26806271822794436,0.0
15.48,0.02,846.1361224550596,348.7388965430104,0,-63.80089294840322,279.01139060546205,0.9976713811377462,2.9917617717752187,7.192541014945442,0.0,0,-31.79415629197183,-12.044139315213613,0,0.06307451683144186,0.2623645760896412,0.0
15.5,0.02,824.537582158507,380.9851354687218,0,-63.7819371921616,279.06618753618886,0.9477878120808588,2.739846536339714,7.192541014945442,0.0,0,-21.598540296552642,32.246238925711395,0,0.057982965703474554,0.25680665160073063,0.0
15.52,0.02,825.087417892805,342.4942116408125,0,-63.76392922373206,279.1160469283011,0.9003984214768158,2.4929696056129194,7.192541014945442,0.0,0,0.5498357342979716,-38.490923827909285,0,0.053011752553195256,0.25138411498522556,0.0
15.540000000000001,0.02,865.2797983396441,353.08543260353815,0,-63.746821653724005,279.1610675325711,0.855378500402975,2.251030213500661,7.192541014945442,0.0,0,40.19238044683914,10.591220962725629,0,0.04816143436835339,0.24609238661353192,0.0
15.56,0.02,851.2929841015205,346.8749628168056,0,-63.73056946221635,279.20134612475573,0.8126095753828262,2.0139296092306473,7.192541014945442,0.0,0,-13.986814238123657,-6.210469786732574,0,0.04343384299341252,0.24092712070787015,0.0
15.58,0.02,851.2478385156056,349.03656142826645,0,-63.715129880284074,279.23697754509664,0.7719790966136848,1.7815710170460344,7.192541014945442,0.0,0,-0.04514558591483819,2.1615986114608745,0,0.03883270278713295,0.2358841901591222,0.0
15.6,0.02,852.761147123996,333.99251536912163,0,-63.700462277448416,279.26805473703075,0.7333801417830005,1.5538595967051136,7.192541014945442,0.0,0,1.513308608390389,-15.044046059144819,0,0.03436466835944315,0.23095967238394824,0.0
15.620000000000001,0.02,848.3963969657215,357.29936385414123,0,-63.68652805475454,279.2946687851262,0.6967111346938504,1.3307024047710114,7.192541014945442,0.0,0,-4.364750158274546,23.3068484850196,0,0.03004114042623699,0.2261498361547447,0.0
15.64,0.02,813.8505399406089,341.63074546300686,0,-63.67329054319536,279.3169089522597,0.6618755779591579,1.1120083566755912,7.192541014945442,0.0,0,-34.54585702511258,-15.668618391134373,0,0.025881590878594207,0.2214511293386827,0.0
15.66,0.02,822.8155167337868,331.8654257548647,0,-63.660714907214135,279.33486271605057,0.6287817990611999,0.8976881895420794,7.192541014945442,0.0,0,8.964976793177925,-9.765319708142158,0,0.02191995106266339,0.21686016748560197,0.0
15.68,0.02,877.6501215128901,331.70289918225,0,-63.64876805303197,279.3486158045656,0.5973427091081399,0.6876544257512378,7.192541014945442,0.0,0,54.8346047791033,-0.16252657261469494,0,0.018217430349874962,0.21237372320798928,0.0
15.700000000000001,0.02,871.2287842276534,359.5201985726006,0,-63.637418541558915,279.35825223131036,0.5674755736527329,0.481821337236213,7.192541014945442,0.0,0,-6.421337285236746,27.81729939035057,0,0.014888657799947967,0.20798871629957635,0.0
15.72,0.02,841.032686074146,361.1942130317602,0,-63.62663650565951,279.36385432952017,0.5391017949700962,0.2801049104914887,7.192541014945442,0.0,0,-30.196098153507364,1.6740144591596504,0,0.012150547415171672,0.20370220454229496,0.0
15.74,0.02,857.6972370668918,360.56981296164224,0,-63.61639357155508,279.3655027857658,0.5121467052215914,0.08242281228165894,7.192541014945442,0.0,1,16.66455099274583,-0.6244000701179857,0,0.010374734071843514,0.19951137515437745,0.0
15.76,0.02,865.0084606104238,366.77177067484365,0,-63.606662784155866,279.3632766728865,0.48653936996051184,-0.11130564396397424,7.192541014945442,0.0,0,7.3112235435319235,6.201957713201409,0,0.009982174210058117,0.19541353683532145,0.0
15.780000000000001,0.02,840.155177810799,368.48940751496286,0,-63.59741853612662,279.3572534822648,0.4622124014624862,-0.3011595310846948,7.192541014945442,0.0,0,-24.853282799624708,1.7176368401192121,0,0.011033356102819872,0.19140611236622312,0.0
15.8,0.02,841.030955394088,353.18965052018774,0,-63.58863650049883,279.34750915545555,0.4391017813893619,-0.4872163404630009,7.192541014945442,0.0,0,0.8757775832889365,-15.299756994775123,0,0.013117776287668286,0.18748663172663704,0.0
15.82,0.02,828.9369362857126,388.25585172712977,0,-63.58029356665243,279.3341181151825,0.41714669231989376,-0.669552013653741,7.192541014945442,0.0,0,-12.094019108375392,35.066201206942026,0,0.01577734149849764,0.18365272569163965,0.0
15.84,0.02,852.3565957740386,334.34461430697115,0,-63.57236777949835,279.3171532957149,0.39628935770389906,-0.8482409733806661,7.192541014945442,0.0,0,23.419659488326033,-53.91123742015861,0,0.018724935289076986,0.17990211987515387,0.0
15.860000000000001,0.02,875.9644230520433,364.8934403695919,0,-63.564838281701974,279.2966861726366,0.3764748898187041,-1.0233561539130527,7.192541014945442,0.0,0,23.60782727800472,30.54882606262072,0,0.021808174251114084,0.17623262918785437,0.0
15.88,0.02,859.5962198922108,375.6849681330277,0,-63.557685258795416,279.27278679201993,0.35765114532776887,-1.1949690308347916,7.192541014945442,0.0,0,-16.368203159832547,10.791527763435852,0,0.024946866147130077,0.17264215268009117,0.0
15.9,0.02,811.3628227660868,402.8128763347905,0,-63.55088988703419,279.2455237990156,0.33976858806138044,-1.3631496502180958,7.192541014945442,0.0,0,-48.23339712612403,27.12790820176275,0,0.028097114886196265,0.1691286687422848,0.0
15.92,0.02,845.8421238921604,355.32024690637866,0,-63.54443428386102,279.21496446587133,0.3227801586583114,-1.5279666572137338,7.192541014945442,0.0,0,34.479301126073665,-47.49262942841182,0,0.03123375825210392,0.16569023063712376,0.0
15.94,0.02,808.0665460571504,385.8938344815625,0,-63.53830146084651,279.18117471938996,0.30664115072539583,-1.689487324069459,7.192541014945442,0.0,0,-37.77557783501004,30.573587575183865,0,0.034341789199209,0.1623249623396749,0.0
15.96,0.02,828.5970365506164,361.206636693532,0,-63.53247527898273,279.1442191678382,0.291309093189126,-1.8477775775880698,7.192541014945442,0.0,0,20.530490493466004,-24.687197788030517,0,0.037411992537239494,0.1590310546631744,0.0
15.98,0.02,834.3328001459586,357.10282054447583,0,-63.526940406212134,279.10416112731747,0.2767436385296697,-2.0029020260363084,7.192541014945442,0.0,0,5.735763595342178,-4.103816149056172,0,0.040438613069010455,0.1558067616498299,0.0
16.0,0.02,800.6328969567132,368.8953288686292,0,-63.52168227708007,279.0610626476072,0.26290645660318623,-2.154923985515582,7.192541014945442,0.0,0,-33.69990318924533,11.792508324153346,0,0.04341804780627758,0.15265039720742477,0.0
16.02,0.02,819.0999754689378,386.1908595691023,0,-63.516687054404606,279.01498453749105,0.24976113377302692,-2.303905505805271,7.192541014945442,0.0,0,18.46707851222459,17.295530700473137,0,0.046348079587523405,0.1495603319738761,0.0
16.04,0.02,859.0480441145494,391.34220413520063,0,-63.51194159286292,278.96598638957727,0.23727307708437556,-2.4499073956891655,7.192541014945442,0.0,0,39.948068645611556,5.151344566098317,0,0.049227410090559615,0.14653499039317489,0.0
16.06,0.02,852.9639416334578,396.807595210875,0,-63.50743340439831,278.91412660462174,0.22540942323015678,-2.592989247775382,7.192541014945442,0.0,0,-6.084102481091577,5.465391075674347,0,0.05205536532256484,0.14357284798733608,0.0
16.080000000000002,0.02,839.6372046786558,381.63088151944623,0,-63.50315062535694,278.85946241536533,0.21413895206864894,-2.733209462819875,7.192541014945442,0.0,0,-13.326736954801959,-15.176713691428745,0,0.05483170418086859,0.14067242881007688,0.0
16.1,0.02,823.1552234823843,361.7228565308825,0,-63.49908198526764,278.80204990989404,0.20343200446521648,-2.8706252735634776,7.192541014945442,0.0,0,-16.48198119627159,-19.90802498856374,0,0.057556490656287124,0.13783230306899869,0.0
16.12,0.02,840.1243671777241,387.2373935341828,0,-63.4952167771828,278.7419440545322,0.19326040424195565,-3.0052927680922084,7.192541014945442,0.0,0,16.96914369533988,25.51453700330029,0,0.06023000649440312,0.13505108490400053,0.0
16.14,0.02,812.0921533008637,398.37199919064693,0,-63.4915448295022,278.6791987162776,0.18359738402985787,-3.1372669127303645,7.192541014945442,0.0,0,-28.032213876860396,11.134605656464146,0,0.0628526902563055,0.13232743031054586,0.0
16.16,0.02,812.7329190847188,360.65335327879626,0,-63.48805647920564,278.6138666847881,0.17441751482836496,-3.2666015744757573,7.192541014945442,0.0,0,0.6407657838550449,-37.71864591185067,0,0.06542509401091517,0.12966003519724834,0.0
16.18,0.02,859.1264886461197,390.503479157808,0,-63.4847425464239,278.54599969392837,0.1656966390869467,-3.3933495429862424,7.192541014945442,0.0,0,46.39356956140091,29.850125879011728,0,0.06794785205461727,0.1270476335680133,0.0
16.2,0.02,831.8975837621541,377.0022442587535,0,-63.48159431028125,278.4756484428858,0.15741180713259936,-3.5175625521265177,7.192541014945442,0.0,0,-27.228904883965583,-13.50123489905451,0,0.07042165799001143,0.1244889958196864,0.0
16.22,0.02,852.0437515634846,367.6134779474688,0,-63.47860348594573,278.4028626168641,0.14954121677596938,-3.6392913010839876,7.192541014945442,0.0,0,20.146167801330535,-9.388766311284655,0,0.07284724771647257,0.12198292714684543,0.0
16.240000000000002,0.02,828.7352651930122,384.64374282629376,0,-63.47576220282699,278.32769090736286,0.1420641559371709,-3.758585475062308,7.192541014945442,0.0,0,-23.30848637047245,17.030264878824937,0,0.07522538666635759,0.11952826604597266,0.0
16.26,0.02,832.3396469910339,388.5962920970651,0,-63.47306298386419,278.25018103205167,0.13496094814031234,-3.8754937655610617,7.192541014945442,0.0,0,3.6043817980216772,3.9525492707713283,0,0.07755686013349108,0.11712388291183996,0.0
16.28,0.02,816.8720586147078,404.2649167340339,0,-63.470498725849524,278.17037975424665,0.12821290073329672,-3.9900638902498407,7.192541014945442,0.0,0,-15.467588376326034,15.668624636968786,0,0.07984246588426121,0.11476867871945585,0.0
16.3,0.02,799.6388874412946,380.60566357419503,0,-63.46806268073559,278.0883329019978,0.12180225569663188,-4.102342612444844,7.192541014945442,0.0,0,-17.23317117341321,-23.65925315983884,0,0.08208300847158673,0.11246158378543727,0.0
16.32,0.02,858.0771016716949,395.66838616208355,0,-63.46574843787736,278.00408538679386,0.11571214291180028,-4.212375760195947,7.192541014945442,0.0,0,58.43821423040026,15.062722587888516,0,0.08427929483592282,0.11020155660310758,0.0
16.34,0.02,828.1744127147152,384.15200972524383,0,-63.46354990716203,277.91768122189404,0.10992653576621025,-4.320208244992028,7.192541014945442,0.0,0,-29.90268895697966,-11.516376436839721,0,0.0864321308851124,0.10798758274607359,0.0
16.36,0.02,838.0356033363079,371.99199583852277,0,-63.46146130298248,277.8291635402922,0.10443020897789973,-4.425884080092187,7.192541014945442,0.0,0,9.861190621592641,-12.16001388672106,0,0.0885423188288182,0.10581867383538686,0.0
16.38,0.02,847.9922768396042,379.67162515140643,0,-63.4594771290119,277.7385746123224,0.09920869852900474,-4.529446398490343,7.192541014945442,0.0,0,9.956673503296315,7.679629312883662,0,0.09061065509675964,0.10369386656581457,0.0
16.4,0.02,844.1991008349112,388.96554131698093,0,-63.457592163739854,277.645955862912,0.0942482636025545,-4.630937470520536,7.192541014945442,0.0,0,-3.7931760046930094,9.293916165574501,0,0.0926379287140226,0.10161222178703362,0.0
16.42,0.02,846.6770145958866,388.00596148868397,0,-63.45580144673141,277.5513478884898,0.08953585042242677,-4.730398721110125,7.192541014945442,0.0,0,2.4779137609754116,-0.9595798282969668,0,0.09462492003525971,0.09957282363589594,0.0
16.44,0.02,813.3636312117152,389.32915352556773,0,-63.45410026557338,277.454790473556,0.08505905790130543,-4.827870746687922,7.192541014945442,0.0,0,-33.3133833841714,1.3231920368837677,0,0.09657239976322095,0.09757477871620292,0.0
16.46,0.02,808.9235596559066,389.4730953551197,0,-63.45248414347326,277.3563226069209,0.08080610500624015,-4.923393331754164,7.192541014945442,0.0,0,-4.440071555808572,0.1439418295519772,0,0.09848112819370838,0.09561721532268652,0.0
16.48,0.02,827.808043970144,391.38890521738284,0,-63.450948827478136,277.2559824976185,0.07676579975592814,-5.01700546511908,7.192541014945442,0.0,0,18.884484314237397,1.9158098622631314,0,0.10035185464167605,0.09369928270614801,0.0
16.5,0.02,834.8167504083126,384.2930287082925,0,-63.44949027728277,277.1538075905022,0.07292750976813173,-5.108745355816699,7.192541014945442,0.0,0,7.008706438168588,-7.095876509090317,0,0.10218531701227138,0.0918201503769264,0.0
16.52,0.02,827.2043369437648,378.5302215387213,0,-63.448104654597174,277.0498345815282,0.06928113427972514,-5.198650448700365,7.192541014945442,0.0,0,-7.612413464547785,-5.762807169571204,0,0.10398224149021927,0.08997900744408699,0.0
16.54,0.02,817.4118124569846,388.2939809486148,0,-63.44678831304586,276.9440994327337,0.06581707756573887,-5.286757439726357,7.192541014945442,0.0,0,-9.792524486780167,9.763759409893453,0,0.1057433423231768,0.08817506198791163,0.0
16.56,0.02,830.9977736744739,397.64021501146067,0,-63.44553778857211,276.8366373869151,0.06252622368745192,-5.37310229093183,7.192541014945442,0.0,0,13.585961217489285,9.346234062845895,0,0.10746932168291586,0.08640754046345414,0.0
16.580000000000002,0.02,888.8273217526557,404.04342958829056,0,-63.44434979032205,276.7274829820128,0.05939991250307932,-5.457720245113193,7.192541014945442,0.0,0,57.8295480781818,6.403214576829896,0,0.10916086958891348,0.08467568713308901,0.0
16.6,0.02,802.710498515996,399.3952713282153,0,-63.44322119198449,276.6166700652086,0.056429916877925354,-5.540645840210929,7.192541014945442,0.0,0,-86.11682323665968,-4.648158260075263,0,0.1108186638832269,0.08297876352614006,0.0
16.62,0.02,847.6357195354153,404.06672795044483,0,-63.442149023563815,276.50423180674045,0.05360842103402908,-5.62191292340671,7.192541014945442,0.0,0,44.92522101941927,4.6714566222295275,0,0.11244337024687141,0.08131604792380881,0.0
16.64,0.02,836.88811519117,409.40202088165864,0,-63.44113046356417,276.3902007134417,0.050927999982327624,-5.701554664938576,7.192541014945442,0.0,0,-10.74760434424536,5.335292931213814,0,0.1140356422500619,0.07968683486776794,0.0
16.66,0.02,822.4448186726304,404.0515980618896,0,-63.44016283156451,276.2746086420089,0.04838159998321124,-5.779603571639804,7.192541014945442,0.0,0,-14.443296518539569,-5.350422819769051,0,0.11559612143064808,0.07809043469089193,0.0
16.68,0.02,796.7020547379885,395.5291334100669,0,-63.439243581164824,276.1574868120048,0.045962519984050675,-5.8560915002070075,7.192541014945442,0.0,0,-25.742763934641857,-8.522464651822702,0,0.11712543739432549,0.07652617306872209,0.0
16.7,0.02,809.3459505714877,401.76758009222095,0,-63.438370293285125,276.0388658186007,0.043664393984848136,-5.931049670202867,7.192541014945442,0.0,0,12.643895833499187,6.238446682154063,0,0.11862420793367334,0.07499339059034743,0.0
16.72,0.02,753.5733112990547,387.26239289419567,0,-63.43754066979941,275.9187756450647,0.04148117428560573,-6.004508676798809,7.192541014945442,0.0,0,-55.772639272433025,-14.505187198025283,0,0.12009303916142523,0.07349144234751306,0.0
16.740000000000002,0.02,827.1096325857852,406.510382473088,0,-63.43675252748798,275.7972456749995,0.03940711557132544,-6.076498503262833,7.192541014945442,0.0,0,73.53632128673053,19.247989578892316,0,0.12153252565614303,0.07201969754081543,0.0
16.76,0.02,820.1673758515747,412.57051708327776,0,-63.43600379229213,275.67430470433555,0.037436759792759164,-6.147048533197576,7.192541014945442,0.0,0,-6.942256734210559,6.0601346101897775,0,0.12294325061663028,0.07057753910194944,0.0
16.78,0.02,814.6198557007828,441.4368661970643,0,-63.43529249385607,275.54998095308486,0.0355649218031212,-6.216187562533624,7.192541014945442,0.0,0,-5.547520150791911,28.866349113786555,0,0.12432578602410249,0.06916436333105634,0.0
16.8,0.02,800.1348205194977,395.4688756013068,0,-63.43461676034181,275.4243020768592,0.03378667571296514,-6.283943811282951,7.192541014945442,0.0,0,-14.48503518128507,-45.9679905957575,0,0.1256806928097068,0.06777957954825214,0.0
16.82,0.02,796.8136925266413,408.93122472315747,0,-63.43397481350326,275.29729517815804,0.032097341927316884,-6.350344935057292,7.192541014945442,0.0,0,-3.321127992856418,13.46234912185065,0,0.12700852102685373,0.06642260975853537,0.0
16.84,0.02,800.7896242123893,369.21273899804385,0,-63.43336496400664,275.1689868174309,0.03049247483095104,-6.4154180363561455,7.192541014945442,0.0,0,3.975931685748037,-39.718485725113624,0,0.12830981002595268,0.06509288832927812,0.0
16.86,0.02,800.6515771164196,399.4952991088373,0,-63.43278560698486,275.0394030239183,0.028967851089403487,-6.479189675629022,7.192541014945442,0.0,0,-0.13804709596968223,30.28256011079344,0,0.12958508863166746,0.06378986167960522,0.0
16.88,0.02,804.0225993327768,382.96309168661656,0,-63.43223521781416,274.908569306276,0.027519458534933313,-6.541685882116441,7.192541014945442,0.0,0,3.3710222163572325,-16.532207422220722,0,0.1308348753213198,0.06251298798097894,0.0
16.9,0.02,806.4303650486272,407.2367250699028,0,-63.431712348101996,274.7765106629865,0.026143485608186644,-6.602932164474113,7.192541014945442,0.0,0,2.40776571585036,24.27363338328621,0,0.1320596784041159,0.061261736868380746,0.0
16.92,0.02,805.5790788629793,400.78280602277295,0,-63.43121562187544,274.64325159256276,0.024836311327777312,-6.66295352118463,7.192541014945442,0.0,0,-0.8512861856479503,-6.45391904712983,0,0.1332599961996768,0.06003558916151726,0.0
16.94,0.02,806.601224761884,426.5566199797296,0,-63.43074373196021,274.50881610354753,0.023594495761388445,-6.721774450760937,7.192541014945442,0.0,0,1.022145898904796,25.773813956956644,0,0.13443631721695065,0.05883403659551022,0.0
16.96,0.02,811.5943528273854,419.636188931382,0,-63.430295436540746,274.37322772431264,0.022414770973319023,-6.7794189617457175,7.192541014945442,0.0,0,4.99312806550131,-6.920431048347609,0,0.13558912033171105,0.05765658156056486,0.0
16.98,0.02,791.9655701546903,423.5834013231613,0,-63.42986955589225,274.23650951266245,0.02129403242465307,-6.835910582510802,7.192541014945442,0.0,0,-19.628782672695024,3.947212391779317,0,0.1367188749630172,0.056502736850179605,0.0
17.0,0.02,761.0254632618409,422.4396453214832,0,-63.42946496927618,274.09868406524527,0.020229330803420417,-6.891272370860586,7.192541014945442,0.0,0,-30.940106892849485,-1.1437560016780708,0,0.13782604124793413,0.055372025417429416,0.0
17.02,0.02,798.6770820300396,435.29897876084704,0,-63.42908061199092,273.9597735267764,0.019217864263249396,-6.945526923443373,7.192541014945442,0.0,0,37.65161876819877,12.859333439363809,0,0.13891107021482613,0.054263980138950084,0.0
17.04,0.02,814.9942241014849,419.8239187756637,0,-63.42871547256992,273.81979959907693,0.018256971050086925,-6.998696384974505,7.192541014945442,0.0,0,16.317142071445232,-15.47505998518335,0,0.13997440395450103,0.05317814358622937,0.0
17.06,0.02,809.0168698771073,425.04939377344976,0,-63.428368590119966,273.67878354993144,0.017344122497582576,-7.050802457275015,7.192541014945442,0.0,0,-5.977354224377564,5.22547499778608,0,0.1410164757893127,0.052114067803864274,0.0
17.080000000000002,0.02,803.6176783886339,426.0171999079287,0,-63.42803905179251,273.53674622176885,0.016476916372703446,-7.101866408129514,7.192541014945442,0.0,0,-5.399191488473434,0.9678061344789626,0,0.14203771044013527,0.05107131409444777,0.0
17.1,0.02,825.1786904069957,446.11648158256236,0,-63.427725990381425,273.3937080401695,0.015653070554068272,-7.151909079966924,7.192541014945442,0.0,0,21.561012018361794,20.09928167463363,0,0.1430385241908633,0.05004945280979112,0.0
17.12,0.02,788.2645247934147,417.18281565506163,0,-63.427428582040896,273.2496890222021,0.014870417026364857,-7.2009508983675845,7.192541014945442,0.0,0,-36.91416561358096,-28.933665927500726,0,0.14401932505051404,0.04904806314817976,0.0
17.14,0.02,804.6751797507335,460.6917329278316,0,-63.42714604411739,273.1047087845941,0.014126896175046613,-7.249011880400232,7.192541014945442,0.0,0,16.410654957318798,43.50891727276996,0,0.14498051291314082,0.048066732957408535,0.0
17.16,0.02,837.7563718158214,432.2391452733701,0,-63.426877633090065,272.9587865517382,0.01342055136629428,-7.296111642792227,7.192541014945442,0.0,0,33.08119206508786,-28.452587654461468,0,0.14592247971481767,0.04710505854333743,0.0
17.18,0.02,771.3354768538205,421.5298245426648,0,-63.426622642614106,272.8119411635395,0.012749523797979567,-7.3422694099363826,7.192541014945442,0.0,0,-66.42089496200083,-10.709320730705315,0,0.1468456095883908,0.04616264448373276,0.0
17.2,0.02,760.2054739207979,408.01063252701965,0,-63.426380401661945,272.6641910831047,0.012112047608080588,-7.387504021737654,7.192541014945442,0.0,0,-11.130002933022638,-13.51919201564516,0,0.1477502790155117,0.04523910344717755,0.0
17.22,0.02,798.9186869480283,415.0318004204666,0,-63.42615027275739,272.51555440427865,0.011506445227676559,-7.431833941302901,7.192541014945442,0.0,0,38.71321302723038,7.021167893446943,0,0.14863685697615983,0.04433405601684073,0.0
17.240000000000002,0.02,772.1206297496234,422.7343422600831,0,-63.42593165029806,272.3660488590291,0.01093112296629273,-7.475277262476842,7.192541014945442,0.0,0,-26.798057198404877,7.702541839616515,0,0.14950570509564515,0.043447130518904045,0.0
17.26,0.02,789.1918557224727,404.71450432387616,0,-63.425723958961704,272.21569182468454,0.010384566817978093,-7.517851717227305,7.192541014945442,0.0,0,17.071225972849334,-18.019837936206955,0,0.15035717778869057,0.042577962855478386,0.0
17.28,0.02,768.7522432799492,424.2363584082263,0,-63.42552665219216,272.06450033102686,0.009865338477079188,-7.559574682882759,7.192541014945442,0.0,0,-20.439612442523526,19.52185408435014,0,0.15119162240150996,0.0417261963418203,0.0
17.3,0.02,785.9967586368226,465.60301356965226,0,-63.425339210761095,271.91249106724234,0.009372071553225229,-7.6004631892251036,7.192541014945442,0.0,0,17.24451535687342,41.36665516142597,0,0.15200937935075637,0.04089148154770301,0.0
17.32,0.02,754.7073148733239,426.0418631249207,0,-63.42516114140158,271.75968038873356,0.008903467975563966,-7.640533925440601,7.192541014945442,0.0,0,-31.289443763498753,-39.56115044473154,0,0.15281078226032435,0.0400734761427678,0.0
17.34,0.02,791.7756437940744,449.56812972664824,0,-63.424991975510046,271.6060843237949,0.008458294576785768,-7.6798032469317885,7.192541014945442,0.0,0,37.06832892075056,23.526266601727514,0,0.15359615809563085,0.0392718447457363,0.0
17.36,0.02,767.1479893990384,432.2913283039734,0,-63.424831267913085,271.45171858015505,0.00803537984794648,-7.718287181993152,7.192541014945442,0.0,0,-24.627654395036075,-17.27680142267485,0,0.15436582729483214,0.03848625877732374,0.0
17.38,0.02,773.5480481945198,427.70311225504196,0,-63.42467859569597,271.296598551388,0.007633610855549155,-7.756001438353289,7.192541014945442,0.0,0,6.400058795481414,-4.588216048931429,0,0.15512010389854192,0.03771639631673976,0.0
17.400000000000002,0.02,784.1943762732051,427.8496367879804,0,-63.42453355708972,271.14073932319627,0.007251930312771697,-7.792961409586223,7.192541014945442,0.0,0,10.646328078685315,0.14652453293842882,0,0.15585929567632162,0.036961941961645005,0.0
17.42,0.02,786.5025032916063,452.1767781936648,0,-63.424395770413774,270.9841556795684,0.006889333797133111,-7.829182181394498,7.192541014945442,0.0,0,2.308127018401251,24.327141405684415,0,0.15658370425094512,0.03622258669145948,0.0
17.44,0.02,800.0906600744753,452.6385219453991,0,-63.42426487307163,270.8268621088131,0.006544867107276455,-7.864678537766609,7.192541014945442,0.0,0,13.588156782868964,0.46174375173427507,0,0.1572936252207038,0.03549802773389394,0.0
17.46,0.02,733.5318092122953,457.2136311127526,1,-63.41478079480825,270.6598471749465,0.47420391316875404,-8.350746693330379,2.3722079444405555,-241.0166535252443,0,-66.55885086217995,4.575109167353503,1,0.16728399766555513,0.6745125908508283,-4.820333070504886
17.48,0.02,738.2705434616108,416.1725027278933,1,-63.395469662198714,270.4872149908071,0.965556630476808,-8.631609206969856,-0.0642780112047312,-121.82429778226434,0,4.738734249315485,-41.04112838485929,0,0.17370892562962564,0.5659604618468446,-2.4364859556452867
17.5,0.02,758.8412772259811,426.4425731986453,1,-63.36427440186658,270.30793854934785,1.5597630166067127,-8.963822072963083,-2.3323773885873114,-113.40496886912901,0,20.57073376437029,10.270070470751989,0,0.18197029078803456,0.6807691368217244,-2.26809937738258
17.52,0.02,780.605675442639,455.49629061468033,1,-63.319018573990185,270.1191124788271,2.2627913938199065,-9.441303526036492,-5.037109665954677,-135.2366138683683,0,21.764398216657924,29.053717416035056,0,0.19417356891473195,0.8498455372572776,-2.704732277367366
17.54,0.02,809.6142009007071,436.5295639095262,1,-63.25680132602372,269.92263345191543,3.110862398323441,-9.82395134558412,-6.452847667739862,-70.78690008925923,0,29.008525458068107,-18.966726705154144,0,0.20609462380343468,0.9303997971217473,-1.4157380017851846
17.56,0.02,775.1329495280918,439.9225659155132,1,-63.18107078310444,269.7181621684122,3.7865271459638983,-10.223564175161684,-8.30731502284413,-92.72336775521337,0,-34.48125137261536,3.3930020059870003,0,0.2180449974392882,0.7849925252937314,-1.8544673551042674
17.580000000000002,0.02,752.9723813304057,456.3434920712973,1,-63.09404300205212,269.50405653570186,4.351389052615925,-10.705281635518176,-11.046859576740495,-136.97722769481828,0,-22.160568197686075,16.420926155784116,0,0.23111697608179485,0.7423750300211287,-2.7395445538963656
17.6,0.02,728.6978438468005,450.36900222109483,1,-62.99814543661512,269.2809140027694,4.794878271849928,-11.157126646623638,-14.012633973277199,-148.28871982683518,0,-24.274537483605172,-5.974489850202474,0,0.24287637402649115,0.6331244756267764,-2.9657743965367036
17.62,0.02,774.9719479947914,425.04215599830195,1,-62.88875067637864,269.05126725423713,5.469738011823885,-11.48233742661516,-14.485298952739278,-23.63324897310397,0,46.2741041479909,-25.32684622279288,0,0.25437146592855525,0.7491313102924023,-0.4726649794620794
17.64,0.02,737.2939523116006,422.7408788402064,1,-62.769626520911004,268.8153464178208,5.9562077733818874,-11.7960418208162,-15.499990082008626,-50.734556463467406,0,-37.67799568319083,-2.3012771580955587,0,0.2642900025942155,0.5788465045686468,-1.0146911292693481
17.66,0.02,781.111270881559,467.7742037465943,1,-62.63639123835521,268.56864816102984,6.661764127789681,-12.334912839549176,-17.25371233754136,-87.68611277663662,0,43.81731856995839,45.03332490638792,0,0.2803777281123268,0.8878016355445238,-1.7537222555327325
17.68,0.02,692.092893903659,469.8993343981084,1,-62.49794666640905,268.31095997079905,6.922228597307978,-12.884409511539715,-22.08353398830252,-241.49108253805807,0,-89.01837697789995,2.125130651514098,0,0.29252367918815997,0.6081022384518298,-4.829821650761161
17.7,0.02,796.3080616281652,436.7700390403239,1,-62.34387128830007,268.04559477666425,7.703768905448804,-13.268259706741347,-21.83738527187454,12.307435821399082,0,104.21516772450616,-33.129295357784486,0,0.3068516064771788,0.8707159270423324,0.24614871642798164
17.72,0.02,732.1592172282437,444.01540149430247,1,-62.180579988468274,267.77182804238,8.164564991590023,-13.688336714212866,-23.32931204390281,-74.59633860141359,0,-64.14884439992147,7.245362453978544,0,0.3187668009712268,0.6235364666234787,-1.4919267720282718
17.740000000000002,0.02,738.2349625376576,436.5527862280227,1,-62.00746519238271,267.4904060294729,8.655739804278312,-14.071100645352985,-24.085279700607128,-37.79838283521588,0,6.075745309413833,-7.4626152662797836,0,0.3304044218414857,0.6227045235111218,-0.7559676567043176
17.76,0.02,732.5987878418204,426.0959156172519,1,-61.82509051751296,267.2023744250041,9.118733743487415,-14.40158022343924,-24.340162262572523,-12.744128098269769,0,-5.636174695837212,-10.456870610770807,0,0.3409145453141084,0.5688410492188755,-0.2548825619653954
17.78,0.02,760.0750886416788,463.8451241780437,1,-61.63070833377905,266.9039583081175,9.719109186695807,-14.92080584432945,-25.53904346638685,-59.944060190716364,0,27.47630079985845,37.74920856079183,0,0.35614128119446276,0.7937543185372276,-1.1988812038143273
17.8,0.02,752.6030149759051,458.75468047843714,1,-61.42506584854754,266.5956667231831,10.282124261575333,-15.41457924672163,-26.627908448125368,-54.44324908692586,0,-7.472073665773678,-5.090443699606567,0,0.37058404319878735,0.7488645721701274,-1.0888649817385172
17.82,0.02,736.1420159606465,437.3370951587205,1,-61.20980916171997,266.2796414287328,10.762834341378564,-15.801264722515228,-27.115654000843122,-24.387277635887727,0,-16.460999015258608,-21.417585319716636,0,0.3823707990372456,0.6169342250306349,-0.48774555271775455
17.84,0.02,755.6208603282623,436.1425372849662,1,-60.98299038885957,265.956001880554,11.340938643019875,-16.181977408940057,-26.926350197631727,9.465190160569747,0,19.478844367615807,-1.19455787375432,0,0.39520793624023753,0.6922042568353635,0.18930380321139495
17.86,0.02,759.2307371791227,451.3170567940471,1,-60.74424854228126,265.62323062669583,11.93709232891549,-16.6385626929103,-27.36644471561339,-22.004725899083155,0,3.60987685086036,15.174519509080937,0,0.4095538752129895,0.750912337590157,-0.4400945179816631
17.88,0.02,722.4859159324436,452.11932089438625,1,-60.49725810410971,265.2812474407482,12.349521908577707,-17.09915929738223,-29.136442047874098,-88.4998666130354,0,-36.74482124667907,0.80226410033913,0,0.42184923375427985,0.6182615872197018,-1.7699973322607079
17.900000000000002,0.02,717.3418242054125,468.3626340790967,1,-60.24253348351762,264.92842799139265,12.73623102960477,-17.6409724677777,-31.68625721339431,-127.49075827601057,0,-5.144091727031082,16.243313184710473,0,0.43516226419501186,0.6656616677408399,-2.5498151655202115
17.92,0.02,721.0931587073034,461.3823356889073,1,-59.97969954705479,264.5654703084682,13.141696823141288,-18.14788414622224,-33.50753949637994,-91.06411414928156,0,3.751334501890824,-6.980298390189432,0,0.4481293984447207,0.6491239939115309,-1.8212822829856314
17.94,0.02,744.9194829091301,451.48641028906036,1,-59.706373662301054,264.19336398451486,13.666294237686937,-18.605316197667534,-33.65425014186514,-7.335532274260004,0,23.826324201826765,-9.89592539984693,0,0.46170353648470874,0.6960219314342264,-0.14671064548520008
17.96,0.02,734.6447004642685,452.78448017100834,1,-59.42358330750089,263.81197921254443,14.13951774000828,-19.069238598522574,-34.23565572462785,-29.07027913813529,0,-10.274782444861671,1.2980698819479812,0,0.47478914168179953,0.6626948597690964,-0.5814055827627058
17.98,0.02,740.0726383081779,466.69434728024197,1,-59.130785688869906,263.4199250058459,14.639880931549168,-19.60271033492377,-35.17522010340591,-46.97821893890328,0,5.42793784390949,13.90986710923363,0,0.4893229470053173,0.7314064649617825,-0.9395643787780656
18.0,0.02,734.4798941154729,463.1591292660815,1,-58.82854008082737,263.01755488622086,15.112280402126533,-20.118505981254188,-36.09763646106457,-46.12081788293274,0,-5.592744192705027,-3.5352180141604777,0,0.5032435998083697,0.6994329192818907,-0.9224163576586548
18.02,0.02,695.9933458262283,457.0448878111452,1,-58.52069513820222,262.60548027781465,15.392247131257676,-20.6037304203099,-39.05810409875956,-148.02338188474948,0,-38.48654828924464,-6.114241454936291,0,0.5143675646782354,0.5602000764702931,-2.9604676376949897
18.04,0.02,713.0743207014441,471.3828111611308,1,-58.20554276350693,262.18226738829236,15.757618734764897,-21.160644476115564,-41.04847118294407,-99.51835420922563,0,17.080974875215816,14.337923349985601,0,0.5276648265081627,0.6660703222658633,-1.9903670841845127
18.06,0.02,752.9792160710158,451.90634855324123,1,-57.87909246720453,261.7498638639147,16.322514815119977,-21.62017621888178,-40.06434848173616,49.20613506039544,0,39.904895369571705,-19.476462607889573,0,0.5417957215133268,0.728201211349095,0.9841227012079088
18.080000000000002,0.02,673.5803827991903,450.19565531850805,1,-57.54928413262221,261.3084407740052,16.49041672911593,-22.071154495474318,-44.98332685734775,-245.94891878057936,0,-79.39883327182554,-1.710693234733185,0,0.5510243931671424,0.48121976131688343,-4.918978375611587
18.1,0.02,728.3682613144331,469.4874319977136,1,-57.21063897190845,260.8560689408959,16.932258035688093,-22.61859165546288,-45.454186550180765,-23.542984641650833,0,54.787878515242824,19.291776679205555,0,0.5650847903328321,0.7034992425935794,-0.47085969283301665
18.12,0.02,721.9975502277433,445.34348600080574,1,-56.86379405617192,260.3951627591866,17.34224578682681,-23.04530908546691,-44.876818133663136,28.868420825881458,0,-6.3707110866897665,-24.14394599690786,0,0.5768326480966205,0.5917581610362692,0.5773684165176292
18.14,0.02,673.322968134914,482.95225047852676,1,-56.51361684362189,259.9219613524294,17.508860627501377,-23.66007033785955,-49.51750237301002,-232.0342119673441,0,-48.67458209282927,37.608764477721024,0,0.5886795830893915,0.6369394810940667,-4.640684239346882
18.16,0.02,702.0218967909728,464.8886859659361,1,-56.157237441392766,259.43827107707557,17.81897011145624,-24.18451376768924,-51.06338721621329,-77.29424216016376,0,28.698928656058797,-18.063564512590688,0,0.6008015985373459,0.6092690728489993,-1.5458848432032752
18.18,0.02,713.321916841827,485.56911505722996,1,-55.79352584747946,258.94202389021603,18.18557969566538,-24.812359342975398,-52.362523995032475,-64.95683894095912,0,11.300020050854187,20.680429091293888,0,0.6152620531228632,0.7270437769766026,-1.2991367788191823
18.2,0.02,694.1709341312965,454.32091487951556,1,-55.42439716015302,258.43634461186855,18.45643436632186,-25.283963917372986,-53.97363010204955,-80.5553053508536,0,-19.15098271053057,-31.24820017771441,0,0.6260730950594932,0.5438502801407409,-1.611106107017072
18.22,0.02,675.321129882728,453.6318277965936,1,-55.05173635983831,257.92130215074144,18.633040015735503,-25.752123056355956,-57.84060308148724,-193.34864897188453,0,-18.84980424856849,-0.689087082921958,0,0.6357238463791266,0.5003624034818055,-3.8669729794376906
18.240000000000002,0.02,710.8729212411697,445.82674411308955,1,-54.671988267399485,257.397677015203,18.98740462194135,-26.181256776921416,-56.60541901287511,61.75920343060639,0,35.55179135844173,-7.805083683504051,0,0.6468322010217088,0.5565339381006161,1.2351840686121278
18.26,0.02,703.7034992446053,454.1949292240771,1,-54.285869825036194,256.86463238674213,19.30592211816438,-26.652231423041812,-56.79142052757791,-9.300075735140112,0,-7.169421996564438,8.368185110987554,0,0.6581975596004795,0.5685688284530014,-0.18600151470280224
18.28,0.02,696.0647285096458,468.4731303550207,1,-53.89414490982194,256.3207404452458,19.586245760712607,-27.19459707481691,-58.37774400535615,-79.31617388891183,0,-7.6387707349595075,14.278201130943614,0,0.670273715152443,0.6105258756162069,-1.5863234777782367
18.3,0.02,675.2519367816818,457.59859054572735,1,-53.49889480092952,255.7670886446949,19.762505444621016,-27.682590027545544,-62.11770834921172,-186.9982171927784,0,-20.81279172796394,-10.874539809293367,0,0.6802594834566685,0.5188493019021047,-3.7399643438555685
18.32,0.02,698.9414460289944,472.64022818717933,1,-53.0977505474342,255.20217282132526,20.05721267476599,-28.245791168481446,-63.05227243721906,-46.72820440036709,0,23.68950924731257,15.041637641451985,0,0.6928539525799821,0.6356476041418104,-0.9345640880073418
18.34,0.02,718.1589037633368,468.02810412967705,1,-52.68879040356255,254.62645418754266,20.448007193582672,-28.785931689129825,-62.10238820133307,47.494211794299446,0,19.21745773434236,-4.612124057502285,0,0.7061871880457945,0.6666874364973925,0.9498842358859889
18.36,0.02,714.8017028855164,500.6855856168609,1,-52.272350089402345,254.03666699519837,20.822015708010255,-29.489359617214134,-62.68335624228722,-29.048402047707356,0,-3.3572008778203326,32.65748148718387,0,0.7219913209389777,0.7966763576718667,-0.5809680409541471
18.38,0.02,662.4112528643212,467.11667883858365,1,-51.85366864995571,253.43616813497025,20.93407197233186,-30.024943011407046,-67.660986573217,-248.88151654648922,0,-52.39045002119519,-33.56890677827727,0,0.7320471493506339,0.5471802066128797,-4.9776303309297845
18.400000000000002,0.02,685.7658032320317,490.31447499411615,1,-51.43041063018587,252.8226378272427,21.16290098849202,-30.67651538637763,-69.60931629054403,-97.41648586635137,0,23.35455036771043,23.1977961555325,0,0.7453635286219457,0.6905861846733061,-1.9483297173270273
18.42,0.02,668.2980677475504,461.8708015240359,1,-51.00432280364127,252.19892043936272,21.304391327229773,-31.185869393997805,-73.63995605736301,-201.53198834094894,0,-17.467735484481295,-28.443673470080228,0,0.7553636315532423,0.5286407296405162,-4.030639766818979
18.44,0.02,672.9179286947143,483.79824144793014,1,-50.57494318422721,251.562823227338,21.468980970703345,-31.80486060123745,-76.22113798314405,-129.05909628905192,0,4.619860947163943,21.927439923894212,0,0.767454572410517,0.6404996997491499,-2.5811819257810384
18.46,0.02,658.1075142283381,508.81286485477665,1,-50.14375281339031,250.91184472882776,21.559518541845037,-32.54892492551133,-79.26248016927903,-152.06710930674916,0,-14.810414466376187,25.01462340684651,0,0.7808316985273424,0.74955238005451,-3.041342186134983
18.48,0.02,678.1492479600372,460.54024849651773,1,-49.7087475177574,250.2508122054679,21.750264781645225,-33.051626167993916,-81.21950640218498,-97.8513116452973,0,20.041733731699082,-48.272616358258915,0,0.7913239565236104,0.5376733833764206,-1.957026232905946
18.5,0.02,686.6172844236941,474.0419786369493,1,-49.269080493682125,249.57837548424433,21.983351203763696,-33.62183606117867,-81.7733878724686,-27.694073514181383,0,8.468036463656858,13.501730140431562,0,0.8034166018381153,0.6160102291859754,-0.5538814702836277
18.52,0.02,673.0961113696725,504.99226733566536,1,-48.826103858469885,248.89143953628718,22.148831760612058,-34.346797397857,-83.43125276085347,-82.89324441924322,0,-13.521173054021574,30.950288698716065,0,0.817379529924594,0.7436079305475971,-1.6578648883848643
18.54,0.02,644.7846528633042,489.2882530237196,1,-48.38264875797131,248.19157476302766,22.17275502492858,-34.9932386629756,-87.4588957336399,-201.3821486393219,0,-28.31145850636824,-15.704014311945741,0,0.8285307037206291,0.6468837854079278,-4.027642972786438
18.56,0.02,676.2534978430165,484.58827471284604,1,-47.935568307688435,247.47925116229686,22.35402251414366,-35.61618003653983,-88.61340428273638,-57.72542745482383,0,31.46884497971223,-4.6999783108735755,0,0.8410028782252936,0.6487787431354625,-1.1545085490964766
18.580000000000002,0.02,695.4291294328214,488.53173536581755,1,-47.48294494446228,246.7540743880295,22.63116816130777,-36.25883871336892,-87.72332009225573,44.50420952403249,0,19.17563158980488,3.9434606529715097,0,0.8548387350108664,0.6998713343506248,0.8900841904806498
18.6,0.02,654.91170632011,457.7030883215868,1,-47.028830410604115,246.01912730492995,22.70572669290832,-36.74735415497685,-93.1070007399042,-269.184032382423,0,-40.5174231127113,-30.828647044230763,0,0.8639254741109008,0.4941723498171681,-5.383680647648461
18.62,0.02,643.2774248008831,481.4365368088897,1,-46.57438813426586,245.27203656814953,22.722113816912735,-37.35453683902129,-97.00260603803498,-194.78026490653946,0,-11.634281519226988,23.733448487302894,0,0.8744497421273613,0.6074037780888043,-3.895605298130789
18.64,0.02,638.6854537715765,479.7672623076576,1,-46.12007731255045,244.51296910513835,22.715541085770617,-37.953373150559585,-100.9847270256509,-199.10604938079572,0,-4.591971029306592,-1.6692745012321097,0,0.8846364994335,0.5988723810725065,-3.9821209876159145
18.66,0.02,677.0966432298416,466.54671097302634,1,-45.66205682651206,243.74324697102986,22.901024301919826,-38.48610670542472,-101.52646067220964,-27.086682327936984,0,38.411189458265085,-13.220551334631239,0,0.8956868478253858,0.5641002250950574,-0.5417336465587397
18.68,0.02,661.637483275372,484.7208207562414,1,-45.201872592146124,242.96105275484575,23.009211718296687,-39.10971080920592,-103.14064166928677,-80.70904985385638,0,-15.459159954469555,18.174109783215044,0,0.90752262858335,0.6329191064544184,-1.6141809970771277
18.7,0.02,681.8519300251078,459.72757790281844,1,-44.73750316477768,242.16888578087136,23.218471368422225,-39.60834869872001,-103.08665405313663,2.6993808075069126,0,20.21444674973577,-24.99324285342294,0,0.9182415149241723,0.5407673677559738,0.05398761615013825
18.72,0.02,631.9365200285185,456.67778445256704,1,-44.27394008540638,241.3670510284517,23.178153968564818,-40.09173762098284,-109.09181470611509,-300.258032648923,0,-49.91540999658923,-3.0497934502514,0,0.9261909623528544,0.4850673591344662,-6.005160652978461
18.740000000000002,0.02,617.6370391832636,460.58299379331606,1,-43.81261330211676,240.5551579766527,23.066339164481136,-40.59465258994942,-114.601752199999,-275.4968746941955,0,-14.299480845254948,3.9052093407490247,0,0.9338055089470322,0.5151951246109836,-5.5099374938839105
18.76,0.02,680.4136773030148,483.41969247180117,1,-43.347245151096836,239.73092295560653,23.26840755099621,-41.21175105230843,-112.99105969308984,80.53462534545801,0,62.77663811975117,22.836698678485106,0,0.9465362570460234,0.6493397762917805,1.6106925069091602
18.78,0.02,666.9602900647862,489.73273204417353,1,-42.87918097107043,238.89371466135594,23.40320900132014,-41.86041471252929,-113.02513277749925,-1.7036542204706961,0,-13.453387238228515,6.313039572372361,0,0.9591672453674417,0.6625224336583335,-0.03407308440941392
18.8,0.02,640.9192282619692,495.9694423504654,1,-42.41102486821784,238.0429094228703,23.407805142629986,-42.54026192428162,-114.92732883377624,-95.1098028138496,0,-26.041061802817012,6.2367103062918545,0,0.9711023069032055,0.6798627477972006,-1.902196056276992
18.82,0.02,635.7008948363156,492.48747821495436,1,-41.94329867588161,237.17885543656317,23.386309616811563,-43.2026993153564,-117.22859846763741,-115.06348169305838,0,-5.218333425653668,-3.4819641355110207,0,0.9825258684892773,0.6627860550163717,-2.3012696338611676
18.84,0.02,645.8336596209049,474.16947101513097,1,-41.474989117583284,236.30338450315452,23.415477914916085,-43.773546670432054,-120.20589371862725,-148.864762549492,0,10.132764784589313,-18.3180071998234,0,0.992856081029362,0.5715920681842839,-2.9772952509898403
18.86,0.02,643.8667586451719,477.66131360163837,1,-41.00629288342044,235.4161474383857,23.434811708141943,-44.36185323844025,-122.79155352001595,-129.28299006943504,0,-1.9669009757329832,3.4918425865074028,0,1.0034270123023425,0.5886241700117983,-2.585659801388701
18.88,0.02,613.9390271823879,478.7233329644565,1,-40.540202746539364,234.51703804032044,23.304506844053883,-44.955469903262525,-126.3496511843295,-177.9048832156775,0,-29.92773146278398,1.0620193628181482,0,1.0127377377125348,0.6077500327928684,-3.55809766431355
18.900000000000002,0.02,628.3356972976112,474.7477779551687,1,-40.075279039928525,233.60645386445967,23.246185330541937,-45.529208793038364,-129.49839785037662,-157.43733330235585,0,14.396670115223287,-3.9755550092878025,0,1.0224077436604302,0.576695511149113,-3.148746666047117
18.92,0.02,623.6291105778354,477.25997095883986,1,-39.6119924222599,232.684143691503,23.164330883431113,-46.11550864783257,-132.37242537938377,-143.70137645035754,0,-4.706586719775828,2.5121930036711433,0,1.03212913206157,0.591986207815288,-2.874027529007151
18.94,0.02,660.9491245685067,502.6936243732565,1,-39.14661089213443,231.74756415610904,23.269076506273645,-46.828976769698855,-130.89094158430538,74.07418975391948,0,37.32001399067133,25.433653414416654,0,1.0458303852445274,0.7211160838755949,1.4814837950783897
18.96,0.02,648.8052746653833,469.4963661419461,0,-38.70449843851523,230.82587461142293,22.10562268095996,-46.08447723430488,-130.89094158430538,0.0,0,-12.143849903123396,-33.1972582313104,1,1.0222402058366065,1.3812691127506231,0.0
18.98,0.02,648.2931782139393,494.90352702391834,0,-38.28449160757699,229.91877725763055,21.00034154691196,-45.35486768961878,-130.89094158430538,0.0,0,-0.5120964514439947,25.40716088197223,0,0.9996155997641913,1.3243777682290983,0.0
19.0,0.02,616.1636811055818,475.82581504870575,0,-37.88548511818566,229.02598025091402,19.95032446956636,-44.6398503358264,-130.89094158430538,0.0,0,-32.129497108357555,-19.077711975212594,0,0.9779021800662857,1.2703486446411667,0.0
19.02,0.02,627.0326023805158,481.0914206218617,0,-37.5064289532639,228.14719758433182,18.952808246088043,-43.93913332910987,-130.89094158430538,0.0,0,10.868921274933996,5.265605573155938,0,0.9570488761032593,1.2190336088903453,0.0
19.04,0.02,633.7657820723812,486.3402807033061,0,-37.14632559658823,227.28214897108126,18.00516783378364,-43.25243066252767,-130.89094158430538,0.0,0,6.733179691865416,5.248860081444434,0,0.9370077538504215,1.1702918026387952,0.0
19.06,0.02,603.1334001492369,498.7106719425595,0,-36.80422740774634,226.43055973009572,17.10490944209446,-42.57946204927712,-130.89094158430538,0.0,0,-30.632381923144294,12.370391239253365,0,0.9177338427731733,1.1239892909753033,0.0
19.080000000000002,0.02,606.1745253766622,489.93264596780705,0,-36.47923412834655,225.5921606739299,16.249663969989737,-41.919952808291576,-130.89094158430538,0.0,0,3.0411252274253684,-8.778025974752438,0,0.8991849693109754,1.0799987298608076,0.0
19.1,0.02,611.8088965596168,511.4285781316138,0,-36.17049051291674,224.7666879988874,15.43718077149025,-41.27363375212574,-130.89094158430538,0.0,0,5.63437118295451,21.495932163806742,0,0.8813215969840386,1.0381990513418202,0.0
19.12,0.02,592.3856992139839,492.33974962707674,0,-35.87718407825843,223.95388317734572,14.665321732915736,-40.640241077083225,-130.89094158430538,0.0,0,-19.423197345632843,-19.088828504537048,0,0.8641066731216498,0.9984751655532976,0.0
19.14,0.02,620.5882988678367,498.0999083158566,0,-35.59854296533303,223.15349285223488,13.932055646269948,-40.01951625554156,-130.89094158430538,0.0,0,28.202599653852758,5.760158688779882,0,0.8475054821907294,0.9607176785626247,0.0
19.16,0.02,590.3745821698359,502.34408072911606,0,-35.333833908053904,222.36526873362627,13.23545286395645,-39.411205930430725,-130.89094158430538,0.0,0,-30.21371669800078,4.2441724132594345,0,0.8314855056836079,0.9248226251359538,0.0
19.18,0.02,630.2790757631622,476.1107336128782,0,-35.08236030363873,221.58896749738983,12.573680220758627,-38.815061811822105,-130.89094158430538,0.0,0,39.904493593326265,-26.233347116237837,0,0.8160162885015084,0.8906912155380686,0.0
19.2,0.02,561.8840858499674,506.3939917573402,0,-34.843460379444316,220.82435068587813,11.944996209720696,-38.23084057558566,-130.89094158430538,0.0,0,-68.39498991319476,30.283258144461968,0,0.8010693117492493,0.8582295955071589,0.0
19.22,0.02,604.9731462613526,490.8266939071969,0,-34.61650545145962,220.07118461059665,11.34774639923466,-37.65830376407394,-130.89094158430538,0.0,0,43.08906041138516,-15.56729785014329,0,0.78661787183578,0.827348618577205,0.0
19.240000000000002,0.02,585.9052460003204,492.5171641580557,0,-34.40089826987416,219.3292402568208,10.780359079272927,-37.09721768879246,-130.89094158430538,0.0,0,-19.06790026103215,1.690470250858823,0,0.772636965754984,0.7979636299532289,0.0
19.26,0.02,581.8725333764503,496.49571534835684,0,-34.19607144736798,218.59829319012047,10.24134112530928,-36.54735333501661,-130.89094158430538,0.0,0,-4.032712623870111,3.9785511903011184,0,0.7591031824039526,0.7699942611789339,0.0
19.28,0.02,583.5439670304204,510.5437174285274,0,-34.0014859659871,217.87812346475414,9.729274069043814,-36.008486268316275,-130.89094158430538,0.0,0,1.671433653970098,14.048002080170534,0,0.7459945997783405,0.7433642348718434,0.0
19.3,0.02,583.8486949652923,486.89855786419855,0,-33.81662975867527,217.16851553389515,9.242810365591623,-35.48039654294995,-130.89094158430538,0.0,0,0.3047279348719485,-23.64515956432882,0,0.733290687871936,0.7180011788387994,0.0
19.32,0.02,596.086652593251,500.7620639223112,0,-33.64101636172903,216.46925816165333,8.780669847312042,-34.96286861209094,-130.89094158430538,0.0,0,12.237957627958622,13.863506058112648,0,0.7209722170940631,0.693836448923607,0.0
19.34,0.02,591.9362615665009,492.7298882507698,0,-33.4741836346301,215.78014433685635,8.34163635494644,-34.45569123984912,-130.89094158430538,0.0,0,-4.150391026750071,-8.032175671541381,0,0.7090211720094001,0.6708049599793188,0.0
19.36,0.02,590.6534573764577,511.6288564609302,0,-33.31569254388612,215.10097118855532,7.924554537199117,-33.95865741505214,-130.89094158430538,0.0,0,-1.28280419004318,18.898968210160376,0,0.6974206701972292,0.6488450243993031,0.0
19.38,0.02,566.294037450003,485.6493065339179,0,-33.16512600767934,214.4315399032203,7.528326810339161,-33.471564266751095,-130.89094158430538,0.0,0,-24.359419926454734,-25.979549927012272,0,0.6861548860210714,0.6278981976836923,0.0
19.400000000000002,0.02,579.6447876786387,471.8239055889981,0,-33.0220877982829,213.771655643592,7.1519104698222025,-32.99421298141607,-130.89094158430538,0.0,0,13.350750228635775,-13.825400944919807,0,0.6752089790965078,0.6079091305607934,0.0
19.42,0.02,591.0641062860923,496.2055304804301,0,-32.886201499356275,213.12112746915625,6.794314946331092,-32.526408721787746,-130.89094158430538,0.0,0,11.419318607453533,24.38162489143201,0,0.664569027242982,0.5888254272254939,0.0
19.44,0.02,617.6193476641536,510.21009488871965,0,-32.75710951537599,212.47976825820922,6.454599199014536,-32.06796054735199,-130.89094158430538,0.0,0,26.555241378061282,14.004564408289525,0,0.654221963705411,0.5705975092990905,0.0
19.46,0.02,576.2787718134527,479.06275599460923,0,-32.63447213059471,211.8473946314811,6.13186923906381,-31.618681336404943,-130.89094158430538,0.0,0,-41.340575850700816,-31.14733889411042,0,0.6441555184326647,0.5531784851555561,0.0
19.48,0.02,560.5666991418859,507.9147791961416,0,-32.517966615052494,211.22382687728756,5.825275777110619,-31.178387709676844,-130.89094158430538,0.0,0,-15.71207267156683,28.852023201532347,0,0.6343581632025697,0.5365240242988429,0.0
19.5,0.02,605.8949802523952,483.0501962502182,0,-32.40728637528739,210.6088888781779,5.534011988255088,-30.746899955483308,-130.89094158430538,0.0,0,45.32828111050924,-24.86458294592336,0,0.6248190603874442,0.5205922365128597,0.0
19.52,0.02,558.8438435171993,484.26939756354847,0,-32.30214014751054,210.00240803905044,5.257311388842333,-30.32404195637364,-130.89094158430538,0.0,0,-47.05113673519588,1.2192013133302453,0,0.6155280151580937,0.5053435555405933,0.0
19.54,0.02,584.2262417999673,528.5319208439062,0,-32.20225123112254,209.40421521670552,4.994445819400216,-29.90964111724617,-130.89094158430538,0.0,0,25.38239828276801,44.2625232803577,0,0.6064754309303406,0.49074062708082367,0.0
19.56,0.02,567.9852006678752,507.93310100730747,0,-32.107356760553934,208.8141446508075,4.744723528430205,-29.503528294901248,-130.89094158430538,0.0,0,-16.24104113209205,-20.598819836598693,0,0.5976522678646161,0.4767482009198041,0.0
19.580000000000002,0.02,576.4630251359209,500.9535490437562,0,-32.01720701351376,208.23203389622742,4.507487352008694,-29.105537729003224,-130.89094158430538,0.0,0,8.477824468045696,-6.979551963551273,0,0.5890500042349437,0.46333302704094725,0.0
19.6,0.02,526.4168226035194,490.20949888607515,0,-31.931564753825597,207.65772375673896,4.2821129844082595,-28.71550697442316,-130.89094158430538,0.0,0,-50.04620253240148,-10.744050157681045,0,0.5806606004920171,0.4504637555781706,0.0
19.62,0.02,599.9916674148724,509.8264392370366,0,-31.85020460712184,207.09105822004025,4.068007335187846,-28.333276834934697,-130.89094158430538,0.0,0,73.57484481135293,19.616940350961443,0,0.5724764658513842,0.43811084049754445,0.0
19.64,0.02,574.7339374470012,517.3828272014712,0,-31.77291246775327,206.53188439407552,3.8646069684284536,-27.958691298236005,-130.89094158430538,0.0,0,-25.257729967871228,7.5563879644345775,0,0.5644904272458563,0.4262464469080097,0.0
19.66,0.02,560.9440344874131,521.8120660106235,0,-31.699484935353127,205.9800524446301,3.6713766200070306,-27.591597472271285,-130.89094158430538,0.0,0,-13.789902959588062,4.429238809152366,0,0.5566957004891457,0.41484436191477914,0.0
19.68,0.02,562.0411286489721,492.37745041896403,0,-31.629728779572993,205.4354155341736,3.4878077890066788,-27.23184552282586,-130.89094158430538,0.0,0,1.0970941615589709,-29.434615591659508,0,0.5490858635048287,0.40387990893905473,0.0
19.7,0.02,558.9216112743513,506.72040021980297,0,-31.563460431581866,204.8978297619262,3.3134173995563447,-26.879288612369344,-130.89094158430538,0.0,0,-3.1195173746207274,14.342949800838937,0,0.5416548314824559,0.39332986543521437,0.0
19.72,0.02,538.0030778235533,490.24026525390116,0,-31.500505500990297,204.36715410512377,3.1477465295785274,-26.533782840121958,-130.89094158430538,0.0,0,-20.91853345079801,-16.48013496590181,0,0.5343968338308898,0.38317238394157394,0.0
19.740000000000002,0.02,552.2461012179893,512.2741518955884,0,-31.440698316928305,203.8432503614574,2.990359203099601,-26.19518718331952,-130.89094158430538,0.0,0,14.243023394436022,22.033886641687218,0,0.52730639280505,0.3733869164039626,0.0
19.76,0.02,548.0486740977702,488.9506037501342,0,-31.383881492069413,203.32598309266433,2.8408412429446206,-25.863363439653128,-130.89094158430538,0.0,0,-4.197427120219118,-23.323548145454197,0,0.5203783036903832,0.3639541417125032,0.0
19.78,0.02,543.2813392127252,508.9873586378431,0,-31.329905508453464,202.81521956924712,2.6987991807973892,-25.538176170860066,-130.89094158430538,0.0,0,-4.767334885044988,20.036754887708923,0,0.5136076164358087,0.3548558963919427,0.0
19.8,0.02,566.3753977646147,489.3187885933289,0,-31.278628324018314,202.31082971629826,2.56385922175752,-25.219492647442866,-130.89094158430538,0.0,0,23.094058551889475,-19.668570044514183,0,0.5069896186327395,0.34607510838441174,0.0
19.82,0.02,541.2987050874539,510.6883744853709,0,-31.229914998804922,201.81268606040837,2.4356662606696435,-24.90718279449401,-130.89094158430538,0.0,0,-25.07669267716085,21.369585892041982,0,0.500519819744125,0.33759573386139613,0.0
19.84,0.02,580.8279846450479,522.8834288417557,0,-31.1836373398522,201.32066367763628,2.313882947636161,-24.60111913860413,-130.89094158430538,0.0,0,39.52927955759401,12.195054356384844,0,0.49419393649342885,0.32940269699880964,0.0
19.86,0.02,535.1227503439867,527.942660746144,0,-31.139673563847115,200.83464014251965,2.198188800254353,-24.30117675583205,-130.89094158430538,0.0,0,-45.70523430106118,5.059231904388298,0,0.48800787932972045,0.3214818326459471,0.0
19.88,0.02,531.0697349216605,502.1411360337697,0,-31.097907976642283,200.35449547810535,2.088279360241635,-24.00723322071541,-130.89094158430538,0.0,0,-4.053015422326212,-25.801524712374317,0,0.4819577398902131,0.31381983181560774,0.0
19.900000000000002,0.02,531.8766036018125,522.6774274488779,0,-31.05823066879769,199.88011210697934,1.9838653922295533,-23.719168556301103,-130.89094158430538,0.0,0,0.8068686801519789,20.536291415108167,0,0.47603977938684044,0.30640418991938634,0.0
19.92,0.02,558.1418140544845,492.9791503279745,0,-31.02053722634533,199.41137480327583,1.8846721226180756,-23.436865185175083,-130.89094158430538,0.0,0,26.265210452672022,-29.698277120903413,0,0.470250417848982,0.2992231576688716,0.0
19.94,0.02,533.4346958439708,523.5100963851577,0,-30.984728456015585,198.9481706456464,1.7904385164871717,-23.16020788147158,-130.89094158430538,0.0,0,-24.707118210513727,30.5309460571832,0,0.4645862241583601,0.2922656945604904,0.0
19.96,0.02,544.0307685226734,489.01688694291096,0,-30.950710124202327,198.49038897116955,1.700916590662813,-22.889083723842152,-130.89094158430538,0.0,0,10.596072678702626,-34.49320944224672,0,0.4590439068174024,0.28552142485909865,0.0
19.98,0.02,512.3433357501538,481.4040970258691,0,-30.918392708979734,198.03792133018226,1.6158707611296723,-22.62338204936531,-130.89094158430538,0.0,0,-31.687432772519628,-7.61278991704188,0,0.45362030539568676,0.27898059599330016,0.0
20.0,0.02,531.0672647380563,496.23307171921584,0,-30.88769116451827,197.5906614420147,1.5350772230731886,-22.362994408378007,-130.89094158430538,0.0,0,18.723928987902582,14.828974693346765,0,0.44831238260389616,0.27263403927356084,0.0
20.02,0.02,584.0321243714989,490.61841849591633,0,-30.85852469727988,197.1485051516105,1.458323361919529,-22.10781452021045,-130.89094158430538,0.0,0,52.96485963344253,-5.614653223299513,0,0.44311721694735645,0.2664731328430735,0.0
20.04,0.02,510.7829376092637,502.4427292905797,0,-30.83081655340341,196.71135038701436,1.3854071938235526,-21.85773822980624,-130.89094158430538,0.0,0,-73.24918676223518,11.824310794663347,0,0.43803199591602554,0.26048976677046454,0.0
20.06,0.02,526.1349401789065,519.9035297800573,0,-30.80449381672076,196.27909711771017,1.316136834132375,-21.61266346521012,-130.89094158430538,0.0,0,15.35200256964282,17.460800489477606,0,0.4330540096692691,0.25467631019313486,0.0
20.080000000000002,0.02,540.0033365342969,489.33665727796335,0,-30.779487216872248,195.85164731379206,1.250329992425756,-21.372490195905918,-130.89094158430538,0.0,0,13.86839635539036,-30.56687250209393,0,0.4281806451786592,0.2490255804203016,0.0
20.1,0.02,539.5396567358481,496.34086418139503,0,-30.755730947016158,195.4289049059523,1.1878134928044681,-21.1371203919878,-130.89094158430538,0.0,0,-0.4636797984487657,7.00420690343168,0,0.42340938079314694,0.24353081390524675,0.0
20.12,0.02,493.8904792291125,534.4473209356427,0,-30.733162490652873,195.01077574626933,1.1284228181642446,-20.906457984148044,-130.89094158430538,0.0,0,-45.64917750673561,38.10645675424763,0,0.4187377811946299,0.23818563899751505,0.0
20.14,0.02,501.68936959976577,491.51651744255844,0,-30.71172245710775,194.59716756978003,1.0720016772560323,-20.680408824465086,-130.89094158430538,0.0,0,7.798890370653282,-42.93080349308423,0,0.41416349271419856,0.23298405038705086,0.0
20.16,0.02,533.1147974027688,496.8189008697141,0,-30.691354425239886,194.1879899568205,1.0184015933932307,-20.458880647975786,-130.89094158430538,0.0,0,31.425427803003004,5.302383427155689,0,0.40968423898098016,0.22792038515405796,0.0
20.18,0.02,516.4649922462279,513.5679817139189,0,-30.672004794965414,193.7831542961202,0.967481513723569,-20.241783035016272,-130.89094158430538,0.0,0,-16.64980515654088,16.749080844204798,0,0.4052978168784268,0.22298930034036005,0.0
20.2,0.02,469.3118863946926,527.8191492504442,0,-30.653622646204667,193.38257374863386,0.9191074380373906,-20.029027374315948,-130.89094158430538,0.0,0,-47.153105851535315,14.251167536525259,0,0.4010020927844498,0.21818575196039638,0.0
20.22,0.02,546.5636546694775,506.2738584455161,0,-30.636159604881957,192.98616321209727,0.873152066135521,-19.82052682682963,-130.89094158430538,0.0,0,77.25176827478492,-21.545290804928072,0,0.39679499907315835,0.2135049753723152,0.0
20.240000000000002,0.02,505.0023169423977,490.1143580671429,0,-30.61956971562538,192.5938392862914,0.829494462828745,-19.61619629029304,-130.89094158430538,0.0,0,-41.561337727079774,-16.159500378373195,0,0.39267453085892157,0.2089424669324627,0.0
20.26,0.02,517.9470924232513,488.86766791909224,0,-30.603809320831637,192.20552023900166,0.7880197396873077,-19.41595236448718,-130.89094158430538,0.0,0,12.944775480853593,-1.246690148050675,0,0.3886387429632651,0.20449396685917648,0.0
20.28,0.02,498.7430553533195,510.7436886715371,0,-30.58883694577758,191.8211259726577,0.7486187527029422,-19.219713317197435,-130.89094158430538,0.0,0,-19.204037069931815,21.876020752444845,0,0.3846857470882696,0.2001554432348231,0.0
20.3,0.02,507.63645602584126,517.0254760518777,0,-30.574613189476224,191.44057799164065,0.711187815067795,-19.027399050853486,-130.89094158430538,0.0,0,8.89340067252175,6.281787380340631,0,0.380813709180067,0.19592307707786163,0.0
20.32,0.02,479.0661485946356,505.8035595103501,0,-30.561100620989937,191.0637993702439,0.6756284243144053,-18.838931069836416,-130.89094158430538,0.0,0,-28.570307431205663,-11.221916541527605,0,0.3770208469683385,0.1917932484197573,0.0
20.34,0.02,501.20148908727634,499.163570512056,0,-30.548263680927963,190.69071472127513,0.641847003098685,-18.65423244843969,-130.89094158430538,0.0,0,22.13534049264075,-6.639988998294086,0,0.37330542766790326,0.1877625233245586,0.0
20.36,0.02,489.3527383585222,489.98369820794966,0,-30.53606858786909,190.3212501652857,0.6097546529437508,-18.473227799470898,-130.89094158430538,0.0,0,-11.848750728754169,-9.179872304106368,0,0.3696657658306715,0.1838276417919304,0.0
20.38,0.02,489.94093885285076,494.8948283120029,0,-30.524483249463156,189.95533330041607,0.5792669202965632,-18.29584324348148,-130.89094158430538,0.0,0,0.5882004943285892,4.911130104053257,0,0.3661002213356347,0.17998550648740785,0.0
20.400000000000002,0.02,492.45961289678394,525.8892353389905,0,-30.51347717797752,189.59289317284384,0.550303574281735,-18.122006378611854,-130.89094158430538,0.0,0,2.5186740439331743,30.994407026987574,0,0.3626071975073298,0.17623317224653245,0.0
20.42,0.02,513.1398883023975,519.314620802464,0,-30.503021410066168,189.23386024782306,0.5227883955676482,-17.95164625103962,-130.89094158430538,0.0,0,20.680275405613543,-6.5746145365264965,0,0.35918513935239066,0.17256783630241193,0.0
20.44,0.02,528.7870153235951,523.0067366750393,0,-30.493088430550383,188.8781663813027,0.4966489757892658,-17.78469332601883,-130.89094158430538,0.0,0,15.647127021197662,3.6921158725753003,0,0.35583253190548914,0.16898682918898827,0.0
20.46,0.02,497.01867402688123,520.6358422524698,0,-30.48365210001039,188.52574479211273,0.4718165269998025,-17.621079459498453,-130.89094158430538,0.0,0,-31.768341296713913,-2.3708944225694495,0,0.35254789867652886,0.16548760627499717,0.0
20.48,0.02,501.73443912684087,502.29162774353745,0,-30.474687585997394,188.17653003470656,0.4482257006498123,-17.460737870308485,-130.89094158430538,0.0,0,4.71576509995964,-18.344214508932396,0,0.3493298001913687,0.16206773988625886,0.0
20.5,0.02,462.941828187918,512.7846544457403,0,-30.466171297685047,187.8304579724485,0.4258144156173217,-17.303603112902316,-130.89094158430538,0.0,0,-38.79261093892285,10.493026702202883,0,0.3461768326190608,0.15872491197635966,0.0
20.52,0.02,514.7580217263553,511.1164289485989,0,-30.45808082378832,187.48746575143562,0.4045236948364556,-17.14961105064427,-130.89094158430538,0.0,0,51.81619353843729,-1.6682254971414068,0,0.3430876264793305,0.15545690730827721,0.0
20.54,0.02,517.6037343277701,488.35934020519676,0,-30.450394873586426,187.147491774843,0.3842975100946328,-16.998698829631387,-130.89094158430538,0.0,0,2.845712601414789,-22.757088743402164,0,0.3400608454243343,0.15226160711174702,0.0
20.56,0.02,466.61367031099536,525.2651356057952,0,-30.443093220894628,186.81047567778222,0.36508263458990114,-16.85080485303876,-130.89094158430538,0.0,0,-50.99006401677474,36.905795400598436,0,0.3370951850888781,0.14913698318339033,0.0
20.580000000000002,0.02,491.961697320129,506.7185829458087,0,-30.43615665083742,186.47635830266267,0.34682850286040606,-16.705868755977985,-130.89094158430538,0.0,0,25.34802700913366,-18.546552659986503,0,0.3341893720047581,0.1460810923987363,0.0
20.6,0.02,494.0332931262244,495.6910612140771,0,-30.429566909283075,186.1450816750455,0.3294870777173857,-16.563831380858428,-130.89094158430538,0.0,0,2.071595806095388,-11.02752173173161,0,0.3313421625739157,0.1430920716072163,0.0
20.62,0.02,520.968299301604,526.6944432004477,0,-30.423306654806446,185.81658897998068,0.3130127238315164,-16.42463475324126,-130.89094158430538,0.0,0,26.935006175379613,31.00338198637064,0,0.3285523420964515,0.1401681328831528,0.0
20.64,0.02,467.33837964505705,471.7699596848744,0,-30.417359413053646,185.49082453881715,0.29736208763994054,-16.288222058176437,-130.89094158430538,0.0,0,-53.629919656546974,-54.92448351557334,0,0.3258187238497078,0.13730755910746348,0.0
20.66,0.02,486.0279919328867,525.53718600033,0,-30.411709533388485,185.1677337864769,0.2824939832579435,-16.15453761701291,-130.89094158430538,0.0,0,18.689612287829675,53.76722631545567,0,0.3231401482143918,0.1345086998566213,0.0
20.68,0.02,507.1916185313876,495.88810926873026,0,-30.406342147706585,184.84726324918344,0.2683692840950463,-16.023526864672654,-130.89094158430538,0.0,0,21.163626598500855,-29.64907673159979,0,0.32051548184481987,0.13176996757684267,0.0
20.7,0.02,470.72279535367085,512.0512284880713,0,-30.401243131308778,184.52936052263587,0.25495081989029394,-15.895136327379202,-130.89094158430538,0.0,0,-36.46882317771673,16.163119219341013,0,0.3179436168797948,0.12908983402311544,0.0
20.72,0.02,493.954329693114,479.64932329669233,0,-30.39639906573086,184.21397425061923,0.24220327889577922,-15.76931360083162,-130.89094158430538,0.0,0,23.231534339443158,-32.401905191378944,0,0.3154234701918619,0.126466826943964,0.0
20.740000000000002,0.02,443.5357399052145,493.89159724471745,0,-30.391797203431842,183.90105410404294,0.23009311495099025,-15.646007328814987,-130.89094158430538,0.0,0,-50.41858978789952,14.242273948025115,0,0.3129539826714869,0.12389952699429276,0.0
20.76,0.02,484.4713307053521,484.703845212852,0,-30.387425434247774,183.59055076039817,0.21858845920344072,-15.525167182238686,-130.89094158430538,0.0,0,40.93559080013762,-9.187752031865443,0,0.31053411854477425,0.12138656485975483,0.0
20.78,0.02,490.32583869132174,520.4113008339516,0,-30.383272253522907,183.2824158836263,0.20765903624326867,-15.406743838593911,-130.89094158430538,0.0,0,5.854507985969633,35.7074556210996,0,0.30816286472148324,0.11892661857738478,0.0
20.8,0.02,482.3740338862369,512.057478516058,0,-30.379326731834286,182.97660210438985,0.19727608443110523,-15.290688961822033,-130.89094158430538,0.0,0,-7.951804805084862,-8.35382231789356,0,0.30583923017211573,0.11651841103821134,0.0
20.82,0.02,462.6956876385103,504.2269057785184,0,-30.375578486230097,182.67306300073815,0.18741228020954995,-15.176955182585592,-130.89094158430538,0.0,0,-19.67834624772655,-7.830572737539626,0,0.3035622453316412,0.1141607076586536,0.0
20.84,0.02,491.1709774922398,517.1818798830739,0,-30.372017652906116,182.37175307915948,0.17804166619907244,-15.06549607893388,-130.89094158430538,0.0,0,28.475289853729464,12.954974104555447,0,0.3013309615285331,0.11185231420840899,0.0
20.86,0.02,486.9090221248721,480.9262328068039,0,-30.368634861248335,182.07262775601237,0.16913958288911882,-14.956266157355202,-130.89094158430538,0.0,0,-4.261955367367705,-36.25564707626995,0,0.2991444504370129,0.10959207478345033,0.0
20.88,0.02,470.1892789647691,532.4705984956915,1,-30.382233141694076,181.7562553730157,-0.6799140222870353,-15.818619149833665,-131.8121166490867,-46.058753239066164,0,-16.719743160103008,51.54436568888764,1,0.3166644879901553,1.2101837497252992,-0.9211750647813233
20.900000000000002,0.02,473.774659853041,503.22502449901276,1,-30.41245395615451,181.42556048756913,-1.5110407230218295,-16.534744272328723,-133.22913070371533,-70.85070273143117,0,3.5853808882719136,-29.245573996678786,0,0.33207289092483294,1.097090143854581,-1.4170140546286234
20.92,0.02,472.3846449018066,462.862324636782,1,-30.45943630612477,181.08457936965888,-2.349117498512796,-17.049055895512637,-135.61784946586098,-119.43593810728288,0,-1.3900149512343773,-40.362699862230784,0,0.34420264958313285,0.9833052055996697,-2.3887187621456576
20.94,0.02,459.1855723350349,506.3935912698764,1,-30.52450009886152,180.72895889262165,-3.2531896368376225,-17.781023851862017,-136.81109261815686,-59.6621576147939,0,-13.19907256677169,43.53126663309445,0,0.361523472009054,1.1632383764377408,-1.193243152295878
20.96,0.02,497.48960954620213,483.80529932136596,1,-30.60381493064365,180.36095788565228,-3.965741589106613,-18.400050348468852,-137.84171848352625,-51.53129326846937,0,38.30403721116721,-22.58829194851046,0,0.37645130318687237,0.9438877518983293,-1.0306258653693874
20.98,0.02,441.46264526887035,503.4794686235893,1,-30.702983497898895,179.97860893182056,-4.958428362762262,-19.117447691586804,-139.14152612987937,-64.99038231765581,0,-56.026964277331786,19.674169302223333,0,0.3950001610476522,1.224779971465715,-1.2998076463531163
21.0,0.02,461.89437445655454,529.2408599399823,1,-30.819962627708485,179.57933589199482,-5.848956490479488,-19.96365199128671,-139.44233589591724,-15.040488301893618,0,20.431729187684198,25.76139131639303,0,0.4160565792565941,1.2284551530626413,-0.30080976603787235
21.02,0.02,447.97851447463887,513.0670777322373,1,-30.95614390607061,179.16475614439585,-6.809063918106294,-20.728987379947895,-140.2950934323962,-42.63787682394735,0,-13.915859981915673,-16.173782207745035,0,0.4363733581413554,1.22782104955133,-0.852757536478947
21.04,0.02,494.37200381311965,491.0520053691601,1,-31.106887984051426,178.73707119626,-7.537203899040697,-21.38424740679369,-140.8588327315025,-28.18696495531583,0,46.39348933848078,-22.015072363077195,0,0.45347347431604107,0.9795680347056577,-0.5637392991063166
21.06,0.02,449.25492293219503,510.56615154864585,1,-31.27670656973902,178.29432963296927,-8.490929284379721,-22.137078164536916,-141.62751208155603,-38.43396750267658,0,-45.11708088092462,19.51414617948575,0,0.47419241232863363,1.2150499003926998,-0.7686793500535316
21.080000000000002,0.02,487.48855820424194,513.377183920989,1,-31.46177629960619,177.83625035128642,-9.253486493358512,-22.90396408414186,-141.58925902925097,1.9126526152533074,0,38.23363527204691,2.8110323723431065,0,0.4940520551725048,1.0814839391566784,0.03825305230506615
21.1,0.02,461.71467121514104,517.7817967378897,1,-31.664674562351845,177.3623928899298,-10.144913137282808,-23.692873067831314,-141.9360211995633,-17.338108515616568,0,-25.7738869891009,4.404612816900794,0,0.5154692994820886,1.1903860071607273,-0.34676217031233136
21.12,0.02,463.5320467841142,553.2739588282578,1,-31.88521962041909,176.86920803269035,-11.027252903362236,-24.6592428619726,-141.44316136565803,24.64299169526356,0,1.817375568973148,35.49216209036808,0,0.5402512619588895,1.3085847476696995,0.4928598339052712
21.14,0.02,467.47507851557367,516.8258460504354,1,-32.123017170634775,176.36034059084585,-11.889877510784368,-25.443372092224777,-141.75292685830038,-15.488274632117793,0,3.9430317314594845,-36.448112777822416,0,0.5616883016922711,1.165752916816449,-0.30976549264235587
21.16,0.02,478.60798832555287,527.0574417369954,1,-32.376953922017904,175.83476740482766,-12.696837569156605,-26.27865930090975,-141.56815458342982,9.23861374352839,0,11.132909809979196,10.231595686560013,0,0.5837045892952452,1.1614169177349105,0.1847722748705678
21.18,0.02,439.07114665645423,521.7764035542605,1,-32.65098355873539,175.29301657845403,-13.701481835874334,-27.087541318681048,-142.23108367669192,-33.146454663105374,0,-39.536841669098635,-5.28103818273496,0,0.6071130040412807,1.2898062727877269,-0.6629290932621075
21.2,0.02,450.31762423330514,489.2428535854307,1,-32.94398143302955,174.73834146672186,-14.64989371470781,-27.733755586608197,-143.537751399349,-65.33338613285338,0,11.246477576850907,-32.53354996882979,0,0.6273055347404378,1.147640175309781,-1.3066677226570675
21.22,0.02,449.25756038864665,507.140823061967,1,-33.25605355128484,174.1689522726835,-15.603605912764577,-28.469459701918026,-144.23557580836183,-34.891220450641924,0,-1.0600638446584867,17.897969476536332,0,0.6493019800370281,1.2045030103765157,-0.6978244090128385
21.240000000000002,0.02,429.73652585524115,483.5006588158714,1,-33.589152016954614,173.58721301276356,-16.654923283488372,-29.086962995997382,-145.7857331781581,-77.50786848981335,0,-19.521034533405498,-23.640164246095594,0,0.6703544990255212,1.2192532682689228,-1.550157369796267
21.26,0.02,457.4035993291325,535.6480780758292,1,-33.94051012269147,172.98790894503603,-17.56790528684271,-29.96520338637653,-145.3949035967448,19.54147907066499,0,27.66707347389132,52.14741925995776,0,0.6947070490946213,1.266823713759028,0.3908295814132998
21.28,0.02,438.77641778051907,513.2575632836447,1,-34.311990586650275,172.37327912098013,-18.574023197940114,-30.731491202794757,-145.93286303659346,-26.897971992433156,0,-18.627181548613407,-22.39051479218449,0,0.718169587021081,1.264701652019962,-0.5379594398486631
21.3,0.02,436.31754434281464,516.0805413936739,1,-34.7038392961748,171.74304124278487,-19.59243547622604,-31.51189390976313,-146.3898802201289,-22.850859176772076,0,-2.458873437704426,2.8229781100292257,0,0.742122088519199,1.283040121588992,-0.4570171835354415
21.32,0.02,420.1193217839544,507.00083577902143,1,-35.117676073520926,171.0981032810117,-20.691838867306267,-32.24689808865824,-147.27010276831237,-44.01112740917341,0,-16.198222558860266,-9.079705614652482,0,0.7662935813513998,1.3224669974377345,-0.8802225481834682
21.34,0.02,451.9618458565846,513.298104309931,1,-35.55031666628139,170.43783550880755,-21.632029638023344,-33.0133886102079,-147.43489159832706,-8.239441500734301,0,31.842524072630226,6.297268530909548,0,0.7893867325434079,1.2130401497753631,-0.16478883001468603
21.36,0.02,443.30188987540095,525.5705593639477,1,-36.00262707005432,169.761010680667,-22.61552018864634,-33.84124140702764,-147.40407966279125,1.5405967767904372,0,-8.659955981183657,12.272455054016746,0,0.8140494759833199,1.2855325419323274,0.030811935535808743
21.38,0.02,460.8219156411728,507.9965654625261,1,-36.472855282263126,169.0693861959802,-23.511410610440475,-34.58122423434027,-147.58195205217476,-8.893619469175462,0,17.520025765771834,-17.573993901421602,0,0.8363366543296856,1.161978585250205,-0.17787238938350924
21.400000000000002,0.02,438.29493485242597,508.5690272195185,1,-36.963254000986694,168.36290480857144,-24.519935936178346,-35.324069370437854,-148.11976312780078,-26.890553781301207,0,-22.526980788746812,0.572461756992368,0,0.8600039849214193,1.2525742408649954,-0.5378110756260241
21.42,0.02,443.6865821112788,477.5046231794869,1,-37.473284061499136,167.64467295884475,-25.50150302562195,-35.911592486335294,-149.56262115283482,-72.14290125170209,0,5.391647258852856,-31.064404040031604,0,0.8809016134552998,1.143965630074884,-1.4428580250340417
21.44,0.02,449.6161451727699,476.5536877446965,1,-38.0023525074943,166.91478574034358,-26.453422299758103,-36.49436092505877,-150.8480749418438,-64.27268945044915,0,5.929563061491081,-0.9509354347903809,0,0.9014703391011388,1.1161403843800732,-1.285453789008983
21.46,0.02,445.4926823402334,504.4307971917152,1,-38.55087168525544,166.17045544212323,-27.425958888056936,-37.21651491101734,-151.10118322672562,-12.655414244090935,0,-4.123462832536518,27.87710944701871,0,0.9246085015943476,1.2113355418775533,-0.2531082848818187
21.48,0.02,450.68248370154487,509.35502831656805,1,-39.118322614646424,165.41118964107122,-28.372546469549214,-37.963290052600186,-151.0929710555815,0.4106085572061602,0,5.189801361311481,4.924231124852838,0,0.9478845467217218,1.2056953021064138,0.008212171144123204
21.5,0.02,454.59559385129245,484.95456587218496,1,-39.70431398465228,164.639428383432,-29.29956850029275,-38.58806288196111,-151.91910367683892,-41.306631062870736,0,3.913110149747581,-24.400462444383095,0,0.9690208070594772,1.1179047069368309,-0.8261326212574147
21.52,0.02,470.3053572033186,519.4569724707756,1,-40.307274818937806,163.85172142854572,-30.148041714276157,-39.385347744314984,-151.08615168881525,41.6475994011833,0,15.70976335202613,34.502406598590596,0,0.991989926591257,1.1642894599651639,0.832951988023666
21.54,0.02,427.70889436174537,527.722172145911,1,-40.931464763787154,163.04724225644483,-31.20949724246743,-40.223958605044544,-150.9562058714472,6.497290868402672,0,-42.596462841573214,8.265199675135477,0,1.018233679267758,1.352758668078453,0.12994581736805344
21.56,0.02,458.7241872864978,526.1368155920555,1,-41.573782289907854,162.22614940278473,-32.11587630603494,-41.054642683004815,-150.29307698932448,33.15644410613601,0,31.01529292475243,-1.5853565538554903,0,1.0424803493080859,1.2294547751951763,0.6631288821227201
21.580000000000002,0.02,445.7638445344085,503.2685991422878,1,-42.23552343157511,161.3907296892104,-33.0870570833629,-41.77098567871626,-150.763390147927,-23.51565793012611,0,-12.960342752089275,-22.868216449767715,0,1.0657520520288548,1.2067888753863216,-0.4703131586025222
21.6,0.02,415.8141509292884,548.1930097637949,1,-42.91968315814944,160.5364906746597,-34.20798632871646,-42.71195072753524,-150.34556963050645,20.89102587102758,0,-29.949693605120103,44.924410621507036,0,1.0944399597268055,1.463522325141576,0.4178205174205516
21.62,0.02,467.01005383531117,498.47689627423944,1,-43.621141879340236,159.66840397048156,-35.0729360595399,-43.40433520890643,-150.64354565772038,-14.898801360696723,0,51.19590290602275,-49.716113489555426,0,1.1160729651351062,1.1079414726849053,-0.29797602721393446
21.64,0.02,446.2257917990531,524.0411062795558,1,-44.34197802135113,158.7839131556755,-36.04180710054463,-44.22454074030421,-150.39440986864375,12.456789453831618,0,-20.784262036258042,25.564210005316397,0,1.141020922290849,1.2694282996030537,0.24913578907663236
21.66,0.02,442.6849471166321,494.35684407332604,1,-45.08254566865036,157.88598665646208,-37.02838236496147,-44.89632496067084,-151.36721661384553,-48.640337260088984,0,-3.5408446824210387,-29.68426220622979,0,1.1639211477655906,1.193576470567666,-0.9728067452017797
21.68,0.02,420.50072950701326,501.9864987384502,1,-45.84506324299889,156.9738615073748,-38.1258787174264,-45.60625745436309,-152.27881123503363,-45.57973105940505,0,-22.184217609618827,7.629654665124178,0,1.188867250279797,1.3070969318585066,-0.911594621188101
21.7,0.02,428.0632636295442,486.19707097839216,1,-46.62877449098446,156.0491166511897,-39.18556239927868,-46.23724280925505,-153.63394250892054,-67.75656369434557,0,7.562534122530963,-15.78942776005806,0,1.2121701073941331,1.2333174869724883,-1.3551312738869115
21.72,0.02,453.3869489323135,525.0441003979862,1,-47.4311470440768,155.1078673849648,-40.118627654617114,-47.06246331124498,-152.90146780080633,36.62373540571053,0,25.323685302769263,38.84702941959404,0,1.236831393167571,1.2456322280770888,0.7324747081142107
21.740000000000002,0.02,446.83150291109956,503.6815349371368,1,-48.252836446878035,154.1522499652462,-41.08447014006161,-47.78087098593066,-153.26758329521545,-18.30577472045576,0,-6.555446021213925,-21.362565460849396,0,1.2603087429457493,1.2037280813110942,-0.36611549440911517
21.76,0.02,466.1686891164256,511.10208174484114,1,-49.09190898076763,153.1815223373531,-41.95362669447948,-48.53638139465487,-152.84094227874778,21.332050823383497,0,19.33718620532602,7.420546807704341,0,1.2831035985776287,1.1516202037903644,0.42664101646766994
21.78,0.02,448.34843284278924,522.492637084119,1,-49.95014667137294,152.1945454457516,-42.91188453026554,-49.348844580075465,-152.44861329362075,19.61644925635113,0,-17.820256273636346,11.390555339277853,0,1.3079355175737462,1.2563257967219974,0.39232898512702263
21.8,0.02,423.35869627047646,521.8132664531922,1,-50.8300484923512,151.19138722750478,-43.99509104891315,-50.15791091234142,-152.64889194106834,-10.013932372379486,0,-24.98973657231278,-0.6793706309267691,0,1.3343738701717012,1.3520076523625788,-0.20027864744758972
21.82,0.02,435.021151129587,520.41959844053,1,-51.73044819821651,150.1721870494139,-45.01998529326522,-50.96000890454407,-152.68656393034956,-1.883599464061092,0,11.66245485911054,-1.3936680126622605,0,1.3599590557596897,1.301448962196181,-0.03767198928122184
21.84,0.02,445.9851504814133,483.46066815351253,0,-52.585827918788546,149.16952927488484,-42.76898602860196,-50.13288872645318,-152.68656393034956,0.0,0,10.963999351826317,-36.95893028701744,1,1.3179518501028349,2.3981504286678215,0.0
21.86,0.02,444.51031140831225,505.09750930538416,0,-53.398438653331986,148.18308305584637,-40.63053672717186,-49.322310951924116,-152.68656393034956,0.0,0,-1.4748390731010659,21.636841151871636,0,1.2780502137829026,2.2869197063621134,0.0
21.88,0.02,415.32884625440937,494.7959666304722,0,-54.17041885114825,147.21252416118867,-38.599009890813264,-48.52794473288563,-152.68656393034956,0.0,0,-29.181465153902877,-10.301542674911957,0,1.2401362803416447,2.1813112975443603,0.0
21.900000000000002,0.02,438.0605356604546,490.6140383871706,0,-54.9038000390737,146.2575348444241,-36.6690593962726,-47.74946583822791,-152.68656393034956,0.0,0,22.731689406045234,-4.181928243301627,0,1.204098235999623,2.0810425994691335,0.0
21.92,0.02,442.6817061404525,504.41706007821085,0,-55.60051216760288,145.31780371399483,-34.835606426458966,-46.98655652146335,-152.68656393034956,0.0,0,4.621170479997886,13.803021691040271,0,1.1698300678036635,1.9858450136213075,0.0
21.94,0.02,449.0804933806163,513.0218291771625,0,-56.2623886897056,144.39302560617415,-33.09382610513602,-46.23890539103408,-152.68656393034956,0.0,0,6.398787240163813,8.604769098951692,0,1.1372313217702035,1.8954632416852717,0.0
21.96,0.02,470.7171483351508,492.31311965313927,0,-56.89117138570319,143.48290146050988,-31.439134799879216,-45.5062072832134,-152.68656393034956,0.0,0,21.636654954534492,-20.708709524023277,0,1.106206870032504,1.8096546170185244,0.0
21.98,0.02,424.50986776462565,526.2687989479139,0,-57.48851494690089,142.5871381977589,-29.867178059885255,-44.78816313754913,-152.68656393034956,0.0,0,-46.20728057052514,33.9556792947746,0,1.0766666861190854,1.7281884699115364,0.0
22.0,0.02,444.2173333064239,506.07795402898586,0,-58.055991330038715,141.70544860026294,-28.373819156890992,-44.08447987479814,-152.68656393034956,0.0,0,19.70746554179823,-20.190844918928008,0,1.0485256276084787,1.6508455250047174,0.0
22.02,0.02,428.7070612094442,500.21597726097843,0,-58.59509389401964,140.8375511947169,-26.95512819904644,-43.394870277302175,-152.68656393034956,0.0,0,-15.51027209697969,-5.861976768007423,0,1.0217032255231289,1.5774173293166383,0.0
22.04,0.02,427.45326424431875,490.4085482061169,0,-59.107241329801525,139.98317013728177,-25.607371789094117,-42.719052871756126,-152.68656393034956,0.0,0,-1.2537969651254457,-9.80742905486153,0,0.9961234799370571,1.5077057094163209,0.0
22.06,0.02,449.1704550781317,506.99182566944194,0,-59.593781393794316,139.14203510099534,-24.32700319963941,-42.056751814321004,-152.68656393034956,0.0,0,21.717190833812936,16.583277463325032,0,0.9717146613788871,1.4415222563463654,0.0
22.080000000000002,0.02,427.76410944717145,518.330494727665,0,-60.05599445458746,138.31388116543465,-23.11065303965744,-41.407696778034584,-152.68656393034956,0.0,0,-21.40634563096023,11.338669058223104,0,0.9484091177084036,1.3786878369728706,0.0
22.1,0.02,466.66654276487725,525.8225410799025,0,-60.49509686234095,137.4984487085852,-21.955120387674565,-40.77162284247389,-152.68656393034956,0.0,0,38.9024333177058,7.49204635223748,0,0.92614308623369,1.3190321305026065,0.0
22.12,0.02,451.3138851701027,518.9525790777896,0,-60.912244149706765,136.6954833008727,-20.857364368290835,-40.14827038562441,-152.68656393034956,0.0,0,-15.352657594774541,-6.86996200211297,0,0.9048565109118382,1.2623931889682778,0.0
22.14,0.02,448.40500144665344,538.014207563015,0,-61.30853407270429,135.90473560131446,-19.81449614987629,-39.53738497791192,-152.68656393034956,0.0,0,-2.9088837234492644,19.06162848522547,0,0.8844928645421797,1.2086170205384237,0.0
22.16,0.02,465.32602836374906,506.954428002024,0,-61.68500949955194,135.12596125574737,-18.823771342382475,-38.93871727835368,-152.68656393034956,0.0,0,16.921026917095617,-31.059779560991046,0,0.8649989759147477,1.157557194560172,0.0
22.18,0.02,464.0061376218259,472.29002763881044,0,-62.0426611550572,134.35892079709163,-17.88258277526335,-38.3520229327866,-152.68656393034956,0.0,0,-1.3198907419231318,-34.66440036321353,0,0.8463248619179684,1.1090744672906898,0.0
22.2,0.02,415.3006176766801,486.03029661514074,0,-62.382430227787204,133.60337954760902,-16.988453636500182,-37.777062474130865,-152.68656393034956,0.0,0,-48.70551994514585,13.740268976330299,0,0.8284235646416266,1.0630364273170434,0.0
22.22,0.02,431.22162753583024,501.7963210587183,0,-62.7052108468807,132.85910752311605,-16.13903095467517,-37.213601224648244,-152.68656393034956,0.0,0,15.92100985915016,15.766024443577578,0,0.8112509935311326,1.019317159704138,0.0
22.240000000000002,0.02,428.12333801576716,503.73170632257694,0,-63.011852435019534,132.12587933911294,-15.332079406941412,-36.661409200155276,-152.68656393034956,0.0,0,-3.0982895200630765,1.9353852638586204,0,0.7947657726606016,0.9777969279474907,0.0
22.26,0.02,446.2156503450821,495.02197200136396,0,-63.30316194375142,131.4034741187899,-14.56547543659434,-36.12026101615217,-152.68656393034956,0.0,0,18.09231232931495,-8.709734321212977,0,0.7789290931963017,0.938361872841045,0.0
22.28,0.02,445.5698224698262,498.85141314608654,0,-63.579905977046714,130.6916754028733,-13.837201664764622,-35.58993579582913,-152.68656393034956,0.0,0,-0.6458278752559181,3.82944114472258,0,0.763704571117031,0.9009037274014178,0.0
22.3,0.02,449.44440861112906,491.40864632898587,0,-63.842812808677245,129.99027106127505,-13.14534158152639,-35.070217079912545,-152.68656393034956,0.0,0,3.8745861413028706,-7.442766817100676,0,0.7490581102497167,0.8653195470185537,0.0
22.32,0.02,455.2156451948844,474.38008982779695,0,-64.09257429872625,129.29905320650877,-12.48807450245007,-34.560892738314294,-152.68656393034956,0.0,0,5.771236583755353,-17.028556501188916,0,0.7349577706638629,0.8315114540293533,0.0
22.34,0.02,464.190391405731,493.71450821616895,0,-64.3298477142728,128.6178181088378,-11.863670777327567,-34.061754883548005,-152.68656393034956,0.0,0,8.974746210846604,19.334418388372,0,0.7213736424516043,0.7993863959360028,0.0
22.36,0.02,425.3687788012173,505.57889030920774,0,-64.55525745904202,127.94636611312026,-11.270487238461188,-33.572599785877046,-152.68656393034956,0.0,0,-38.821612604513746,11.864382093038785,0,0.7082777249003408,0.7688559165146138,0.0
22.38,0.02,456.06183880291513,511.61304193239687,0,-64.76939671657279,127.28450155731707,-10.706962876538128,-33.0932277901595,-152.68656393034956,0.0,0,30.69306000169786,6.034151623189132,0,0.6956438110444032,0.7398359390831263,0.0
22.400000000000002,0.02,441.00164749387187,494.10241547342974,0,-64.972829011227,126.63203269262995,-10.171614732711221,-32.62344323435631,-152.68656393034956,0.0,0,-15.060191309043262,-17.510626458967124,0,0.6834473775605436,0.7122465612202835,0.0
22.42,0.02,432.2339297824625,502.9859084776526,0,-65.16608969114851,125.98877160523656,-9.66303399607566,-32.16305436966918,-152.68656393034956,0.0,0,-8.767717711409375,8.883493004222828,0,0.6716654799513239,0.6860118602507328,0.0
22.44,0.02,414.30800480451796,514.5568941141258,0,-65.34968733707395,125.35453413959105,-9.179882296271876,-31.711873282275796,-152.68656393034956,0.0,0,-17.925924977944533,11.570985636473267,0,0.6602766529401158,0.6610597088348108,0.0
22.46,0.02,438.2769583217213,492.01499329993703,0,-65.52410510070311,124.72913982325845,-8.720888181458282,-31.26971581663028,-152.68656393034956,0.0,0,23.968953517203317,-22.541900814188807,0,0.6492608159827011,0.6373216000259048,0.0
22.48,0.02,467.8878869828413,480.20750047794405,1,-65.71573407563399,124.09172475687805,-9.581448746544073,-31.870753319020004,-153.39158710728924,-35.2511588469838,0,29.61092866112,-11.80749282199298,1,0.6655971986733324,1.049671646496966,-0.705023176939676
22.5,0.02,437.584864533232,515.5131346737716,1,-65.92760456411155,123.43875837703027,-10.593524423877913,-32.64831899238886,-153.40598693924318,-0.7199915976968896,0,-30.303022449609273,35.30563419582751,0,0.686479567867273,1.2762858430039534,-0.014399831953937792
22.52,0.02,421.4679837919076,473.48575688991104,1,-66.16132825420992,122.7744434214935,-11.686184504918376,-33.21574777683841,-154.70982187757983,-65.19174691683247,0,-16.116880741324394,-42.027377783860516,0,0.7042308736934337,1.2312113864488303,-1.3038349383366494
22.54,0.02,420.2093345178219,485.010944961385,1,-66.4170310108565,122.09762737146059,-12.785137832329266,-33.840802501645335,-155.59430227883198,-44.224020062607394,0,-1.2586492740857125,11.525188071473963,0,0.7235080271419353,1.2642752172019045,-0.8844804012521479
22.56,0.02,425.9245714886276,487.69436640495746,1,-66.69414131035423,121.40804188478718,-13.85551497488613,-34.47927433367012,-156.28556142841015,-34.56295747890863,0,5.715236970805677,2.683421443572456,0,0.7431811767787975,1.2463360331777633,-0.6912591495781726
22.580000000000002,0.02,457.43561571259806,504.73086506171757,1,-66.98950804828068,120.7039833116076,-14.768336896323138,-35.202928658978706,-156.06643741276665,10.956200782175074,0,31.511044223970487,17.036498656760102,0,0.7635050650395075,1.164868852186278,0.21912401564350148
22.6,0.02,429.8306242542963,490.2011725690559,1,-67.30589172378171,119.98690462117112,-15.819183775051659,-35.85393452182399,-156.64572439137655,-28.96434893049502,0,-27.604991458301754,-14.529692492661638,0,0.7837732314908683,1.236158483363846,-0.5792869786099004
22.62,0.02,442.3342785395667,500.25977022318534,1,-67.6420419714288,119.25579995371233,-16.807512382353824,-36.55523337293992,-156.7551230968578,-5.4699352740627205,0,12.503654285270386,10.058597654129414,0,0.8046806967817915,1.211863653464514,-0.10939870548125441
22.64,0.02,437.5221661120042,515.3598478363377,1,-67.99844000246468,118.5091593014699,-17.8199015517938,-37.33203261212161,-156.49841038077616,12.835635804081846,0,-4.812112427562511,15.100077613152393,0,0.8273402082017159,1.2760677444370352,0.2567127160816369
22.66,0.02,460.6295419071197,515.3194258692395,1,-68.37277507930985,117.74698670664054,-18.716753842258203,-38.10862974146781,-155.93545527238308,28.147755419654175,0,23.1073757951155,-0.040421967098268397,0,0.8491370996874337,1.1863587704484688,0.5629551083930835
22.68,0.02,467.3606057523901,507.8870302051621,1,-68.76437409557977,116.97002540879068,-19.57995081349625,-38.84806489249362,-155.56812210419767,18.366658409270542,0,6.731063845270398,-7.432395664077376,0,0.8700681857763322,1.1366060679615864,0.36733316818541084
22.7,0.02,421.79580798291556,490.8121335408938,1,-69.1777935310514,116.17998289758671,-20.670971773581673,-39.50212556019809,-156.3786320305527,-40.52549631775122,0,-45.564797769474524,-17.074896664268294,0,0.8916741552468335,1.2720542804392179,-0.8105099263550244
22.72,0.02,449.0393234588475,469.1949523054302,1,-69.61030903417715,115.37902089115221,-21.625775156287435,-40.04810032172524,-157.62631069482666,-62.38393321369813,0,27.24351547593193,-21.61718123546359,0,0.9102800647030005,1.0998808753001357,-1.2476786642739626
22.740000000000002,0.02,454.2101589924208,493.2357879511122,1,-70.06140352140366,114.5647353059226,-22.55472436132533,-40.7142792614808,-157.84199658932033,-10.784294724683718,0,5.1708355335733245,24.040835645681966,0,0.9308851973894969,1.143127729221184,-0.21568589449367437
22.76,0.02,434.83689104156315,482.5506758845718,1,-70.53301431952602,113.73819465310453,-23.58053990611751,-41.32703264090365,-158.64066173583046,-39.93325732550659,0,-19.373267950857667,-10.685112066540398,0,0.9516229272492981,1.1948908887138643,-0.7986651465101318
22.78,0.02,454.4412433557247,459.1358836048691,1,-71.02318099331279,112.90174041192597,-24.508333689338887,-41.822712058928,-160.12935235249154,-74.43453083305371,0,19.60435231416153,-23.41479227970268,0,0.9694942318945414,1.0519027472334053,-1.4886906166610743
22.8,0.02,454.5863986123292,486.5653016099163,1,-71.53188902723834,112.05262964058642,-25.435401696277243,-42.45553856697758,-160.39617340476516,-13.34105261368137,0,0.14515525660453932,27.429418005047182,0,0.9898348174242224,1.1224635757025188,-0.2668210522736274
22.82,0.02,419.26835426467005,498.61016360522046,1,-72.06267022573742,111.18965785288634,-26.539059924953893,-43.14858938500368,-160.6236055308381,-11.371606303646331,0,-35.31804434765917,12.044861995304188,0,1.013138187537312,1.3032194451021402,-0.22743212607292662
22.84,0.02,464.2813897462385,499.17546916518313,1,-72.61102328526188,110.31276851826975,-27.4176529762227,-43.844466730829595,-160.25423575249536,18.468488917136483,0,45.013035481568465,0.5653055599626668,0,1.03422723956303,1.1207903595996676,0.36936977834272966
22.86,0.02,483.63470216980005,482.1351077351869,1,-73.17501287456935,109.42366567287964,-28.199479465373702,-44.45514226950553,-160.3903373125578,-6.805078003121423,0,19.353312423561533,-17.04036142999621,0,1.0528951165847438,0.9920570914394612,-0.13610156006242846
22.88,0.02,422.3054139742647,471.37948485501266,1,-73.76077192247939,108.52342487900403,-29.287952395502376,-45.01203969378059,-161.58690153271203,-59.828211007712184,0,-61.329288195535355,-10.755622880174258,0,1.0740331229372175,1.2226643287456709,-1.1965642201542437
22.900000000000002,0.02,431.2191330317237,482.2218261536896,1,-74.36740905708626,107.61096190251304,-30.331856730343755,-45.62314882454904,-162.24701634279631,-33.00574050421403,0,8.91371905745899,10.842341298676956,0,1.0957177084225769,1.2096241689091656,-0.6601148100842806
22.92,0.02,434.3793159419779,469.87420886138716,1,-74.99460826009894,106.68751150513592,-31.359960150633864,-46.17251986885598,-163.32297982343647,-53.79817403200775,0,3.160182910254207,-12.34761729230246,0,1.1163061751489636,1.1656779946173446,-1.075963480640155
22.94,0.02,453.8649021928956,483.7779245594918,1,-75.64042097289233,105.75168331530284,-32.29063563966939,-46.79140949165344,-163.59563841437915,-13.632929547134154,0,19.48558625091772,13.903715698104634,0,1.1370349426872517,1.1176677641848218,-0.2726585909426831
22.96,0.02,479.05342896336697,465.1862666704238,1,-76.30232834278938,104.80533649880273,-33.09536849485256,-47.31734082500556,-164.60067216239372,-50.25168740072843,0,25.188526770471356,-18.591657889068017,0,1.1548565553452623,0.9613525553160984,-1.0050337480145686
22.98,0.02,462.3883785268262,454.5514788291647,1,-76.98199687483375,103.8495345344197,-33.98342660221843,-47.79009821915138,-130.1943598574577,1720.3156152468011,0,-16.665050436540753,-10.634787841259083,0,1.1728199813141866,1.0060550460972817,34.40631230493602
23.0,0.02,445.7737415388854,471.78209171377136,1,-77.68108803272423,102.8825543608653,-34.954557894524,-48.34900867772024,-134.4831048747477,-214.43725086450058,0,-16.6146369879408,17.23061288460667,0,1.1932221516079708,1.1204806502536055,-4.288745017290012
23.02,0.02,466.11837637103406,494.97821452534896,1,-78.3975673529776,101.90207636585836,-35.82396601266883,-49.023899750346985,-137.0486436688489,-128.27693970506004,0,20.344634832148643,23.196122811577595,0,1.2143639137604314,1.1006127546995874,-2.565538794101201
23.04,0.02,448.53543533233636,493.2030413367391,1,-79.13319312969774,100.90827806671776,-36.78128883600715,-49.68991495703068,-139.7430895701998,-134.72229506754445,0,-17.582941038697697,-1.7751731886098696,0,1.2364385721700353,1.1662089193700977,-2.694445901350889
23.06,0.02,466.79847296807446,471.5558863468341,1,-79.88613905912108,99.90332417894246,-37.647296471166776,-50.24769438876485,-143.1242456519941,-169.0578040897151,0,18.2630376357381,-21.647154989905005,0,1.2557308187624685,1.0300908302768546,-3.381156081794302
23.080000000000002,0.02,499.308204834315,487.9943102867649,1,-80.65315416806098,98.88557086013849,-38.3507554469952,-50.88766594019867,-144.58376431603455,-72.97593320202225,0,32.50973186624054,16.43842393993083,0,1.2744151581327734,0.9510089995989486,-1.459518664040445
23.1,0.02,476.3364343672616,491.59627911639336,1,-81.43653563356416,97.85465791342287,-39.169073275158894,-51.54564733578064,-146.27807569909078,-84.71556915281155,0,-22.97177046705343,3.601968829628447,0,1.2947849335699697,1.0500398015420844,-1.694311383056231
23.12,0.02,470.36917423483885,468.8716344298444,1,-82.23688018164385,96.81285780326427,-40.0172274039847,-52.09000550792987,-149.35051834040607,-153.62213206576456,0,-5.967260132422723,-22.72464468654897,0,1.3137347012115375,1.0078150851371013,-3.072442641315291
23.14,0.02,466.25634428939185,477.87244685034784,1,-83.0545990952946,95.75927044842064,-40.88594568253774,-52.679367742181604,-151.6406558976223,-114.50687786081204,0,-4.112829945447004,9.00081242050345,0,1.3336830718085007,1.0497710658302393,-2.290137557216241
23.16,0.02,469.84738028119574,469.09853109096514,1,-83.88933327091723,94.69477324046791,-41.73670878113176,-53.22486039763643,-154.30155589152767,-133.04499969526802,0,3.591035991803892,-8.773915759382703,0,1.3527510671559417,1.0106236129660022,-2.6608999939053604
23.18,0.02,482.6373253544091,473.24011338311493,1,-84.73980371400442,93.61895202117687,-42.52352215435972,-53.791060964552,-156.42402819562676,-106.12361520495455,0,12.789945073213346,4.141582292149792,0,1.3713829773049497,0.9693597713263516,-2.122472304099091
23.2,0.02,456.4075707060748,471.37935729058813,1,-85.608633400021,92.53199286615677,-43.441484300829345,-54.34795775100494,-158.62268492936428,-109.9328366868761,0,-26.22975464833428,-1.860756092526799,0,1.391526222528945,1.0736799025374064,-2.198656733737522
23.22,0.02,458.99464820691946,482.7656152599376,1,-86.4955636212169,91.43275714961068,-44.34651105979475,-54.96178582730463,-159.96842835779637,-67.28717142160434,0,2.587077500844657,11.386257969349458,0,1.4124320790045795,1.0935530813349685,-1.3457434284320868
23.240000000000002,0.02,456.8640685872973,480.20506436633497,1,-87.40080743555407,90.32150092662795,-45.262190716858264,-55.56281114913631,-161.41165904313797,-72.16153426708019,0,-2.1305796196221536,-2.560550893602624,0,1.4333027441938264,1.0953084825029091,-1.4432306853416037
23.26,0.02,444.4606883322794,470.06132411094933,1,-88.32560518105801,89.19923857123413,-46.239887275196864,-56.11311776969106,-127.39083333353338,1701.0412854802296,0,-12.403380255017908,-10.143740255385637,0,1.4542089479931137,1.1219304509699044,34.020825709604594
23.28,0.02,490.81196456946867,490.0355859042363,0,-89.20416303928675,88.09557986294818,-43.92789291143702,-55.18293541429723,-127.39083333353338,0.0,0,46.35127623718927,19.974261793286985,1,1.410647530260798,2.492098945135062,0.0
23.3,0.02,459.4488333702113,463.2266556110944,0,-90.03879300460406,87.01015272882796,-41.73149826586517,-54.27135670601129,-127.39083333353338,0.0,0,-31.363131199257396,-26.80893029314194,0,1.369218478727923,2.378050710245045,0.0
23.32,0.02,511.75583236124965,474.13252248068096,0,-90.8316914716555,85.94259253739014,-39.64492335257191,-53.37800957189106,-127.39083333353338,0.0,0,52.30699899103837,10.905866869586589,0,1.3298017677064824,2.2697717882698267,0.0
23.34,0.02,469.81259362500634,467.38459054113184,0,-91.58494501535436,84.89254194978108,-37.66267718494331,-52.50252938045324,-127.39083333353338,0.0,0,-41.9432387362433,-6.747931939549119,0,1.2922836908485045,2.166971489124456,0.0
23.36,0.02,497.2261186306663,485.5257773611754,0,-92.30053588186829,83.85965077392419,-35.779543325696146,-51.64455879284417,-127.39083333353338,0.0,0,27.41352500565995,18.141186820043572,0,1.256556592199958,2.069373494815611,0.0
23.38,0.02,527.6156863132883,479.8232942472907,0,-92.98034720505652,82.84357582158444,-33.99056615941134,-50.80374761698729,-127.39083333353338,0.0,0,30.389567682621987,-5.702483113884739,0,1.222518606773394,1.9767151375284864,0.0
23.400000000000002,0.02,478.23915900379853,465.72154160709283,0,-93.62616796208533,81.84398076829149,-32.29103785144077,-49.97975266464754,-127.39083333353338,0.0,0,-49.376527309489745,-14.101752640197844,0,1.1900734098268926,1.8887467143782617,0.0
23.42,0.02,502.9631010173377,456.1269767209946,0,-94.23969768126271,80.8605360160644,-30.676485958868728,-49.17223761135459,-127.39083333353338,0.0,0,24.72394201353916,-9.594564886098226,0,1.1591299741603047,1.8052308370684016,0.0
23.44,0.02,485.2119674462706,486.5494450208075,0,-94.82255091448121,79.89291855888185,-29.14266166092529,-48.38087285912749,-127.39083333353338,0.0,0,-17.7511335710671,30.42246829981292,0,1.1296023348584645,1.7259418147866772,0.0
23.46,0.02,528.0907465491106,481.95674111128517,0,-95.3762614860388,78.94081185084295,-27.685528577879026,-47.60533540194494,-127.39083333353338,0.0,0,42.878779102839985,-4.592703909522356,0,1.1014093610221845,1.6506650687529232,0.0
23.48,0.02,484.54256836113296,484.00659711593045,0,-95.9022865290185,78.00390567696483,-26.301252148985075,-46.84530869390604,-127.39083333353338,0.0,0,-43.54817818797761,2.049856004645278,0,1.0744745341294595,1.579196576909866,0.0
23.5,0.02,515.1235863628305,444.98554753042544,0,-96.40201031984921,77.08189602656428,-24.98618954153582,-46.10048252002792,-127.39083333353338,0.0,0,30.581018001697487,-39.02104958550501,0,1.0487257327604635,1.5113423473208056,0.0
23.52,0.02,492.44854034860026,465.7445323119735,0,-96.87674792113839,76.17448496917173,-23.736880064459026,-45.37055286962735,-127.39083333353338,0.0,0,-22.67504601423019,20.758984781548065,0,1.0240950234993185,1.4469179189047934,0.0
23.54,0.02,504.47659876377287,494.7691640720067,0,-97.3277486423631,75.28138053292703,-22.550036061236074,-44.65522181223481,-127.39083333353338,0.0,0,12.028058415172609,29.024631760033174,0,1.0005184578932937,1.3857478882021146,0.0
23.56,0.02,502.34585312519704,450.6917397113332,0,-97.75619932752659,74.40229658540723,-21.42253425817427,-43.954197375990105,-127.39083333353338,0.0,0,-2.1307456385758314,-44.07742436067349,0,0.9779358754049559,1.327665460919964,0.0
23.580000000000002,0.02,502.1679646507093,477.77882279297,0,-98.16322747843189,73.53695271683782,-20.351407545265555,-43.2671934284703,-127.39083333353338,0.0,0,-0.17788847448775869,27.08708308163682,0,0.9562907123359852,1.2725120270608148,0.0
23.6,0.02,497.0721947480418,476.7419542890397,0,-98.54990422179193,72.6850741256398,-19.333837168002276,-42.59392955990089,-127.39083333353338,0.0,0,-5.0957699026674845,-1.0368685039302932,0,0.9355298167333012,1.2201367584843825,0.0
23.62,0.02,512.1847082159281,460.51127615783884,0,-98.91724712798398,71.84639150626575,-18.36714530960216,-41.934130968702874,-127.39083333353338,0.0,0,15.112513467886345,-16.230678131200875,0,0.9156032693092281,1.1703962277980724,0.0
23.64,0.02,481.25071192653036,455.89697648647666,0,-99.26622288886642,71.02064093927918,-17.448788044122054,-41.28752834932882,-127.39083333353338,0.0,0,-30.933996289397783,-4.614299671362176,0,0.8964642104189773,1.1231540475115125,0.0
23.66,0.02,486.76226757547454,485.5543525781777,0,-99.59774986170474,70.20756378363232,-16.57634864191595,-40.653857782342236,-127.39083333353338,0.0,0,5.5115556489441815,29.657376091701053,0,0.8780686731424336,1.0782805284279413,0.0
23.68,0.02,489.332404523254,461.6007550137602,0,-99.91270048590114,69.40690657109842,-15.747531209820151,-40.03286062669539,-127.39083333353338,0.0,0,2.570136947779474,-23.95359756441752,0,0.8603754225129087,1.0356523562795326,0.0
23.7,0.02,506.64852698424977,492.7815939976081,0,-100.21190357888773,68.61842090281519,-14.960154649329143,-39.42428341416148,-127.39083333353338,0.0,0,17.316122460995757,31.180838983847934,0,0.8433458009267558,0.995152285645867,0.0
23.72,0.02,487.01409136517043,450.1498659874201,0,-100.49614651722499,67.84186334789763,-14.212146916862684,-38.82787774587825,-127.39083333353338,0.0,0,-19.63443561907934,-42.631728010188,0,0.8269435797526554,0.95666885022456,0.0
23.740000000000002,0.02,515.3613842720264,459.7749708049925,0,-100.76617730864538,67.07699534407841,-13.50153957101955,-38.24340019096068,-127.39083333353338,0.0,0,28.347292906855955,9.625104817572378,0,0.8111348171429451,0.9200960885519758,0.0
23.76,0.02,508.3624198411272,460.36024511207745,0,-101.02270656049475,66.32358310033558,-12.826462592468571,-37.67061218714146,-127.39083333353338,0.0,0,-6.998964430899207,0.5852743070849442,0,0.7958877220286812,0.8853332842996041,0.0
23.78,0.02,546.1821727323769,464.983337030232,0,-101.26640934975165,65.5813975014676,-12.185139462845143,-37.109279943398626,-127.39083333353338,0.0,0,37.81975289124972,4.623091918154557,0,0.7811725242599169,0.8522847202991212,0.0
23.8,0.02,498.7955783304031,451.4384115556865,0,-101.49792699954571,64.85021401457699,-11.575882489702884,-36.55917434453065,-127.39083333353338,0.0,0,-47.38659440197381,-13.544925474545494,0,0.7669613508304582,0.8208594454767255,0.0
23.82,0.02,555.4778157300576,468.058512591504,0,-101.71786876685006,64.12981259742419,-10.99708836521774,-36.020070857640036,-127.39083333353338,0.0,0,56.682237399654525,16.62010103581747,0,0.7532281081058533,0.7909710539053543,0.0
23.84,0.02,514.3405909314656,460.7608529428715,0,-101.9268134457892,63.419977608614445,-10.447233946956853,-35.49174944048723,-127.39083333353338,0.0,0,-41.137224798592,-7.297659648632475,0,0.7399483699525998,0.7625374752124413,0.0
23.86,0.02,526.3544673503222,457.3608847953606,0,-102.12531089078138,62.7204977195809,-9.92487224960901,-34.973994451677484,-127.39083333353338,0.0,0,12.013876418856626,-3.39996814751089,0,0.727099271647833,0.7354807756110986,0.0
23.88,0.02,537.3095752696809,444.8144933883542,0,-102.31388346352395,62.03116582832802,-9.42862863712856,-34.466594562643934,-127.39083333353338,0.0,0,10.955107919358625,-12.54639140700641,0,0.7146594094315284,0.7097269688541546,0.0
23.900000000000002,0.02,513.8102371864593,469.5412626730459,0,-102.4930274076294,61.3517789749002,-8.95719720527213,-33.969342671391054,-127.39083333353338,0.0,0,-23.499338083221573,24.72676928469167,0,0.702608745547771,0.6852058364438882,0.0
23.92,0.02,505.8363588424512,469.04264511522837,0,-102.66321415452957,60.68213825854093,-8.509337345008523,-33.48203581796323,-127.39083333353338,0.0,0,-7.973878344008085,-0.4986175578175107,0,0.6909285186085582,0.661850756464828,0.0
23.94,0.02,513.7187956610899,420.486364574076,0,-102.82489156408474,60.02204875650885,-8.083870477758097,-33.004475101603965,-127.39083333353338,0.0,0,7.882436818638666,-48.556280541152375,0,0.6796011591024751,0.6395985404435075,0.0
23.96,0.02,551.9239924163859,442.7738696172281,0,-102.97848510316214,59.37131944451741,-7.679676953870192,-32.53646559957188,-127.39083333353338,0.0,0,38.205196755296015,22.287505043152123,0,0.6686102098616027,0.6183892776764808,0.0
23.98,0.02,530.99992284709,445.0340560326072,0,-103.12439896528568,58.7297631187658,-7.2956931061766825,-32.07781628758044,-127.39083333353338,0.0,0,-20.924069569295852,2.26018641537911,0,0.6579402512931626,0.5981661865065069,0.0
24.0,0.02,533.0066896465225,460.3317546383163,0,-103.26301713430304,58.097196319529225,-6.9309084508678485,-31.62833996182883,-127.39083333353338,0.0,0,2.006766799432512,15.297698605709058,0,0.6475768311776876,0.5788754720662755,0.0
24.02,0.02,508.2317794150611,451.81918337863453,0,-103.39470439486954,57.47343925627738,-6.584363028324455,-31.18785316259225,-127.39083333353338,0.0,0,-24.774910231461433,-8.51257125968175,0,0.637506398832257,0.5604661900484842,0.0
24.04,0.02,491.62817878454416,436.15046436207336,0,-103.5198072924077,56.85831573429057,-6.255144876908233,-30.756176099340408,-127.39083333353338,0.0,0,-16.60360063051695,-15.66871901656117,0,0.627716243436398,0.5428901161005337,0.0
24.060000000000002,0.02,529.6565575540907,450.1911558456132,0,-103.63865504506896,56.2516530827435,-5.942387633062821,-30.333132577353602,-127.39083333353338,0.0,0,38.02837876954652,14.040691483539831,0,0.6181944363181786,0.5261016204810429,0.0
24.080000000000002,0.02,541.5412046510335,452.1612576007035,0,-103.75156041009716,55.65328208422737,-5.6452682514096795,-29.91854992580653,-127.39083333353338,0.0,0,11.884647096942786,1.9701017550902975,0,0.6089297770000597,0.5100575476529543,0.0
24.1,0.02,539.3394321981777,449.6939498084845,0,-103.85882050687394,55.063036905681564,-5.3630048388391955,-29.5122589272904,-127.39083333353338,0.0,0,-2.201772452855721,-2.467307792219003,0,0.5999117428065036,0.4947171005242992,0.0
24.12,0.02,554.1942864075488,443.90116149452217,0,-103.96071759881188,54.480755030706675,-5.094854596897235,-29.114093748744594,-127.39083333353338,0.0,0,14.85485420937107,-5.792788313962319,0,0.5911304418397701,0.48004172908190545,0.0
24.14,0.02,564.6222586790166,440.27846184811625,0,-104.05751983615293,53.90627719323128,-4.840111867052373,-28.723891873769702,-127.39083333353338,0.0,0,10.427972271467752,-3.62269964640592,0,0.5825765691345957,0.4659950231952414,0.0
24.16,0.02,494.55032763025145,451.7241298219533,0,-104.14948196162693,53.3394473125054,-4.598106273699754,-28.34149403629431,-127.39083333353338,0.0,0,-70.07193104876512,11.445667973837033,0,0.5742413658083286,0.4525426093969596,0.0
24.18,0.02,575.5514758578082,439.7366025516473,0,-104.23684598082723,52.78011242939403,-4.368200960014766,-27.966744155568424,-127.39083333353338,0.0,0,81.00114822755677,-11.987527270305975,0,0.5661165810290649,0.4396520514732744,0.0
24.2,0.02,548.5019272006789,433.9754815766159,0,-104.3198417990675,52.228122643944886,-4.149790912014027,-27.599489272457056,-127.39083333353338,0.0,0,-27.04954865712932,-5.761120975031417,0,0.5581944366307908,0.4272927547207297,0.0
24.22,0.02,537.6077491146186,416.9984850785718,0,-104.39868782639577,51.68333105420473,-3.9423013664133255,-27.239579487007916,-127.39083333353338,0.0,0,-10.894178086060265,-16.976996498044116,0,0.5504675942115556,0.4154358737466373,0.0
24.240000000000002,0.02,554.8825594301412,440.8641701995152,0,-104.47359155235762,51.145593696259375,-3.745186298092659,-26.88686789726776,-127.39083333353338,0.0,0,17.274810315522586,23.865685120943397,0,0.5429291245577238,0.4040542237077711,0.0
24.26,0.02,572.6025374141517,449.77246769274404,0,-104.54475009202137,50.61476948547293,-3.557926983188026,-26.541210539322407,-127.39083333353338,0.0,0,17.719977984010484,8.908297493228872,0,0.5355724792445318,0.39312219489659206,0.0
24.28,0.02,550.7094685996872,465.30249073666664,0,-104.61235070470195,50.09072015890221,-3.3800306340286244,-26.20246632853596,-127.39083333353338,0.0,0,-21.893068814464527,15.530023043922597,0,0.5283914642705855,0.38261567059593515,0.0
24.3,0.02,524.161254012313,422.00044723713086,0,-104.6765712867485,49.5733102188629,-3.211029102327193,-25.87049700196524,-127.39083333353338,0.0,0,-26.54821458737422,-43.302043499535785,0,0.5213802155911527,0.3725119481321988,0.0
24.32,0.02,557.0962125036094,452.820383482423,0,-104.73758083969271,49.06240687762438,-3.0504776472108333,-25.545167061925937,-127.39083333353338,0.0,0,32.93495849129647,30.819936245292126,0,0.5145331764222144,0.36278966306381594,0.0
24.34,0.02,558.8326631314192,416.04002951845615,0,-104.79553991498972,48.557880003210634,-2.8979537648502913,-25.22634372068742,-127.39083333353338,0.0,0,1.7364506278097451,-36.78035396396683,0,0.5078450761944933,0.3534287164462221,0.0
24.36,0.02,539.8426791100936,450.13619097630595,0,-104.85060103652188,48.05960206628516,-2.7530560766077765,-24.913896846273673,-127.39083333353338,0.0,0,-18.98998402132554,34.0961614578498,0,0.5013109110433244,0.344410205117307,0.0
24.38,0.02,582.5616853485618,424.472762081092,0,-104.90290910197743,47.567448088098196,-2.6154032727773875,-24.6076989093482,-127.39083333353338,0.0,0,42.71900623846818,-25.66342889521394,0,0.49492592572722965,0.3357163549483143,0.0
24.400000000000002,0.02,551.5618374441278,430.9519996174861,0,-104.95260176416019,47.08129558947497,-2.484633109138518,-24.30762493116124,-127.39083333353338,0.0,0,-30.999847904433977,6.479237536394066,0,0.4886855968743266,0.3273304570049754,0.0
24.42,0.02,608.2075685278318,453.65865323445354,0,-104.99980979323382,46.601024540824206,-2.360401453681592,-24.013552432538017,-127.39083333353338,0.0,0,56.645731083703936,22.706653616967458,0,0.48258561746193884,0.319236806562266,0.0
24.44,0.02,569.4338660677979,427.7373304352093,0,-105.04465742085377,46.12651731314646,-2.242381380997512,-23.725361383887257,-127.39083333353338,0.0,0,-38.77370246003386,-25.92132279924425,0,0.4766218824409546,0.3114206449142056,0.0
24.46,0.02,546.0192650389076,429.5233148044209,0,-105.08726266709272,45.65765863002227,-2.1302623119476363,-23.442934156209514,-127.39083333353338,0.0,0,-23.414601028890274,1.7859843692116328,0,0.4707904754219549,0.3038681039173852,0.0
24.48,0.02,561.092237991724,416.67461069613665,0,-105.12773765101971,45.194335520560564,-2.0237491963502543,-23.166155473085325,-127.39083333353338,0.0,0,15.072972952816372,-12.848704108284267,0,0.4650876563457188,0.29656615320400476,0.0
24.5,0.02,606.2507003658792,430.19173529126033,0,-105.16618888575037,44.73643727328809,-1.9225617365327414,-22.89491236362362,-127.39083333353338,0.0,0,45.15846237415519,13.517124595123676,0,0.45950985006582445,0.2895025499970158,0.0
24.52,0.02,581.3363560332322,431.0127746545538,0,-105.2027175587445,44.283855390961065,-1.8264336497061042,-22.62909411635115,-127.39083333353338,0.0,0,-24.914344332647033,0.8210393632934938,0,0.45405363577597746,0.28266579145690357,0.0
24.54,0.02,568.133960986545,436.3229368055154,0,-105.23741979808891,43.83648354628058,-1.7351119672207989,-22.368592234024128,-127.39083333353338,0.0,0,-13.202395046687116,5.31016215096156,0,0.4487157372193832,0.2760450694866136,0.0
24.560000000000002,0.02,582.9138418068537,434.57602739768134,0,-105.2703869254661,43.39421753849371,-1.648356368859759,-22.113300389343646,-127.39083333353338,0.0,0,14.779880820308676,-1.746909407834039,0,0.44349301362167987,0.26963022791843144,0.0
24.580000000000002,0.02,576.8119363038594,428.8779688643049,0,-105.30170569647443,42.95695525086258,-1.5659385504167709,-21.863114381556773,-127.39083333353338,0.0,0,-6.101905502994327,-5.698058533376468,0,0.43838245129325826,0.26341172200423135,0.0
24.6,0.02,578.8025686916111,440.83316300404294,0,-105.33145852893234,42.52459660898406,-1.4876416228959322,-21.61793209392564,-127.39083333353338,0.0,0,1.9906323877517025,11.955194139738069,0,0.433381155850486,0.25738058012841597,0.0
24.62,0.02,623.260733870754,403.40343035984523,0,-105.35972371976737,42.09704353994312,-1.4132595417511356,-21.377653452047127,-127.39083333353338,0.0,0,44.45816517914295,-37.42973264419771,0,0.4284863450091113,0.251528367661409,0.0
24.64,0.02,564.0228641481756,425.6259428470484,0,-105.38657565106064,41.674199932282995,-1.3425965646635787,-21.142180383006185,-127.39083333353338,0.0,0,-59.237869722578466,22.222512487203176,0,0.42369534190643354,0.245847152870309,0.0
24.66,0.02,601.531602213493,412.1312327697414,0,-105.41208498578925,41.25597159677607,-1.2754667364303998,-20.911416775346062,-127.39083333353338,0.0,0,37.5087380653174,-13.49471007730699,0,0.4190055689119047,0.24032947480267824,0.0
24.68,0.02,592.8127028067564,400.9307598602877,0,-105.43631885378143,40.84226622797929,-1.2116933996088797,-20.68526843983914,-127.39083333353338,0.0,0,-8.718899406736568,-11.200472909453708,0,0.41441454188909094,0.23496831305923277,0.0
24.7,0.02,603.95904827995,425.27188611330064,0,-105.459341028374,40.43299336655844,-1.1511087296284357,-20.46364307104236,-127.39083333353338,0.0,0,11.146345473193605,24.34112625301293,0,0.4099198648743157,0.2297570593713049,0.0
24.72,0.02,572.6355469245284,420.4145960350371,0,-105.48121209423694,40.02806436236601,-1.0935532931470138,-20.246450209621514,-127.39083333353338,0.0,0,-31.323501355421627,-4.8572900782635315,0,0.40551922514013544,0.2246894908996441,0.0
24.740000000000002,0.02,612.8909170655887,416.01688121304477,0,-105.50198960680673,39.62739233825743,-1.038875628489663,-20.033601205429086,-127.39083333353338,0.0,0,40.255370141060325,-4.397714821992338,0,0.4012103886140719,0.21975974517206273,0.0
24.76,0.02,593.7717265459404,434.489944681133,0,-105.52172824374803,39.23089215463102,-0.9869318470651798,-19.825009181320507,-127.39083333353338,0.0,0,-19.119190519648328,18.47306346808824,0,0.39699119562538865,0.2149622965786993,0.0
24.78,0.02,622.0055890221741,427.7819153038265,0,-105.54047994884226,38.83848037467714,-0.9375852547119208,-19.620588997694096,-127.39083333353338,0.0,0,28.233862476233753,-6.708029377306502,0,0.3928595569545368,0.21029193434541,0.0
24.8,0.02,594.6121642570332,438.2771388954137,0,-105.55829406868179,38.450075230322334,-0.8907059919763247,-19.420257217740215,-127.39083333353338,0.0,0,-27.393424765140935,10.495223591587205,0,0.3888134501620729,0.20574374190755684,0.0
24.82,0.02,609.6612069542341,439.5375236132586,0,-105.57521748252934,38.065596588854625,-0.8461706923775084,-19.223932073385413,-127.39083333353338,0.0,0,15.049042697200889,1.260384717844886,0,0.38485091617548534,0.20131307760870895,0.0
24.84,0.02,597.8744536750626,401.2139467331814,0,-105.5912947256845,37.68496592021627,-0.803862157758633,-19.031533431917705,-127.39083333353338,0.0,0,-11.786753279171535,-38.32357688007721,0,0.3809700561140606,0.19699555665094654,0.0
24.86,0.02,610.2179581988977,408.3256637242151,0,-105.60656810668192,37.30810626495069,-0.7636690498707013,-18.842982763279352,-127.39083333353338,0.0,0,12.343504523835122,7.111716991033688,0,0.3771690283334339,0.19278703422601032,0.0
24.88,0.02,608.2031973975293,443.4445176546753,0,-105.62107781862946,36.93494220279041,-0.7254855973771662,-18.658203108013765,-127.39083333353338,0.0,0,-2.014760801368425,35.118853930460205,0,0.3734460456729463,0.1886835897591389,0.0
24.900000000000002,0.02,657.2049049660591,416.62572781614216,0,-105.63486204497963,36.56539982187334,-0.6892113175083079,-18.47711904585349,-127.39083333353338,0.0,0,49.00170756852981,-26.81878983853312,0,0.36979937289012244,0.18468151219997658,0.0
24.92,0.02,643.4348663736811,407.19207985262864,0,-105.64795706001229,36.19940668857461,-0.6547507516328924,-18.299656664936425,-127.39083333353338,0.0,0,-13.770038592378,-9.433647963513522,0,0.3662273242680391,0.1807772862978312,0.0
24.94,0.02,643.072923743893,429.5637692072315,0,-105.66039732429331,35.83689181794186,-0.6220132140512478,-18.1257435316377,-127.39083333353338,0.0,0,-0.36194262978801817,22.371689354602836,0,0.3627282613820734,0.17696757980118816,0.0
24.96,0.02,592.5843469138572,403.46414915721294,0,-105.67221557536028,35.47778564472176,-0.5909125533486853,-17.955308661004945,-127.39083333353338,0.0,0,-50.48857683003587,-26.09962005001853,0,0.35930059101407735,0.17324923152423904,0.0
24.98,0.02,635.265502911357,416.4033707560356,0,-105.6834429138739,35.12201999496607,-0.561366925681251,-17.788282487784848,-127.39083333353338,0.0,0,42.681155997499786,12.939221598822655,0,0.35594276320244544,0.16961924022590347,0.0
25.0,0.02,656.5821325689024,426.17361424269046,0,-105.69410888546184,34.76952805820548,-0.5332985793971884,-17.624596838029152,-127.39083333353338,0.0,0,21.316629657545377,9.770243486654863,0,0.3526532694179139,0.16607475424960377,0.0
25.02,0.02,633.9477300637527,403.36997235310173,0,-105.70424155847039,34.42024436018011,-0.506633650427329,-17.46418490126857,-127.39083333353338,0.0,0,-22.634402505149637,-22.803641889588732,0,0.3494306408553474,0.1626130618746494,0.0
25.04,0.02,630.2698836674128,403.31660814149814,0,-105.71386759782851,34.074104736115245,-0.4813019679059625,-17.3069812032432,-127.39083333353338,0.0,0,-3.6778463963398735,-0.0533642116035935,0,0.34627344683282824,0.1592315823328243,0.0
25.060000000000002,0.02,649.726128597972,396.78860404163476,0,-105.72301233521873,33.73104630453168,-0.4572368695106644,-17.152921579178336,-127.39083333353338,0.0,0,19.456244930559137,-6.528004099863381,0,0.3431802932898555,0.15592785744626453,0.0
25.080000000000002,0.02,628.8770549073622,428.6085867698267,0,-105.73169983573943,33.39100744157979,-0.4343750260351312,-17.001943147594773,-127.39083333353338,0.0,0,-20.84907369060977,31.819982728191917,0,0.3401498213771595,0.1526995438452016,0.0
25.1,0.02,654.4775710399731,406.65016548447005,0,-105.7399529612341,33.05392775588693,-0.4126562747333746,-16.853984284642877,-127.39083333353338,0.0,0,25.600516132610892,-21.95842128535662,0,0.3371807061313347,0.1495444057266116,0.0
25.12,0.02,649.5340726977612,410.82519494742013,0,-105.74779343045402,32.71974806390793,-0.3920234609967058,-16.70898459895002,-127.39083333353338,0.0,0,-4.94349834221191,4.175029462950079,0,0.3342716552278548,0.14646030811697416,0.0
25.14,0.02,607.88586651574,383.6295634806414,0,-105.75524187621296,32.38841036576851,-0.3724222879468705,-16.566884906971023,-127.39083333353338,0.0,0,-41.64820618202123,-27.195631466778707,0,0.3314214078066687,0.14344521060480148,0.0
25.16,0.02,662.8022400609955,402.81868078130157,0,-105.76231789968395,32.059857821591876,-0.35380117354952695,-16.427627208831602,-127.39083333353338,0.0,0,54.91637354525551,19.189117300660143,0,0.3286287333650225,0.14049716151043395,0.0
25.18,0.02,633.7025485831252,404.6137940640571,0,-105.76904012198139,31.734034728298777,-0.3361111148720506,-16.29115466465497,-127.39083333353338,0.0,0,-29.099691477870238,1.7951132827555512,0,0.3258924307124973,0.13761429246286477,0.0
25.2,0.02,618.8529865202345,407.0638480759087,0,-105.77542623316396,31.41088649687154,-0.31930555912844805,-16.157411571361873,-127.39083333353338,0.0,0,-14.849562062890755,2.4500540118515914,0,0.3232113269837348,0.13479481335517993,0.0
25.22,0.02,660.7476197164883,377.759714958897,0,-105.78149303878739,31.090359630072847,-0.3033402811720256,-16.026343339934638,-127.39083333353338,0.0,0,41.894633196253835,-29.304133117011702,0,0.3205842767046762,0.1320370076519807,0.0
25.240000000000002,0.02,657.5661237540241,425.077423856845,0,-105.78725650412966,30.77240170061013,-0.28817326711342434,-15.897896473135946,-127.39083333353338,0.0,0,-3.1814959624641688,47.317708897947966,0,0.31801016090837475,0.12933922802404024,0.0
25.26,0.02,631.859393475535,392.6531407708125,0,-105.79273179620482,30.456961329736664,-0.27376460375775313,-15.772018543673227,-127.39083333353338,0.0,0,-25.706730278489204,-32.42428308603246,0,0.31548788629691776,0.12669989228692494,0.0
25.28,0.02,677.4043569663047,404.59302452241224,0,-105.79793332367622,30.143988166280668,-0.26007637356986546,-15.648658172799761,-127.39083333353338,0.0,0,45.54496349076976,11.939883751599723,0,0.3130163844460698,0.1241174796219915,0.0
25.3,0.02,650.2622552211267,383.32053699228027,0,-105.80287477477404,29.83343286609379,-0.24707255489137217,-15.527765009343765,-127.39083333353338,0.0,0,-27.142101745178024,-21.27248753013197,0,0.31059461104969843,0.12159052705955878,0.0
25.32,0.02,666.7327394521732,394.8006891502841,0,-105.80756915331698,29.525247071910652,-0.23471892714680356,-15.409289709156889,-127.39083333353338,0.0,0,16.4704842310465,11.480152158003818,0,0.3082215452011691,0.11911762620545223,0.0
25.34,0.02,668.9110971575233,394.1622555352895,0,-105.81202881293277,29.219383393611178,-0.22298298078946338,-15.293183914973751,-127.39083333353338,0.0,0,2.178357705350095,-0.6384336149945966,0,0.3058961887091318,0.11669742019341978,0.0
25.36,0.02,682.6884348746863,418.4131056085472,0,-105.81626548956777,28.915795388877694,-0.2118338317499902,-15.179400236674276,-127.39083333353338,0.0,0,13.77733771716305,24.25085007325771,0,0.3036175654453603,0.11432860084713188,0.0
25.38,0.02,700.1022947372091,419.90890589804957,0,-105.82029033237102,28.61443754423888,-0.2012421401624907,-15.06789223194079,-127.39083333353338,0.0,0,17.413859862522827,1.4958002895023697,0,0.30138472072244,0.1120099060365988,0.0
25.400000000000002,0.02,691.3893107664877,411.55554159915306,0,-105.8241139330341,28.31526525649284,-0.19118003315436616,-14.958614387301974,-127.39083333353338,0.0,0,-8.712983970721439,-8.353364298896508,0,0.2991967206993243,0.1097401172149375,0.0
25.42,0.02,667.083669546044,403.3262891323008,0,-105.82774635366403,28.01823481450172,-0.18162103149664785,-14.851522099555934,-127.39083333353338,0.0,0,-24.305641220443704,-8.229252466852245,0,0.29705265181289336,0.10751805712238716,0.0
25.44,0.02,652.8593984104035,374.60507485844164,0,-105.83119715326247,27.723303381350423,-0.17253997992181544,-14.746571657564814,-127.39083333353338,0.0,0,-14.224271135640493,-28.721214273859175,0,0.2949516202338057,0.10534258764543507,0.0
25.46,0.02,644.7748543455307,368.0944381551589,0,-105.83447541288098,27.430428976862153,-0.16391298092572465,-14.643720224413517,-127.39083333353338,0.0,0,-8.08454406487283,-6.510636703282728,0,0.2928927513450701,0.10321260781975392,0.0
25.48,0.02,689.4728625397843,393.65023766076314,0,-105.83758975951856,27.13957046046365,-0.1557173318794384,-14.542925819925246,-127.39083333353338,0.0,0,44.69800819425359,25.555799505604227,0,0.2908751892419121,0.10112705196649938,0.0
25.5,0.02,662.1682766850595,383.99701081800777,0,-105.84054838882427,26.850687514393115,-0.14793146528546647,-14.44414730352674,-127.39083333353338,0.0,0,-27.30458585472479,-9.653226842755373,0,0.28889809625153146,0.09908488795224504,0.0
25.52,0.02,670.8126561669781,419.746140368454,0,-105.84335908666469,26.56374062724399,-0.14053489202119313,-14.347344357456205,-127.39083333353338,0.0,0,8.644379481918577,35.74912955044624,0,0.286960652471593,0.09708511556355515,0.0
25.54,0.02,675.6440377049471,402.41682628765363,0,-105.8460292496131,26.27869107783785,-0.13350814742013345,-14.25247747030708,-127.39083333353338,0.0,0,4.831381537969037,-17.329314080800373,0,0.28506205532623247,0.09512676498784879,0.0
25.560000000000002,0.02,670.5478832249369,396.7782014103598,0,-105.84856590441407,25.99550091941983,-0.12683274004912676,-14.159507920900937,-127.39083333353338,0.0,0,-5.096154480010227,-5.6386248772938075,0,0.2832015191385849,0.09320889539282164,0.0
25.580000000000002,0.02,702.9691627029157,383.76473922366705,0,-105.85097572647501,25.714132964170172,-0.12049110304667042,-14.068397762482919,-127.39083333353338,0.0,0,32.42127947797883,-13.013462186692777,0,0.2813782747188172,0.09133059359725738,0.0
25.6,0.02,712.6713577639708,380.4521819126158,0,-105.8532650574329,25.434550768025506,-0.1144665478943369,-13.97910980723326,-127.39083333353338,0.0,0,9.702195061055136,-3.3125573110512505,0,0.27959156896678666,0.08949097282658572,0.0
25.62,0.02,703.1884250583057,383.03334724234827,0,-105.8554399218429,25.156718615803733,-0.10874322049962004,-13.891607611088594,-127.39083333353338,0.0,0,-9.482932705665121,2.581165329732471,0,0.27784066448845157,0.08768917154704249,0.0
25.64,0.02,697.0786024238488,396.82002060886487,0,-105.85750604303239,24.880601506626398,-0.10330605947463903,-13.805855458866821,-127.39083333353338,0.0,0,-6.109822634456918,13.786673366516595,0,0.2761248392253365,0.0859243523727563,0.0
25.66,0.02,697.1173974809137,365.36410852133395,0,-105.8594688581624,24.60616513963261,-0.09814075650090708,-13.721818349689483,-127.39083333353338,0.0,0,0.038795057064930916,-31.45591208753092,0,0.27444338609626695,0.08419570104045829,0.0
25.68,0.02,718.7031133007747,366.2290110158334,0,-105.86133353253592,24.333375899978694,-0.09323371867586172,-13.639461982695693,-127.39083333353338,0.0,0,21.58571581986098,0.8649024944994608,0,0.27279561265071656,0.08250242544696718,0.0
25.7,0.02,648.3262989035591,365.94959438626466,0,-105.86310497319076,24.062200845117857,-0.08857203274206864,-13.558752743041778,-127.39083333353338,0.0,0,-70.37681439721564,-0.27941662956874325,0,0.2711808407332119,0.08084375474493019,0.0
25.72,0.02,680.3381920013446,377.17813338995035,0,-105.86478784181286,23.792607691354238,-0.08414343110496521,-13.479657688180941,-127.39083333353338,0.0,0,32.01189309778556,11.228539003685682,0,0.2695984061581478,0.07921893849262866,0.0
25.740000000000002,0.02,706.3074358948177,381.79610448932806,0,-105.86638656700384,23.524564800665893,-0.07993625954971695,-13.402144534417323,-127.39083333353338,0.0,0,25.96924389347305,4.617971099377712,0,0.26804765839454875,0.07762724585400184,0.0
25.76,0.02,661.8151516952686,407.90578760338985,0,-105.86790535593529,23.258041167791312,-0.0759394465722311,-13.326181643728976,-127.39083333353338,0.0,0,-44.49228419954909,26.109683114061795,0,0.26652796026023706,0.07606796484530602,0.0
25.78,0.02,710.5020359075866,369.0347427954881,0,-105.86934820542017,22.993006407574224,-0.07214247424361954,-13.251738010854396,-127.39083333353338,0.0,0,48.68688421231798,-38.87104480790174,0,0.26503868762496746,0.07454040162508835,0.0
25.8,0.02,686.2231587570176,376.3244145507455,0,-105.87071891243079,22.72943074256148,-0.06853535053143855,-13.178783250637307,-127.39083333353338,0.0,0,-24.278877150568974,7.289671755257359,0,0.26357922912213627,0.07304387982444435,0.0
25.82,0.02,715.3793087381746,392.4167279564406,0,-105.87202108409089,22.467284990848988,-0.06510858300486662,-13.107287585624562,-127.39083333353338,0.0,0,29.156149981157,16.09231340569511,0,0.2621489858686081,0.07157773991469651,0.0
25.84,0.02,703.0633437313888,385.03757533019893,0,-105.87325814716799,22.206540554170747,-0.06185315385462328,-13.03722183391207,-127.39083333353338,0.0,0,-12.315965006785746,-7.379152626241648,0,0.2607473711923285,0.07014133860990025,0.0
25.86,0.02,710.9715349532993,368.31532806804597,0,-105.87443335709122,21.94716940622607,-0.05876049616189211,-12.968557397233829,-127.39083333353338,0.0,0,7.908191221910442,-16.722247262152962,0,0.25937381036739826,0.06873404830173124,0.0
25.88,0.02,705.2329708717866,378.65591165141774,0,-105.8755498065183,21.689144081240286,-0.055822471353797504,-12.90126624928915,-127.39083333353338,0.0,0,-5.7385640815126635,10.340583583371767,0,0.2580277403562312,0.0673552565245319,0.0
25.900000000000002,0.02,729.719751747721,359.34654490445786,0,-105.87661043347401,21.432437662754218,-0.05303134778610762,-12.835320924303367,-127.39083333353338,0.0,0,24.486780875934414,-19.30936674695988,0,0.2567086095585492,0.06600436544843599,0.0
25.92,0.02,726.7892070592634,380.10649840641463,0,-105.87761802908194,21.17702377263787,-0.05037978039680224,-12.7706945058173,-127.39083333353338,0.0,0,-2.930544688457644,20.759953501956772,0,0.25541587756691014,0.0646807913986554,0.0
25.94,0.02,733.2725056298245,378.115410848458,0,-105.87857524490948,20.92287656032385,-0.04786079137696213,-12.707360615700953,-127.39083333353338,0.0,0,6.483298570561146,-1.9910875579566323,0,0.2541490149285025,0.06338396439914107,0.0
25.96,0.02,682.5762687049865,364.981653168364,0,-105.87948459994564,20.66997069225611,-0.04546775180811402,-12.645293403386933,-127.39083333353338,0.0,0,-50.69623692483799,-13.133757680093993,0,0.25290750291297853,0.06211332773899379,0.0
25.98,0.02,734.8197353167516,367.3369257755297,0,-105.88034848723,20.418281341549726,-0.043194364217708316,-12.584467535319193,-127.39083333353338,0.0,0,52.24346661176503,2.355272607165716,0,0.2516908332860814,0.06086833756010017,0.0
26.0,0.02,740.2345311761618,348.68100753546156,0,-105.88116918015014,20.16778417785747,-0.0410346460068229,-12.524858184612809,-127.39083333353338,0.0,0,5.414795859410219,-18.65591824006816,0,0.25049850808883833,0.05964846246456998,0.0
26.02,0.02,719.6884133347365,361.51887722702867,0,-105.88194883842426,19.918455357439058,-0.03898291370648175,-12.466441020920552,-127.39083333353338,0.0,0,-20.546117841425257,12.837869691567107,0,0.24933003942217116,0.05845318314069956,0.0
26.04,0.02,722.8525051155515,374.3148302571177,0,-105.88268951378468,19.670271513429014,-0.03703376802115766,-12.40919220050214,-127.39083333353338,0.0,0,3.1640917808149425,12.795953030089038,0,0.24818494923663484,0.05728199200623339,0.0
26.060000000000002,0.02,739.6343386215401,351.19112467038417,0,-105.88339315537709,19.42320974629917,-0.035182079620099775,-12.353088356492098,-127.39083333353338,0.0,0,16.78183350598863,-23.123705586733536,0,0.24706276912722241,0.056134392867811425,0.0
26.080000000000002,0.02,779.8451395156454,373.38300399886333,0,-105.88406161488987,19.177247614511927,-0.033422975639094785,-12.298106589362256,-127.39083333353338,0.0,0,40.21080089410532,22.19187932847916,0,0.24596304013295606,0.055009900595585214,0.0
26.1,0.02,748.4245643442404,336.7728252084514,0,-105.88469665142702,18.93236312536043,-0.03175182685714004,-12.24422445757501,-127.39083333353338,0.0,0,-31.420575171405062,-36.61017879041191,0,0.2448853125411853,0.05390804081201198,0.0
26.12,0.02,728.6041266362279,360.37418052361835,0,-105.8852999361373,18.688534725991957,-0.03016423551428304,-12.19141996842351,-127.39083333353338,0.0,0,-19.82043770801249,23.601355315166927,0,0.2438291456963921,0.05282834959397063,0.0
26.14,0.02,741.8584074638196,358.6353727947741,0,-105.88587305661207,18.445741294610855,-0.028656023738568886,-12.13967156905504,-127.39083333353338,0.0,0,13.254280827591742,-1.7388077288442219,0,0.24279410781336638,0.051770373187365916,0.0
26.16,0.02,703.8231897764642,368.00176972481313,1,-105.8800638581092,18.202147686257273,0.2904599251437514,-12.179680417679105,-113.20157778555968,709.462777398685,0,-38.035217687355384,9.366396930039002,1,0.24366286712990107,0.32161420490906034,14.189255547973701
26.18,0.02,743.3011596909427,365.8165638508899,1,-105.86392454363722,17.9579724215186,0.8069657235984675,-12.208763236933555,-100.84480735323561,617.8385216162035,0,39.47796991447842,-2.1852058739232234,0,0.2447080656247885,0.5173239316068133,12.356770432324069
26.2,0.02,751.6519794856125,365.244417906771,1,-105.8366200312167,17.71327271498925,1.3652256210265332,-12.23498532646741,-89.75931914523117,554.2744104002218,0,8.35081979466986,-0.5721459441189154,0,0.2462183640065715,0.5588753985066045,11.085488208004435
26.22,0.02,772.6852881216876,357.98457624882906,1,-105.79604698998399,17.468774550835022,2.028652061634973,-12.224908207711556,-79.62074995268641,506.9284596272382,0,21.03330863607505,-7.259841657941934,0,0.24784173165481935,0.6635029694137043,10.138569192544765
26.240000000000002,0.02,778.3153712468991,346.1758978747022,1,-105.7416424116266,17.22565879689332,2.7202289178694707,-12.155787697085067,-70.05730405077757,478.17229509544177,0,5.630083125211513,-11.808678374126885,0,0.2491287377258745,0.6950224406941534,9.563445901908835
26.26,0.02,769.3810708483054,368.48082989643876,1,-105.67429972618439,16.981694959961974,3.367134272110996,-12.19819184656726,-62.31219315454942,387.25554481140773,0,-8.934300398593678,22.30493202173659,0,0.2530877140693191,0.6482936442999125,7.745110896228155
26.28,0.02,769.39751667159,338.1143022008758,1,-105.59401728907501,16.739919692810542,4.014121855468944,-12.08876335757164,-54.00265051366184,415.4771320443789,0,0.01644582328458455,-30.36652769556298,0,0.254755862571143,0.6561764451907903,8.309542640887578
26.3,0.02,737.3034249067779,348.0385419617088,1,-105.50400450947495,16.499340571462938,4.500638980002834,-12.028956067380184,-46.38327929241154,380.9685610625152,0,-32.094091764812106,9.924239760833018,0,0.2568669190840154,0.49017937984453164,7.619371221250304
26.32,0.02,762.3962333908233,358.0606275658284,1,-105.40175210653581,16.25895538735875,5.11262014695695,-12.019259205209327,-40.44101539400909,297.1131949201222,0,25.092808484045463,10.022085604119582,0,0.26122900038784586,0.6120579856863912,5.9422638984024445
26.34,0.02,747.3837963110267,343.61039929123996,1,-105.28876132396557,16.02020916332544,5.649539128512083,-11.937311201665526,-34.12330571804093,315.885483798408,0,-15.012437079796655,-14.450228274588426,0,0.2641338229685813,0.5431366936959933,6.31770967596816
26.36,0.02,798.3979260854741,368.9876359389486,1,-105.15993074878678,15.780564175698235,6.441528758939456,-11.982249381360269,-30.123337534378066,199.99840918314325,0,51.01412977444738,25.377236647708628,0,0.27207910099039706,0.7932635215984438,3.9999681836628653
26.38,0.02,742.7676033479142,347.60946101561274,1,-105.02082341327319,15.542158241969467,6.955366775679026,-11.920296686438332,-24.892700086092674,261.5318724142696,0,-55.63032273755982,-21.37817492333585,0,0.276022173078133,0.5175593143350283,5.230637448285393
26.400000000000002,0.02,757.2724480671892,342.06298582364127,1,-104.8699888329529,15.305546009658336,7.54172901601497,-11.830611615556538,-20.18844574830737,235.2127168892652,0,14.504844719274956,-5.546475191971467,0,0.2806001053094165,0.5931813287948805,4.704254337785304
26.42,0.02,734.3731615401132,328.88683942084845,1,-104.70971693647859,15.072045093405121,8.013594823715536,-11.67504581266078,-14.689039884389134,274.9702931959118,0,-22.899286527076015,-13.176146402792824,0,0.2832132742132047,0.4968481251927087,5.499405863918236
26.44,0.02,769.5945716421834,331.2491936824217,1,-104.53648558284006,14.841419257783663,8.661567681926456,-11.531291781072888,-10.74279837685232,197.31207537684065,0,35.221410102070195,2.362354261573273,0,0.28843955682175854,0.6637273887491779,3.946241507536813
26.46,0.02,763.6056863260693,366.7480285943912,1,-104.35089366056893,14.610118619302765,9.279596113556806,-11.565031924044844,-8.782128772653754,98.0334802099283,0,-5.988885316114079,35.49883491196948,0,0.2965541214921212,0.6189487374179207,1.960669604198566
26.48,0.02,789.5856395422578,334.54396598911563,1,-104.15034317434356,14.381363584222957,10.027524311268095,-11.437751753990423,-5.857718738332484,146.2205017160635,0,25.979953216188505,-32.20406260527557,0,0.3042192689485593,0.7586809807954457,2.9244100343212702
26.5,0.02,784.2755748026253,350.98914545667895,1,-103.93536513063793,14.15350963459748,10.748902185281224,-11.392697481273817,-3.8200329745617587,101.88428818853627,0,-5.31006473963248,16.44517946756332,0,0.31326184197158147,0.7227834562341089,2.0376857637707255
26.52,0.02,814.7487352388031,368.3115080623533,1,-103.70291221340842,13.924824534165769,11.622645861475242,-11.434255021585585,-2.8891958036338523,46.54185854639532,0,30.47316043617775,17.322362605674357,0,0.32608470354797503,0.874731410688904,0.9308371709279064
26.54,0.02,755.6482683073921,336.91598480408345,1,-103.45889446934818,13.69844783525365,12.2008872030122,-11.318834945606003,0.0611716864943479,147.51837450641,0,-59.100466931411006,-31.39552325826986,0,0.3328529243173314,0.5896480670718717,2.9503674901282
26.560000000000002,0.02,811.7423761839381,314.76553065308036,1,-103.19770248766955,13.47659458327622,13.059599083931893,-11.092662598871405,2.5393471022400926,123.90877078728724,0,56.09410787654599,-22.15045415100309,0,0.34269537012654994,0.8879977617427148,2.4781754157457447
26.580000000000002,0.02,784.486128908233,350.7846730609879,1,-102.92206189310008,13.255662863992693,13.782029728473056,-11.046585964176344,3.78446706293303,62.25599803464687,0,-27.25624727570505,36.019142407907566,0,0.3532542454949188,0.7238985373911057,1.2451199606929375
26.6,0.02,759.853511391138,311.53545306098374,1,-102.63443594739151,13.039577599403069,14.381297285428744,-10.804263229481263,7.163003536832154,168.92682369495617,0,-24.632617517095014,-39.249220000004186,0,0.35975203434798947,0.6464069249085607,3.3785364738991235
26.62,0.02,774.4935513406955,363.99760258987754,1,-102.33336064654887,12.823092574554456,15.05376504213222,-10.824251242430652,7.406453765628653,12.172511439824962,0,14.64003994955749,52.462149528893804,0,0.3708262433555518,0.6727647467484235,0.24345022879649925
26.64,0.02,795.928659215057,353.0965549152597,1,-102.01669247978472,12.607297894214318,15.833408338207505,-10.78973401700695,7.9568226546019725,27.518444448665978,0,21.435107874361506,-10.901047674617871,0,0.38320499984325274,0.7804070142983631,0.5503688889733196
26.66,0.02,783.4668116051745,318.72940319869247,1,-101.68567763186006,12.395630273554309,16.550742396233375,-10.583381033000412,10.110969761109981,107.70735532540043,0,-12.461847609882511,-34.36715171656721,0,0.39290458279645657,0.7464246142861742,2.1541471065080087
26.68,0.02,777.0299683006845,348.17577034671166,1,-101.34095978710532,12.18514507585963,17.2358922377368,-10.52425988473397,10.877082717381738,38.305647813587825,0,-6.436843304490026,29.446367148019192,0,0.4038990108194387,0.6876958742674774,0.7661129562717566
26.7,0.02,741.0349125844926,332.806568759476,1,-100.98613845109213,11.977379221289002,17.74106680065926,-10.38829272853135,13.408955243503476,126.5936263060869,0,-35.995055716191814,-15.369201587235636,0,0.4111749394304656,0.5231523741604627,2.531872526121738
26.72,0.02,798.9638900273842,329.7538272430741,1,-100.61542072607621,11.772637983994068,18.53588625079618,-10.237061864746721,14.327318709017597,45.91817327570604,0,57.92897744289155,-3.052741516401909,0,0.4234980588976073,0.8090789408191276,0.9183634655141208
26.740000000000002,0.02,777.5427798698518,333.21716523427784,1,-100.2309487230733,11.570575030175705,19.223600150145444,-10.10314769091811,15.43152352170735,55.21024063448765,0,-21.42111015753244,3.46333799120373,0,0.4343364575981081,0.7006307253542101,1.104204812689753
26.76,0.02,790.0711107349676,335.75145886852744,1,-99.8314696089969,11.37093693047049,19.97395570382028,-9.981904985260748,16.075822525997282,32.214950214496604,0,12.52833086511589,2.534293634249593,0,0.4465858634542457,0.7600876598168058,0.6442990042899321
26.78,0.02,764.7913853909612,333.23562961027216,1,-99.41951135638139,11.173975267804249,20.597912630775085,-9.848083133312109,17.374672596969763,64.94250354862405,0,-25.279725344006465,-2.5158292582552804,0,0.4566218330941603,0.6381461703668262,1.298850070972481
26.8,0.02,796.4103604433842,343.7352101424651,1,-98.99191206772156,10.978640084123759,21.379964432992004,-9.766759184024433,17.385575709860852,0.5451556445544625,0,31.618975052423025,10.499580532192965,0,0.47010316489669274,0.786268787424807,0.01090311289108925
26.82,0.02,773.4672586330986,332.2524604976699,1,-98.55096605319841,10.786079654393504,22.047300726157495,-9.628021486512782,18.421131999753285,51.777814494621666,0,-22.94310181028561,-11.482749644795206,0,0.4811578813879597,0.6816053674133531,1.0355562898924333
26.84,0.02,769.8679333396315,335.99114080225155,1,-98.0970332453413,10.595920110583023,22.69664039285565,-9.507977190524041,19.278094084861863,42.848104255428865,0,-3.599325293467132,3.738680304581635,0,0.49215408781321135,0.6603428168361507,0.8569620851085773
26.86,0.02,775.2904850953639,324.30271241846674,1,-97.62957138897464,10.409330295530696,23.373092818332466,-9.329490752616376,20.504810479685027,61.335819741158204,0,5.4225517557324565,-11.68842838378481,0,0.503325288694121,0.6996036681224851,1.226716394823164
26.88,0.02,826.4382335846037,332.4597620931883,1,-97.14346570924953,10.225494504269049,24.305283986255482,-9.191789563082317,20.297123224203723,-10.384362774065181,0,51.1477484892398,8.157049674721577,0,0.5197060034383003,0.9423067394180998,-0.20768725548130362
26.900000000000002,0.02,823.6432936537806,327.9015621554437,1,-96.63899570015904,10.044868556791858,25.223500454524384,-9.031297373859534,20.33102225787366,1.6949516834968037,0,-2.7949399308231477,-4.558199937744632,0,0.5358318047426679,0.9321369134422995,0.033899033669936074
26.92,0.02,822.9027873877608,317.0972293927596,1,-96.11623541232979,9.868532886375391,26.138014391463187,-8.816783520823332,20.784361402794165,22.666957246025277,0,-0.7405062660197927,-10.804332762684112,0,0.5516997255686763,0.9393359005168208,0.45333914492050553
26.94,0.02,789.4917871257302,310.73901079970017,1,-95.57852594578794,9.697123314878954,26.885473327091837,-8.570478574821834,22.180845917806035,69.82422575059353,0,-33.4110002620306,-6.358218593059405,0,0.5643693042762898,0.7869949090533657,1.3964845150118705
26.96,0.02,758.462192443567,326.23271472106484,1,-95.02897026000176,9.529090471910411,27.477784289309675,-8.401642148427158,23.81580583999394,81.74799610939516,0,-31.02959468216318,15.49370392136467,0,0.5746707649567873,0.6159042253801684,1.6349599221879032
26.98,0.02,791.6359899909141,338.7548274843777,1,-94.46425097521647,9.36318214619343,28.23596423926425,-8.295416285849047,23.602438377327978,-10.668373133298026,0,33.173797547347135,12.522112763312862,0,0.5885859692097781,0.765585246980102,-0.21336746266596052
27.0,0.02,764.500055431347,340.53139187122594,1,-93.88708168488806,9.199220681289328,28.85846451642098,-8.198073245205176,24.065921933014703,23.17417778433626,0,-27.13593455956709,1.7765643868482357,0,0.6000064596916468,0.630065284412657,0.46348355568672517
27.02,0.02,781.2734256967456,330.94638332570526,1,-93.29578505198997,9.038164578052653,29.564831644904707,-8.052805161833703,24.539346422569952,23.671224477762465,0,16.773370265398512,-9.58500854552068,0,0.6128382955286038,0.7211500095325294,0.4734244895552493
27.04,0.02,819.7060944284963,320.740935402708,1,-92.68651780964902,8.881034381275708,30.46336211704719,-7.856509838847243,24.56892113740883,1.4787357419438152,0,38.43266873175071,-10.20544792299728,0,0.6292030445960233,0.9197221663061901,0.029574714838876304
27.060000000000002,0.02,823.7138615393757,339.6300278096187,1,-92.05887918115414,8.7259411817178,31.381931424744067,-7.7546599778953365,23.764305141333637,-40.23079980375961,0,4.007767110879399,18.88909240691072,0,0.6465169359947509,0.9241985540015974,-0.8046159960751922
27.080000000000002,0.02,805.2870671385523,316.42194182344986,1,-91.4147118459454,8.575205787977549,32.20836676043683,-7.536769687012586,24.40548365864637,32.058925865636745,0,-18.426794400823383,-23.20808598616884,0,0.6615683749061404,0.8546762796185359,0.6411785173127349
27.1,0.02,825.0621925828073,316.31174287044877,1,-90.75203829147839,8.428839219950252,33.13367772335087,-7.3183284013648295,24.579908890693535,8.721261602358155,0,19.775125444254968,-0.11019895300108828,0,0.6786452770233087,0.9507454829576378,0.1744252320471631
27.12,0.02,849.6954270864143,339.6878392224365,1,-90.06839519430272,8.284503868000712,34.182154858782944,-7.216767597477012,23.503120152129853,-53.83943692818409,0,24.633234503607014,23.376096351987712,0,0.6987135164989497,1.053384497897223,-1.0767887385636818
27.14,0.02,813.9378717338753,310.42939556937847,1,-89.36735830995367,8.145125576494234,35.05184421745232,-6.968914575323904,24.297942154612493,39.74110012413199,0,-35.75755535253893,-29.25844365305801,0,0.7147580159474182,0.904317809828591,0.7948220024826398
27.16,0.02,846.8162987435345,326.1764302129824,1,-88.64563979573028,8.009129641966458,36.08592571116999,-6.7997967263888155,23.808426890984776,-24.4757631813858,0,32.87842700965916,15.74703464360391,0,0.734419844490133,1.0478193462986845,-0.489515263627716
27.18,0.02,829.005641149046,309.36124540836926,1,-87.90502071739198,7.878197582897845,37.03095391691522,-6.546602953430662,24.328255592524613,25.99143507699182,0,-17.810657594488475,-16.815184804613125,0,0.7521035987752068,0.9783585213605677,0.5198287015398364
27.2,0.02,818.9460107423741,318.14926893754006,1,-87.14650703797943,7.751450596935477,37.92568397062709,-6.337349298118362,24.68280874378328,17.727657562933352,0,-10.059630406671886,8.7880235291708,0,0.7690304287260038,0.9188737461026955,0.35455315125866704
27.22,0.02,819.0371980271428,301.6912398357974,1,-86.37008963876417,7.63053448698953,38.820869960762806,-6.045805497297349,25.691809991589604,50.45006239031622,0,0.09118728476869364,-16.45802910174268,0,0.7857764844080357,0.9414646805549444,1.0090012478063244
27.240000000000002,0.02,815.4846584687426,300.7634492879425,1,-85.57612377370204,7.515542032114789,39.69829325310652,-5.749622743737061,26.758514977881493,53.335249314594435,0,-3.5525395584002126,-0.9277905478548973,0,0.8022499981688889,0.926064715586247,1.0667049862918887
27.26,0.02,802.6558349778777,316.6801084316887,1,-84.76589232514212,7.404881566396879,40.51157242799591,-5.533023285895505,27.449927628443263,34.570632528088474,0,-12.82882349086492,15.916659143746244,0,0.8177534707406675,0.841628386787197,0.6914126505617695
27.28,0.02,826.889701646616,334.2762491961873,1,-83.93697190641754,7.29679347575935,41.44602093622899,-5.404404531876441,26.640483229594842,-40.472219942421006,0,24.2338666687383,17.596140764498557,0,0.8359378540993329,0.9432586063346832,-0.8094443988484201
27.3,0.02,801.7318352262178,338.8308848072131,1,-83.09187830417034,7.1908222966411,42.25468011236008,-5.298558955912506,26.21246522470186,-21.40090024464918,0,-25.15786642039825,4.554635611025844,0,0.8517118570049773,0.8155568337596992,-0.4280180048929836
27.32,0.02,815.54976565551,327.8234009139812,1,-82.22922972535758,7.0880687774314515,43.132428940637624,-5.137675960482412,26.134169269304508,-3.914797769867562,0,13.817930429292232,-11.00748389323195,0,0.8687467158140106,0.8923711916916445,-0.07829595539735124
27.34,0.02,799.5253521186625,340.4441410970655,1,-81.35062861133297,6.987270844112096,43.930055701230934,-5.039896665967738,25.767403468335676,-18.338290048441586,0,-16.024413536847533,12.620740183084308,0,0.8843642580558955,0.8035976851947528,-0.3667658009688317
27.36,0.02,797.1904322264782,298.4361185749122,1,-80.4563084540857,6.89262929893525,44.71600786236333,-4.732077258842299,27.825619196243487,102.91078639539055,0,-2.3349198921843026,-42.00802252215328,0,0.8993139416979107,0.8440815049459002,2.058215727907811
27.38,0.02,823.3971638477421,303.7809872172471,1,-79.54364858045366,6.80360965503668,45.63299368160204,-4.450982194928534,28.568434638186353,37.140772097143326,0,26.206731621263998,5.344868642334916,0,0.9169910260945169,0.9591024072754554,0.7428154419428665
27.400000000000002,0.02,819.1950710829357,311.4268470751309,1,-78.61306919971332,6.719447326430596,46.528969037016715,-4.208116430304189,29.060502281878627,24.603382184613665,0,-4.20209276480648,7.645859857883806,0,0.9343774833628398,0.928307932281646,0.4920676436922733
27.42,0.02,826.3252355835674,311.39178948275963,1,-77.66385729541463,6.640145818876237,47.46059521493455,-3.9650753777179872,29.32835600676486,13.392686244311669,0,7.130164500631736,-0.03505759237128814,0,0.9525187496121769,0.9628064647809559,0.2678537248862334
27.44,0.02,827.138223434916,315.66562991469914,1,-76.69593156877245,6.565277748330407,48.39628633210913,-3.7434035272914827,29.379326716585624,2.548535491038173,0,0.8129878513485664,4.2738404319395045,0,0.9708168932826853,0.9615904928975328,0.05097070982076346
27.46,0.02,837.6909678493521,299.28317978543765,1,-75.70823674534533,6.496481359806033,49.38474117135589,-3.439819426218671,29.876008153312245,24.834071836331084,0,10.55274441443612,-16.382450129261485,0,0.9900878785737788,1.034024310959144,0.4966814367266217
27.48,0.02,806.1876239219114,306.4877426762809,1,-74.70392315952603,6.433036197014031,50.21567929096545,-3.1722581396000753,31.11951186278199,62.17518547348728,0,-31.50334392744071,7.204562890843249,0,1.0063155903308525,0.8729531492109199,1.2435037094697456
27.5,0.02,809.544605059941,301.6460583437249,1,-73.68265511320072,6.375426428387657,51.063402316265154,-2.8804884313187,32.36371704969076,62.2102593454386,0,3.356981138029596,-4.841684332555985,0,1.0228916403443167,0.8965288005936491,1.244205186908772
27.52,0.02,853.4833037141486,309.91967854428077,0,-72.71245046919168,6.3151272551338105,48.510232200451895,-3.014958662692326,32.36371704969076,0.0,0,43.938698654207656,8.273620200555854,1,0.9720766644415519,2.5567087991023865,0.0
27.54,0.02,817.3391776999035,287.77105195932126,0,-71.79075605738309,6.252192465345041,46.0847205904293,-3.1467394894384797,32.36371704969076,0.0,0,-36.1441260142451,-22.148626584959516,0,0.9238405579562606,2.4290888737656977,0.0
27.560000000000002,0.02,775.1741155847867,292.7033728488541,0,-70.91514636616493,6.186674771352046,43.78048456090783,-3.27588469964971,32.36371704969076,0.0,0,-42.165062115116825,4.932320889532832,0,0.8780574580181638,2.307852284065288,0.0
27.580000000000002,0.02,804.9051612224301,308.60837472650206,0,-70.08331715950769,6.118625831238912,41.59146033286244,-3.402447005656716,32.36371704969076,0.0,0,29.731045637643433,15.905001877647976,0,0.8346079842048874,2.192679887323165,0.0
27.6,0.02,842.7572847082173,297.5479353587072,0,-69.2930794131833,6.04809626992804,39.511887316219315,-3.5264780655435817,32.36371704969076,0.0,0,37.85212348578716,-11.060439367794856,0,0.7933789225423994,2.0832684981458445,0.0
27.62,0.02,829.2589669890174,298.0497010740509,0,-68.54235355417514,5.975135699843386,37.536292950408345,-3.6480285042327103,32.36371704969076,0.0,0,-13.498317719199918,0.5017657153437085,0,0.7542629250935201,1.979330090553258,0.0
27.64,0.02,819.5880826900868,312.274983264138,0,-67.82916398811737,5.899792741160424,35.659478302887926,-3.7671479341480563,32.36371704969076,0.0,0,-9.67088429893056,14.225282190087057,0,0.7171582242132933,1.8805910400006036,0.0
27.66,0.02,808.2393034227492,298.9171210193438,0,-67.1516339003625,5.822115041651123,33.87650438774353,-3.883884975465095,32.36371704969076,0.0,0,-11.34877926733759,-13.357862244794148,0,0.681968360566812,1.7867914032983234,0.0
27.68,0.02,845.462445863988,319.0194867799712,0,-66.50798031699537,5.742149296132006,32.18267916835635,-3.9982872759557933,32.36371704969076,0.0,0,37.22314244123879,20.10236576062738,0,0.6486019240163952,1.697684234535265,0.0
27.7,0.02,808.6320022064054,275.1042144736408,0,-65.8965094127966,5.659941265523273,30.573545209938533,-4.110401530436677,32.36371704969076,0.0,0,-36.83044365758258,-43.915272306330394,0,0.6169723064921354,1.6130349352048146,0.0
27.72,0.02,827.6407936833936,311.5007898537591,0,-65.31561205380777,5.575535795526713,29.044867949441606,-4.220273499827943,32.36371704969076,0.0,0,19.008791476988108,36.39657538011829,0,0.5869974659617738,1.5326206368238375,0.0
27.740000000000002,0.02,846.7303774847798,303.9018857303734,0,-64.76375956276839,5.488976834930086,27.592624551969525,-4.327948029831384,32.36371704969076,0.0,0,19.089583801386198,-7.598904123385694,0,0.5585997006139024,1.45622961441962,0.0
27.76,0.02,826.9252658757621,284.4802163391606,0,-64.23949969628096,5.400307453545391,26.21299332437105,-4.433469069234755,32.36371704969076,0.0,0,-19.805111609017672,-19.421669391212788,0,0.53170543236322,1.3836607293414263,0.0
27.78,0.02,833.8414258419846,261.3708133918964,0,-63.74145282311791,5.30956985978839,24.902343658152496,-4.53687968785006,32.36371704969076,0.0,0,6.916159966222494,-23.109402947264243,0,0.5062449987785558,1.3147228999303244,0.0
27.8,0.02,836.0493747200409,295.00946277725126,0,-63.26830829361301,5.216805417906528,23.65722647524487,-4.6382220940930585,32.36371704969076,0.0,0,2.2079488780562997,33.63864938535488,0,0.48215245252727523,1.2492345986542908,0.0
27.82,0.02,830.3622779986849,295.4423205687721,0,-62.818820990583355,5.122054664862304,22.474365151482626,-4.737537652211197,32.36371704969076,0.0,0,-5.6870967213559425,0.4328577915208598,0,0.45936536742262285,1.1870233743852234,0.0
27.84,0.02,848.8620426206945,323.5017662022227,0,-62.39180805270519,5.025357326878964,21.350646893908493,-4.834866899166973,32.36371704969076,0.0,0,18.499764622009593,28.059445633450594,0,0.43782465016077843,1.1279253985607487,0.0
27.86,0.02,864.6504626792125,302.5888373807819,0,-61.98614576172093,4.926752335655292,20.283114549213067,-4.930249561183633,32.36371704969076,0.0,0,15.788420058518,-20.9129288214408,0,0.4174743568422128,1.071785034036349,0.0
27.88,0.02,835.3903042857596,279.84767147191536,0,-61.60076658528588,4.826277844256093,19.268958821752413,-5.02372456995996,32.36371704969076,0.0,0,-29.26015839345291,-22.74116590886655,0,0.39826151339500654,1.0184544254933467,0.0
27.900000000000002,0.02,830.8715759215089,306.26288147402136,0,-61.234656367672585,4.723971242684877,18.30551088066479,-5.11533007856076,32.36371704969076,0.0,0,-4.5187283642507055,26.415210002105994,0,0.3801359390611564,0.9677931103247172,0.0
27.92,0.02,836.6711664001691,265.0750407019966,0,-60.88685166093995,4.619869173145086,17.39023533663155,-5.205103476989544,32.36371704969076,0.0,0,5.799590478660207,-41.18784077202474,0,0.3630500721771575,0.9196676489747778,0.0
27.94,0.02,835.1410283714256,284.06844163652084,0,-60.556437189543956,4.514007544996091,16.520723569799973,-5.293081407449753,32.36371704969076,0.0,0,-1.5301380287435222,18.99340093452423,0,0.3469587975858982,0.8739512737599479,0.0
27.96,0.02,862.9262362867689,262.8323711309282,0,-60.24254344171776,4.4064215494100765,15.694687391309973,-5.379299779300758,32.36371704969076,0.0,0,27.785207915343335,-21.236070505592636,0,0.33181927516437565,0.8305235552463284,0.0
27.98,0.02,854.0059376267844,282.7596926351512,0,-59.94434438128287,4.297145673735781,14.909953021744474,-5.463793783714742,32.36371704969076,0.0,0,-8.920298659984496,19.927321504223016,0,0.3175907691489708,0.7892700853062092,0.0
28.0,0.02,822.1124200057053,298.78323638870563,0,-59.66105527386972,4.186213715574972,14.164455370657251,-5.546597908040447,32.36371704969076,0.0,0,-31.893517621079127,16.023543753554407,0,0.30423447819129396,0.7500821760193442,0.0
28.02,0.02,829.2926351536221,259.4475141775789,0,-59.391930621827235,4.073658796577379,13.456232602124388,-5.627745949879637,32.36371704969076,0.0,0,7.180215147916783,-39.33572221112672,0,0.2917133663847846,0.7128565736266228,0.0
28.04,0.02,826.3147999075154,276.41345396867814,0,-59.136262202386874,3.9595133759597383,12.783420972018167,-5.707271030882044,32.36371704969076,0.0,0,-2.977835246106679,16.96593979109923,0,0.2799919958625796,0.6774951867833671,0.0
28.060000000000002,0.02,845.2809430469973,277.56901136773007,0,-58.893377203918526,3.84380926375445,12.144249923417258,-5.785205610264403,32.36371704969076,0.0,0,18.966143139481915,1.1555573990519292,0,0.26903636197024255,0.6439048283970941,0.0
28.080000000000002,0.02,806.1600502610553,293.6985985327094,0,-58.6626364553736,3.726577633793268,11.537037427246394,-5.861581498059114,32.36371704969076,0.0,0,-39.12089278594203,16.12958716497934,0,0.2588137324456098,0.611996970370345,0.0
28.1,0.02,850.2524117642131,320.69885883940265,0,-58.44343274425592,3.6078490364313094,10.960185555884074,-5.936429868097932,32.36371704969076,0.0,0,44.092361503157804,27.000260306693235,0,0.2492924924647769,0.5816875106031407,0.0
28.12,0.02,845.9761794081727,276.82005592201256,0,-58.235189218694124,3.48765341101659,10.41217627808987,-6.009781270735973,32.36371704969076,0.0,0,-4.276232356040396,-43.87880291739009,0,0.24044199780246955,0.55289655164189,0.0
28.14,0.02,816.72674111257,286.2266269421639,0,-58.037357869410414,3.366020098110165,9.891567464185377,-6.0816656453212525,32.36371704969076,0.0,0,-29.24943829560266,9.406571020151318,0,0.2322324386643813,0.525548190392242,0.0
28.16,0.02,825.6640700256324,273.801350588439,0,-57.84941808759089,3.242977851461869,9.396989090976108,-6.152112332414827,32.36371704969076,0.0,0,8.937328913062402,-12.425276353724882,0,0.22463471693091006,0.49957031834245974,0.0
28.18,0.02,803.6382341919917,268.3141086825815,0,-57.67087529486235,3.118554849746538,8.927139636427302,-6.2211500857665305,32.36371704969076,0.0,0,-22.025835833640713,-5.487241905857502,0,0.21762033956218454,0.47489443177158946,0.0
28.2,0.02,830.8299527818527,253.57725649382428,0,-57.50125964177023,2.992778708065514,8.480782654605937,-6.288807084051199,32.36371704969076,0.0,0,27.19171858986101,-14.736852188757211,0,0.21116133071665838,0.45145545144296384,0.0
28.22,0.02,829.8248660821404,258.74271101024465,0,-57.34012477133272,2.8656764892181106,8.05674352187564,-6.355110942370175,32.36371704969076,0.0,0,-1.0050866997123649,5.165454516420368,0,0.20523016470988834,0.42919155130855596,0.0
28.240000000000002,0.02,855.1609629031204,241.97719748926306,0,-57.18704664441708,2.737274714747655,7.653906345781858,-6.42008872352277,32.36371704969076,0.0,0,25.33609682098006,-16.765513520981585,0,0.19979972128899942,0.4080439957734061,0.0
28.26,0.02,842.0418771640284,282.5628092011645,0,-57.04162242384722,2.607599375766609,7.271211028492765,-6.483766949052314,32.36371704969076,0.0,0,-13.119085739092043,40.585611711901436,0,0.19484326385122952,0.3879569850918933,0.0
28.28,0.02,834.2538857991327,260.0004398714974,0,-56.90346941430586,2.4766759435651835,6.907650477068126,-6.5461716100712675,32.36371704969076,0.0,0,-7.7879913648956745,-22.562369329667092,0,0.1903344402485714,0.3688775084890349,0.0
28.3,0.02,799.7809049013609,303.22510041917343,0,-56.772224055241566,2.3445293800077867,6.562267953214719,-6.607328177869841,32.36371704969076,0.0,0,-34.47298089777178,43.224660547676024,0,0.1862473047749812,0.35075520462033155,0.0
28.32,0.02,844.4307334424891,249.40961460330837,0,-56.647540964130485,2.211184147721538,6.234154555553983,-6.667261614312444,32.36371704969076,0.0,0,44.64982854112816,-53.81548581586506,0,0.1825563589209854,0.3335422290030036,0.0
28.34,0.02,845.648390318584,228.55244534172317,0,-56.52909202757496,2.076664220081014,5.922446827776283,-6.725996382026195,32.36371704969076,0.0,0,1.2176568760949067,-20.8571692615852,0,0.179236607598856,0.31719312806983185,0.0
28.36,0.02,842.9975237121022,272.4915539886364,0,-56.41656553784721,1.9409930909933004,5.626324486387468,-6.78355645438567,32.36371704969076,0.0,0,-2.650866606481827,43.93910864691321,0,0.17626362687288663,0.3016647195142675,0.0
28.38,0.02,820.860335190373,267.01365586333446,0,-56.30966537260585,1.8041937844873412,5.345008262068094,-6.839965325297957,32.36371704969076,0.0,0,-22.137188521729172,-5.47789812530192,0,0.17361363883388348,0.2869159786120449,0.0
28.400000000000002,0.02,840.9486574779803,287.7413311748328,0,-56.208110215626554,1.6662888641115012,5.07775784896469,-6.8952460187919975,32.36371704969076,0.0,0,20.088322287607298,20.72767531149833,0,0.17126358916289233,0.27290793022028964,0.0
28.42,0.02,850.3160660492937,257.5601174420309,0,-56.111632816496225,1.5273004421431782,4.823869956516455,-6.949421098416157,32.36371704969076,0.0,0,9.367408571313376,-30.181213732801893,0,0.1691912231299172,0.2596035461700988,0.0
28.44,0.02,839.3999272736222,249.02752571250556,0,-56.019979287322414,1.3872501886142214,4.5826764586906314,-7.002512676447833,32.36371704969076,0.0,0,-10.91613877567147,-8.532591729525336,0,0.1673751562315619,0.24696764778275906,0.0
28.46,0.02,865.5784226765406,278.97280994063783,0,-55.93290843460729,1.246159340155844,4.353542635756099,-7.0545424229188765,32.36371704969076,0.0,0,26.17849540291843,29.945284228132266,0,0.16579493632570133,0.23496681325334978,0.0
28.48,0.02,821.5023173216189,282.9617563401261,0,-55.850191124527925,1.104048708666634,4.1358655039682946,-7.105531574460499,32.36371704969076,0.0,0,-44.076105354921765,3.9889463994882703,0,0.1644310948970061,0.223569289658262,0.0
28.5,0.02,858.5337751612301,269.90792745694006,0,-55.771609679952526,0.9609386898072082,3.9290722287698796,-7.155500942971289,32.36371704969076,0.0,0,37.03145783961122,-13.053828883186043,0,0.16326518590777894,0.21274490935544027,0.0
28.52,0.02,830.7883157707105,271.6988304602944,0,-55.6969573076059,0.816849271324971,3.7326186173313856,-7.204470924111862,32.36371704969076,0.0,0,-27.745459390519613,1.7909030033543445,0,0.1622798114847583,0.20246501055771327,0.0
28.54,0.02,842.4768965323744,210.5675043985731,0,-55.6260375538766,0.6718000412123785,3.5459876864648163,-7.252461505629625,32.36371704969076,0.0,0,11.688580761663957,-61.131326061721296,0,0.16145863440918942,0.19270236187067127,0.0
28.560000000000002,0.02,858.7155218936075,251.7193167922317,0,-55.558663787833765,0.5258101957020378,3.3686883021415754,-7.299492275517032,32.36371704969076,0.0,0,16.238625361233062,41.15181239365859,0,0.1607863779768912,0.1834310905969938,0.0
28.580000000000002,0.02,873.5504876915847,281.33934053569754,0,-55.49465871009308,0.37889854710190396,3.2002538870344965,-7.345582430006691,32.36371704969076,0.0,0,14.834965797977247,29.62002374346585,0,0.16024881425770607,0.17462661461914786,0.0
28.6,0.02,833.3360995730185,253.7937277247244,0,-55.43385388623942,0.2310835314737728,3.0402411926827715,-7.390750781406557,32.36371704969076,0.0,0,-40.21438811856626,-27.545612810973154,0,0.15983274210567452,0.16626557768185318,0.0
28.62,0.02,811.4002837388466,243.41719381831254,0,-55.376089303578446,0.08238321615820429,2.888229133048633,-7.4350157657784255,32.36371704969076,0.0,0,-21.935815834171876,-10.37653390641185,0,0.15952595646146686,0.1583257879047335,0.0
28.64,0.02,821.353052352779,250.68672379689303,0,-55.32121295005052,-0.06718469285105283,2.743817676396201,-7.478395450462856,32.36371704969076,0.0,0,9.952768613932335,7.269529978580493,0,0.15931721056409148,0.15078615936417308,0.0
28.66,0.02,815.7243277284243,259.629873588478,0,-55.269080414198996,-0.2176028436801248,2.606626792576391,-7.520907541453599,32.36371704969076,0.0,0,-5.628724624354618,8.943149791584972,0,0.15919617267116756,0.14362665659154572,0.0
28.68,0.02,833.0249379734703,241.98083119593537,0,-55.219554505140046,-0.3688542314926153,2.4762954529475714,-7.562569390624526,32.36371704969076,0.0,0,17.30061024504596,-17.64904239254264,0,0.15915337879957114,0.1368282418427712,0.0
28.7,0.02,845.8263285878755,273.34984202664,0,-55.17250489153404,-0.520922191548856,2.3524806803001925,-7.603398002812035,32.36371704969076,0.0,0,12.80139061440525,31.36901083070461,0,0.15918018286250618,0.1303728250015321,0.0
28.72,0.02,851.0170766230557,249.73407031259728,0,-55.127807758608334,-0.6737903924039719,2.234856646285183,-7.643410042755794,32.36371704969076,0.0,0,5.19074803518015,-23.615771714042694,0,0.15926870541464894,0.124243215985522,0.0
28.740000000000002,0.02,832.840538192555,257.52598331376544,0,-55.08534548232892,-0.8274428292419854,2.1231138139709236,-7.682621841900677,32.36371704969076,0.0,0,-18.176538430500727,7.7919130011681546,0,0.15941178203975132,0.1184230795317845,0.0
28.76,0.02,874.2213861738466,253.5466105033968,0,-55.04500631986347,-0.9818638173432387,2.0169581232723774,-7.721049405062663,32.36371704969076,0.0,0,41.380847981291595,-3.9793728103686306,0,0.15960291223715625,0.11289689224355917,0.0
28.78,0.02,798.3140664213655,242.1634622618996,0,-55.006684115521296,-1.1370379856824668,1.9161102171087585,-7.75870841696141,32.36371704969076,0.0,0,-75.90731975248104,-11.383148241497196,0,0.15983620949401403,0.1076499017871174,0.0
28.8,0.02,829.957411346177,228.5851826586522,0,-54.970278021396226,-1.2929502706549105,1.8203047062533204,-7.795614248622181,32.36371704969076,0.0,0,31.64334492481146,-13.57827960324741,0,0.160106353074361,0.10266808813280132,0.0
28.82,0.02,838.9997917381854,258.588689357557,0,-54.93569223197741,-1.4495859099279054,1.7292894709406543,-7.831781963649737,32.36371704969076,0.0,0,9.042380392008454,30.003506698904772,0,0.16040854191776144,0.09793812673997031,0.0
28.84,0.02,819.1128834619697,237.9456854068836,0,-54.90283573202954,-1.6069304364154402,1.6428249973936215,-7.867226324376742,32.36371704969076,0.0,0,-19.886908276215763,-20.643003950673375,0,0.16073845092077785,0.09344735359073349,0.0
28.86,0.02,864.0339765471575,247.01098243630187,0,-54.87162205707906,-1.7649696723732244,1.5606837475239403,-7.901961797889207,32.36371704969076,0.0,0,44.92109308518786,9.065297029418275,0,0.1610921897735404,0.08918373198228795,0.0
28.88,0.02,863.8663947527316,241.91485994184802,0,-54.8419690658761,-1.9236897236118529,1.4826495601477432,-7.9360025619314225,32.36371704969076,0.0,0,-0.1675817944259279,-5.0961224944538515,0,0.1614662644408285,0.08513582099234863,0.0
28.900000000000002,0.02,854.9575025276821,204.4424386647566,0,-54.813798724233294,-2.0830769738257087,1.4085170821403559,-7.969362510692793,32.36371704969076,0.0,0,-8.908892225049499,-37.47242127709143,0,0.16185754131027283,0.08129274553659166,0.0
28.92,0.02,826.0231748238633,234.31398014694736,0,-54.78703689967263,-2.2431180790352876,1.338091228033338,-8.002055260478937,32.36371704969076,0.0,0,-28.93432770381878,29.871541482190764,0,0.1622632139781514,0.07764416794120699,0.0
28.94,0.02,804.0831731869519,271.56152669241453,0,-54.76161316634,-2.403799962140675,1.271186666631671,-8.034094155269358,32.36371704969076,0.0,0,-21.94000163691146,37.24754654546717,0,0.1626807726034704,0.07418026095762346,0.0
28.96,0.02,797.5768411369222,274.8181439266982,0,-54.737460619673996,-2.5651098075839545,1.2076273333000873,-8.06549227216397,32.36371704969076,0.0,0,-6.506332050029641,3.2566172342836808,0,0.16310797573199215,0.07089168215018672,0.0
28.98,0.02,812.0132010262404,226.23780018619127,0,-54.714515700341295,-2.7270350561183685,1.147245966635083,-8.09626242672069,32.36371704969076,0.0,0,14.436359889318169,-48.58034374050695,0,0.1635428244715002,0.06776954959108204,0.0
29.0,0.02,807.4067312288512,252.2317906417321,0,-54.69271802697523,-2.889563399682094,1.0898836683033288,-8.126417178186276,32.36371704969076,0.0,0,-4.606469797389195,25.993990455540825,0,0.16398353888650563,0.06480541880006975,0.0
29.02,0.02,818.104471726464,231.14008737534016,0,-54.67201023727746,-3.052682776374545,1.0353894848881624,-8.15596883462255,32.36371704969076,0.0,0,10.697740497612813,-21.09170326639193,0,0.16442853647314587,0.06199126086968524,0.0
29.04,0.02,801.0800854974017,257.44730644544126,0,-54.652337837064586,-3.216381365533147,0.9836200106437543,-8.1849294579301,32.36371704969076,0.0,0,-17.024386229062316,26.307219070101098,0,0.16487641257212127,0.059319441719424514,0.0
29.060000000000002,0.02,816.1126857613331,267.4223862225967,0,-54.63364905686235,-3.380647582908577,0.9344390101115665,-8.213310868771497,32.36371704969076,0.0,0,15.032600263931386,9.975079777155429,0,0.16532592257803802,0.0567827024250807,0.0
29.080000000000002,0.02,827.2941299827754,223.61072191869155,0,-54.61589471567024,-3.5454700759364983,0.8877170596059881,-8.241124651396067,32.36371704969076,0.0,0,11.181444221442348,-43.81166430390513,0,0.1657759658065825,0.054374140571898044,0.0
29.1,0.02,834.4301417326237,246.51182118285342,0,-54.599028091537726,-3.710837719103861,0.8433312066256887,-8.268382158368146,32.36371704969076,0.0,0,7.136011749848308,22.90109926416187,0,0.16622557088593687,0.052087192582454395,0.0
29.12,0.02,816.5501833470747,231.03619369642743,0,-54.58300479861184,-3.8767396094078768,0.8011646462944042,-8.295094515200782,32.36371704969076,0.0,0,-17.879958385549003,-15.475627486425992,0,0.16667388254502993,0.04991561697230579,0.0
29.14,0.02,828.2684401964303,258.0928329913904,0,-54.56778267033224,-4.043165061905812,0.7611064139796839,-8.321272624896766,32.36371704969076,0.0,0,11.718256849355612,27.05663929496299,0,0.16712014967831687,0.04785347848835081,0.0
29.16,0.02,828.4656181360236,239.34880669960017,0,-54.55332164846663,-4.210103605353789,0.7230510932806997,-8.34692717239883,32.36371704969076,0.0,0,0.19717793959330265,-18.74402629179025,0,0.16756371457427674,0.045895133086616226,0.0
29.18,0.02,820.0031704431653,220.36323766968056,1,-54.520860309556696,-4.363078472568733,1.6230669454965263,-7.648743360747233,33.25092478965477,44.36038699820024,0,-8.46244769285829,-18.985569029919617,1,0.15638110027511465,1.1390738207386448,0.8872077399640048
29.2,0.02,829.5230101541974,234.46887982102623,1,-54.469446669631346,-4.50350022776578,2.5706819962675143,-7.021087759852364,33.6383331344453,19.37041723952646,0,9.519839711032091,14.105642151345677,0,0.14953806105133557,1.1366291557858266,0.3874083447905292
29.22,0.02,793.4929211358152,263.1154406382097,1,-54.40268373759241,-4.634233527026648,3.3381466019465913,-6.536664963043412,33.957626762595055,15.964681407487902,0,-36.03008901838223,28.646560817183456,0,0.14679402109781897,0.907561219443817,0.31929362814975804
29.240000000000002,0.02,809.0138815776706,232.67807459553111,1,-54.319019417395715,-4.75223463374707,4.183216009834944,-5.900055336021068,34.65114778426546,34.67605108352032,0,15.520960441855436,-30.437366042678576,0,0.14465123456514167,1.058023686580929,0.6935210216704064
29.26,0.02,832.6263851855252,240.37274457079,1,-54.216092458680464,-4.85827301492457,5.146347935762571,-5.301919058875018,34.73964980368461,4.425100970957274,0,23.612503607854592,7.694669975258876,0,0.1477771873907331,1.1337504631880846,0.08850201941914548
29.28,0.02,815.6813387002152,210.9731571092909,1,-54.09559736609519,-4.949408711812999,6.024754629263648,-4.556784844421472,35.66791241545122,46.41313058833063,0,-16.94504648531006,-29.399587461499095,0,0.1510787297552938,1.1518781692248525,0.9282626117666126
29.3,0.02,837.993609861176,224.8515680494497,1,-53.9553029125238,-5.027029565506373,7.014722678569528,-3.8810426846687203,35.885266213857925,10.867689920335266,0,22.31227116096079,13.878410940158801,0,0.16033568109121532,1.1986092795877235,0.21735379840670532
29.32,0.02,818.2628797629886,247.78388638015602,1,-53.79718217097611,-5.093428807837763,7.906037077384473,-3.3199621165695,35.91582129584716,1.5277540994617311,0,-19.730730098187337,22.932318330706323,0,0.17149643812561938,1.05321069185296,0.030555081989234623
29.34,0.02,801.0489529301703,213.99144993145867,1,-53.6229565341354,-5.145227195162299,8.711281842035323,-2.5899193662267934,36.97117063286627,52.76746685095546,0,-17.213926832818288,-33.792436448697345,0,0.18176260743611025,1.0869137722586584,1.0553493370191092
29.36,0.02,785.4703544453179,267.6029988276924,1,-53.43418386185016,-5.187785882369604,9.438633614261914,-2.127934360365255,37.01019973613628,1.9514551635005262,0,-15.578598484852478,53.6115488962337,0,0.1935106293166335,0.8616674220382524,0.03902910327001052
29.38,0.02,830.140755353881,233.00011376182817,1,-53.22639711402953,-5.217644580953092,10.389337391031319,-1.492934929174396,37.059811283589106,2.480577372641335,0,44.670400908563124,-34.6028850658642,0,0.20992111482881495,1.143268100130641,0.0496115474528267
29.400000000000002,0.02,773.3234057986022,237.12496132681503,1,-53.005278025629046,-5.235215775669261,11.055954420024328,-0.8785597358084711,38.17952001075255,55.98543635817208,0,-56.81734955527884,4.124847564986851,0,0.2218161358846895,0.9065512349375981,1.1197087271634416
29.42,0.02,804.1156241006918,234.6734190907931,1,-52.76774737481849,-5.24025431229451,11.876532540527787,-0.25192683126243653,38.54908656841195,18.47832788297019,0,30.792218302089623,-2.451542236021936,0,0.2375840839067506,1.032481113100278,0.3695665576594038
29.44,0.02,817.1347613932508,221.4327119470109,1,-52.51250324786861,-5.23143612011446,12.76220634749404,0.4409096090025091,38.918604779809314,18.475910569868148,0,13.01913729255898,-13.240707143782203,0,0.25539640728822366,1.1244733991095994,0.36951821139736296
29.46,0.02,835.5379086460161,246.21168533217295,1,-52.237705330054126,-5.211239096467628,13.73989589072412,1.0098511823416445,38.389370463559345,-26.461715812498454,0,18.403147252765393,24.77897338516206,0,0.2755391358761317,1.1311813987221746,-0.5292343162499691
29.48,0.02,783.8878230755049,219.93261910325066,1,-51.948518629932096,-5.17703533473112,14.459335006101647,1.7101880868253911,39.54284613015489,57.67378332977735,0,-51.65008557051124,-26.27906622892229,0,0.2912024121541526,1.0040241135137509,1.153475666595547
29.5,0.02,822.1707532517163,228.01248153680962,1,-51.64111485448489,-5.129632821148293,15.37018877236023,2.370125679141343,39.59260222752135,2.4878048683227405,0,38.28293017621138,8.079862433558958,0,0.3110371030169331,1.12479874166858,0.04975609736645481
29.52,0.02,788.6314650206865,234.36044076237357,1,-51.31884793253562,-5.069666351641704,16.113346097463662,2.9983234753294754,40.21193633097686,30.966705172775733,0,-33.539288231029786,6.3479592255639545,0,0.32779863704375367,0.9730957203638884,0.6193341034555147
29.54,0.02,792.6843306222753,231.25308492156208,1,-50.981312577524115,-4.996825190627271,16.876767750575038,3.642058050721665,40.75108863630297,26.957615266305268,0,4.052865601588792,-3.1073558408114934,0,0.3453055901960934,0.9986024354039342,0.5391523053261054
29.560000000000002,0.02,805.6451697088602,237.35423085952792,1,-50.62721270554173,-4.91171945269879,17.704993599119337,4.255286896424026,40.7990396145874,2.397548914221659,0,12.960839086584883,6.101145937965839,0,0.36418361573015945,1.0305375652533848,0.04795097828443318
29.580000000000002,0.02,792.8360915161361,237.0602235933904,1,-50.25782922440773,-4.814319737129649,18.46917405670002,4.869985778457074,41.1516651156423,17.63127505274511,0,-12.809078192724087,-0.2940072661375268,0,0.3820089799044291,0.9807275296028455,0.3526255010549022
29.6,0.02,815.4736191047767,256.13248597477536,1,-49.870898381363254,-4.706533270157985,19.346542152223904,5.389323348583197,40.460305416932485,-34.56798493549087,0,22.637527588640637,19.072262381384974,0,0.4016632915282917,1.0195520029835232,-0.6913596987098174
29.62,0.02,813.9896110128079,241.50798475043092,1,-49.466568577217494,-4.586897601661365,20.216490207287944,5.981783424831042,40.27195761398449,-9.417390147399729,0,-1.4840080919688035,-14.624501224344442,0,0.42165778031145373,1.052529600751118,-0.18834780294799458
29.64,0.02,810.9235693163288,219.69294915128256,1,-49.0451464161401,-4.453231228079872,21.071108053869587,6.683318679074629,40.703515362134176,21.577887407484297,0,-3.0660416964791466,-21.81503559914836,0,0.4421123582004565,1.105677790607399,0.43155774814968595
29.66,0.02,788.957613236034,205.5240296542442,1,-48.608828493739104,-4.304117257463804,21.815896120049757,7.455698530803408,41.929071515943996,61.27780769049096,0,-21.965956080294745,-14.16891949703836,0,0.4610946818617742,1.072977119458271,1.2255561538098192
29.68,0.02,766.7352905980149,231.40259844963956,1,-48.159837042278305,-4.1421435466927,22.44957257303983,8.09868553855521,43.13040526008857,60.06668720722885,0,-22.222322638019136,25.878568795395353,0,0.4773141590879493,0.9027613966113622,1.201333744144577
29.7,0.02,789.01581195348,270.8585619340894,0,-47.73329516339055,-3.9872509101370177,21.327093944387837,7.744631827784107,43.13040526008857,0.0,0,22.280521355465112,39.455963484449825,1,0.45379478104564624,1.176992906474482,0.0
29.72,0.02,788.8203337649142,227.60184559405337,0,-47.32808037844718,-3.839297726312449,20.260739247168445,7.397659191228425,43.13040526008857,0.0,0,-0.19547818856585764,-43.25671634003601,0,0.43138053565329837,1.1213841227698307,0.0
29.740000000000002,0.02,812.5827031145985,216.41933961402813,0,-46.943126332750985,-3.698145206164372,19.24770228481002,7.057626007403857,43.13040526008857,0.0,0,23.762369349684377,-11.18250598002524,0,0.41001664751815065,1.0685815145351591,0.0
29.76,0.02,797.8920330714985,228.72503916430176,0,-46.577419989339596,-3.5636573364192565,18.28531717056952,6.72439348725578,43.13040526008857,0.0,0,-14.690670043099999,12.30569955027363,0,0.3896512757837554,1.0184444121285858,0.0
29.78,0.02,795.147910065587,219.03623692380125,0,-46.22999896309877,-3.4357008240690434,17.371051312041043,6.397825617510664,43.13040526008857,0.0,0,-2.744123005911547,-9.688802240500507,0,0.37023538259741895,0.9708391389003,0.0
29.8,0.02,780.7053151778267,225.3714894936384,0,-45.899948988169996,-3.3141450419658343,16.50249874643899,6.077789105160451,43.13040526008857,0.0,0,-14.442594887760265,6.335252569837138,0,0.3517226096133272,0.9256386597648103,0.0
29.82,0.02,796.3053856034237,228.7496738036402,0,-45.58640151198765,-3.1988619755046894,15.677373809117041,5.764153323057243,43.13040526008857,0.0,0,15.600070425596982,3.3781843100018136,0,0.33406916234965744,0.8827222473723226,0.0
29.84,0.02,762.6733831285138,212.43770330817236,0,-45.28853140961443,-3.0897261703727676,14.893505118661189,5.456790256596098,43.13040526008857,0.0,0,-33.63200247490988,-16.311970495467847,0,0.3172337022600655,0.8419751650146049,0.0
29.86,0.02,797.5434410133422,219.1945116999204,0,-45.00555481235987,-2.986614681343484,14.148829862728128,5.155574451464176,43.13040526008857,0.0,0,34.870057884828384,6.756808391748052,0,0.3011772464241042,0.8032883654455859,0.0
29.88,0.02,766.9737250127124,236.26413853814347,0,-44.736727044968035,-2.8894070220947863,13.44138836959172,4.860382962434892,43.13040526008857,0.0,0,-30.569716000629796,17.06962683822306,0,0.285863074805909,0.7665582048392643,0.0
29.900000000000002,0.02,748.334163037301,212.95066537628077,0,-44.481340665945794,-2.7979851160310623,12.769318951112133,4.571095303186195,43.13040526008857,0.0,0,-18.639561975411425,-23.313473161862703,0,0.2712566450769751,0.7316861711479049,0.0
29.92,0.02,771.6929513715571,238.8495180350941,0,-44.23872360587466,-2.7122332480886127,12.130853003556526,4.287593397122471,43.13040526008857,0.0,0,23.358788334256133,25.898852658813325,0,0.2573255150450089,0.6985786261616111,0.0
29.94,0.02,742.4392640135112,246.82734556856943,0,-44.00823739880709,-2.632038017505012,11.524310353378699,4.009761529180022,43.13040526008857,0.0,0,-29.25368735804591,7.977827533475335,0,0.2440392727754123,0.6671465606065378,0.0
29.96,0.02,778.0575641616458,231.03418351062064,0,-43.78927550209289,-2.5572882915330837,10.948094835709764,3.737486298596421,43.13040526008857,0.0,0,35.61830014813461,-15.793162057948791,0,0.23136947453274298,0.6373053616531336,0.0
29.98,0.02,752.2591215053549,220.54760070976056,0,-43.581261700214405,-2.487875160080594,10.400690093924275,3.4706565726244922,43.13040526008857,0.0,0,-25.798442656290945,-10.486582800860077,0,0.21928959070138931,0.608974592238044,0.0
30.0,0.02,772.9666605871988,220.51689590027422,0,-43.38364858842984,-2.423691891257154,9.880655589228061,3.2091634411720023,43.13040526008857,0.0,0,20.707539081843947,-0.03070480948633758,0,0.20777495986292466,0.5820777816335772,0.0
30.02,0.02,758.3313118366453,241.06837164837432,0,-43.19591613223451,-2.3646338878101827,9.386622809766658,2.952900172348562,43.13040526008857,0.0,0,-14.635348750553476,20.551475748100103,0,0.19680275120098206,0.5565422267271674,0.0
30.04,0.02,750.3967137722103,232.91923363448407,0,-43.017570298848945,-2.310598644432151,8.917291669278326,2.7017621689015905,43.13040526008857,0.0,0,-7.934598064435022,-8.149138013890251,0,0.18635193536133257,0.5322988034998858,0.0
30.060000000000002,0.02,802.316720092051,236.48470396741672,0,-42.84814175713266,-2.2614857059216797,8.471427085814408,2.4556469255235585,43.13040526008857,0.0,0,51.920006319840695,3.565470332932648,0,0.1764032637941843,0.5092817882179576,0.0
30.080000000000002,0.02,743.2651363129709,220.4424408458814,0,-42.68718464250219,-2.217196626181418,8.047855731523688,2.214453987013087,43.13040526008857,0.0,0,-59.05158377908015,-16.042263121535314,0,0.16693925642102753,0.48742868787443244,0.0
30.1,0.02,746.7207123009421,243.998222006437,0,-42.53427538360324,-2.1776349280359617,7.645462944947504,1.978084907272825,43.13040526008857,0.0,0,3.4555759879712014,23.555781160555597,0,0.15794419716209504,0.46668007943965756,0.0
30.12,0.02,775.7066278052914,208.9864646402889,0,-42.389011587649236,-2.1427060638534146,7.263189797700128,1.7464432091273685,43.13040526008857,0.0,0,28.98591550434935,-35.01175736614812,0,0.14940413638199093,0.4469794574990271,0.0
30.14,0.02,801.829823093432,224.52589725973843,0,-42.25101098149293,-2.1123173769545183,6.900030307815121,1.519434344944821,43.13040526008857,0.0,0,26.12319528814055,15.539432619449542,0,0.14130689859644646,0.4282730898748935,0.0
30.16,0.02,744.0842534876818,219.1269485655867,0,-42.11991040564445,-2.0863780637935996,6.555028792424364,1.2969656580459248,43.13040526008857,0.0,0,-57.74556960575012,-5.398948694151727,0,0.13364209275173997,0.410509880846293,0.0
30.18,0.02,761.4868899541946,193.72688728966642,0,-41.99536485858838,-2.0647991368958993,6.227277352803146,1.0789463448850063,43.13040526008857,0.0,0,17.402636466512718,-25.40006127592028,0,0.12640112095053177,0.39364124159561836,0.0
30.2,0.02,743.8859322695569,234.17203970496197,0,-41.87704658888512,-2.0474933885361533,5.915913485162988,0.8652874179873062,43.13040526008857,0.0,0,-17.600957684637706,40.44515241529555,0,0.11957717956141982,0.37762096752552626,0.0
30.22,0.02,745.9510092173376,212.45016444717322,0,-41.764644232667024,-2.034375355143602,5.620117810904838,0.6559016696275601,43.13040526008857,0.0,0,2.065076947780767,-21.721875257788753,0,0.11316524414973128,0.36240512210232956,0.0
30.240000000000002,0.02,751.9016561307893,237.56700141694668,0,-41.65786199425983,-2.025361282418902,5.339111920359596,0.4507036362350089,43.13040526008857,0.0,0,5.950646913451692,25.11683696977346,0,0.10716202660614677,0.3479519268940687,0.0
30.26,0.02,738.8263950846367,222.80106838713613,0,-41.556418867773,-2.020369091148696,5.0721563243416155,0.24960956351030872,43.13040526008857,0.0,0,-13.075261046152605,-14.765933029810554,0,0.10156588937779414,0.3342216574824588,0.0
30.28,0.02,761.3534704761385,220.1968878694434,0,-41.46004789761051,-2.0193183437038935,4.818548508124534,0.052537372240102534,43.13040526008857,0.0,1,22.52707539150174,-2.6041805176927255,0,0.09637669822240312,0.3211765449381968,0.0
30.3,0.02,741.6317871466506,234.0709238988495,0,-41.368495475956145,-2.0221302112079873,4.5776210827183075,-0.14059337520469953,43.13040526008857,0.0,0,-19.72168332948786,13.874036029406085,0,0.09159559219547012,0.30878068255877167,0.0
30.32,0.02,706.9632524417881,215.81975158804352,0,-41.2815206753845,-2.0287274413619993,4.348740028582392,-0.32986150770060557,43.13040526008857,0.0,0,-34.66853470486251,-18.25117231080597,0,0.08722464892553362,0.29699993757719173,0.0
30.34,0.02,735.8616261018582,228.3496701736507,0,-41.198894614841436,-2.0390343269129314,4.1313030271532725,-0.5153442775465935,43.13040526008857,0.0,0,28.898373660070092,12.529918585607192,0,0.08326642643122123,0.2858018675590252,0.0
30.36,0.02,697.1390370908648,227.64489643835415,0,-41.12039985732552,-2.052976674752845,3.924737875795609,-0.6971173919956616,43.13040526008857,0.0,0,-38.722589010993374,-0.7047737352965555,0,0.07972337186027073,0.2751556412140745,0.0
30.38,0.02,707.8754828797436,235.31054955956907,0,-41.04582983768541,-2.07048177563596,3.728500982005828,-0.8752550441557484,43.13040526008857,0.0,0,10.736445788878768,7.665653121214916,0,0.07659710429288363,0.26503196335795004,0.0
30.400000000000002,0.02,764.2204527608437,245.27443487976242,0,-40.9749883190273,-2.0914783745014125,3.5420759329055365,-1.0498299432726335,43.13040526008857,0.0,0,56.344969881100155,9.963885320193356,0,0.07388760335607433,0.25540300376799946,0.0
30.42,0.02,740.147942562188,179.5499435100269,0,-40.90768887630209,-2.115896641389556,3.3649721362602594,-1.2209133444071807,43.13040526008857,0.0,0,-24.072510198655777,-65.72449136973552,0,0.07159236515819357,0.2462423296875175,0.0
30.44,0.02,702.0399499038201,204.90773054370942,0,-40.84375440571314,-2.1436681429399367,3.1967235294472465,-1.388575077519037,43.13040526008857,0.0,0,-38.107992658367834,25.357787033682513,0,0.0697056154685671,0.2375248417420611,0.0
30.46,0.02,733.7685031611786,223.45536781851993,0,-40.783016658653644,-2.17472581445931,3.036887352974884,-1.5528835759686563,43.13040526008857,0.0,0,31.7285532573585,18.547637274810512,0,0.06821768742832664,0.2292267130420726,0.0
30.48,0.02,726.3589931370491,223.52430032677887,0,-40.72531579894712,-2.2090039325482955,2.8850429853261397,-1.713905904449283,43.13040526008857,0.0,0,-7.409510024129531,0.06893250825893915,0,0.06711466747734164,0.22132533125688508,0.0
30.5,0.02,728.3275854927607,248.9389457649552,0,-40.67049998222593,-2.2464380882755015,2.7407908360598325,-1.8717077863602973,43.13040526008857,0.0,0,1.9685923557116212,25.414645438176336,0,0.06637838336251019,0.21379924345658163,0.0
30.52,0.02,718.8661188518993,230.78316324507438,0,-40.61842495634079,-2.286965160888163,2.6037512942568406,-2.0263536306330914,43.13040526008857,0.0,0,-9.461466640861431,-18.15578251988083,0,0.06598675575818023,0.2066281035300359,0.0
30.54,0.02,700.9066667156255,246.21970811658696,0,-40.56895368174991,-2.330523292048572,2.4735637295439985,-2.1779065580204295,43.13040526008857,0.0,0,-17.95945213627374,15.43654487151258,0,0.06591447337143394,0.19979262199974313,0.0
30.560000000000002,0.02,737.5846014667349,227.59351266862714,0,-40.52195597088858,-2.3770518605857722,2.3498855430667986,-2.326428426860021,43.13040526008857,0.0,0,36.67793475110932,-18.626195447959816,0,0.06613389839051118,0.19327451806664492,0.0
30.580000000000002,0.02,689.9521808048588,226.9584561073816,0,-40.477308145570305,-2.4264914577522285,2.2323912659134586,-2.471979858322821,43.13040526008857,0.0,0,-47.63242066187604,-0.6350565612455341,0,0.06661607969276177,0.18705647373094583,0.0
30.6,0.02,686.2626867915923,178.45116703278055,0,-40.434892711517946,-2.478783862975356,2.1207717026177857,-2.6146202611563645,43.13040526008857,0.0,0,-3.6894940132665397,-48.50728907460106,0,0.06733175097878974,0.18112208984779382,0.0
30.62,0.02,709.5696702737231,219.90850078501882,0,-40.39459804916821,-2.533872020094021,2.0147331174868963,-2.7544078559332372,43.13040526008857,0.0,0,23.306983482130818,41.45733375223827,0,0.06825221511870525,0.17545584398948944,0.0
30.64,0.02,690.5631864729027,224.8504525770609,0,-40.356318119935956,-2.5917000140703124,1.9139964616125513,-2.8913996988145727,43.13040526008857,0.0,0,-19.006483800820433,4.94195179204209,0,0.06935005313154648,0.1700430499984363,0.0
30.66,0.02,734.6173258003527,181.63434219689879,0,-40.31995218716532,-2.652213048167078,1.8182966385319237,-3.0256517048382814,43.13040526008857,0.0,0,44.05413932745,-43.21611038016212,0,0.07059963428995032,0.16486981912725368,0.0
30.68,0.02,717.9552157158095,207.05552066617167,0,-40.28540455103322,-2.7153574215819085,1.7273818066053275,-3.157218670741516,43.13040526008857,0.0,0,-16.6621100845432,25.42117846927289,0,0.07197743435457922,0.1599230226741107,0.0
30.7,0.02,728.2952695794239,217.1638884628584,0,-40.25258429670772,-2.781080507528442,1.641012716275061,-3.2861542973266857,43.13040526008857,0.0,0,10.340053863614457,10.108367796686736,0,0.07346218837147427,0.15519025603235556,0.0
30.72,0.02,701.4459444493243,212.69120010369943,0,-40.221405055098494,-2.8493307317560452,1.5589620804613078,-3.4125112113801523,43.13040526008857,0.0,0,-26.8493251300996,-4.47268835915898,0,0.07503491330337105,0.15065980408375784,0.0
30.740000000000002,0.02,715.7436073847356,220.41112853826755,0,-40.19178477556973,-2.920057551499096,1.4810139764382424,-3.5363409871525495,43.13040526008857,0.0,0,14.297662935411267,7.719928434568118,0,0.07667883665215669,0.1463206078740544,0.0
30.76,0.02,701.81375694543,196.02224569062244,0,-40.1636455100174,-2.9932114348472862,1.40696327761633,-3.6576941674094985,43.13040526008857,0.0,0,-13.929850439305596,-24.388882847645107,0,0.07837926329549769,0.14216223251795504,0.0
30.78,0.02,699.2017544272719,217.61886739076343,0,-40.136913207742694,-3.0687438405285126,1.3366151137355136,-3.7766202840613086,43.13040526008857,0.0,0,-2.6120025181580786,21.596621700140986,0,0.0801234066481186,0.13817483628824084,0.0
30.8,0.02,700.4979707039824,197.0770036669168,0,-40.11151752058172,-3.146607198096114,1.2697843580487378,-3.8931678783800825,43.13040526008857,0.0,0,1.2962162767105383,-20.54186372384663,0,0.08190020377311759,0.1343491408500963,0.0
30.82,0.02,672.4597190477473,198.88812520918387,0,-40.08739161777879,-3.226754888512364,1.206295140146301,-4.00738452081248,43.13040526008857,0.0,0,-28.03825165623516,1.811121542267074,0,0.0837001282263975,0.13067640260733127,0.0
30.84,0.02,676.1994505846749,202.92195633245942,0,-40.06447201011601,-3.3091412251202885,1.1459803831389859,-4.11931683039623,43.13040526008857,0.0,0,3.739731536927593,4.033831123275547,0,0.08551500964795583,0.12714838513171897,0.0
30.86,0.02,680.7327526561319,220.15154500611285,0,-40.04269838283637,-3.3937214349960545,1.0886813639820365,-4.229010493788305,43.13040526008857,0.0,0,4.533302071457001,17.22958867365344,0,0.08733786548537485,0.12375733265032107,0.0
30.88,0.02,679.3890962680307,210.61172520072066,1,-40.01698584592992,-3.463362817391893,1.2856268453221913,-3.4820691197919085,46.49230444820754,168.09495940594843,0,-1.3436563881011807,-9.539819805392199,1,0.07423649167470658,0.7724693772622512,3.3618991881189686
30.900000000000002,0.02,700.2084536750242,205.06645979343796,1,-39.985252463655975,-3.5175108457670747,1.5866691136973115,-2.7074014187590985,48.88505179502608,119.63736734092691,0,20.819357406993504,-5.545265407282699,0,0.06276158480682309,0.8311055855737567,2.3927473468185383
30.92,0.02,691.8600472910214,245.9767124507996,1,-39.94833307665293,-3.5602565453873365,1.845969350152419,-2.1372849810130963,50.78104675158498,94.79974782794507,0,-8.348406384002828,40.91025265736164,0,0.056482173937502704,0.6263141106616279,1.8959949565589014
30.94,0.02,699.8951044999493,200.9414914261165,1,-39.90542417919988,-3.58709639415021,2.145444872652167,-1.3419924381436787,52.805735524496235,101.23443864556272,0,8.035057208927924,-45.035221024683096,0,0.050611767033466926,0.8498092829101135,2.0246887729112544
30.96,0.02,655.5218673866525,192.95905849500753,1,-39.860963095008174,-3.5972321487625845,2.223054209585431,-0.5067877306187164,56.14809514799174,167.1179811747752,0,-44.373237113296796,-7.982432931108974,0,0.04560177111762838,0.8388027853143305,3.342359623495504
30.98,0.02,667.1710820180621,214.34156034295341,1,-39.81378490261466,-3.5928020594092542,2.3589096196757424,0.22150446766651644,58.65433657773405,125.31207148711552,0,11.649214631409563,21.38250184794589,0,0.04738573128272033,0.7408550590594246,2.5062414297423103
31.0,0.02,661.0244479738079,220.3783866890365,1,-39.76450426542376,-3.5744098087248277,2.4640318595447823,0.919612534221334,61.12256720483656,123.41153135512535,0,-6.146634044254142,6.036826346083075,0,0.05260091336830189,0.7059784401127202,2.468230627102507
31.02,0.02,651.9554996446033,217.52900191792207,1,-39.714028078268406,-3.541770458232193,2.5238093577677994,1.6319675246317238,63.72622430342537,130.1828549294406,0,-9.068948329204659,-2.8493847711144156,0,0.06010967201976213,0.7148587144718803,2.603657098588812
31.04,0.02,675.96835167408,188.37951878345626,1,-39.659955055945645,-3.4919690596179045,2.7036511161382,2.4900699307144425,65.31437279582289,79.40742461987611,0,24.01285202947679,-29.14948313446581,0,0.07351238703141878,0.8767455716333609,1.5881484923975222
31.060000000000002,0.02,719.958899897035,225.92419668187065,1,-39.597886143633175,-3.4287600806718026,3.103445615623375,3.160448947305089,64.78318175145671,-26.55955221830908,0,43.990548222955,37.54467789841439,0,0.08858851446469647,0.7805406252743313,-0.5311910443661816
31.080000000000002,0.02,688.3880286232371,243.11192596812143,1,-39.53097842845838,-3.353862294322513,3.3453857587395603,3.744889317464482,65.21842463233503,21.76214404391601,0,-31.570871273797934,17.18772928625077,0,0.10043067633912975,0.6325389941522405,0.4352428808783202
31.1,0.02,654.3043369440254,250.06339201627432,1,-39.46264027958919,-3.2679708471748508,3.4169074434596887,4.29457235738311,67.27500607619406,102.82907219295154,0,-34.08369167921171,6.951466048152895,0,0.1097608458603882,0.5543165122557596,2.056581443859031
31.12,0.02,678.3627065304677,218.63452336595333,1,-39.390465860066946,-3.167942852363784,3.6087209761120285,5.001399740553344,68.21368739613311,46.93406599695251,0,24.058369586442268,-31.428868650320993,0,0.12334807083734745,0.7323915489052634,0.9386813199390502
31.14,0.02,695.0197755686761,205.1477587535882,1,-39.31278946298784,-3.052429633428076,3.8838198539554085,5.775660946785403,68.56736988952908,17.68412466979825,0,16.65706903820842,-13.486764612365135,0,0.13920102877522256,0.8216810865941908,0.353682493395965
31.16,0.02,686.9223674766451,217.77501412872476,1,-39.23042082916106,-2.9226939159052403,4.118431691338635,6.486785876141779,69.04436611685698,23.8498113663951,0,-8.097408092030946,12.62725537513657,0,0.15367481328979804,0.7488266684570228,0.47699622732790203
31.18,0.02,662.1594206979023,214.7097668520309,1,-39.1458362532645,-2.778429175067608,4.2292287948281455,7.213237041881625,70.54224085420732,74.89373686751719,0,-24.762946778742844,-3.065247276693867,0,0.1672329690239062,0.734851885992304,1.4978747373503438
31.2,0.02,640.6455591840356,201.82380472397372,1,-39.061187121449535,-2.618346814702373,4.232456590748324,8.004118018261757,72.80283104922879,113.02950975107322,0,-21.513861513866686,-12.885962128057173,0,0.1810851667507087,0.7908875631001495,2.2605901950214644
31.220000000000002,0.02,649.9330701699722,216.7013946399997,1,-38.975544682617574,-2.4439345938011376,4.282121941598184,8.720611045061759,74.46023544825026,82.87021995107366,0,9.287510985936592,14.877589916025983,0,0.19430452935736595,0.7182122976725392,1.6574043990214733
31.240000000000002,0.02,662.2060811929566,224.24584876319207,1,-38.88768163566631,-2.2559469577762217,4.3931523475629675,9.399381801245799,75.35964730633486,44.970592904230244,0,12.273011022984406,7.5444541231923665,0,0.20750726810836317,0.6877917493684829,0.8994118580846049
31.26,0.02,634.1935075346507,203.54870305294693,1,-38.800399237961585,-2.0523141920566004,4.364119885236221,10.181638285981064,77.43331286151596,103.6832777590547,0,-28.012573658305882,-20.697145710245138,0,0.2215502656818722,0.782795050941898,2.073665555181094
31.28,0.02,624.560866745548,206.2161461235158,1,-38.71466075358231,-1.8333030409493307,4.286924218963961,10.950557555363485,79.72190869802859,114.42979182563136,0,-9.632640789102766,2.667443070568879,0,0.23519560372801798,0.7727845842916471,2.288595836512627
31.3,0.02,665.2541072547746,204.22651286398522,1,-38.62639685847755,-1.5987145411284596,4.413194755237832,11.729424991043558,80.04197542506563,16.003336351852226,0,40.6932405092266,-1.9896332595305921,0,0.25064373007771584,0.7890365838753892,0.32006672703704453
31.32,0.02,640.9746498078177,202.92406029613676,1,-38.53803549839201,-1.348418447337202,4.418068004276922,12.514804689562874,81.3784908147441,66.82576948392338,0,-24.279457446956826,-1.3024525678484622,0,0.26543523602439756,0.785394817529686,1.3365153896784676
31.34,0.02,642.6870335169834,225.56313409803283,1,-38.44940543495478,-1.0846786669557478,4.431503171861838,13.18698901907271,82.56774076640414,59.46249758300226,0,1.7123837091656924,22.639073801896075,0,0.27823364264687017,0.6723185826426505,1.1892499516600452
31.36,0.02,651.7700220813745,223.67445793185703,1,-38.3595983693094,-0.8073063323674793,4.4903532822687104,13.868616729413425,83.16382297551783,29.80411045568445,0,9.08298856439103,-1.8886761661757987,0,0.2915488313040868,0.6841634826554445,0.596082209113689
31.38,0.02,653.801774282763,213.5689822213206,1,-38.268411126235755,-0.5152908960013429,4.559362153682525,14.600771818306821,83.61867874954757,22.742788701486916,0,2.0317522013884854,-10.105475710536439,0,0.30592176839100155,0.7354000941843192,0.4548557740297383
31.400000000000002,0.02,593.391993830668,208.57057747320073,1,-38.18188468377904,-0.20813251738252658,4.326322122835865,15.357918930940818,86.7165619492689,154.89415998606617,0,-60.40978045209499,-4.998404748119867,0,0.3191129812463847,0.7921990950177923,3.0978831997213234
31.42,0.02,646.8800365357897,228.34041015829442,1,-38.094670237668744,0.11219182022046031,4.3607223055148125,16.016216880149344,87.15079344947566,21.71157501033818,0,53.48804270512176,19.76983268509369,0,0.331985000973113,0.6591961487300242,0.4342315002067636
31.44,0.02,623.9644577221915,195.3572119919674,1,-38.00905934578623,0.4489804366242504,4.280544594125772,16.839430820189506,88.49940790998829,67.43072302563178,0,-22.915578813598245,-32.983198166327014,0,0.3474993481261502,0.8271092167785533,1.3486144605126356
31.46,0.02,623.7994388762695,244.2373696900367,1,-37.92506851001608,0.7973453160590369,4.199541788507119,17.418243971739322,90.3402709920573,92.04315410345032,0,-0.16501884592196348,48.8801576980693,0,0.3583469683379235,0.5844536927123688,1.8408630820690064
31.48,0.02,613.8412489734802,219.93300699820176,1,-37.84369354934859,1.1597168947940033,4.0687480333745185,18.118578936748314,92.13414513887463,89.69370734086652,0,-9.958189902789286,-24.30436269183494,0,0.3713960760408049,0.7124437308277982,1.7938741468173305
31.5,0.02,632.1789518157307,206.81027835963735,1,-37.76310069349953,1.5374074456930058,4.029642792453171,18.884527544950128,92.70412508356952,28.49899723474465,0,18.33770284225045,-13.12272863856441,0,0.38619342388536304,0.7669462108086934,0.569979944694893
31.52,0.02,631.0034619056729,210.71417190019534,0,-37.68653748044292,1.9037025855740284,3.828160652830512,18.314756994051123,92.70412508356952,0.0,0,-1.1754899100577632,3.9038935405579878,1,0.374211243943858,0.6043455412747577,0.0
31.54,0.02,612.7841215381898,236.62868380483812,0,-37.61380242803914,2.2588302226574304,3.636752620188986,17.756381854170098,92.70412508356952,0.0,0,-18.21934036748314,25.91451190464278,0,0.3624996916807253,0.5902709816659247,0.0
31.560000000000002,0.02,604.9356171994609,183.40278555011886,0,-37.54470412825555,2.6030137069991643,3.4549149891795365,17.209174217086694,92.70412508356952,0.0,0,-7.848504338728844,-53.225898254719255,0,0.3510510588598182,0.57662910274589,0.0
31.580000000000002,0.02,622.4903702073639,216.4345862095084,1,-37.47735679145123,2.9615537327199473,3.367366840216357,17.927001286039154,93.70222157528717,49.904824585882324,0,17.554753007902946,33.031800659389546,1,0.36481038063423415,0.7231461673187227,0.9980964917176465
31.6,0.02,638.0053003006925,207.1701905947481,1,-37.41020892461683,3.3353767393812555,3.3573933417198183,18.691150333065412,93.7634278149966,3.060311985471742,0,15.514930093328644,-9.264395614760303,0,0.37980584030489883,0.7642141301647065,0.06120623970943484
31.62,0.02,615.2433986667871,250.3457360994599,1,-37.345536717915756,3.7201651724326177,3.2336103350537555,19.23942165256811,95.75573479931074,99.61534921570703,0,-22.76190163390538,43.175545504711806,0,0.39018538226041904,0.5620708785629459,1.9923069843141405
31.64,0.02,599.6124754833711,225.14609591881685,1,-37.284903263666344,4.118438995892098,3.0316727124706104,19.913691172974026,97.78519255004367,101.47288753664654,0,-15.63092318341603,-25.19964018064306,0,0.40286282308901233,0.7038594956118407,2.0294577507329308
31.66,0.02,659.4861274485343,194.28765538108303,1,-37.22232119667208,4.53328405381347,3.1291033497132807,20.74225289606861,96.39887158366938,-69.31604831871496,0,59.87365196516316,-30.858440537733827,0,0.41953895789433143,0.8342704945345837,-1.3863209663742992
31.68,0.02,623.1711986885416,213.66405656524958,1,-37.16142200980896,4.962762706078317,3.044959343155989,21.47393261324236,97.00888590537663,30.50071608536271,0,-36.314928759992654,19.376401184166554,0,0.4337748537107913,0.7365021536716468,0.6100143217072542
31.7,0.02,609.8152305898111,208.27284247235195,1,-37.10354129988686,5.40741407409593,2.894035496105045,22.232568400880602,98.16200616738753,57.65601310054507,0,-13.3559680987305,-5.391214092897627,0,0.4484027382398781,0.7735025959194647,1.1531202620109013
31.720000000000002,0.02,636.2389660394681,211.56515254992254,1,-37.04603669336081,5.8669089268585495,2.875230326302384,22.97474263813099,97.8760391850585,-14.298349116451448,0,26.423735449656988,3.2923100775705905,0,0.46307915034803393,0.7424124412006462,-0.28596698232902895
31.740000000000002,0.02,605.4462536115959,218.9318567548003,1,-36.991987461473606,6.340510593945689,2.7024615943603627,23.680083354356988,99.39785742419102,76.09091195662572,0,-30.792712427872175,7.366704204877749,0,0.4766758421981492,0.7261918208731469,1.5218182391325143
31.76,0.02,618.906600999817,199.62862943724286,1,-36.94004756948642,6.830149398089104,2.596994599359449,24.481940207170773,99.78572247402678,19.39325249178836,0,13.460347388221066,-19.30322731755743,0,0.49238593694645116,0.8087630675537493,0.3878650498357672
31.78,0.02,587.8901089564166,237.02039502645826,1,-36.893318666603584,7.332086162729874,2.3364451441415333,25.096838232038483,102.60305081418454,140.8664170078879,0,-31.016492043400376,37.391765589215396,0,0.5041072366696168,0.6678215327470083,2.817328340157758
31.8,0.02,610.8361148717598,221.9612524326595,1,-36.84950615223358,7.847826802127378,2.1906257185003333,25.787031969875187,103.46318900554355,43.00690956795066,0,22.94600591534322,-15.059142593798754,0,0.5175982453037954,0.7054294441284195,0.8601381913590131
31.82,0.02,603.7467191573347,221.16859597208,1,-36.80931896594784,8.377450581927674,2.0093593142870083,26.481188990014786,104.62949645728446,58.31537258704529,0,-7.089395714425109,-0.7926564605795079,0,0.5311462680576008,0.7174339536887812,1.1663074517409058
31.84,0.02,596.176577841834,230.19375516020938,1,-36.773514121877916,8.920054986211948,1.7902422034961787,27.13022021421374,106.37731484586958,87.39091942925583,0,-7.570141315500678,9.02515918812938,0,0.5437844484789572,0.6850210494769581,1.7478183885851166
31.86,0.02,576.0402047806625,207.9412032944341,1,-36.74410525732993,9.47786527016678,1.4704432273994903,27.89051419774157,108.21901710660785,92.08511303691367,0,-20.136373061171525,-22.252551865775274,0,0.5585849928164659,0.8248141163323451,1.8417022607382734
31.88,0.02,570.0257992530359,202.0392755696154,1,-36.721693812856635,10.051471626564648,1.1205722236646714,28.680317819893492,109.96436686307305,87.26748782326013,0,-6.01440552762665,-5.901927724818705,0,0.5740440095876089,0.8638283862079931,1.7453497564652025
31.900000000000002,0.02,608.8042304488264,211.57873739980369,1,-36.70240194533846,10.639920109222539,0.964593375908803,29.422424132894474,109.99734694820135,1.6490042564150542,0,38.77843119579052,9.539461830188287,0,0.5887646328497596,0.7583212912368733,0.032980085128301084
31.92,0.02,585.5860284771312,214.2100711657684,1,-36.68855147497257,11.24294758476385,0.6925235182944589,30.151373777065633,111.31093287708865,65.67929644436461,0,-23.21820197169518,2.631333765964712,0,0.6031865149247653,0.7780678576830873,1.3135859288872922
31.94,0.02,589.2810948811789,190.2671597372025,1,-36.67977289511856,11.862948344331443,0.43892899270035235,31.00003797837962,111.7389688691771,21.401799604422678,0,3.6950664040476795,-23.942911428565907,0,0.6200629043320075,0.8857432528691414,0.42803599208845355
31.96,0.02,553.5285567135599,196.29087818395072,1,-36.6796414595932,12.49932001608064,0.006571776268150753,31.818583587459866,113.64850837323637,95.47697520296339,0,-35.752538167619036,6.023718446748234,0,0.6363716853224736,0.9257157645549484,1.9095395040592678
31.98,0.02,577.6857475215253,208.56493136079808,1,-36.685741449315685,13.150835194693757,-0.3049994861242227,32.57575893065587,114.84064026552943,59.60659461465312,0,24.157190807965435,12.27405317684736,0,0.6515437344015336,0.8187741763714632,1.1921318922930624
32.0,0.02,598.4223780560988,220.6316219049675,0,-36.691536439552046,13.785478469734612,-0.2897495118180115,31.732163752042755,114.84064026552943,0.0,0,20.736630534573465,12.066690544169404,1,0.6346697318026292,0.8437330069966672,0.0
32.02,0.02,584.6543522332297,212.82104045882676,0,-36.69704168027659,14.40358727927465,-0.27526203622711093,30.905440477001896,114.84064026552943,0.0,0,-13.768025822869049,-7.810581446140731,0,0.6181333255103127,0.8268502043558316,0.0
32.04,0.02,581.9589927250192,203.2099581019402,0,-36.702271658964904,15.005492312623886,-0.2614989344157554,30.095251667461856,114.84064026552943,0.0,0,-2.6953595082104584,-9.611082356886556,0,0.6019277546751154,0.8103057016184557,0.0
32.06,0.02,553.5790032799874,216.4619654824745,0,-36.7072401387188,15.591517645306139,-0.2484239876949676,29.301266634112615,114.84064026552943,0.0,0,-28.37998944503181,13.252007380534309,0,0.5860463943549263,0.794092681879355,0.0
32.08,0.02,578.5382843968695,227.48003925620137,0,-36.71196019448501,16.161980871334745,-0.2360027883102192,28.52316130143036,114.84064026552943,0.0,0,24.95928111688204,11.018073773726854,0,0.5704827527431484,0.7782044685959588,0.0
32.1,0.02,574.8266136005207,216.0171844616797,0,-36.7164442474629,16.717193232842778,-0.22420264889470823,27.76061807540175,114.84064026552943,0.0,0,-3.7116707963488125,-11.462854794521661,0,0.5552304684565101,0.7626345224629834,0.0
32.12,0.02,557.1030936359462,207.65435662156597,0,-36.7207040977919,17.257459747120652,-0.2129925164499728,27.013325713893714,114.84064026552943,0.0,0,-17.723519964574507,-8.362827840113738,0,0.5402833078809581,0.7473764383747242,0.0
32.14,0.02,579.4782265188389,183.0424101865753,0,-36.72475095560445,17.78307933111297,-0.20234289062747415,26.28097919961584,114.84064026552943,0.0,0,22.375132882892785,-24.61194643499067,0,0.525635162574205,0.7324239424712392,0.0
32.160000000000004,0.02,561.9255608326891,237.48344586919092,0,-36.72859547052637,18.294344923425438,-0.19222574609610044,25.56327961562352,114.84064026552943,0.0,0,-17.552665686149794,54.44103568261562,0,0.51128004672352,0.7177708892649618,0.0
32.18,0.02,605.4876277060451,229.27323769032915,0,-36.7322477597022,18.791543603891657,-0.1826144587912954,24.859934023311048,114.84064026552943,0.0,0,43.562066873356,-8.210208178861762,0,0.49721209465737415,0.7034112588443829,0.0
32.2,0.02,533.3739916699853,210.7102895254997,0,-36.73571743441923,19.274956710748555,-0.17348373585173063,24.170655342844825,114.84064026552943,0.0,0,-72.1136360360598,-18.562948164829464,0,0.4834255584096479,0.6893391541517554,0.0
32.22,0.02,573.3710708555253,215.88269901886295,0,-36.73901362540041,19.744859955468314,-0.16480954905914408,23.495162235987927,114.84064026552943,0.0,0,39.997079185539974,5.172409493363261,0,0.4699148053351188,0.675548798331917,0.0
32.24,0.02,571.8797981092848,224.05699449429298,0,-36.74214500683254,20.201523535293678,-0.15656907160618685,22.833178991268166,114.84064026552943,0.0,0,-1.4912727462404973,8.174295475430029,0,0.45667431577502765,0.6620345321494602,0.0
32.26,0.02,541.9354931205901,227.25720183612736,0,-36.74511981919306,20.645212243522533,-0.1487406180258775,22.184435411442802,114.84064026552943,0.0,0,-29.94430498869474,3.2002073418343855,0,0.44369868077150093,0.6487908114716853,0.0
32.28,0.02,543.7555781039057,196.47926833054208,0,-36.74794589093555,21.076185577586813,-0.14130358712458363,21.548666703213943,114.84064026552943,0.0,0,1.8200849833156099,-30.77793350558528,0,0.4309825998297092,0.6358122048149274,0.0
32.3,0.02,525.5684061407826,215.58951228431917,0,-36.750630659090916,21.494697844969807,-0.13423840776835444,20.925613369149662,114.84064026552943,0.0,0,-18.18717196312309,19.110243953777086,0,0.41852087872662047,0.6230933909519117,0.0
32.32,0.02,564.868086409962,225.30305937253232,0,-36.75318118883852,21.90099826700514,-0.12752648737993671,20.315021101766668,114.84064026552943,0.0,0,39.29968026917936,9.713547088213147,0,0.4063084273653242,0.6106291565780385,0.0
32.34,0.02,550.8255075051873,196.92058057853754,0,-36.75560419209874,22.295331080599766,-0.12115016301093988,19.716640679731334,114.84064026552943,0.0,0,-14.0425789047747,-28.38247879399478,0,0.3943402576738186,0.5984143940344705,0.0
32.36,0.02,538.0669263854332,217.31715393905532,0,-36.757906045195945,22.6779356379225,-0.11509265486039288,19.130227866136707,114.84064026552943,0.0,0,-12.758581119754012,20.396573360517777,0,0.3826114815472809,0.5864440990861458,0.0
32.38,0.02,559.3480920804461,187.20146042217146,0,-36.760092805638294,23.04904650409878,-0.10933802211737323,18.55554330881397,114.84064026552943,0.0,0,21.281165695012874,-30.11569351688385,0,0.3711173088328562,0.5747133687528393,0.0
32.4,0.02,530.5267546463707,207.1821097987857,0,-36.76217022805852,23.408893552951533,-0.10387112101150456,17.99235244263769,114.84064026552943,0.0,0,-28.821337434075417,19.980649376614224,0,0.35985304535594503,0.563217399191548,0.0
32.42,0.02,502.8560309404705,231.41827909725862,0,-36.76414377935774,23.75770206082723,-0.09867756496092933,17.440425393784935,114.84064026552943,0.0,0,-27.67072370590023,24.23616929847293,0,0.3488140909871648,0.5519514836285528,0.0
32.44,0.02,535.1704413820456,212.7466704315632,0,-36.766018653092,24.095692798545414,-0.09374368671288286,16.899536885909235,114.84064026552943,0.0,0,32.31441044157515,-18.67160866569543,0,0.3379959377489632,0.5409110103395633,0.0
32.46,0.02,534.5690808879727,205.894314860954,0,-36.767799783139544,24.423082121509236,-0.08905650237723871,16.369466148191048,114.84064026552943,0.0,0,-0.6013604940728783,-6.852355570609177,0,0.3273941679611222,0.5300914606764568,0.0
32.480000000000004,0.02,521.0451018713298,240.71903883851718,0,-36.76949185668471,24.74008205801378,-0.08460367725837677,15.849996825227226,114.84064026552943,0.0,0,-13.523979016642897,34.82472397756317,0,0.31700445242420067,0.5194884071392072,0.0
32.5,0.02,545.144002866886,200.6713623211412,0,-36.771099326552616,25.046900395788235,-0.08037349339545792,15.340916888722681,114.84064026552943,0.0,0,24.098900995556164,-40.047676517375976,0,0.3068225486401806,0.509097511491645,0.0
32.52,0.02,493.9407889132851,246.34783637826592,0,-36.77262642292713,25.3437407668072,-0.07635481872568502,14.842018550948227,114.84064026552943,0.0,0,-51.20321395360094,45.67647405712472,0,0.29684429906941884,0.4989145229197231,0.0
32.54,0.02,550.1896935184127,239.30993468879004,0,-36.77407716448292,25.630802730405787,-0.07253707778940076,14.353098179929262,114.84064026552943,0.0,0,56.24890460512762,-7.037901689475888,0,0.2870656294231987,0.488935276231097,0.0
32.56,0.02,550.7477967994258,240.16431841029708,0,-36.77545536896092,25.9082818547324,-0.06891022389993072,13.873956216330676,114.84064026552943,0.0,0,0.5581032810131319,0.8543837215070482,0,0.2774825469910637,0.47915569009482123,0.0
32.58,0.02,530.4465233979199,215.9866429062419,0,-36.77676466321502,26.176369796572484,-0.06546471270493417,13.404397092004062,114.84064026552943,0.0,0,-20.30127340150591,-24.177675504055173,0,0.2680911390021972,0.4695717653200315,0.0
32.6,0.02,541.847593913004,235.32501048013145,0,-36.77800849275641,26.435254379575763,-0.062191477069687466,12.94422915016398,114.84064026552943,0.0,0,11.40107051508403,19.338367573889542,0,0.25888757102014376,0.4601795831725487,0.0
32.62,0.02,509.4040923926364,241.97997240573224,0,-36.77919013082074,26.685119670918976,-0.05908190321620309,12.4932645671607,114.84064026552943,0.0,0,-32.44350152036753,6.654961925600787,0,0.24986808537014785,0.45097530372834466,0.0
32.64,0.02,505.36020409152604,220.5830903216265,0,-36.780312686981844,26.926146056435325,-0.056127808055392935,12.051319275817487,114.84064026552943,0.0,0,-4.043888301110371,-21.396882084105727,0,0.24102899959841068,0.44195516426291104,0.0
32.660000000000004,0.02,532.942395141669,225.47349968415577,0,-36.7813791153349,27.158510314241347,-0.053321417652623285,11.618212890301137,114.84064026552943,0.0,0,27.58219105014291,4.890409362529255,0,0.23236670496259962,0.4331154776755616,0.0
32.68,0.02,521.2688560163499,216.04730315971622,0,-36.7823922222703,27.38238568689125,-0.050655346769992116,11.193768632495114,114.84064026552943,0.0,0,-11.673539125319053,-9.426196524439547,0,0.22387766495297312,0.4244526309477383,0.0
32.7,0.02,492.2980646762477,192.12640946746467,0,-36.78335467385893,27.597941952088156,-0.04812257943149251,10.777813259845212,114.84064026552943,0.0,0,-28.97079134010221,-23.920893692251553,0,0.21555841384343863,0.41596308363448564,0.0
32.72,0.02,539.7519718688241,233.38677253696662,0,-36.78426900286813,27.80534549198112,-0.04571645045991788,10.370176994648308,114.84064026552943,0.0,0,47.45390719257637,41.26036306950195,0,0.20740555527195959,0.40764336638820575,0.0
32.74,0.02,524.8130484906985,246.8224000852813,0,-36.78513761542687,28.00475936107623,-0.043430627936921984,9.970693454755342,114.84064026552943,0.0,0,-14.938923378125537,13.43562754831467,0,0.1994157608496821,0.39949007951389925,0.0
32.76,0.02,492.3168181265935,187.14249441245852,0,-36.78596279735767,28.196343352789434,-0.04125909654007588,9.579199585660234,114.84064026552943,0.0,0,-32.49623036410503,-59.67990567282277,0,0.19158576879816638,0.3914998915551123,0.0
32.78,0.02,549.0626862323903,211.9520072187482,0,-36.78674672019193,28.380254064668375,-0.039196141713072084,9.19553559394703,114.84064026552943,0.0,0,56.74586810579683,24.80951280628969,0,0.18391238261419163,0.3836695379098111,0.0
32.8,0.02,538.0818397133716,229.8103455328636,0,-36.787491446884474,28.556644962309736,-0.03723633462741848,8.81954488206809,114.84064026552943,0.0,0,-10.980846519018769,17.8583383141154,0,0.17639246976152906,0.3759958194754893,0.0
32.82,0.02,496.0205638719364,202.02022712184572,0,-36.78819893724239,28.72566644199827,-0.03537451789604756,8.451073984426728,114.84064026552943,0.0,0,-42.06127584143513,-27.790118411017886,0,0.16902296038913883,0.3684756013227641,0.0
32.84,0.02,509.92944890919296,235.06756933511218,0,-36.78887105308242,28.887465892093037,-0.03360579200124518,8.089972504738194,114.84064026552943,0.0,0,13.908885037256539,33.04734221326646,0,0.16180084607526268,0.36110581139679765,0.0
32.86,0.02,490.3756158718256,193.27167468793132,0,-36.78950956313044,29.042187753185907,-0.03192550240118292,7.73609305464343,114.84064026552943,0.0,0,-19.553833037367383,-41.79589464718086,0,0.15472317859688267,0.35388343924590876,0.0
32.88,0.02,526.4730345090325,203.90519364373972,0,-36.79011614767606,29.189973577056918,-0.030329227281123774,7.389291193550561,114.84064026552943,0.0,0,36.097418637206886,10.633518955808398,0,0.14778706872404143,0.3468055347766757,0.0
32.9,0.02,483.3257511288151,241.4308858924016,0,-36.7906924029944,29.33096208445051,-0.028812765917067582,7.04942536967955,114.84064026552943,0.0,0,-43.147283380217345,37.52569224866187,0,0.14098968503853182,0.3398692070349854,0.0
32.92,0.02,487.9479967691178,229.90470838922025,0,-36.791239845546826,29.465289221696228,-0.0273721276212142,6.716356862285959,114.84064026552943,0.0,0,4.622245640302708,-11.526177503181344,0,0.13432825277646762,0.3330716230123697,0.0
32.94,0.02,498.312567301834,220.98993252899984,1,-36.805956031369064,29.61351736568905,-0.7358092911120457,7.41140719964096,117.20348839272579,118.1424063598179,0,10.364570532716186,-8.914775860220402,1,0.14895686891416268,0.9924606723050721,2.362848127196358
32.96,0.02,517.1744599152788,239.58125191555143,0,-36.819936407900194,29.75493934680201,-0.6990188265564434,7.0710990556481415,117.20348839272579,0.0,0,18.86189261344481,18.59131938655159,1,0.1421113213993429,0.3422910620364694,0.0
32.980000000000004,0.02,466.54866807038906,237.1663558786064,0,-36.833217765604765,29.889691288292713,-0.6640678852286213,6.737597074535179,117.20348839272579,0.0,0,-50.62579184488976,-2.414896036945038,0,0.1354048750894528,0.33532840575467454,0.0
33.0,0.02,456.1604495661901,224.72278935366268,0,-36.84583505542411,30.017906590953604,-0.6308644909671902,6.4107651330444755,117.20348839272579,0.0,0,-10.38821850419896,-12.44356652494372,0,0.1288346220501665,0.32851420573403317,0.0
33.02,0.02,478.362892765749,222.51535522688235,0,-36.857821480752484,30.139715987561274,-0.5993212664188307,6.0904698303835865,117.20348839272579,0.0,0,22.2024431995589,-2.2074341267803277,0,0.12239772667038121,0.3218447699148438,0.0
33.04,0.02,493.2590666562754,255.4107086070117,0,-36.869208584814444,30.255247596236792,-0.5693552030978891,5.776580433775915,117.20348839272579,0.0,0,14.896173890526427,32.895353380129364,0,0.11609142406771866,0.3153165366004182,0.0
33.06,0.02,494.5466562008814,220.54117898991666,0,-36.88002633367331,30.3646269727388,-0.5408874429429946,5.468968825100396,117.20348839272579,0.0,0,1.2875895446059644,-34.869529617095054,0,0.10991301876639369,0.3089260674662741,0.0
33.08,0.02,494.8571597857735,242.07475918308683,0,-36.890303195089224,30.46797716171077,-0.5138430707958449,5.167509448598389,117.20348839272579,0.0,0,0.3105035848921034,21.533580193170167,0,0.10385988369483075,0.30267004104439005,0.0
33.1,0.02,489.44910944496627,228.98954097895708,0,-36.90006621343434,30.565418746903298,-0.48815091725605264,4.872079259626421,117.20348839272579,0.0,0,-5.408050340807222,-13.085218204129745,0,0.09792945957187583,0.2965452466480026,0.0
33.12,0.02,493.4144635478788,212.2962906246932,0,-36.909341080862205,30.657069900391974,-0.46374337139325,4.582557674433893,117.20348839272579,0.0,0,3.9653541029125563,-16.69325035426388,0,0.09211925478209959,0.29054857870490264,0.0
33.14,0.02,495.8694121478891,243.71140754122482,0,-36.91815220491868,30.743046430810878,-0.4405562028235875,4.298826520945216,117.20348839272579,0.0,0,2.4549486000102547,31.415116916531616,0,0.08642684588720827,0.2846770314695116,0.0
33.160000000000004,0.02,515.9416679403738,225.64543269952446,0,-36.92652277277232,30.823461830621405,-0.4185283926824081,4.020769990526312,117.20348839272579,0.0,0,20.072255792484725,-18.065974841700353,0,0.0808498789911234,0.2789276940861459,0.0
33.18,0.02,505.0818112089613,222.91069904225924,1,-36.94838515950507,30.917586160527705,-1.0931193366376033,4.706216495315016,119.09434872896249,94.54301681183495,0,-10.859856731412492,-2.734733657265224,1,0.09662998206541472,0.9617223365365973,1.890860336236699
33.2,0.02,443.9735293402117,250.05492373522844,1,-36.9898501933038,31.022704998060483,-2.0732516899365447,5.255941876638873,122.44557139303032,167.56113320339168,0,-61.1082818687496,27.144224692969203,0,0.11300141163796332,1.1237692934294745,3.3512226640678335
33.22,0.02,461.07237588368486,222.68686729067187,1,-37.049207989514166,31.141555148864192,-2.96788981051812,5.942507540185514,124.60660702691486,108.05178169422689,0,17.098846543473144,-27.368056444556572,0,0.13284843362650345,1.1277188378132972,2.161035633884538
33.24,0.02,467.695291032659,222.62520630458408,1,-37.125796256621264,31.274142779037444,-3.829413355354824,6.629381508662594,126.44491526768553,91.91541203853362,0,6.62291514897413,-0.06166098608778725,0,0.1531183931911092,1.1018251525897622,1.8383082407706723
33.26,0.02,506.9464529871968,233.56494502857385,1,-37.21568987842964,31.419373914707837,-4.49468109041884,7.261556783519725,127.5952237867345,57.51542595244814,0,39.25116195453779,10.939738723989763,0,0.17080089581129246,0.917729119870289,1.1503085190489628
33.28,0.02,446.13899808873487,240.51295666294268,1,-37.32496960042915,31.576553754711938,-5.463986099975166,7.858992000205011,129.87928686728316,114.20315402743313,0,-60.80745489846191,6.948011634368839,0,0.19143552372536352,1.138631213205919,2.2840630805486626
33.3,0.02,490.82898710639466,255.3875648811409,1,-37.44916642371801,31.744194838227923,-6.209841164443194,8.382054175799304,131.61971085171837,87.02119922176053,0,44.6899890176598,14.874608218198205,0,0.20863456999610192,0.9109850804102345,1.7404239844352105
33.32,0.02,481.4263905289907,239.6590034166127,1,-37.589220607953976,31.923870021402248,-7.002709211798241,8.983759158716241,132.92738358113445,65.38363647080416,0,-9.402596577403983,-15.728561464528184,0,0.22781208477762702,0.9953334250308665,1.3076727294160833
33.34,0.02,471.45118561059974,245.4077533059476,1,-37.74612967362888,32.11500442924598,-7.845453283745243,9.556720392186502,134.43565396358224,75.41351912238952,0,-9.975204918390943,5.748749889334903,0,0.24729095566304948,1.0190692546935063,1.5082703824477903
33.36,0.02,484.67681567417725,244.08819909970458,1,-37.918571057736365,32.31773001717974,-8.622069205374356,10.136279396687979,135.52128150584588,54.28137711318186,0,13.225630063577512,-1.3195542062430263,0,0.2661460030810073,0.9690309228433205,1.0856275422636372
33.38,0.02,478.66193352562726,226.28910980503136,1,-38.10714624849129,32.533826694133,-9.42875953774622,10.80483384766282,136.1496479002992,31.418319722665444,0,-6.014882148549987,-17.799089294673223,0,0.28680721113405844,1.0477186388818813,0.6283663944533089
33.4,0.02,496.00790092480946,224.93269054757454,1,-38.31012064915373,32.7634301020315,-10.148720033122174,11.480170394924947,136.3160179303022,8.318501500150433,0,17.3459673991822,-1.356419257456821,0,0.3064577168923683,0.9871284450211736,0.16637003000300865
33.42,0.02,481.72388274835646,242.7185970509154,1,-38.52892266154134,33.00476165022491,-10.940100619380392,12.06657740967037,137.2513996405056,46.76908551017078,0,-14.284018176453003,17.78590650334087,0,0.3257533373248739,0.9849651868208528,0.9353817102034157
33.44,0.02,495.8132612768246,200.59523525966216,1,-38.76214334780126,33.26203367489235,-11.661034312996268,12.863601233372059,136.73809313756746,-25.66532514690749,0,14.08937852846816,-42.123361791253245,0,0.3472474379690032,1.0747057114106595,-0.5133065029381498
33.46,0.02,470.39890202897175,249.88807474393195,1,-39.012324143858294,33.5303168920854,-12.509039802851408,13.414160859652398,138.0699769469392,66.59419046858659,0,-25.41435924785287,49.29283948426979,0,0.36683281661157774,1.0110535163454026,1.3318838093717318
33.480000000000004,0.02,450.51246753558996,237.0773238345038,1,-39.281453693161765,33.810892376895,-13.456477465173457,14.02877424047988,139.23654786411535,58.328545858807956,0,-19.886434493381785,-12.810750909428151,0,0.38878440938961206,1.1293306565742627,1.1665709171761591
33.5,0.02,457.2237470260705,247.93986795186092,1,-39.56886086776263,34.10267387490941,-14.370358730043105,14.589074900720576,140.48455454093119,62.40033384079169,0,6.7112794904805355,10.862544117357118,0,0.40955991819950427,1.0719681880288738,1.2480066768158338
33.52,0.02,455.74156252291493,222.37122318546955,1,-39.8746938861112,34.40821825060527,-15.29165091742853,15.277218784793227,140.94938372961633,23.241459434257195,0,-1.4821845031555654,-25.568644766391373,0,0.4323091493729633,1.149922301603033,0.4648291886851439
33.54,0.02,459.2086579887792,238.22844907457636,1,-40.1986060386609,34.72593978139368,-16.195607627484634,15.886076539420344,141.73091321035324,39.076474036845354,0,3.467095465864247,15.857225889106815,0,0.45372464523750966,1.0898832501809674,0.7815294807369071
33.56,0.02,475.2616925399877,236.2412487902828,1,-40.538992021956595,35.056037187303055,-17.019299164784695,16.50487029546893,142.0804728273139,17.47798084803378,0,16.053034551208498,-1.9872002842935501,0,0.47415916632738286,1.0302298098698435,0.3495596169606756
33.58,0.02,485.16917168879525,264.05887457873945,1,-40.89486108808341,35.39572870575456,-17.79345330634072,16.98457592257523,143.1263012348181,52.29142037520944,0,9.907479148807568,27.81762578845664,0,0.491968616818043,0.9107316419043517,1.0458284075041888
33.6,0.02,476.2615964549393,239.93581181565787,1,-41.26710399456473,35.7474266430245,-18.612145324066024,17.584896863496944,143.42740303986082,15.055090252135983,0,-8.907575233855937,-24.123062763081577,0,0.5121095786114432,1.0152053250432937,0.30110180504271966
33.62,0.02,435.36871149573483,244.35775454808868,1,-41.65981002989648,36.110688804839626,-19.63530176658735,18.163108090756502,144.52217033459664,54.73836473679086,0,-40.89288495920448,4.421942732430807,0,0.5349555387063317,1.1752350102008964,1.0947672947358171
33.64,0.02,481.3282533847083,227.26017784089353,0,-42.032880763461634,36.462844123418456,-18.653536678257982,17.60776592894137,144.52217033459664,0.0,0,45.95954188897349,-17.097576707195145,1,0.5130254775800148,1.1279484054476416,0.0
33.660000000000004,0.02,474.2291549503296,239.80891787998019,0,-42.38729796034853,36.80411473562571,-17.72085984434508,17.06353061036254,144.52217033459664,0.0,0,-7.099098434378732,12.548740039086653,0,0.49201339433543967,1.0798509890287595,0.0
33.68,0.02,455.61556084537693,266.79602995293385,0,-42.72399429739109,37.134718335588815,-16.834816852127826,16.530179998155287,144.52217033459664,0.0,0,-18.613594104952654,26.987112072953664,0,0.4718719780686682,1.0341832814347565,0.0
33.7,0.02,429.7789518869994,258.4075733370429,0,-43.043855817581516,37.45486826355266,-15.993076009521435,16.007496398192178,144.52217033459664,0.0,0,-25.836608958377553,-8.38845661589096,0,0.4525564809764506,0.9908207667293382,0.0
33.72,0.02,469.8264992160558,256.65454761823594,0,-43.34772426176242,37.764773592957226,-15.193422209045362,15.495266470228334,144.52217033459664,0.0,0,40.04754732905644,-1.7530257188069527,0,0.4340245898129235,0.9496450388001144,0.0
33.74,0.02,483.2983490744069,240.58095289208546,0,-43.636399283734285,38.0646392157737,-14.433751098593094,14.993281140823767,144.52217033459664,0.0,0,13.47184985835105,-16.073594726150475,0,0.41623630314710447,0.910543500879115,0.0
33.76,0.02,432.67088546148,268.1735437266229,0,-43.910640554607554,38.35466592613385,-13.712063543663438,14.501335518007291,144.52217033459664,0.0,0,-50.627463612926874,27.59259083453742,0,0.39915381417758367,0.8734090809858996,0.0
33.78,0.02,468.38910383879715,263.77523884228987,0,-44.17116976193716,38.63505050228679,-13.026460366480267,14.019228807647146,144.52217033459664,0.0,0,35.71821837731716,-4.398304884333015,0,0.3827413988795252,0.8381399624990691,0.0
33.8,0.02,469.47513862347114,245.36012545699535,0,-44.418672508900286,38.90598578691667,-12.375137348156253,13.546764231494203,144.52217033459664,0.0,0,1.0860347846739842,-18.415113385294518,0,0.3669653092756474,0.8046393290898001,0.0
33.82,0.02,463.98016996693354,260.8682428701276,0,-44.65380011851526,39.16766076585396,-11.75638048074844,13.083748946864318,144.52217033459664,0.0,0,-5.494968656537594,15.508117413132226,0,0.3517936716387591,0.7728151232767266,0.0
33.84,0.02,449.6009358757976,248.46040905178188,0,-44.87717134764948,39.4202606452125,-11.168561456711018,12.629993967927032,144.52217033459664,0.0,0,-14.37923409113597,-12.407833818345694,0,0.337196389448172,0.7425798178853809,0.0
33.86,0.02,419.4628647194411,270.2237197328147,0,-45.08937401532699,39.66396692698387,-10.610133383875466,12.185314088568491,144.52217033459664,0.0,0,-30.13807115635649,21.763310681032806,0,0.323145050935762,0.7138501997178083,0.0
33.88,0.02,468.53528711726295,264.5717479438701,0,-45.29096654962062,39.89895748311981,-10.079626714681693,11.749527806797122,144.52217033459664,0.0,0,49.07242239782187,-5.651971788944593,0,0.30961284107092135,0.6865471647594116,0.0
33.9,0.02,432.12187029667496,246.93325754553925,0,-45.482479457199574,40.125406628133035,-9.575645378947607,11.322457250661179,144.52217033459664,0.0,0,-36.413416820588,-17.638490398330845,0,0.2965744578458609,0.6605955242707725,0.0
33.92,0.02,470.0081440920567,228.5119404614259,0,-45.664416719399576,40.34348519024599,-9.096863110000227,10.903928105647955,144.52217033459664,0.0,0,37.886273795381726,-18.421317084113355,0,0.28400603273537545,0.6359238211326119,0.0
33.94,0.02,450.2369743350093,246.89094251624164,0,-45.83725711848958,40.55336058111669,-8.642019954500215,10.493769543534995,144.52217033459664,0.0,0,-19.771169757047403,18.379002054815743,0,0.27188505521768125,0.6124641558326318,0.0
33.96,0.02,408.0906879005689,242.77039995986328,0,-46.00145549762509,40.75519686416998,-8.209918956775205,10.091814152664295,144.52217033459664,0.0,0,-42.146286434440356,-4.1205425563783535,0,0.26019030125562886,0.5901520215037536,0.0
33.980000000000004,0.02,458.7736694693564,244.64794462244708,0,-46.157443957803814,40.9491548215622,-7.7994230089364445,9.697897869611008,144.52217033459664,0.0,0,50.682981568787454,1.8775446625838015,0,0.24890176565201957,0.5689261474449555,0.0
34.0,0.02,450.4531488315135,254.49481127063225,0,-46.30563299497361,41.13539201980658,-7.409451858489622,9.311859912218788,144.52217033459664,0.0,0,-8.32052063784289,9.84686664818517,0,0.23800059820770592,0.5487283505782947,0.0
34.02,0.02,425.9027458215949,250.75478561726612,0,-46.44641258028491,41.31406287408607,-7.038979265565141,8.933542713974411,144.52217033459664,0.0,0,-24.55040300991857,-3.740025653366132,0,0.22746904362876233,0.5295033943193032,0.0
34.04,0.02,462.6134583695682,261.41559587376764,0,-46.58015318633065,41.485318711279966,-6.6870303022868836,8.562791859694924,144.52217033459664,0.0,0,36.71071254797329,10.66081025650152,0,0.21729038514960716,0.5111988543625756,0.0
34.06,0.02,426.769262184484,273.9957893449863,0,-46.7072067620741,41.649307831729985,-6.352678787172539,8.199456022501026,144.52217033459664,0.0,0,-35.84419618508423,12.58019347121865,0,0.2074488918629553,0.4937649909102997,0.0
34.08,0.02,475.93220092482204,256.88727994021184,0,-46.82790765903038,41.80617556977101,-6.035044847813912,7.843386902051006,144.52217033459664,0.0,0,49.16293874033806,-17.108509404774452,0,0.19792976977745694,0.47715462689837884,0.0
34.1,0.02,453.84190671040795,277.08239391265624,0,-46.942573511138846,41.956064353051204,-5.733292605423216,7.494439164009986,144.52217033459664,0.0,0,-22.090294214414087,20.195113972444403,0,0.18871911666012656,0.46132303180283285,0.0
34.12,0.02,412.9906750959398,239.54227639864368,0,-47.051506070641885,42.0991137606658,-5.446627975152055,7.1524703807297865,144.52217033459664,0.0,0,-40.851231614468134,-37.540117514012564,0,0.1798038807667131,0.4462278106378414,0.0
34.14,0.02,453.9133020518655,229.8796464769019,0,-47.15499200216978,42.235460580128105,-5.174296576394452,6.817340973115191,144.52217033459664,0.0,0,40.92262695592569,-9.662629921741768,0,0.17117182362083333,0.4318287977860931,0.0
34.160000000000004,0.02,423.8418664705596,255.32715648033695,0,-47.25330363712127,42.365238863201164,-4.91558174757473,6.488914153652887,144.52217033459664,0.0,0,-30.071435581305934,25.447510003435042,0,0.16281148707700713,0.41808795533158205,0.0
34.18,0.02,474.0792398435623,248.35518304244272,0,-47.34669969032519,42.48857998061276,-4.669802660195993,6.16705587057983,144.52217033459664,0.0,0,50.2373733730027,-6.971973437894235,0,0.1547121649981372,0.40496927559440976,0.0
34.2,0.02,462.1192532459179,285.0853503511607,0,-47.43542594086891,42.60561267567613,-4.4363125271861925,5.851634753168233,144.52217033459664,0.0,0,-11.959986597644388,36.73016730871797,0,0.14686388000234077,0.3924386875960555,0.0
34.22,0.02,430.8859925502162,255.81803858330284,0,-47.51971587888545,42.71646311683823,-4.214496900826883,5.542522058104868,144.52217033459664,0.0,0,-31.233260695701688,-29.267311767857848,0,0.13925736589733476,0.380463967211758,0.0
34.24,0.02,478.6065964117481,255.28771522962808,0,-47.59979132000116,42.82125494917708,-4.0037720557855385,5.239591616942771,144.52217033459664,0.0,0,47.72060386153191,-0.5303233536747598,0,0.13188405663616098,0.36901465079365253,0.0
34.26,0.02,446.5776072284567,267.737924006391,0,-47.67586298906109,42.92010934486916,-3.8035834529962615,4.942719784603916,144.52217033459664,0.0,0,-32.0289891832914,12.450208776762906,0,0.12473608291592861,0.35806195207387254,0.0
34.28,0.02,457.7847424578557,256.97663699513475,0,-47.74813107466802,43.013145052647396,-3.6134042803464483,4.651785388911838,144.52217033459664,0.0,0,11.207135229399,-10.761287011256229,0,0.11780627792731369,0.3475786821807146,0.0
34.300000000000004,0.02,420.35466439576663,257.12668879186305,0,-47.8167857559946,43.10047844627007,-3.4327340663291257,4.366669681133602,144.52217033459664,0.0,0,-37.43007806208908,0.15005179672829172,0,0.11108819428592491,0.33753917262289684,0.0
34.32,0.02,472.92903178508425,274.6028969168821,1,-47.90214753414268,43.19635155020105,-4.268088907403705,4.79365519654919,145.51428604359415,49.60578544987584,0,52.574367389317615,17.47620812501907,1,0.12836777331543406,0.9381547531625314,0.9921157089975168
34.34,0.02,446.6948319844417,258.0599960654358,1,-48.00683982909231,43.30241865452549,-5.234614747481498,5.30335521622201,146.3084755199769,39.70947381913703,0,-26.234199800642557,-16.54290085144629,0,0.1490325710762296,1.092687654177788,0.7941894763827406
34.36,0.02,402.6723563608958,278.5720665168002,1,-48.13526488840585,43.41662855219825,-6.42125296567702,5.7104948836380105,147.94558986261922,81.85571713211601,0,-44.022475623545915,20.512070451364366,0,0.17186301692367909,1.2545409398125897,1.6371143426423203
34.38,0.02,429.04588193729575,248.89203815906683,1,-48.284785359525664,43.541949246055104,-7.47602355599054,6.266034692842678,148.48109805423263,26.77540958067084,0,26.37352557639997,-29.680028357733363,0,0.19509394555612222,1.192126452102079,0.5355081916134168
34.4,0.02,405.0001706313529,259.38804084416586,1,-48.45780581358234,43.677331135827544,-8.651022702833775,6.769094488621847,149.45296853643504,48.593524110120256,0,-24.04571130594286,10.496002685099029,0,0.21969145090406972,1.2781596743802033,0.9718704822024051
34.42,0.02,447.0379012940965,261.2275784194383,1,-48.650122477509605,43.82259026775804,-9.61583319636329,7.262956596524654,149.9206736209557,23.38525422603368,0,42.03773066274363,1.839537575272459,0,0.2410101961189887,1.0838630310361506,0.4677050845206736
34.44,0.02,407.841369784328,256.4327130715058,1,-48.86565500445844,43.97820612838138,-10.776626347441649,7.780793031167126,150.66074685713062,37.00366180874539,0,-39.19653150976853,-4.7948653479325,0,0.26583936174030653,1.2710607037563755,0.7400732361749078
34.46,0.02,442.2571488748264,273.41674089441295,1,-49.10096181651979,44.14248031491528,-11.765340603067518,8.21370932669506,151.4011905960326,37.02218694509867,0,34.415779090498404,16.984027822907137,0,0.2869761386663568,1.0793388708887703,0.7404437389019733
34.480000000000004,0.02,439.62433025330967,247.17717730400864,1,-49.35630619555581,44.31803678371878,-12.76721895180097,8.777823440175016,151.40257120345825,0.06903037128296319,0,-2.6328186215167193,-26.239563590404316,0,0.30987227311271903,1.1497760471883844,0.0013806074256592638
34.5,0.02,505.77573600476944,270.16246406383493,1,-49.62507300099135,44.5025770061159,-13.438340271777122,9.227011119855842,150.90002077497473,-25.127521424175825,0,66.15140575145978,22.985286759826295,0,0.3260225289552902,0.807572534020057,-0.5025504284835165
34.52,0.02,430.39306038334564,281.43324521489177,1,-49.91480050038856,44.694973903991524,-14.486374969860393,9.619844893781384,151.9918060706354,54.58926478303283,0,-75.3826756214238,11.270781151056838,0,0.3477910151500803,1.1192386261754352,1.0917852956606566
34.54,0.02,447.5869100969624,282.76319355740765,1,-50.22376930877607,44.89509448251141,-15.44844041937558,10.006028925994347,152.84171584475993,42.495488706227036,0,17.19384971361677,1.329948342515877,0,0.3681167892171354,1.0366812605073563,0.8499097741245407
34.56,0.02,451.0607823116269,270.7508648521587,1,-50.55163203893242,45.10413997454608,-16.393136507817445,10.452274601733553,153.19375429990058,17.601922757032185,0,3.473872214664482,-12.012328705248933,0,0.3888367106711899,1.0447898844424663,0.3520384551406437
34.58,0.02,446.3227667491091,269.366739347044,1,-50.898862492413855,45.32224879264604,-17.3615226740719,10.905440904998333,153.53326294361347,16.97543218564448,0,-4.738015562517774,-1.384125505114696,0,0.41004931942131967,1.0691732625761208,0.3395086437128896
34.6,0.02,444.4050421493489,269.1007590751165,1,-51.26565244168036,45.5494475348385,-18.339497463325156,11.359937109622749,153.8578688717833,16.23029640849154,0,-1.91772459976022,-0.2659802719275035,0,0.43145583242871927,1.078425467259073,0.3246059281698308
34.62,0.02,432.93966911247736,296.07407286340134,1,-51.653148424035614,45.783038869744615,-19.37479911776277,11.679566745305742,155.116966657114,62.954889266535474,0,-11.46537303687154,26.973313788284827,0,0.4524577859697906,1.0835186291375443,1.2590977853307095
34.64,0.02,413.26532331835045,253.81169228018874,1,-52.06331787405903,46.02724903542271,-20.508472501171017,12.210508283904797,155.22898983550243,5.601158919421323,0,-19.674345794126907,-42.262380583212604,0,0.47736525088556314,1.2518443424237038,0.11202317838842646
34.660000000000004,0.02,462.0294155949898,259.78838417456956,1,-52.491284382522956,46.281480362683354,-21.398325423196066,12.711566363031949,154.8106209219812,-20.918445676061026,0,48.76409227663936,5.976691894380821,0,0.4977839894246395,1.0212234924320482,-0.4183689135212205
34.68,0.02,461.52616389747254,306.7141480830686,1,-52.93709827459713,46.541040275135686,-22.290694603708705,12.977995622616607,156.1758966375159,68.26378577673466,0,-0.5032516975172712,46.92576390849905,0,0.5158695324581483,0.9312933505032808,1.3652757155346933
34.7,0.02,400.9861785676119,283.46362574311763,1,-53.40681354881455,46.80825382501371,-23.485763710870646,13.360677493901019,157.10412691001176,46.41151362479263,0,-60.539985329860656,-23.250522339950976,0,0.5404031088655529,1.2548448451910617,0.9282302724958527
34.72,0.02,423.7121478974309,298.594122708996,1,-53.898157608242215,47.08160796262083,-24.56720297138349,13.66770688035604,158.24165025800062,56.876167399443034,0,22.72596932981901,15.130496965878365,0,0.5622645901013088,1.1241787750733931,1.1375233479888607
34.74,0.02,466.38566398759576,258.18201020273057,1,-54.40686310127113,47.36514389920768,-25.43527465144551,14.176796829342386,157.32735617122236,-45.71470433891278,0,42.67351609016487,-40.41211250626543,0,0.5823863888982744,1.006340408552006,-0.9142940867782556
34.76,0.02,425.57140083010927,283.0852749383579,1,-54.93701145421703,47.65637130830069,-26.507417647294965,14.561370454650596,157.94530427001735,30.89740493974915,0,-40.814263157486494,24.903264735627317,0,0.6048724493133071,1.1390291817296612,0.617948098794983
34.78,0.02,409.04015705354726,299.17493682371406,1,-55.49025579145757,47.953681223711335,-27.66221686202723,14.865495770532025,159.14682553718654,60.07606335845992,0,-16.531243776562007,16.08966188535618,0,0.6280704438916156,1.1941747921080204,1.2015212671691984
34.800000000000004,0.02,429.10898053486255,299.80735049999606,1,-56.06458923064463,48.25701040407198,-28.716671959352915,15.166459018032043,160.13104280441746,49.210863361545876,0,20.06882348131529,0.632413676281999,0,0.6495132724022599,1.0965648310163332,0.9842172672309175
34.82,0.02,425.51240203053686,267.64900103649563,1,-56.66037142962863,48.56957468432897,-29.78910994920023,15.628214012849565,159.96556492861637,-8.273893790054387,0,-3.5965785043256915,-32.15834946350043,0,0.6727948111562599,1.1676219068288678,-0.16547787580108775
34.84,0.02,484.83256532785884,259.18787841033065,1,-57.27167037207985,48.89222017674493,-30.564947122560937,16.13227462079791,158.3600340860989,-80.27654212587407,0,59.32016329732198,-8.461122626164979,0,0.6912210289178976,0.9252029053421674,-1.6055308425174815
34.86,0.02,441.58006508375905,273.9816149075506,1,-57.9028113080227,49.22346750767013,-31.557046797142142,16.562366546260158,158.38888238199254,1.4424147946826338,0,-43.25250024409979,14.793736497219925,0,0.7127858551261245,1.081314398614924,0.028848295893652676
34.88,0.02,451.03065077665764,268.41104734327826,1,-58.552849178887875,49.563873733861,-32.50189354325886,17.020311309543768,158.05978759338788,-16.45473943023319,0,9.450585692898585,-5.570567564272324,0,0.7337749194326848,1.0499756091768178,-0.3290947886046638
34.9,0.02,448.80315814254516,276.7799211051809,1,-59.2220067339388,49.912601967941356,-33.45787775254613,17.436411704017864,158.12812871861064,3.4170562611379296,0,-2.2274926341124797,8.368873761902648,0,0.7545748569403379,1.0426146683641617,0.06834112522275859
34.92,0.02,444.3205443833338,276.4911787219862,1,-59.91073223455139,50.26968108414952,-34.43627503062946,17.853955810407932,158.24988098043465,6.087613091200694,0,-4.482613759211347,-0.2887423831946876,0,0.7757888310784491,1.0637689197104536,0.12175226182401389
34.94,0.02,451.97190346851806,307.65699415944243,1,-60.618260544817126,50.63199450094173,-35.37641551328687,18.11567083961072,159.64264142004382,69.63802198045812,0,7.651359085184254,31.165815437456217,0,0.7949008251443291,0.9758887660189185,1.3927604396091624
34.96,0.02,473.0904506040819,265.5865723456579,1,-61.34247981002245,51.003749260499376,-36.21096326026647,18.58773797788243,158.55774673551065,-54.24473422665841,0,21.11854713556386,-42.07042181378455,0,0.8140608978131231,0.9588103696898368,-1.0848946845331682
34.980000000000004,0.02,481.73084310941505,277.7044362310492,1,-62.08252599091684,51.38373357643392,-37.0023090447194,18.999215796727185,157.92892077961648,-31.44129779470859,0,8.640392505333125,12.11786388539133,0,0.8318992909076272,0.891931693557673,-0.6288259558941718
35.0,0.02,417.96425066172446,293.2544727460969,1,-62.84477574674506,51.770392445093854,-38.11248779141077,19.3329434329967,159.0459941801487,55.853670026611724,0,-63.766592447690584,15.55003651504768,0,0.854710343317287,1.159254495274989,1.1170734005322345
35.02,0.02,423.99650252612275,304.69347954783376,1,-63.62862585232066,52.162581965799006,-39.19250527878016,19.609476035257533,160.47463468848682,71.43202541690528,0,6.03225186439829,11.439006801736866,0,0.8764893656866696,1.1148578623021126,1.4286405083381055
35.04,0.02,479.6209229154957,331.2779005766968,1,-64.42851386560471,52.55764369644649,-39.994400664202686,19.75308653237405,127.19121275405672,-1664.1710967215047,0,55.62442038937297,26.584421028863062,0,0.8921292534255875,0.8146534134489306,-33.283421934430095
35.06,0.02,432.05593687278076,300.9448229196109,1,-65.24919628520149,52.95861094480201,-41.03412097983878,20.048362417775994,131.615583967566,221.21856067546446,0,-47.56498604271496,-30.333077657085937,0,0.9133971579159967,1.08083587248311,4.424371213509289
35.08,0.02,452.51805059593187,271.96618382015856,1,-66.08862689973867,53.36838157477551,-41.97153072685912,20.4885314986752,134.00992259291513,119.71693126745606,0,20.462113723151106,-28.978639099452323,0,0.934106913480007,1.0356089288859907,2.3943386253491212
35.1,0.02,450.8176840556791,291.65429710768774,1,-66.94697574587029,53.78498677503825,-42.917442306580725,20.830260013136762,137.16112761637197,157.56025117284196,0,-1.7003665402527872,19.688113287529177,0,0.9541082928795018,1.0057470329300124,3.151205023456839
35.12,0.02,473.85222216590506,273.23531617789024,1,-67.82193936978531,54.2102684436832,-43.7481811957512,21.26408343224731,138.50951089958645,67.41916416072371,0,23.03453811022598,-18.4189809297975,0,0.9728442017404125,0.9371925420899185,1.3483832832144742
35.14,0.02,437.6380422232372,309.12781242155853,1,-68.71713918947802,54.64063733108599,-44.75999098463502,21.51844437013952,142.26135819436405,187.59236473888024,0,-36.21417994266784,35.89249624366829,0,0.9932774518845032,1.0432921621513875,3.7518472947776047
35.160000000000004,0.02,402.4315976805319,309.82371377683813,1,-69.63609584940266,55.076023847111095,-45.94783299623236,21.769325801255327,145.77433239145378,175.64870985448664,0,-35.2064445427053,0.6959013552796023,0,1.0168789314153088,1.214047007736657,3.512974197089733
35.18,0.02,460.1544481946222,283.5268446086964,1,-70.57303706450784,55.51905767867533,-46.84706075525924,22.151691578211846,147.14928762374132,68.74776161437666,0,57.72285051409028,-26.29686916814171,0,1.036406202448276,0.9771459205216367,1.3749552322875331
35.2,0.02,445.4992555446455,309.0170595278348,1,-71.52942835405857,55.96718980428678,-47.81956447753601,22.40660628057267,150.07725210127495,146.39822387668175,0,-14.655192649976698,25.490214919138396,0,1.0561755065961018,1.005358142813734,2.927964477533635
35.22,0.02,448.9294601960006,288.9390911613092,1,-72.50492669758968,56.42242802078211,-48.77491717655601,22.761910824766126,151.54222232849463,73.24851136098403,0,3.4302046513550977,-20.077968366525624,0,1.0764937770325438,1.0192841108588477,1.4649702272196805
35.24,0.02,432.2860420219015,280.7607880557075,1,-73.5011964369186,56.88559015847186,-49.813486966446504,23.158106884487587,152.69394093430478,57.58593029050729,0,-16.64341817409911,-8.178303105601685,0,1.0986685393201443,1.111574795599468,1.1517186058101458
35.26,0.02,498.3514320204976,294.37871371455475,1,-74.51163103304549,57.35531442479015,-50.52172980634402,23.486213315914814,152.95773923980508,13.189915275015096,0,66.06538999859612,13.617925658847241,0,1.1142795696854364,0.7805522087663366,0.2637983055003019
35.28,0.02,457.1685102757658,300.5375627119223,1,-75.54034877814479,57.830984934837254,-51.43588725496519,23.783525502355204,154.8157977608425,92.90292605187176,0,-41.1829217447318,6.158848997367556,0,1.133367827852308,0.9612899547355777,1.8580585210374352
35.300000000000004,0.02,456.39865709858964,325.07714615773995,1,-76.58742665753424,58.31014773026858,-52.35389396947224,23.958139771566504,122.26945885829946,-1627.3169451271528,0,-0.7698531771761736,24.53958344581764,0,1.1515073035080017,0.9344658746536584,-32.546338902543056
35.32,0.02,448.41928371108236,274.58098632980034,1,-77.65366260855258,58.797852427066935,-53.31179755091683,24.3852348399175,125.70908757535258,171.98143585265626,0,-7.97937338750728,-50.49615982793961,0,1.172482398385222,1.0488038275836506,3.4396287170531252
35.34,0.02,439.37877477216324,297.63646414119415,1,-78.7399606820937,59.291793477451165,-54.314903677056016,24.69705251921153,130.33568211468526,231.3297269666336,0,-9.040508938919118,23.055477811393814,0,1.1933236215854504,1.0504533142497487,4.626594539332672
35.36,0.02,461.0909887274463,287.10846369302385,1,-79.84414965676207,59.793023681466096,-55.20944873341878,25.06151020074641,133.4632522616335,156.3785073474122,0,21.71221395528306,-10.528000448170303,0,1.2126273166954662,0.9659400910474956,3.127570146948244
35.38,0.02,474.2651567121418,298.95573821681626,1,-80.96491211575923,60.300358311659345,-56.03812294985807,25.36673150966233,137.0292148253692,178.29812818678477,0,13.174167984695487,11.847274523792407,0,1.2302426250503142,0.8830973923682574,3.5659625637356953
35.4,0.02,451.57535430787675,291.34877872039874,1,-82.1045170393256,60.81455806398055,-56.98024617831869,25.709987616060335,140.02338323061386,149.70842026223323,0,-22.689802404265038,-7.606959496417517,0,1.2502402837470452,1.0027068027018533,2.9941684052446647
35.42,0.02,461.465591940874,308.01956515770394,1,-83.26197540369789,61.33395585978599,-57.872918218614316,25.969889790271814,144.01733503722465,199.69759033053975,0,9.890237632997241,16.670786437305196,0,1.2686543798619554,0.9297378725670024,3.993951806610795
35.44,0.02,424.0817344964662,289.1819500295202,1,-84.44102559462053,61.86043546058847,-58.952509546131985,26.323980040124212,146.56535239057925,127.40086766772976,0,-37.383857444407795,-18.837615128183756,0,1.2912552508221793,1.1361766321712023,2.548017353354595
35.46,0.02,475.5633039715815,306.9372028175181,1,-85.63651945514601,62.3922213411092,-59.77469302627408,26.589294026036622,113.92359708246786,-1632.0877654055691,0,51.48156947511529,17.755252787997904,0,1.3084348639788466,0.8639312392426237,-32.641755308111385
35.480000000000004,0.02,456.96847786978685,314.2458873322495,1,-86.85031646788451,62.928582632896706,-60.689850636925144,26.818064589375375,85.25979597272357,-1433.190055487215,0,-18.594826101794638,7.308684514731397,0,1.327021711751869,0.9433183041703875,-28.6638011097443
35.5,0.02,461.96294956637684,309.07075026688693,1,-88.08191718566637,63.470036849657525,-61.58003588909326,27.07271083804094,59.06922575473649,-1309.5285108993537,0,4.994471696589983,-5.175137065362549,0,1.3453672349544055,0.9258911896854068,-26.190570217987073
35.52,0.02,468.6978766104338,311.0068480203677,1,-89.3306481157872,64.0163903816163,-62.43654650604109,27.3176765979391,35.85518198780916,-1160.7021883463667,0,6.734927044056974,1.9360977534807944,0,1.3630227869424127,0.8908527714874301,-23.214043766927333
35.54,0.02,447.7832841784931,305.9059879784872,1,-90.59860071749017,64.56815331477723,-63.39763008514863,27.588146658046664,14.364440791158216,-1074.5370598325471,0,-20.91459243194072,-5.100860041880537,0,1.3828037223610916,0.9984165961384771,-21.490741196650944
35.56,0.02,432.1607214711459,328.3514631408309,1,-91.88733724704603,65.12308110162408,-64.43682647779289,27.746389342342507,-3.3917962304442675,-887.8118510801241,0,-15.622562707347186,22.445475162343712,0,1.4031345948362999,1.0511754799356792,-17.756237021602484
35.58,0.02,483.0905204188548,333.08036230628903,1,-93.19176472456,65.6807008522403,-65.22137387569862,27.88098753081106,-16.306674008060625,-645.7438888808178,0,50.92979894770889,4.728899165458131,0,1.41861581493044,0.7960096054066567,-12.914877777616358
35.6,0.02,450.92921314424757,304.1760878145051,1,-94.51509928075954,66.24390299407507,-66.16672780997737,28.160107091738535,-32.62588919075125,-815.9607591345314,0,-32.161307274607225,-28.90427449178395,0,1.43819713537439,0.9856986305908468,-16.319215182690627
35.62,0.02,465.4737904534057,305.7343615001199,1,-95.85588645791375,66.81253169975983,-67.03935885771034,28.43143528423794,-46.99589451470138,-718.5002661975062,0,14.544577309158115,1.5582736856148358,0,1.4563821130973438,0.9138402122431074,-14.370005323950124
35.64,0.02,471.9452279981001,308.93942027165866,1,-97.21347911226815,67.38626646341743,-67.87963271771983,28.686738182879647,-59.190274079463435,-609.718978238103,0,6.471437544694425,3.205058771538745,0,1.473848497704646,0.8782025562876172,-12.194379564762059
35.660000000000004,0.02,472.97493559126474,304.7034686030957,1,-98.58777427306342,67.96553088021471,-68.7147580397635,28.963220839864167,-70.7634405327635,-578.6583226650031,0,1.0297075931646305,-4.2359516685629615,0,1.4913867551888742,0.8797027697647408,-11.573166453300061
35.68,0.02,459.8381938766847,324.77969096496327,1,-99.98008561447102,68.5483173279155,-69.61556707038008,29.139322385039353,-78.74761846752877,-399.2088967382635,0,-13.136741714580012,20.076222361867565,0,1.5093610949789134,0.9178609174888538,-7.98417793476527
35.7,0.02,441.05540472502605,310.8240399024094,1,-101.39229141540612,69.13602137162604,-70.61029004675495,29.38520218552731,-87.9291572709908,-459.0769401731016,0,-18.782789151658676,-13.95565106255384,0,1.5296147446950386,1.0246612493971285,-9.181538803462033
35.72,0.02,450.8572895372951,333.64973784429674,1,-102.82341148738749,69.72636044155216,-71.55600359906848,29.516953496305828,-93.59861363503386,-283.47281820215284,0,9.801884812269066,22.825697941887313,0,1.5480971797368503,0.9548468625498625,-5.669456364043057
35.74,0.02,490.8270654533132,327.1275005437454,1,-104.26944885282353,70.3199867614239,-72.30186827180191,29.681315993587102,-94.21739915320617,-30.939275908615826,0,39.96977591601808,-6.522237300551353,0,1.5631430740279912,0.7637598709963017,-0.6187855181723165
35.76,0.02,484.94507852336596,323.21390855104323,1,-105.73099171040724,70.91729169044055,-73.07714287918508,29.865246450831886,-95.91589559230654,-84.92482195501836,0,-5.881986929947232,-3.913591992702152,0,1.5788859055617448,0.7967942833350398,-1.6984964391003672
35.78,0.02,443.1145993495933,329.7924375883646,1,-107.21222310805598,71.51761737569835,-74.06156988243711,30.016284262890064,-101.17913878998846,-263.1621598840958,0,-41.83047917377269,6.578529037321346,0,1.5982607364759644,0.9959462562824901,-5.263243197681916
35.800000000000004,0.02,477.7450593364808,281.4318960854793,1,-108.70967999977107,72.12579987134761,-74.8728445857547,30.409124782462666,-78.54378920835049,1131.7674790818983,0,34.6304599868875,-48.36054150288527,0,1.6162496993222233,0.9013824482766019,22.635349581637968
35.82,0.02,447.23116800100024,340.14650779140214,1,-110.22641377468607,72.73596771621773,-75.83668874574971,30.508392243505657,-84.18468517652647,-282.0447984087991,0,-30.513891335480537,58.714611705922835,0,1.634865787421506,0.9689425130410988,-5.6408959681759825
35.84,0.02,499.9932435379425,335.501520164146,1,-111.75714822524726,73.34858540907143,-76.53672252806,30.63088464268493,-82.80955483446428,68.75651710310962,0,52.762075536942234,-4.644987627256171,0,1.648771784005381,0.7106698841461753,1.3751303420621923
35.86,0.02,495.71320693850987,333.05837822920637,1,-113.30231135511461,73.96389726410221,-77.25815649336744,30.7655927515389,-81.88109340385053,46.423071530687565,0,-4.280036599432606,-2.4431419349396037,0,1.663171000481574,0.7339027462070369,0.9284614306137513
35.88,0.02,486.4622753387201,324.0188972178192,1,-114.86282825744809,74.58280722941122,-78.02584511667384,30.945498265449803,-82.1387936656588,-12.885013090413366,0,-9.250931599789794,-9.039481011387181,0,1.6787681637519976,0.7884870425629193,-0.25770026180826733
35.9,0.02,459.2526886874324,355.0801357920838,1,-116.44141989091283,75.202209181141,-78.92958167323667,30.970097586489384,-85.11198310857306,-148.65947214571307,0,-27.20958665128768,31.06123857426462,0,1.6957624606800155,0.9040712860519661,-2.9731894429142613
35.92,0.02,468.9871450374386,335.52787138229013,1,-118.03711280987382,75.82405834573255,-79.78464594804947,31.092458229577932,-87.28877366103839,-108.83952762326672,0,9.734456350006212,-19.55226440979368,0,1.7125805893812598,0.8637748786797343,-2.1767905524653344
35.94,0.02,505.0275241961099,305.706958612209,1,-119.6463029764152,76.45133681446289,-80.45950832706893,31.363923436516888,-80.36074779002998,346.40129355042075,0,36.04037915867127,-29.820912770081122,0,1.7271280408314136,0.7274150047903971,6.9280258710084155
35.96,0.02,512.7606549856598,313.95756861343676,1,-121.26821707745802,77.08321952633189,-81.09570505214063,31.594135593449703,-74.93771277710508,271.1517506462449,0,7.733130789549932,8.250610001227756,0,1.7406553687391575,0.6765677425000497,5.423035012924899
35.980000000000004,0.02,512.0987115478785,336.7360052349946,1,-122.90292130734605,77.71742863767739,-81.73521149440124,31.71045556727473,-72.2906380950694,132.35373410178397,0,-0.6619434377813604,22.77843662155783,0,1.7534192642170505,0.6499990969251263,2.6470746820356794
36.0,0.02,503.04125156661837,342.5020067412384,1,-124.55132141207741,78.35338754834876,-82.42000523656816,31.79794553356854,-70.94490534163472,67.28663767173373,0,-9.057459981260081,5.766001506243811,0,1.7668238852077762,0.6903600245618674,1.3457327534346746
36.02,0.02,512.6881099260347,329.1937043759448,1,-126.21245270581618,78.99242708858255,-83.05656468693797,31.951977011688815,-67.89684985307842,152.40277442781505,0,9.646858359416342,-13.308302365293628,0,1.7798114251291954,0.6549302482761343,3.048055488556301
36.04,0.02,514.607989351079,338.11025678737934,1,-127.88612320061982,79.63365560313758,-83.68352474018258,32.061425727751924,-65.62472402602211,113.6062913528157,0,1.9198794250443143,8.916552411434566,0,1.7923021321905352,0.6364416153995097,2.272125827056314
36.06,0.02,455.8552815751883,370.86309735830827,1,-129.57820816726596,80.2737978079568,-84.60424833230664,32.00711024096038,-69.19035730590596,-178.28166399419274,0,-58.75270777589071,32.752840570928925,0,1.8091250859851165,0.9223242950281855,-3.565633279883855
36.08,0.02,495.2725151735795,328.4239785135162,1,-131.28476588239474,80.91709761492466,-85.32788575643875,32.1649903483928,-67.43478069132377,87.77883072910981,0,39.41723359839119,-42.43911884479206,0,1.8237801064575885,0.740660009672065,1.7555766145821963
36.1,0.02,472.7180008518382,345.40642714220536,1,-133.00805179743833,81.5618567791783,-86.16429575217956,32.237958212681775,-69.11360734006136,-83.94133243687989,0,-22.554514321741294,16.982448628689156,0,1.839953457258275,0.8395867972961664,-1.6788266487375978
36.12,0.02,552.7351598786591,341.69255151758483,1,-134.74006419649405,82.20844668828018,-86.60061995278626,32.32949545509385,-65.03635716703809,203.86250865116367,0,80.01715902682093,-3.7138756246205276,0,1.8487686337222193,0.44582269433429156,4.077250173023273
36.14,0.02,494.14273046775577,348.47519787640357,1,-136.486662322503,82.85618907759441,-87.32990630044748,32.387119465711834,-64.69183233004873,17.226241849468238,0,-58.59242941090338,6.782646358818738,0,1.8628406310504737,0.7315593642929717,0.34452483698936476
36.160000000000004,0.02,476.31811545328173,316.27258289076775,1,-138.24962863696663,83.50830420861956,-88.14831572318107,32.605756551258,-64.18064516257566,25.559358373653396,0,-17.824615014474034,-32.20261498563582,0,1.8797085864690342,0.8471104759092855,0.5111871674730679
36.18,0.02,525.6449959722233,346.94638378837845,1,-140.02403045183303,84.16172470126588,-88.72009074331996,32.671024632316104,-61.7279596657055,122.634274843508,0,49.32688051894161,30.673800897610704,0,1.8908887171939313,0.5754881372016559,2.45268549687016
36.2,0.02,499.46951468525566,351.4818718007099,1,-141.8124853152309,84.81599700673213,-89.42274316989368,32.713615273312556,-61.16005691123417,28.39513772356632,0,-26.17548128696768,4.535488012331427,0,1.9043747131569537,0.7039420397095394,0.5679027544713264
36.22,0.02,508.4699853971673,325.85179257975176,1,-143.61409318008907,85.4736841329404,-90.08039324290785,32.8843563104138,-58.34730783578071,140.637453772673,0,9.000470711911646,-25.630079220958123,0,1.9179007416180094,0.6794528094621055,2.8127490754534605
36.24,0.02,489.2582727441427,342.59166405646397,1,-145.43077521767282,86.13311209274303,-90.83410187918713,32.97139799013148,-58.2620215837992,4.264312599075382,0,-19.21171265302462,16.73987147671221,0,1.9326610825100419,0.7587179729056471,0.08528625198150763
36.26,0.02,502.9276077318266,343.77662436709767,1,-147.26116449448338,86.79416239010895,-91.519463840528,33.052514868295994,-57.169725923985666,54.61478299067686,0,13.669334987683897,1.1849603106336986,0,1.9461018473632536,0.6901456121545412,1.0922956598135372
36.28,0.02,477.8347094585297,349.84530435993315,1,-149.10777030034808,87.45622815703888,-92.33029029323535,33.10328834649633,-58.266047141470594,-54.816060874246375,0,-25.092898273296896,6.068679992835484,0,1.9617043819071525,0.8124146001263994,-1.0963212174849275
36.300000000000004,0.02,510.4550179340442,341.5832063468919,1,-150.96733060441937,88.12013560333412,-92.97801520356514,33.19537231476187,-56.477343963671515,89.43515888995393,0,32.62030847551449,-8.262098013041225,0,1.9745221249011096,0.6542377371210387,1.7887031777990785
36.32,0.02,527.7511661089479,339.93858404248533,1,-152.83811579187977,88.7860491912251,-93.5392593730204,33.295679394549445,-54.016991103161445,123.01764302550353,0,17.29614817490375,-1.644622304406596,0,1.985768899987882,0.5701372887323198,2.4603528605100706
36.34,0.02,520.8185006743897,340.8569919562027,1,-154.72081912927274,89.45387707992047,-94.13516686964846,33.39139443476843,-52.07408859193021,97.14512556156158,0,-6.932665434558203,0.918407913717374,0,1.9976400940985182,0.6035454526890588,1.9429025112312317
36.36,0.02,518.2214720165721,358.6988640319424,1,-156.61570031946405,90.12183508221266,-94.7440595095656,33.39790011460872,-51.271416813689314,40.13358891204497,0,-2.5970286578176456,17.841872075739673,0,2.009164656708606,0.6089273937141055,0.8026717782408994
36.38,0.02,535.4627255519092,330.6764211462563,1,-158.52103523710016,90.7927254423902,-95.26674588180606,33.54451800887743,-48.515155285879594,137.81307639048597,0,17.241253535337137,-28.022442885686075,0,2.019998768252736,0.5428608022741024,2.75626152780972
36.4,0.02,505.2382820808904,347.89900480248326,1,-160.4398463265282,91.46482590208751,-95.94055447140161,33.605022984865016,-48.06101720234256,22.706904176851594,0,-30.224443471018844,17.22258365622696,0,2.033114611830165,0.6765196726866154,0.4541380835370319
36.42,0.02,485.6145493722254,358.9193447780084,1,-162.374095961019,92.13703442730701,-96.71248172454048,33.610426260974975,-49.19977579363876,-56.937929564809764,0,-19.62373270866499,11.020339975525133,0,2.047727020358333,0.7719461636223351,-1.1387585912961953
36.44,0.02,515.9264773704633,339.4523123392612,1,-164.32075294777277,92.81129772129259,-97.33284933768816,33.71316469927867,-47.63852050389287,78.06276448729434,0,30.311927998237934,-19.467032438747196,0,2.060122426870192,0.6288172724628593,1.561255289745887
36.46,0.02,519.9357193100184,321.6903289956195,1,-166.27941636259553,93.4893919823786,-97.93317074113807,33.90471305430057,-45.001109209176796,131.8705647358037,0,4.009241939555068,-17.761983343641703,0,2.072721447634224,0.6301401112067593,2.637411294716074
36.480000000000004,0.02,551.2437633843373,352.171572748887,1,-168.24695540107984,94.16826908618972,-98.37695192421639,33.943855190556135,-43.40891401125947,79.60975989586636,0,31.3080440743189,30.481243753267506,0,2.0813658952809733,0.445504035094002,1.5921951979173272
36.5,0.02,500.8897389518379,343.9238408689415,1,-170.228405465669,94.84875380591396,-99.0725032294572,34.02423598621143,-43.203989056866355,10.246247719655699,0,-50.354024432499386,-8.24773187994549,0,2.0950426755172633,0.700180469973546,0.20492495439311398
36.52,0.02,519.9460750760338,336.50172399057874,1,-172.22186092275055,95.53158835323913,-99.67277285407702,34.141727366258536,-41.82943592261559,68.72765671253838,0,19.056336124195923,-7.422116878362772,0,2.107161047093694,0.6116599109199502,1.3745531342507675
36.54,0.02,509.6701244110904,342.285193594288,1,-174.228349367391,96.21619438120487,-100.32442223202158,34.2303013982871,-41.22810837489631,30.06637738596396,0,-10.275950664943423,5.78346960370925,0,2.1200663414154377,0.6576414455653756,0.6013275477192792
36.56,0.02,552.6882481752648,330.75888171255315,1,-176.2435689872139,96.90372452099936,-100.76098099114525,34.376506989724334,-39.013642828011385,110.72327734424618,0,43.01812376417439,-11.526311881734841,0,2.1292740099022116,0.460390730939613,2.2144655468849237
36.58,0.02,521.6625904788219,361.53973837967015,1,-178.27062234798893,97.59110068695588,-101.35266803875113,34.368808297825986,-39.09166312138446,-3.901014668653602,0,-31.025657696442863,30.780856667117007,0,2.140427835960471,0.5917371309640097,-0.07802029337307204
36.6,0.02,543.6626370365346,358.44028985034316,1,-180.3073094450603,98.27863282392737,-101.83435485356846,34.37660684857427,-38.38730991918914,35.2176601097657,0,22.00004655771272,-3.0994485293269918,0,2.1496033984773932,0.4817499402829557,0.704353202195314
36.62,0.02,542.383702067909,353.9233105660175,1,-182.35375817192488,98.96677262984225,-102.32243634322892,34.40699029574418,-37.58634819527192,40.04808619586129,0,-1.2789349686256628,-4.516979284325657,0,2.1590481199293006,0.48902627169825913,0.8009617239172258
36.64,0.02,536.432963140481,344.9508171289903,1,-184.4105636024754,99.65641735404424,-102.84027152752651,34.48223621009923,-36.611090612543016,48.76287913644504,0,-5.950738927428006,-8.972493437027197,0,2.1693451603564067,0.5232735668115222,0.9752575827289007
36.660000000000004,0.02,541.6187201114252,352.82692808293467,1,-186.4772071610148,100.34677938543793,-103.33217792696938,34.51810156968456,-35.92395461025523,34.35680011438933,0,5.185756970944226,7.876110953944362,0,2.1789023228319353,0.4932121549911678,0.6871360022877866
36.68,0.02,558.7778881472168,373.4670186747572,1,-188.55197293073948,101.03579471496414,-103.7382884862333,34.450766476310775,-35.64360649230479,14.01740589752194,0,17.159168035791595,20.640090591822513,0,2.1861827745052227,0.4116549539909754,0.2803481179504388
36.7,0.02,551.6683071298858,385.4476844539158,1,-190.63557186975115,101.72226527604496,-104.17994695058387,34.3235280540412,-35.88867258806196,-12.253304787858355,0,-7.109581017331038,11.980665779158642,0,2.193769899027963,0.4596213824814427,-0.2450660957571671
36.72,0.02,548.9619722805764,356.10728076851535,1,-192.72827461153477,102.40912510904894,-104.63513708918099,34.34299165019862,-35.17215373367824,35.82594271918573,0,-2.7063348493093144,-29.340403685400474,0,2.2025397148889185,0.455606073106409,0.7165188543837147
36.74,0.02,566.7401512326795,371.0351542621333,1,-194.82830333819513,103.0948814266267,-105.0014363330176,34.287815878887955,-34.675703408046985,24.822516281562912,0,17.778178952103076,14.927873493617938,0,2.2091587493651326,0.370431507535465,0.49645032563125824
36.76,0.02,527.2399630979188,378.786835950052,1,-196.93960806854568,103.77875906060946,-105.565236517528,34.19388169913769,-35.362827483678295,-34.3562037815655,0,-39.50018813476072,7.751681687918733,0,2.2193008544725257,0.5715717611808078,-0.68712407563131
36.78,0.02,551.3148538032751,386.7664954893146,1,-199.0597813135159,104.45996004504329,-106.00866224851163,34.060049221691116,-35.583861773226836,-11.051714477427055,0,24.074890705356324,7.97965953926257,0,2.2269192553573247,0.463181941485034,-0.2210342895485411
36.800000000000004,0.02,568.5552688904729,372.21224510411594,1,-201.18709903159709,105.1399398049667,-106.36588590405927,33.998987996170534,-34.98388143000923,29.99901716088047,0,17.24041508719779,-14.554250385198657,0,2.2333502071031295,0.3624047645173777,0.5999803432176094
36.82,0.02,559.0780741830214,385.4991770184244,1,-203.32250894225996,105.81736964718827,-106.77049553314416,33.87149211107841,-34.99653195425171,-0.6325262121240627,0,-9.477194707451531,13.286931914308468,0,2.2402871864315874,0.42422182011729975,-0.012650524242481254
36.84,0.02,609.1076034435879,343.35820543654427,1,-205.46100809257848,106.49646366886618,-106.92495751592622,33.95470108389569,-33.062250479947224,96.7140737152242,0,50.029529260566505,-42.14097158188014,0,2.243735123893132,0.17544867421064955,1.934281474304484
36.86,0.02,562.3290495457384,388.00793703229914,1,-207.60727433794244,107.17275689684087,-107.31331226819754,33.814661398734195,-33.24871641639645,-9.323296822461202,0,-46.77855389784952,44.64973159575487,0,2.2502958308171683,0.4128323231432382,-0.18646593644922405
36.88,0.02,540.5744938602382,393.9555315689044,1,-209.76348313392037,107.84565457165866,-107.81043979889634,33.644883740889675,-34.030528182575246,-39.0905883089399,0,-21.754555685500122,5.947594536605266,0,2.2587668433523174,0.5253191742948872,-0.781811766178798
36.9,0.02,572.9297334343623,380.56721662218683,1,-211.92639895655486,108.51649552481423,-108.14579113172452,33.54204765777874,-33.67043618545535,18.00459985599474,0,32.355239574124084,-13.388314946717571,0,2.2645600986137038,0.350764559810762,0.3600919971198948
36.92,0.02,578.9308052037227,377.021473881022,1,-214.09542169866899,109.1856343305817,-108.45113710570591,33.45694028837363,-33.13418736595137,26.81244097519908,0,6.001071769360351,-3.5457427411648155,0,2.2698912743107744,0.31698490209109415,0.5362488195039816
36.94,0.02,563.7639228858336,373.262557847354,1,-216.27206804849453,109.85344688056445,-108.83231749127674,33.39062749913686,-32.77160896296949,18.128920149094085,0,-15.166882317889076,-3.758916033668015,0,2.276787854439523,0.38690550830956905,0.3625784029818817
36.96,0.02,540.9590862731695,382.27560378661616,1,-218.45861848969275,110.51903187016852,-109.32752205991089,33.27924948020378,-33.154473067985116,-19.143205250781392,0,-22.804836612664076,9.013045939262156,0,2.2856084989101673,0.5075752435822624,-0.38286410501562784
36.980000000000004,0.02,568.5631853691523,414.243402438694,1,-220.65231261235405,111.17919251952873,-109.68470613306513,33.00803246801031,-33.74990984211488,-29.771838706488296,0,27.604099095982747,31.967798652077818,0,2.2908745026217425,0.4484853730259301,-0.5954367741297659
37.0,0.02,545.5686105351238,389.8237970508603,1,-222.85544987396185,111.83637078918385,-110.15686308038951,32.85891348275601,-34.09468002863973,-17.23850932624238,0,-22.994574834028526,-24.419605387833656,0,2.299064390484004,0.49514508446509886,-0.3447701865248476
37.02,0.02,579.8679661492889,386.52304671654423,1,-225.0646003389547,112.49089675416731,-110.45752324964307,32.72629824917329,-33.66237602832035,21.61520001596884,0,34.299355614165165,-3.300750334316092,0,2.3040724849309107,0.32860818242061335,0.43230400031937677
37.04,0.02,578.5172042651302,355.5399182445452,1,-227.27989908352106,113.14586872732632,-110.76493722831742,32.748598657950566,-32.38367226220342,63.93518830584668,0,-1.3507618841587146,-30.98312847199901,0,2.3100945463987115,0.3082217748894871,1.2787037661169336
37.06,0.02,587.7582329993537,363.10297946311425,1,-229.50042200478748,113.80053040253901,-111.02614606332065,32.733083760635,-31.344180710288697,51.97457759573609,0,9.241028734223505,7.5630612185690325,0,2.3150170523911604,0.26166919482900114,1.0394915519147219
37.08,0.02,580.2398066888594,364.7356002046563,1,-231.72692094538502,114.45471851773125,-111.32494702987636,32.70940575961171,-30.53985235357069,40.21641783590031,0,-7.518426310494306,1.6326207415420413,0,2.3206162161246593,0.29973766087544124,0.8043283567180062
37.1,0.02,547.477223686176,365.3679285425873,1,-233.96267216361392,115.10836984006923,-111.78756091144548,32.682566116898776,-30.32157992177327,10.913621589870992,0,-32.762583002683414,0.6323283379310283,0,2.3293440194626025,0.46339181028737625,0.21827243179741984
37.12,0.02,594.1302198592001,388.3651454554281,1,-236.2030103598569,115.75918464786166,-112.01690981214948,32.54074038962164,-30.057112552912987,13.223368443014216,0,46.65299617302412,22.99721691284077,0,2.3329541674853322,0.26965803376094793,0.2644673688602843
37.14,0.02,583.6235886429439,395.09691930430546,1,-238.4489861972356,116.40648976372366,-112.29879186893476,32.36525579310011,-30.12001629250722,-3.145186979711667,0,-10.50663121625621,6.731773848877367,0,2.3373941420115774,0.33204267429627526,-0.06290373959423334
37.160000000000004,0.02,590.7504920839468,364.88576021992975,1,-240.6998869854059,117.05330630356366,-112.54503940851502,32.340826992000466,-29.266527424156383,42.67444341754185,0,7.1269034410029235,-30.21115908437571,0,2.3419918860654203,0.24745629325701382,0.853488868350837
37.18,0.02,536.9686102064796,386.75422500800346,1,-242.96109091255556,117.69744742090286,-113.06019635748262,32.207055866960445,-29.992498644998992,-36.29856104213047,0,-53.781881877467185,21.86846478807371,0,2.3511616233691948,0.5322418585230589,-0.7259712208426095
37.2,0.02,619.1768868465372,381.41791205370987,1,-245.22437715102055,118.3394467470367,-113.16431192324994,32.0999663066919,-29.255010742028617,36.87439514851878,0,82.20827664005753,-5.336312954293589,0,2.3525789534001382,0.1493593818732499,0.7374879029703756
37.22,0.02,589.420358431242,388.3146238948775,1,-247.49272135364242,118.97861461078105,-113.41721013109373,31.95839318721751,-29.091746617153458,8.163206243757948,0,-29.75652841529518,6.896711841167644,0,2.35667583252593,0.28982831415910226,0.16326412487515896
37.24,0.02,591.7272048613951,378.8119293467729,1,-249.76589283577815,119.61590128159072,-113.65857410678674,31.864333540483642,-28.657572459460724,21.708707884636702,0,2.3068464301530867,-9.502694548104614,0,2.3608140307925134,0.2590439845007803,0.43417415769273404
37.26,0.02,573.5696768063377,392.8567033755821,1,-252.04570735023324,120.24990228206283,-113.99072572275506,31.700050023605733,-28.870585271520913,-10.650640603009442,0,-18.157528055057355,14.044774028809172,0,2.366328694184256,0.3705587266657427,-0.21301281206018885
37.28,0.02,578.1418574145592,399.2856170231943,1,-254.33170767894688,120.87997472083264,-114.30001643568227,31.503621938489765,-29.136356210682514,-13.288546958080083,0,4.572180608221515,6.428913647612205,0,2.37124203340279,0.3663942381170133,-0.26577093916160166
37.300000000000004,0.02,608.3723627710991,404.1204516636577,1,-256.6208707713834,121.50563511443606,-114.45815462182676,31.283019680171478,-29.06301055854034,3.667282607108646,0,30.23050535653988,4.834834640463441,0,2.3731242259724934,0.27142778467246176,0.07334565214217292
37.32,0.02,586.1534924240381,394.24620120419263,1,-258.91541851457754,122.12787088791907,-114.72738715970658,31.111788674150517,-29.034913192847952,1.4048682846194538,0,-22.218870347061056,-9.874250459465088,0,2.377420178176184,0.31907086497541054,0.028097365692389076
37.34,0.02,594.9099873596359,382.43841050573826,1,-261.2144752590357,122.74786282035151,-114.95283722290841,30.999596621621826,-28.58686812552134,22.402253366330527,0,8.756494935597857,-11.807790698454369,0,2.381187080117768,0.2518229291552127,0.44804506732661054
37.36,0.02,606.8820281706135,396.27668141973584,1,-263.5168438006768,123.36422708464198,-115.11842708205535,30.818213214523148,-28.369637351940494,10.861538679042404,0,11.972040810977546,13.838270913997576,0,2.383444106295111,0.24560118449027551,0.21723077358084808
37.38,0.02,617.9294919035317,403.90287744194524,1,-265.82141939312754,123.97620106118825,-115.2287796225377,30.59869882731342,-28.20908877941353,8.027428626348154,0,11.047463732918231,7.626196022209399,0,2.3844455978884533,0.24569137018416326,0.16054857252696308
37.4,0.02,629.7939870412246,396.4243017113822,1,-268.12701558687417,124.58453260756337,-115.27980968733158,30.41657731875651,-27.769702045725722,21.969336684390406,0,11.86449513769287,-7.478575730563023,0,2.3845001738171607,0.18913569571054611,0.4393867336878081
37.42,0.02,625.141384692552,390.6206161567814,1,-270.4340976421515,125.18980209232282,-115.35410276386881,30.263474237972602,-27.28203641125159,24.383281723706673,0,-4.652602348672531,-5.803685554600804,0,2.385158015512554,0.1701764218888459,0.48766563447413347
37.44,0.02,595.8955576551199,400.8665136139204,1,-272.7455901416634,125.79098492572088,-115.57462497559322,30.059141669903,-27.390277301233322,-5.4120444990866545,0,-29.24582703743215,10.245897457138994,0,2.388392424722569,0.3006357334678406,-0.10824088998173309
37.46,0.02,633.7253664947041,424.2304506988692,1,-275.05771010452577,126.38574471404905,-115.6059981431197,29.737989416408652,-27.532150590332215,-7.093664454944637,0,37.82980883958419,23.363937084948816,0,2.387391448522604,0.32268102758783634,-0.14187328909889274
37.480000000000004,0.02,613.8388807469031,378.03587745231476,1,-277.3724461793135,126.978700914632,-115.73680373938518,29.64781002914708,-26.842837232897367,34.46566787174241,0,-19.886485747800975,-46.194573246554455,0,2.389476961959139,0.15887865149616184,0.6893133574348482
37.5,0.02,636.097258169723,388.8377710382655,1,-279.68757252828425,127.56877333811111,-115.75631744853658,29.50362117395575,-26.268940550890036,28.694834100366506,0,22.258377422819876,10.801893585950722,0,2.389141158795175,0.14550330170216721,0.5738966820073301
37.52,0.02,621.713563906659,421.74942590332813,1,-282.0045275208643,128.1526708189999,-115.84774962900329,29.19487404443911,-26.57979111839088,-15.542528375042153,0,-14.383694263063944,32.911654865062644,0,2.3893967242444174,0.3220009838644314,-0.31085056750084306
37.54,0.02,633.1972326531478,401.9562178889681,1,-284.32216279017905,128.73237267809978,-115.88176346573755,28.985092954994272,-26.316866460347548,13.146232902166588,0,11.483668746488775,-19.793208014360005,0,2.389034844244731,0.21252069682279964,0.26292465804333176
37.56,0.02,609.0420983755131,408.32920522301475,1,-286.6428938496563,129.30724161667737,-116.03655297385998,28.743446928879195,-26.460275120043537,-7.170432984799469,0,-24.155134277634716,6.372987334046627,0,2.3908715873010857,0.28697141628042633,-0.14340865969598937
37.58,0.02,636.8506380255427,375.4434502847713,1,-288.9639398453309,129.88056621022648,-116.05229978373228,28.666229677455334,-25.577590000770865,44.134255963633606,0,27.808539650029616,-32.88575493824345,0,2.3908064755654137,0.07880650949388612,0.8826851192726721
37.6,0.02,645.9117196784138,415.76023053576483,1,-291.28439466903774,130.448314780722,-116.02274118534021,28.38742852477651,-25.550878580968398,1.3355709901233581,0,9.061081652871053,40.31678025099353,0,2.3889012177492783,0.28036368073262385,0.026711419802467162
37.62,0.02,633.2242446230904,393.49324390339297,1,-293.60552706828224,131.01271402682718,-116.05661996222474,28.219962305259543,-25.171506390191038,18.96860953886801,0,-12.687475055323375,-22.266986632371868,0,2.3887658160285716,0.17085873171277263,0.3793721907773602
37.64,0.02,632.3046167714707,396.73577636675805,1,-295.9274290058496,131.5734396952957,-116.0950968783674,28.036283423425758,-24.900423583170983,13.554140351002708,0,-0.9196278516196799,3.2425324633650803,0,2.388648547392127,0.18766567269364576,0.27108280702005416
37.660000000000004,0.02,619.5737682046927,390.4949762400973,1,-298.2513735665965,132.1311158661402,-116.19722803734393,27.883808542225268,-24.62481703390687,13.780327463205744,0,-12.730848566778036,-6.2408001266607585,0,2.3899207168759524,0.1835193805323936,0.2756065492641149
37.68,0.02,673.6638942260126,397.8775645617211,1,-300.57195173792076,132.68500428052852,-116.02890856621386,27.694420719416655,-24.096405904394274,26.42055647562973,0,54.090126021319975,7.382588321623814,0,2.3857651654805103,0.25337559430555806,0.5284111295125946
37.7,0.02,653.8774628017524,422.56597812288584,0,-302.7765010006788,133.22397332662908,-110.22746313790316,26.94845230502832,-24.096405904394274,0.0,0,-19.786431424260286,24.688413561164737,1,2.2694768305893045,5.849208316766652,0.0
37.72,0.02,687.8492064699128,429.75234017169726,0,-304.870822800299,133.74832139180762,-104.716089981008,26.21740325892775,-24.096405904394274,0.0,0,33.97174366816046,7.186362048811418,0,2.1589638009519083,5.559646282125247,0.0
37.74,0.02,679.9605489533723,403.91301086756516,0,-306.8604285099381,134.2583408956826,-99.4802854819576,25.50097519374919,-24.096405904394274,0.0,0,-7.8886575165405475,-25.839329304132093,0,2.053935435733445,5.284592503197567,0.0
37.76,0.02,628.414810305959,410.8281802072176,0,-308.7505539340953,134.75431840948008,-94.50627120785971,24.798875689874205,-24.096405904394274,0.0,0,-51.54573864741326,6.9151693396524365,0,1.9541156089745864,5.023321780681682,0.0
37.78,0.02,651.4826770392295,398.03457257761613,0,-310.5461730870446,135.2365347730016,-89.78095764746672,24.11081817607672,-24.096405904394274,0.0,0,23.067866733270534,-12.793607629601468,0,1.859241986317634,4.7751451691364375,0.0
37.800000000000004,0.02,629.1498109088577,381.0035631604823,0,-312.2520112823465,135.7052652092527,-85.29190976509338,23.436521812555185,-24.096405904394274,0.0,0,-22.332866130371826,-17.031009417133816,0,1.7690653380864192,4.5394081636375185,0.0
37.82,0.02,648.7248816584928,421.1139977600569,0,-313.87255756788323,136.1607794367788,-81.02731427683871,22.77571137630408,-24.096405904394274,0.0,0,19.575070749635074,40.1104345995746,0,1.683348886905412,4.315488977056999,0.0
37.84,0.02,647.2122804034789,407.87436895800454,0,-315.4120765391432,136.60334177975434,-76.97594856299676,22.128117148777996,-24.096405904394274,0.0,0,-1.5126012550139194,-13.23962880205238,0,1.601867688134481,4.10279690343297,0.0
37.86,0.02,654.5104552622178,371.2091574959431,0,-316.8746195618401,137.0332112758704,-73.12715113484693,21.493474805802435,-24.096405904394274,0.0,0,7.298174858738889,-36.66521146206145,0,1.5244080414805468,3.900770763122374,0.0
37.88,0.02,647.8512643764054,422.12074295472837,0,-318.2640354334022,137.45064178206414,-69.47079357810458,20.871525309686383,-24.096405904394274,0.0,0,-6.659190885812336,50.91158545878528,0,1.450766932229244,3.7088774256459183,0.0
37.9,0.02,649.7728936861007,408.9432613271455,0,-319.5839805113862,137.855882078134,-65.99725389919935,20.262014803492654,-24.096405904394274,0.0,0,1.9216293096952768,-13.177481627582893,0,1.3807515006158275,3.526610406337728,0.0
37.92,0.02,689.7078760884496,391.9984093072111,0,-320.83792833547096,138.24917596828243,-62.69739120423938,19.664694507422798,-24.096405904394274,0.0,0,39.93498240234885,-16.944852019934387,0,1.3141785379296977,3.3534885331077926,0.0
37.94,0.02,611.0569572618089,410.1279596546489,0,-322.0291787683515,138.6307623806279,-59.562521644027406,19.07932061727434,-24.096405904394274,0.0,0,-78.65091882664069,18.129550347437828,0,1.2508740080139296,3.1890546798089177,0.0
37.96,0.02,689.9908029397311,420.84043221898895,0,-323.160866679588,139.0008754647265,-56.584395561826035,18.505654204928852,-24.096405904394274,0.0,0,78.93384567792225,10.712472564340032,0,1.1906725928901685,3.032874562876188,0.0
37.980000000000004,0.02,646.736431610605,412.30927120102774,0,-324.2359701952627,139.35974468714312,-53.75517578373473,17.943461120830275,-24.096405904394274,0.0,0,-43.254371329126116,-8.53116101796121,0,1.1334172613005333,2.884535598073162,0.0
38.0,0.02,686.2019170453473,430.99221891408854,0,-325.2573185351537,139.70759492511138,-51.06741699454799,17.392511898413666,-24.096405904394274,0.0,0,39.46548543474228,18.6829477130608,0,1.078958859017605,2.743645814337562,0.0
38.02,0.02,642.4510205708124,431.64396250500175,0,-326.22759945805007,140.0446465583203,-48.51404614482059,16.85258166044539,-24.096405904394274,0.0,0,-43.7508964745349,0.6517435909132132,0,1.0271557198329146,2.609832821870034,0.0
38.04,0.02,667.6885508793761,435.96856067550056,0,-327.14936633480164,140.37111555886503,-46.08834383757956,16.323450027236483,-24.096405904394274,0.0,0,25.23753030856369,4.324598170498803,0,0.9778732961856728,2.482742831752172,0.0
38.06,0.02,679.2335462303299,415.28178049270895,0,-328.0250448677157,140.68721357939887,-43.783926645700575,15.804901026691752,-24.096405904394274,0.0,0,11.544995350953855,-20.68678018279161,0,0.9309838084477594,2.362039724516367,0.0
38.08,0.02,701.7634639211408,439.8103585078826,0,-328.85693947398397,140.99314803952203,-41.594730313415546,15.296723006157917,-24.096405904394274,0.0,0,22.529917690810862,24.52857801517365,0,0.8863659119286592,2.247404165219044,0.0
38.1,0.02,700.6780486195712,430.59230540096945,0,-329.64723934993884,141.2891222104427,-39.514993797744765,14.798708546034758,-24.096405904394274,0.0,0,-1.0854153015695829,-9.218053106913146,0,0.8439043807129303,2.138532762691795,0.0
38.12,0.02,675.2653671600242,420.1526598546343,0,-330.398024232096,141.575335297945,-37.53924410785753,14.310654375114064,-24.096405904394274,0.0,0,-25.412681459547002,-10.439645546335157,0,0.8034898074856703,2.0351372707615085,0.0
38.14,0.02,690.3297920488739,439.36260601713565,0,-331.1112698701453,141.85198252369725,-35.66228190246465,13.832361287611782,-24.096405904394274,0.0,0,15.064424888849658,19.209946162501353,0,0.7650183185471614,1.9369438293419259,0.0
38.160000000000004,0.02,674.8949829989939,427.1247111928711,0,-331.78885322629213,142.11925520493443,-33.87916780734142,13.363634061859546,-24.096405904394274,0.0,0,-15.43480904987996,-12.237894824264572,0,0.7283913032587163,1.843692243404123,0.0
38.18,0.02,675.0934156650422,399.58760328904145,0,-332.4325574146316,142.37734083254688,-32.185209416974345,12.904281380622356,-24.096405904394274,0.0,0,0.19843266604834753,-27.53710790382962,0,0.693515157199829,1.755135297934264,0.0
38.2,0.02,699.2682959515708,407.05198949100344,0,-333.0440763935541,142.62642314760708,-30.575948946125628,12.454115753009908,-24.096405904394274,0.0,0,24.174880286528605,7.464386201961986,0,0.6603010383591519,1.6710381070819254,0.0
38.22,0.02,723.5461477707759,425.5312201395844,0,-333.6250194235305,142.8666822163661,-29.047151498819346,12.01295343794971,-24.096405904394274,0.0,0,24.27785181920501,18.479230648580938,0,0.6286646357153117,1.5911774957934384,0.0
38.24,0.02,671.1065312979496,455.23931029554876,0,-334.17691530200807,143.0982945037499,-27.594793923878377,11.580614369190716,-24.096405904394274,0.0,0,-52.43961647282629,29.708090155964385,0,0.5985259496026116,1.5153414123107063,0.0
38.26,0.02,675.3177930186201,437.59546407413114,0,-334.7012163865618,143.32143294538605,-26.21505422768446,11.156922081806902,-24.096405904394274,0.0,0,4.211261720670564,-17.64384622141762,0,0.5698090832901873,1.443328369998254,0.0
38.28,0.02,700.4213602670984,410.4212012724046,0,-335.1993024168878,143.53626701818948,-24.904301516300233,10.741703640170764,-24.096405904394274,0.0,0,25.10356724847827,-27.17426280172657,0,0.5424420452391597,1.3749469170392876,0.0
38.300000000000004,0.02,674.55797663227,435.59517899617805,0,-335.6724841456975,143.74296280953683,-23.659086440485222,10.334789567367348,-24.096405904394274,0.0,0,-25.863383634828438,25.173977723773476,0,0.5163565615348236,1.310015132615821,0.0
38.32,0.02,709.6324616977881,431.29132636453255,0,-336.12200678806676,143.94168308505724,-22.47613211846096,9.936013776020001,-24.096405904394274,0.0,0,35.07448506551816,-4.303852631645498,0,0.49148789802549575,1.2483601482587405,0.0
38.34,0.02,697.6667619999389,465.5574876262945,1,-336.565762754236,144.129847611815,-22.18779830846126,9.408226337888532,-26.75005533621944,-132.68247159125826,0,-11.965699697849232,34.266161261761965,1,0.48200129319409013,0.6014116442490298,-2.6536494318251655
38.36,0.02,743.5991659320188,411.30301407448115,1,-336.999158803812,144.31288183716532,-21.669802478801167,9.15171126751613,-26.609790355165142,7.013249052714876,0,45.932403932079865,-54.25447355181336,0,0.4704611178808297,0.5780308476832423,0.14026498105429752
38.38,0.02,710.2071593732275,419.9499283618745,1,-337.4255341374507,144.48992106967947,-21.318766681935024,8.85196162570676,-27.402184060448036,-39.6196852641447,0,-33.39200655879131,8.646914287393372,0,0.46166959504034183,0.4616015364427348,-0.792393705282894
38.4,0.02,706.6303839747427,422.0059328463698,1,-337.84524643269197,144.66075970890896,-20.985614762061324,8.541931961474912,-28.268386732716355,-43.310133613415935,0,-3.576775398484756,2.056004484495247,0,0.45314925954972557,0.45509185272782543,-0.8662026722683187
38.42,0.02,719.1845595994756,404.7879901670444,1,-338.25704027197327,144.82711954912176,-20.589691964063952,8.317992010639696,-28.145155249386995,6.161574166467965,0,12.55417562473292,-17.217942679325347,0,0.4441280924526896,0.4548669734704278,0.12323148332935929
38.44,0.02,732.0069750595796,442.9420315989027,1,-338.65963341374857,144.98518518617468,-20.129657088766045,7.903281852645176,-29.00510217475553,-42.99734626842682,0,12.822415460104025,38.154041431858275,0,0.4325112523639694,0.6193679049112901,-0.8599469253685363
38.46,0.02,706.3591043001754,437.4173832252765,1,-339.05559064509384,145.13550908490504,-19.797861567265166,7.516194936518797,-30.215190263740652,-60.50440444925602,0,-25.647870759404213,-5.524648373626178,0,0.4235320573275589,0.5098279599279255,-1.2100880889851204
38.480000000000004,0.02,727.5706954360587,425.1633697356728,1,-339.4427908068955,145.27931664666184,-19.360008090084882,7.19037808784044,-30.414146162832978,-9.947794954616285,0,21.211591135883282,-12.254013489603722,0,0.4130430729568984,0.5457767733804367,-0.1989558990923257
38.5,0.02,694.124828150077,437.99784082295156,1,-339.8245784858822,145.41532442433635,-19.089383949334497,6.8003888837256845,-31.850767681003894,-71.83107590854583,0,-33.44586728598176,12.834471087278757,0,0.40528995474106977,0.4746883239378704,-1.4366215181709165
38.52,0.02,709.4223464861781,423.88680130750623,1,-340.1994239302203,145.5449435218801,-18.742272216903594,6.48095487718815,-32.23669162580465,-19.296197240037927,0,15.29751833610112,-14.111039515445327,0,0.3966235212251756,0.4717251735108109,-0.38592394480075853
38.54,0.02,662.1780950996256,435.4915823651556,1,-340.5720515650484,145.66701346118734,-18.631381741405455,6.103496965362378,-34.600135862526926,-118.17221183611366,0,-47.24425138655249,11.604781057649348,0,0.39211276990181254,0.3934096754733866,-2.363444236722273
38.56,0.02,700.6399394266925,442.01993925038533,1,-340.93861520593384,145.78088140656953,-18.32818204427199,5.693397269110445,-35.52327828783219,-46.15712126526326,0,38.461844327066956,6.528356885229755,0,0.3838421704356443,0.5100115853662078,-0.9231424253052651
38.58,0.02,710.1784649557179,432.13774846936474,1,-341.2981610003237,145.8875355771048,-17.977289719493406,5.332708526763621,-35.76702433124304,-12.18730217054258,0,9.538525529025378,-9.882190781020597,0,0.3750310525223394,0.5032114788478627,-0.2437460434108516
38.6,0.02,769.098477225531,442.2097515146839,1,-341.64479694699105,145.9859687724886,-17.331797333365763,4.921659769190196,-35.124420065022214,32.130213311041445,0,58.92001226981313,10.07200304531915,0,0.3603409128525684,0.7652591075259506,0.6426042662208289
38.62,0.02,718.5564127630576,427.37900324506376,1,-341.9835772523821,146.07766406754791,-16.939015269550488,4.584764752964883,-35.03679161002776,4.381422749722574,0,-50.54206446247349,-14.83074826962013,0,0.35097025865000414,0.5174707736794811,0.08762845499445149
38.64,0.02,725.8857473015264,465.5454720834982,1,-342.3137689830429,146.15880481539887,-16.509586533042842,4.057037392547397,-35.903906633156645,-43.3557511564441,0,7.329334538468856,38.16646883843447,0,0.34001529371280514,0.6803713740831259,-0.867115023128882
38.660000000000004,0.02,754.7062942822458,449.4611318953012,1,-342.63249008427556,146.2309994500603,-15.936055061631613,3.609731733070884,-35.654331721200904,12.478745597787011,0,28.820546980719428,-16.084340188197018,0,0.326795357440789,0.7273380931168444,0.24957491195574022
38.68,0.02,734.0323742074934,464.85574258683346,1,-342.94180794808744,146.29270851046303,-15.465893190594137,3.085453020136722,-36.25090484279584,-29.828656079746807,0,-20.67392007475246,15.39461069153225,0,0.3154132987192133,0.7042161272034047,-0.5965731215949361
38.7,0.02,727.9589652989923,438.7260007531736,1,-343.24232991536945,146.34654497079043,-15.026098364099177,2.691823016370858,-36.17366110689063,3.862186795260669,0,-6.073408908501051,-26.129741833659864,0,0.3053061042292357,0.5902237450971,0.07724373590521338
38.72,0.02,741.8005744371559,447.63979561286374,1,-343.53267182520773,146.39161745155656,-14.517095491913388,2.253624038306537,-36.072002124363614,5.082949126350655,0,13.841609138163562,8.913794859690142,0,0.2938195928302772,0.6716414730122001,0.10165898252701311
38.74,0.02,734.7438240717411,452.69735287662405,1,-343.8135393526388,146.42742019703502,-14.043376371554679,1.790137273923417,-36.27382405407325,-10.091096485481899,0,-7.056750365414814,5.057557263760316,0,0.2831402559669933,0.6627441329440514,-0.20182192970963797
38.76,0.02,729.9491287455745,442.69130898914466,1,-344.08541196719534,146.4549538116146,-13.593630727826799,1.3766807289776999,-36.25731478319764,0.825463543780458,0,-4.794695326166561,-10.006043887479393,0,0.2732632768551441,0.6109152630362535,0.01650927087560916
38.78,0.02,746.9420481793674,454.91386380021606,1,-344.34659037693393,146.47299603981412,-13.05892048692997,0.902111409976623,-36.232834959548335,1.2239911824654115,0,16.99291943379285,12.222554811071404,0,0.2618008474241121,0.7149343188413115,0.02447982364930823
38.800000000000004,0.02,749.5351885633141,461.52852193383643,1,-344.5968152678162,146.48088541582027,-12.511244544113403,0.3944688003074468,-36.334481957553095,-5.082349900238015,0,2.593140383946775,6.614658133620367,0,0.25034923261480563,0.7467596383654838,-0.10164699800476029
38.82,0.02,755.2631501376742,438.06760071388754,1,-344.83551384368474,146.48096803175503,-11.934928793425037,0.004130796738007092,-35.63097299770269,35.17544799252015,1,5.727961574360052,-23.460921219948887,0,0.2386985901656065,0.6960629292830287,0.703508959850403
38.84,0.02,738.0356808434562,445.64191437455656,1,-345.0644088514689,146.47248645625234,-11.444750389207748,-0.42407877513477743,-35.57172192398045,2.9625536861122015,0,-17.22746929421794,7.57431366066902,0,0.22905209388154182,0.6508750305584641,0.05925107372224403
38.86,0.02,758.0450372203519,448.62878807238184,1,-345.281499355531,146.45514200194242,-10.854525203106,-0.8672227154966841,-35.20174420603853,18.498885897095718,0,20.009356376895653,2.986873697825274,0,0.21778226982299928,0.7380666109426165,0.36997771794191436
38.88,0.02,746.5108321788451,446.64977135602027,1,-345.48793877637524,146.42913257049688,-10.321971042211779,-1.3004715722767806,-35.02802516138431,8.685952232711003,0,-11.534205041506766,-1.9790167163615706,0,0.20807144206405945,0.6865264060376768,0.17371904465422006
38.9,0.02,744.5801091810118,452.11683123769706,1,-345.6839201863014,146.39391145592757,-9.799070496306719,-1.7610557284652693,-35.075810816598874,-2.389282760728051,0,-1.9307229978332998,5.467059881676789,0,0.1991211690106074,0.6968233246954867,-0.04778565521456102
38.92,0.02,760.9361326487908,470.2241527473955,1,-345.8678079829627,146.34766792608352,-9.194389833062765,-2.3121764922022443,-35.28422088567002,-10.420503453557117,0,16.356023467778982,18.107321509698465,0,0.18961325326405357,0.8181520645474012,-0.20841006907114235
38.94,0.02,778.227713334604,444.94785909604633,1,-346.0378730082905,146.29292961032988,-8.503251266389732,-2.736915787682481,-34.46687116490856,40.8674860380728,0,17.291580685813187,-25.276293651349192,0,0.17865720262919926,0.8112188283489858,0.817349720761456
38.96,0.02,734.4340777702275,450.0330745375754,1,-346.19849462584125,146.22918798712246,-8.031080877538592,-3.187081160370358,-34.733193228794875,-13.316103194315687,0,-43.79363556437647,5.085215441529044,0,0.17280711372434662,0.652375458516836,-0.26632206388631374
38.980000000000004,0.02,771.793963330269,434.2583359482681,1,-346.345936847059,146.15802053032021,-7.372111060887256,-3.558372840111705,-33.721527733041164,50.58327478768554,0,37.35988556004145,-15.774738589307276,0,0.16371931927946012,0.7563720848250853,1.0116654957537108
39.0,0.02,758.9567759796834,456.2782094904259,1,-346.4814833906788,146.07722525256895,-6.777327180988841,-4.03976388756384,-33.71412080004226,0.37034664994521904,0,-12.837187350585623,22.019873542157825,0,0.15779969072902883,0.7651831181841873,0.007406932998904381
39.02,0.02,742.1630547422758,463.2585691249263,1,-346.60681362882434,145.98610411790517,-6.266511907277454,-4.556056733188473,-34.28074050547447,-28.330985271610487,0,-16.793721237407567,6.98035963450036,0,0.15495396018181715,0.7262854440920736,-0.5666197054322097
39.04,0.02,775.9955720473602,455.24630005666967,1,-346.71854430976515,145.88545835323575,-5.586534047040665,-5.032288233471821,-33.858907312604195,21.091659643513694,0,33.832517305084366,-8.012269068256614,0,0.15037724232539235,0.8301604256252707,0.4218331928702739
39.06,0.02,812.0208554022169,459.3604794438756,1,-346.81307290516577,145.77487654062193,-4.726429770029576,-5.529090630691204,-33.067700250622174,39.560353099101064,0,36.0252833548567,4.1141793872059225,0,0.1454784954189824,0.9932733708379051,0.7912070619820213
39.08,0.02,802.0381431285588,453.5166556986096,1,-346.8913976862535,145.65494306243824,-3.9162390543867858,-5.996673909184256,-32.32463082896726,37.15347108274578,0,-9.98271227365808,-5.843823745265979,0,0.14324388476191408,0.9354373939714443,0.7430694216549156
39.1,0.02,755.3334470560869,455.9610449893571,1,-346.95818912263564,145.52541347975563,-3.3395718191063466,-6.4764791341310435,-32.51500695107498,-9.51880610538609,0,-46.70469607247185,2.4443892907474947,0,0.1457360928662391,0.7501720830131061,-0.1903761221077218
39.12,0.02,822.4254844595685,459.1591171997427,1,-347.00673801057184,145.38596798535303,-2.427444396808518,-6.97227472012975,-31.71011040689028,40.24482720923501,0,67.09203740348153,3.1980722103855896,0,0.14765514020522544,1.0381665076486923,0.8048965441847002
39.14,0.02,792.4776120207553,504.2377568354908,1,-347.04003913730594,145.2320987152669,-1.665056336704744,-7.693463504307207,-32.49812705484772,-39.400832397872065,0,-29.947872438813192,45.07863963574812,0,0.15743162744062747,1.0494516742623998,-0.7880166479574413
39.160000000000004,0.02,768.1258525539364,445.4910575819308,1,-347.06052767878464,145.06968033942255,-1.0244270739350512,-8.120918792216859,-32.04948433831278,22.432135826747057,0,-24.351759466818862,-58.746699253559996,0,0.16370555623996835,0.7701453599670411,0.44864271653494114
39.18,0.02,783.2836294073719,463.69374617872097,1,-347.0666878573226,144.89689258896033,-0.3080089268982036,-8.63938752311046,-31.943112163401793,5.318608745549369,0,15.157776853435507,18.202688596790153,0,0.17289752603612987,0.8843442691158984,0.10637217491098738
39.2,0.02,790.6831659879591,460.8757479199518,1,-347.0577797192618,144.71401726370613,0.4454069030415937,-9.14376626271022,-31.635821387821107,15.364538779034298,0,7.39953658058721,-2.817998258769194,0,0.1830921612482094,0.906660535020751,0.30729077558068596
39.22,0.02,748.3000718670506,487.10515778095987,1,-347.0380415740143,144.5184314226738,0.9869072623768531,-9.77929205161502,-33.00493073986888,-68.45546760238878,0,-42.38309412090848,26.229409861008094,0,0.1965792857605519,0.8349345288843216,-1.3691093520477757
39.24,0.02,756.7406656003366,472.1578277909666,1,-347.00662936220675,144.3116297988624,1.5706105903785428,-10.340081190569851,-33.58876561895731,-29.191743954421412,0,8.440593733285937,-14.94732998999325,0,0.20917370451773956,0.8094405682259503,-0.5838348790884282
39.26,0.02,771.3971930021597,480.9251272604521,1,-346.962077431099,144.09273566232497,2.227596555389333,-10.94470682687211,-34.025900106239796,-21.856724364124247,0,14.656527401823155,8.767299469485465,0,0.22338199922085233,0.8928620936600853,-0.43713448728248494
39.28,0.02,809.8960004730175,489.87774178004497,1,-346.90053589994386,143.8608537516095,3.077076557754417,-11.594095535772329,-33.93202275755522,4.693867434228949,0,38.49880747085774,8.952614519592885,0,0.2399095258091426,1.0692623483810115,0.09387734868457898
39.300000000000004,0.02,756.3443138234273,486.58628057277593,1,-346.8273599374064,143.6163132128368,3.6587981268715666,-12.227026938636204,-34.851812090883236,-45.98946666640096,0,-53.551686649590124,-3.2914612072690375,0,0.2552543762534475,0.8596523394415626,-0.9197893333280192
39.32,0.02,792.4659629092052,476.07248442735465,1,-346.73893737857804,143.36016542562132,4.421127941417602,-12.807389360772977,-34.58700308108151,13.240450490086175,0,36.121649085777904,-10.513796145421281,0,0.2709801428244094,0.9581060939030991,0.2648090098017235
39.34,0.02,805.0075863967162,477.45975870628024,1,-346.63401406111,143.09227166253524,5.246165873401189,-13.39468815430438,-34.168766767350576,20.91181568654683,0,12.541623487510947,1.387274278925588,0,0.28770813483271235,1.0127227962750696,0.4182363137309366
39.36,0.02,785.6663373526688,471.0810504564512,1,-346.51452410990674,142.8132697944035,5.974497560164529,-13.950093406586635,-33.9403193697926,11.42236987789893,0,-19.341249044047345,-6.37870824982906,0,0.3035125876459708,0.9159377927601027,0.2284473975579786
39.38,0.02,766.7919306978268,486.0652937325335,1,-346.3823549656337,142.52166139689854,6.608457213653672,-14.580419875249309,-34.59343419588484,-32.65574130461211,0,-18.874406654842005,14.984243276082339,0,0.32016267770196505,0.8939889816708201,-0.6531148260922421
39.4,0.02,775.2529241160842,487.64671013992745,1,-346.236660528949,142.21728832837957,7.284721834234084,-15.218653425948947,-35.01920233243297,-21.288406827406448,0,8.460993418257317,1.581416407393931,0,0.3374460456436188,0.9298795095534884,-0.42576813654812895
39.42,0.02,775.9967814648005,461.43562298140193,1,-346.0773664141179,141.90277169756246,7.964705741558099,-15.725831540855953,-34.54095510315237,23.912361464029885,0,0.7438573487163467,-26.211087158525515,0,0.35255542270738505,0.8482969730349502,0.4782472292805977
39.44,0.02,775.8933713148443,466.42712515866526,1,-345.9044829621552,141.57761235422947,8.644172598132307,-16.257967166649284,-34.279855209193784,13.054994697929345,0,-0.1034101499561757,4.991502177263328,0,0.36826252391366626,0.8630431816666506,0.2610998939585869
39.46,0.02,796.6112394989605,485.1000454662058,1,-345.71593838624267,141.23994300634988,9.427228795627109,-16.883467393980315,-34.20631802839766,3.6768590398061463,0,20.717868184116128,18.67292030754055,0,0.38674235041364896,1.0022113264308026,0.07353718079612293
39.480000000000004,0.02,799.4399794258499,513.4895632469232,1,-345.5114498123875,140.88692470214556,10.224428692756355,-17.650915210214936,-34.82322332129884,-30.84526464505899,0,2.828739926889398,28.389517780717426,0,0.40796752314442747,1.1065730100748756,-0.6169052929011798
39.5,0.02,815.4118395489969,479.59928140734195,1,-345.2894200545775,140.52194646980053,11.101487890501339,-18.24891161725164,-34.18846945173267,31.737693478308415,0,15.971860123147053,-33.89028183958129,0,0.427207588227196,1.0615236875255687,0.6347538695661683
39.52,0.02,784.7833887520197,469.5694506031178,1,-345.05291195789226,140.14601129239517,11.825404834261427,-18.79675887026723,-33.841464106394056,17.350267266930786,0,-30.628450796977177,-10.029830804224162,0,0.44414337483346106,0.9078504029297304,0.3470053453386157
39.54,0.02,775.1497783158374,471.3186475265679,1,-344.80288888337543,139.75894425023716,12.501153725840616,-19.35335210790007,-33.79670379364961,2.2380156372221904,0,-9.63361043618238,1.7491969234500857,0,0.46079543499887143,0.8754613621680339,0.04476031274444381
39.56,0.02,785.4965125699897,492.1149976166272,1,-344.5383161576016,139.3586657083175,13.228636288690574,-20.01392709598321,-34.18953846465119,-19.64173355007901,0,10.346734254152352,20.79635009005932,0,0.47981417063767656,0.9826444902057833,-0.3928346710015802
39.58,0.02,794.7090986508952,482.52001928754134,1,-344.25827252196274,138.94613516446907,14.002181781945062,-20.626527192420912,-34.038149338590195,7.569456303049904,0,9.212586080905453,-9.594978329085848,0,0.4986039384819576,0.9867378113206224,0.15138912606099808
39.6,0.02,792.1933840659997,495.1049875973527,1,-343.96300954791724,138.52009412186092,14.763148702275053,-21.302052130407677,-34.336258546394866,-14.905460390233571,0,-2.515714584895477,12.584968309811359,0,0.5183543130223099,1.0175483259671427,-0.29810920780467143
39.62,0.02,813.1122386790091,463.038288897462,1,-343.6504353500038,138.083749250363,15.628709895670106,-21.81724357489499,-33.17485454644056,58.07019999771548,0,20.918854613009444,-32.06669869989071,0,0.5367489879671358,1.0072826832545037,1.1614039999543095
39.64,0.02,816.3067632215555,486.51746297092706,1,-343.32023047576826,137.63475263256802,16.510243711777882,-22.449830889749624,-32.824011523314255,17.5421511563151,0,3.1945245425463327,23.47917407346506,0,0.5573447961184024,1.0850200826973353,0.350843023126302
39.660000000000004,0.02,787.43834063085,479.52581929443534,1,-342.9752817674696,137.17380343284358,17.247435414932134,-23.0474599862218,-32.84462630536315,-1.0307391024447554,0,-28.86842259070545,-6.991643676491719,0,0.5757289085007928,0.9490058715042896,-0.02061478204889511
39.68,0.02,820.2863961182092,463.3143092769712,1,-342.6123044195591,136.70252280219145,18.148867395523176,-23.564031532606652,-31.69180119879143,57.64125532858593,0,32.84805548735915,-16.21151001746415,0,0.5948596371615757,1.0389541752005844,1.1528251065717185
39.7,0.02,794.9302972010388,471.5981858276702,1,-342.23383404192856,136.22008235295655,18.92351888152836,-24.122022461745008,-31.36441783154525,16.36916836230906,0,-25.356098917170357,8.283876550699006,0,0.613179104179018,0.9546930406003409,0.3273833672461812
39.72,0.02,814.3332738718888,443.3683550171498,1,-341.8379303369108,135.72930506821993,19.795185250887805,-24.53886423683075,-29.655783429726114,85.4317200909568,0,19.402976670849966,-28.22983081052041,0,0.6305569655948945,0.9662087377626588,1.7086344018191362
39.74,0.02,798.7826214495158,492.6489841041043,1,-341.4261483697481,135.2252628850729,20.589098358135395,-25.202109157351277,-30.18684507097082,-26.553082062235234,0,-15.550652422372991,49.28062908695449,0,0.6508632044231772,1.0345007716071568,-0.5310616412447047
39.76,0.02,840.8434940781857,470.46075135332836,1,-340.9942820531776,134.71017462679055,21.593315828526322,-25.754412914117925,-29.218365901452643,48.42395847590879,0,42.06087262866993,-22.18823275077591,0,0.6721788669755493,1.146076859367165,0.9684791695181758
39.78,0.02,833.2059511147669,461.051877524017,1,-340.5430951414956,134.18498118075578,22.55934558410015,-26.25967230173801,-28.111077864269596,55.36440185915232,0,-7.6375429634188094,-9.408873829311347,0,0.6923855754065057,1.0901837172845017,1.1072880371830465
39.800000000000004,0.02,830.2577540398609,466.9817388174621,1,-340.07288245440964,133.6490895608393,23.510634354299462,-26.794580995825317,-27.344305401095255,38.338623158717056,0,-2.9481970749060338,5.929861293445072,0,0.7129374442356978,1.0913650330285956,0.7667724631743411
39.82,0.02,812.039689856262,466.854867787785,1,-339.585465798338,133.102512454144,24.370832803580775,-27.328855334764246,-26.90437002309361,21.99676890008231,0,-18.218064183598813,-0.12687102967709052,0,0.7323397641664837,1.012615643467256,0.43993537800164617
39.84,0.02,847.9338363649974,507.8324154036939,1,-339.0772557586299,132.54115210590834,25.410501985405766,-28.06801741178271,-27.240861615776314,-16.82457963413526,0,35.89414650873539,40.97754761590892,0,0.7572337056889247,1.2756459476433473,-0.33649159268270523
39.86,0.02,808.4765831492256,480.2179072725889,1,-338.5521980606069,131.9677699669454,26.252884901151894,-28.669106948145657,-27.363442530625584,-6.129045742463468,0,-39.45725321577186,-27.614508131105026,0,0.7774655384870434,1.034851490536673,-0.12258091484926936
39.88,0.02,780.8780107855075,503.1988212217061,1,-338.0130525615053,131.38006794586033,26.957274955079434,-29.385101054254182,-29.042365571899218,-83.94615206368172,0,-27.598572363718063,22.980913949117223,0,0.7975409298518841,1.0043967881540583,-1.6789230412736345
39.9,0.02,832.485322222103,493.7663060458492,1,-337.45465853018146,130.77898929417066,27.91970156618995,-30.053932584483423,-28.970800137535335,3.5782717181941592,0,51.60731143659552,-9.432515175856906,0,0.820426376791446,1.1720070808670313,0.07156543436388318
39.92,0.02,829.0931226024499,465.62754622384006,1,-336.8773551865974,130.1673478878586,28.86516717920221,-30.582070315602625,-27.943702704578786,51.354871647827416,0,-3.3921996196531836,-28.13875982200915,0,0.8410614486639588,1.082974925111559,1.0270974329565483
39.94,0.02,796.3045459206646,506.3909768943775,1,-336.2844213884213,129.5410673838571,29.646689908805534,-31.314025200074514,-29.230182976886105,-64.32401361536594,0,-32.78857668178523,40.763430670537446,0,0.8624371042063865,1.0707640868972437,-1.286480272307319
39.96,0.02,822.1135815465166,497.2466375695348,1,-335.6732762320906,128.90106221609867,30.557257816538105,-32.00025838792219,-29.426003290199308,-9.791015665660119,0,25.809035625851948,-9.14433932484269,0,0.8849322103212298,1.1401973086690087,-0.19582031331320238
39.980000000000004,0.02,811.6750187334139,479.76747386373233,1,-335.0449635738865,128.24908030095384,31.41563291020517,-32.599095757240846,-29.14611231885148,13.99454856739144,0,-10.438562813102635,-17.479163705802478,0,0.9054596700767056,1.046620273222544,0.2798909713478288
40.0,0.02,807.1297640533726,468.34855082965703,1,-334.39993793927704,127.58626353072606,32.25128173047204,-33.140838511389134,-28.46037273046464,34.28697941934189,0,-4.545254680041353,-11.418923034075306,0,0.9248697963489299,0.9958886295593407,0.6857395883868378
40.02,0.02,810.3553730470558,465.7117626226052,1,-333.7378767673629,126.91287558423602,33.10305859570732,-33.66939732450216,-27.63692745571547,41.172263737458614,0,3.2256089936831813,-2.6367882070518363,0,0.944339092611559,1.0024461317544635,0.8234452747491723
40.04,0.02,834.9893544084462,505.54919822065057,1,-333.0563166600079,126.2249327179239,34.07800536774956,-34.39714331560541,-27.991314302376647,-17.71934233305892,0,24.633981361390397,39.837435598045374,0,0.9683953568906978,1.2166081685910428,-0.35438684666117837
40.06,0.02,813.3879760322031,487.6041465782712,1,-332.3574177550497,125.52422943695397,34.94494524791059,-35.03516404849677,-28.099118681445724,-5.390218953453818,0,-21.60137837624302,-17.945051642379383,0,0.9896690190734364,1.0764084779547394,-0.10780437906907636
40.08,0.02,809.8229772739378,517.3815338015269,1,-331.64153655236413,124.80778800260389,35.794060134280265,-35.8220717175044,-29.40058641095569,-65.0733864754983,0,-3.5649987582653466,29.777387223255687,0,1.0128051269677518,1.157678612481726,-1.301467729509966
40.1,0.02,834.1516029524752,474.3349302082528,1,-330.90624018938325,124.07991307523297,36.76481814904263,-36.39374636854566,-28.36112071940989,51.97328457729,0,24.328625678537378,-43.046603593274085,0,1.0346316500610857,1.1265802367645736,1.0394656915458
40.12,0.02,840.312775195348,466.6609592948777,1,-330.15091254888284,123.34137205193257,37.76638202501936,-36.92705116502005,-26.998077061919393,68.15218287452484,0,6.161172242872794,-7.673970913375058,0,1.0563913515366925,1.1347000500590974,1.363043657490497
40.14,0.02,803.6566689262991,496.11206265744676,1,-329.3792192414898,122.58921982236642,38.58466536965084,-37.607611478307284,-27.813255914554983,-40.758942631779504,0,-36.656106269048905,29.45110336256903,0,1.0776101044053612,1.0643072733580738,-0.8151788526355901
40.160000000000004,0.02,810.4700869767887,487.5006355835126,1,-328.5904789253991,121.82431752924192,39.437015804534774,-38.24511465622485,-27.943300585946865,-6.502233569594118,0,6.813418050489645,-8.61142707393418,0,1.0987205305508576,1.0643831855595154,-0.13004467139188236
40.18,0.02,819.2578192803542,469.08994562960606,0,-327.84117562511295,121.07087168197992,37.465165014308035,-37.67229236310035,-27.943300585946865,0.0,0,8.787732303565463,-18.410689953906513,1,1.0626081500610098,2.0533681887129327,0.0
40.2,0.02,834.6412419288816,516.6055645300555,0,-327.1293374898411,120.32865315166316,35.59190676359263,-37.11092651583834,-27.943300585946865,0.0,0,15.383422648527471,47.515618900449454,0,1.028397723438221,1.9555633685323324,0.0
40.22,0.02,825.2432109395136,490.8871222572229,0,-326.4530912613328,119.59743739195272,33.812311425413,-36.560787985521564,-27.943300585946865,0.0,0,-9.398030989368067,-25.71844227283259,0,0.9959846629444454,1.8626894454550866,0.0
40.24,0.02,823.0486120702761,463.9491341393071,0,-325.81065734425,118.8770043474365,32.121695854142345,-36.02165222581113,-27.943300585946865,0.0,0,-2.1945988692374385,-26.937988117915836,0,0.9652694491432449,1.7744994723079939,0.0
40.26,0.02,815.2993972079688,504.18718420595684,0,-325.2003451230213,118.1671383638106,30.515611061435227,-35.49329918129491,-27.943300585946865,0.0,0,-7.749214862307326,40.23805006664975,0,0.9361574237756575,1.690758794451364,0.0
40.28,0.02,807.4414772981552,476.9873151121541,0,-324.62054851285404,117.46762809985721,28.989830508363465,-34.97551319766901,-27.943300585946865,0.0,0,-7.857919909813631,-27.19986909380276,0,0.9085585938934093,1.6112444324097481,0.0
40.300000000000004,0.02,841.5111526794635,516.1595332110211,0,-324.06974173319514,116.7782664411829,27.54033898294529,-34.46808293371563,-27.943300585946865,0.0,0,34.06967538130834,39.172218098867006,0,0.8823874460623347,1.535744495362072,0.0
40.32,0.02,824.0420573444447,495.53001766996726,0,-323.5464752925192,116.09885041568207,26.163322033798025,-33.97080127504131,-27.943300585946865,0.0,0,-17.46909533501878,-20.62951554105382,0,0.8575627695073045,1.4640576239659155,0.0
40.34,0.02,819.9653304476831,496.7671835903907,0,-323.04937217387703,115.42918111069126,24.855155932108122,-33.48346524954048,-27.943300585946865,0.0,0,-4.07672689676167,1.237165920423422,0,0.8340074871430192,1.395992461069007,0.0
40.36,0.02,833.0366272435249,503.2227768366041,0,-322.57712421116696,114.76906359180026,23.612398135502715,-33.005875944549665,-27.943300585946865,0.0,0,13.071296795841818,6.455593246213425,0,0.8116484935183588,1.331367148935685,0.0
40.38,0.02,792.5035214031025,497.21710639570625,0,-322.1284886465924,114.11830682328709,22.43177822872758,-32.53783842565867,-27.943300585946865,0.0,0,-40.53310584042242,-6.005670440897859,0,0.7904164987946747,1.2700088516870136,0.0
40.4,0.02,831.5021420442378,482.899636749944,0,-321.7022848602466,113.47672359014418,21.3101893172912,-32.07916165714549,-27.943300585946865,0.0,0,38.99862064113529,-14.31746964576223,0,0.7702458779802809,1.2117533017205837,0.0
40.42,0.02,819.0128814820661,522.4901622032745,0,-321.29739126321806,112.84413042166412,20.24467985142664,-31.629658424002578,-27.943300585946865,0.0,0,-12.489260562171694,39.590525453330486,0,0.7510745247459486,1.1564443689399484,0.0
40.44,0.02,822.6500712171941,502.91728623045606,0,-320.91274234604094,112.22034751655367,19.232445858855307,-31.189145255522526,-27.943300585946865,0.0,0,3.637189735128004,-19.57287597281845,0,0.732843709254269,1.103933651684391,0.0
40.46,0.02,875.7527858669458,477.69897858470426,0,-320.5473258747227,111.60519866954543,18.27082356591254,-30.757442350412077,-27.943300585946865,0.0,0,53.10271464975176,-25.218307645751793,0,0.715497939540196,1.054080088307006,0.0
40.480000000000004,0.02,851.6497382130057,505.7684296021958,0,-320.20018022697036,110.99851119947735,17.357282387616912,-30.334373503403835,-27.943300585946865,0.0,0,-24.103047653940166,28.06945101749153,0,0.6989848260806398,1.006749588403515,0.0
40.5,0.02,833.9018490445375,466.64777905709195,0,-319.87039186160564,110.40011587881064,16.489418268236065,-29.91976603333576,-27.943300585946865,0.0,0,-17.74788916846819,-39.12065054510384,0,0.6832549492874166,0.9618146827455616,0.0
40.52,0.02,803.1342949912245,513.4280799037754,0,-319.55709291450916,109.80984686455726,15.66494735482426,-29.513450712669044,-27.943300585946865,0.0,0,-30.767554053313006,46.78030084668342,0,0.6682617297432366,0.9191541910205219,0.0
40.54,0.02,829.3663312165038,488.9996831227349,0,-319.2594589147675,109.22754163058895,14.881699987083048,-29.115261698415665,-27.943300585946865,0.0,0,26.23203622527933,-24.428396781040476,0,0.6539613010791326,0.8786529065254474,0.0
40.56,0.02,818.2971818804349,506.4143365310663,0,-318.9767066150129,108.6530409013,14.137614987728895,-28.725036464447353,-27.943300585946865,0.0,0,-11.069149336068904,17.41465340833139,0,0.6403123854573087,0.8402012970053623,0.0
40.58,0.02,827.5943328829751,482.44067660225846,0,-318.70809193024604,108.08618858659683,13.430734238342449,-28.342615735158407,-27.943300585946865,0.0,0,9.297151002540204,-23.97365992880782,0,0.627276171679387,0.8036952208661146,0.0
40.6,0.02,858.1310691812226,490.958990832747,0,-318.4529079797175,107.52683171818772,12.759197526425327,-27.96784342045524,-27.943300585946865,0.0,0,30.536736298247547,8.518314230488556,0,0.6148161959836422,0.769035658029217,0.0
40.62,0.02,853.9346862185145,514.2905150594387,0,-318.21048322671544,106.9748203871468,12.12123765010406,-27.600566552046136,-27.943300585946865,0.0,0,-4.196382962708185,23.33152422669167,0,0.6028982256282381,0.736128454730724,0.0
40.64,0.02,813.8009762276064,499.64025645222443,0,-317.98017971136346,106.4300076827267,11.515175767598857,-27.240635221005213,-27.943300585946865,0.0,0,-40.13370999090807,-14.650258607214255,0,0.5914901453794752,0.7048840815982732,0.0
40.660000000000004,0.02,830.5078222882632,509.604333329762,0,-317.7613913717791,105.89224963239499,10.939416979218914,-26.88790251658511,-27.943300585946865,0.0,0,16.706846060656858,9.964076877537593,0,0.580561847036677,0.6752174043700735,0.0
40.68,0.02,869.4658297583915,487.6233565684214,0,-317.55354244917396,105.36140514306993,10.392446130257968,-26.54222446625341,-27.943300585946865,0.0,0,38.95800747012822,-21.980976761340628,0,0.5700851221308119,0.6470474666469108,0.0
40.7,0.02,806.484110637389,490.54506205368176,0,-317.3560859726991,104.83733594353136,9.872823823745069,-26.20345997692834,-27.943300585946865,0.0,0,-62.98171912100247,2.921705485260361,0,0.5600335579292343,0.6202972840932479,0.0
40.72,0.02,840.4497096820238,524.7433010528132,0,-317.16850232004793,104.31990652798356,9.379182632557814,-25.871470777389774,-27.943300585946865,0.0,0,33.965599044634814,34.19823899913143,0,0.5503824368710154,0.5948936495265595,0.0
40.74,0.02,843.3059276815276,539.7548750159759,0,-316.9902978500293,103.80898410074673,8.910223500929924,-25.54612136184198,-27.943300585946865,0.0,0,2.8562179995037695,15.011573963162732,0,0.5411086395431087,0.5707669483549979,0.0
40.76,0.02,826.910560335442,505.2935232520347,0,-316.82100360351166,103.30443852205462,8.464712325883427,-25.227278934605142,-27.943300585946865,0.0,0,-16.39536734608555,-34.46135176394125,0,0.5321905512894162,0.5478509838428586,0.0
40.78,0.02,851.5092550018793,486.21375381987303,0,-316.66017406931985,102.80614225493636,8.041476709589256,-24.91481335591304,-27.943300585946865,0.0,0,24.598694666437268,-19.07976943216164,0,0.5236079725255801,0.5260828117010639,0.0
40.800000000000004,0.02,840.4334831037546,499.28465406938113,0,-316.50738601183764,102.31397031316047,7.639402874109793,-24.60859708879478,-27.943300585946865,0.0,0,-11.075771898124685,13.0709002495081,0,0.5153420328099012,0.5054025835163561,0.0
40.82,0.02,876.7921003650137,517.9302397293947,0,-316.36223735722956,101.82780021022009,7.257432730404303,-24.308505147018888,-27.943300585946865,0.0,0,36.35861726125904,18.645585660013523,0,0.5073751086992666,0.48575339854829497,0.0
40.84,0.02,831.4561638972812,500.0509406365295,0,-316.2243461353519,101.34751190933852,6.8945610938840876,-24.01441504407851,-27.943300585946865,0.0,0,-45.335936467732495,-17.879299092865153,0,0.4996907453962137,0.4670811634377271,0.0
40.86,0.02,785.6228486845384,492.83317190580766,0,-316.0933494745681,100.87298777447458,6.549833039189883,-23.726206743196943,-27.943300585946865,0.0,0,-45.83331521274272,-7.217768730721843,0,0.4922735821724336,0.449334459384422,0.0
40.88,0.02,847.1490351003971,523.8747413314776,0,-315.96890264682344,100.40411252230793,6.222341387230388,-23.443762608333007,-27.943300585946865,0.0,0,61.52618641585866,31.041569425669934,0,0.4851092815336009,0.43246441636531957,0.0
40.9,0.02,839.2979406830607,508.52724245351965,0,-315.85067816046603,99.9407731751846,5.911224317868869,-23.166967356166346,-27.943300585946865,0.0,0,-7.851094417336412,-15.347498877957946,0,0.4781844620720543,0.41642459397843673,0.0
40.92,0.02,863.1755177065448,487.9952295681094,0,-315.73836489842654,99.48285901500374,5.615663101975425,-22.89570800904302,-27.943300585946865,0.0,0,23.87757702348415,-20.532012885410268,0,0.4714866349368736,0.40117086851139133,0.0
40.94,0.02,858.7688762424877,521.0772268564392,0,-315.631667299489,99.0302615380265,5.3348799468766535,-22.62987384886216,-27.943300585946865,0.0,0,-4.406641464057088,33.08199728832983,0,0.46500414383659927,0.38666132584767676,0.0
40.96,0.02,841.780397329163,497.65834231936435,0,-315.53030458049835,98.5828744105888,5.06813594953282,-22.36935637188492,-27.943300585946865,0.0,0,-16.988478913324798,-23.41888453707486,0,0.458726108476642,0.37285615983855575,0.0
40.980000000000004,0.02,832.1690017157031,497.68161050527635,0,-315.4340099974572,98.14059342569986,4.814729152056179,-22.114049244447223,-27.943300585946865,0.0,0,-9.611395613459877,0.023268185912002082,0,0.4526423713235366,0.35971757578391333,0.0
41.0,0.02,809.3788045280708,506.1123157719258,0,-315.3425301435682,97.7033164605087,4.57399269445337,-21.863848259558278,-27.943300585946865,0.0,0,-22.790197187632316,8.430705266649454,0,0.4467434475785302,0.34720969868157076,0.0
41.02,0.02,848.6045101359451,523.3223011263599,0,-315.25562428237356,97.27094343462136,4.345293059730701,-21.618651294367112,-27.943300585946865,0.0,0,39.225705607874374,17.20998535443408,0,0.44102047823764023,0.3352984859214847,0.0
41.04,0.02,846.8981355214358,491.0372210063609,0,-315.17306371423865,96.84337626925176,4.128028406744166,-21.378358268479772,-27.943300585946865,0.0,0,-1.7063746145092864,-32.28508011999901,0,0.4354651861090042,0.32395164411907723,0.0
41.06,0.02,816.0991443369735,504.9518052788832,0,-315.09463117451054,96.42051884718956,3.9216269864069573,-21.142871103110178,-27.943300585946865,0.0,0,-30.798991184462352,13.914584272522347,0,0.43006983465630105,0.3131385498002822,0.0
41.08,0.02,851.9744507095612,493.4233775852923,0,-315.0201202617688,96.0022769735686,3.725545637086609,-20.912093681047974,-27.943300585946865,0.0,0,35.875306372587715,-11.528427693590913,0,0.4248271895342579,0.3028301736699381,0.0
41.1,0.02,840.1244703378334,485.58511084633875,0,-314.94933489466416,95.58855833742005,3.5392683552322786,-20.685931807427014,-27.943300585946865,0.0,0,-11.849980371727838,-7.838266738953564,0,0.41973048268233953,0.2929990082146708,0.0
41.12,0.02,820.3249725133063,487.93809861330647,0,-314.88208879591474,95.17927247399449,3.3623049374706646,-20.464293171278474,-27.943300585946865,0.0,0,-19.799497824527066,2.352987766967715,0,0.4147733788432284,0.28361899841099614,0.0
41.14,0.02,842.4502991434402,503.9942397464575,0,-314.8182050021028,94.77433072783742,3.194189690597131,-20.247087307852905,-27.943300585946865,0.0,0,22.12532663013394,16.056141133151016,0,0.40994994437435944,0.27466547532916485,0.0
41.160000000000004,0.02,815.7840667935583,505.5820360406859,0,-314.7575153979814,94.3736462166035,3.0344802060672746,-20.03422556169585,-27.943300585946865,0.0,0,-26.666232349881966,1.5877962942284398,0,0.4052546182231273,0.26611509244276915,0.0
41.18,0.02,847.8786207045365,521.3308993044311,0,-314.69986027406617,93.97713379559427,2.882756195763911,-19.825621050461933,-27.943300585946865,0.0,0,32.09455391097822,15.748863263745193,0,0.4006821849399938,0.25794576447322365,0.0
41.2,0.02,833.5072820408011,474.20972378104926,0,-314.64508790634665,93.58471002300521,2.738618385975715,-19.621188629452696,-27.943300585946865,0.0,0,-14.3713386637354,-47.12117552338185,0,0.39622774960700174,0.2501366086166438,0.0
41.22,0.02,829.8600861365194,533.8907295031116,0,-314.5930541570131,93.19629312586794,2.601687466676929,-19.420844856863642,-27.943300585946865,0.0,0,-3.647195904281716,59.681005722062366,0,0.39188671456360186,0.242667888018224,0.0
41.24,0.02,835.0305184948363,505.8147574737086,0,-314.54362209514625,92.81180296667341,2.4716030933430826,-19.22450795972637,-27.943300585946865,0.0,0,5.17043235831693,-28.075972029403033,0,0.38765475781659475,0.2355209573756679,0.0
41.26,0.02,806.8923813317538,504.7318999539012,0,-314.4966616363727,92.43116101066278,2.3480229386759284,-19.032097800531844,-27.943300585946865,0.0,0,-28.138137163082547,-1.082857519807419,0,0.3835278130251079,0.22867821056852103,0.0
41.28,0.02,859.9504200041279,515.0883063203173,0,-314.4520492005379,92.05429029377235,2.230621791742132,-18.84353584452121,-27.943300585946865,0.0,0,53.058038672374096,10.356406366416138,0,0.37950205095706474,0.22212303022407914,0.0
41.300000000000004,0.02,832.9564714427876,497.2731305498556,0,-314.4096673864948,91.68111539121973,2.119090702155025,-18.658745127630787,-27.943300585946865,0.0,0,-26.99394856134029,-17.815175770461735,0,0.37557386231837403,0.21583973914310453,0.0
41.32,0.02,843.7722241852189,507.1424891738046,0,-314.36940466315383,91.31156238671817,2.0131361670472736,-18.477650225078172,-27.943300585946865,0.0,0,10.8157527424313,9.86935862394904,0,0.37173984186116915,0.20981355351940711,0.0
41.34,0.02,826.9667139601175,517.7097559715432,0,-314.33115507597995,90.94555884230664,1.9124793586949098,-18.30017722057661,-27.943300585946865,0.0,0,-16.80551022510133,10.567266797738625,0,0.36799677368255906,0.20403053789689315,0.0
41.36,0.02,828.0366687046267,489.9979926535315,0,-314.29481796816475,90.58303376878334,1.8168553907601643,-18.12625367616508,-27.943300585946865,0.0,0,1.0699547445091184,-27.71176331801172,0,0.3643416176302788,0.19847756181557272,0.0
41.38,0.02,827.8284780538158,535.4628016484548,0,-314.2602977157403,90.2239175967305,1.726012621222156,-17.95580860264178,-27.943300585946865,0.0,0,-0.20819065081082044,45.46480899492332,0,0.3607714967362714,0.19314225810448352,0.0
41.4,0.02,840.2144872734558,502.5026656825913,0,-314.2275034759371,89.86814214811872,1.6397119901610482,-17.788772430588946,-27.943300585946865,0.0,0,12.38600921963996,-32.960135965863515,0,0.3572836856045667,0.18801298278472664,0.0
41.42,0.02,796.5806459508531,530.6996138270606,0,-314.19634894812407,89.51564060847917,1.5577263906529957,-17.625076981977166,-27.943300585946865,0.0,0,-43.633841322602734,28.196948144469275,0,0.3538755996837097,0.1830787765496222,0.0
41.44,0.02,810.2073500528694,488.52878568329476,0,-314.16675214670164,89.16634749963242,1.4798400711203459,-17.464655442337623,-27.943300585946865,0.0,0,13.626704102016333,-42.170828143765846,0,0.35054478535882866,0.17832932779176722,0.0
41.46,0.02,826.3018291133046,526.700456398524,0,-314.1386351853504,88.8201986529626,1.4058480675643286,-17.307442333490872,-27.943300585946865,0.0,0,16.09447906043522,38.171670715229254,0,0.3472889108026265,0.1737549371485426,0.0
41.480000000000004,0.02,832.6931853036373,474.8148754748279,0,-314.11192407206664,88.47713118322618,1.3355556641861122,-17.153373486821057,-27.943300585946865,0.0,0,6.391356190332658,-51.885580923696125,0,0.34410575752842293,0.16934648353849296,0.0
41.5,0.02,816.8452456905219,493.76923632729176,0,-314.0865485144471,88.13708346288449,1.2687778809768064,-17.002386017084635,-27.943300585946865,0.0,0,-15.847939613115386,18.95436085246388,0,0.3409932125923938,0.16509539166117176,0.0
41.52,0.02,843.3724234511212,523.4283214541797,0,-314.06244173470856,87.79999509694963,1.205338986927966,-16.854418296742946,-27.943300585946865,0.0,0,26.52717776059933,29.65908512688793,0,0.3379492613958442,0.16099360093263498,0.0
41.54,0.02,824.2483594121575,497.95753101475015,0,-314.0395402939569,87.46580689833347,1.1450720375815677,-16.70940993080809,-27.943300585946865,0.0,0,-19.124064038963752,-25.47079043942955,0,0.33497198104142306,0.15703353582791982,0.0
41.56,0.02,826.9908996636499,499.905756913338,0,-314.0177839252429,87.13446086368963,1.0878184357024894,-16.56730173219193,-27.943300585946865,0.0,0,2.7425402514924144,1.9482258985878502,0,0.3320595342010518,0.15320807760055627,0.0
41.58,0.02,832.4411224095439,500.1403071041257,0,-313.99711537496455,86.80590014973866,1.0334275139173648,-16.42803569754809,-27.943300585946865,0.0,0,5.450222745894052,0.2345501907877292,0,0.3292101634557709,0.14951053734788902,0.0
41.6,0.02,824.0394730291962,502.7932415772982,0,-313.9774802522001,86.48006905006672,0.9817561382214964,-16.29155498359713,-27.943300585946865,0.0,0,-8.401649380347749,2.652934473172479,0,0.32642218607105017,0.1459346303893191,0.0
41.62,0.02,814.3410262072716,510.35928560109045,0,-313.9588268855739,86.15691297238821,0.9326683313104216,-16.15780388392519,-27.943300585946865,0.0,0,-9.698446821924563,7.566044023792244,0,0.32369398917349,0.14247445192311586,0.0
41.64,0.02,804.235840208212,514.8677012725587,0,-313.941106187279,85.83637841626327,0.8860349147449005,-16.026727806246686,-27.943300585946865,0.0,0,-10.105185999059586,4.508415671468299,0,0.3210240252975961,0.13912445392580913,0.0
41.660000000000004,0.02,838.5260284141619,520.7361910820144,0,-313.9242715238988,85.51841295126084,0.8417331690076554,-15.898273250121754,-27.943300585946865,0.0,0,34.2901882059499,5.868489809455696,0,0.31841080827342416,0.13587942325687477,0.0
41.68,0.02,807.2517266450808,496.67232093731775,0,-313.90827859368767,85.20296519555846,0.7996465105572725,-15.77238778511932,-27.943300585946865,0.0,0,-31.27430176908115,-24.063870144696693,0,0.3158529094284348,0.1327344609300766,0.0
41.7,0.02,804.6845161315239,515.6043642623155,0,-313.8930853099871,84.88998479497012,0.7596641850294089,-15.649020029416933,-27.943300585946865,0.0,0,-2.5672105135569154,18.93204332499772,0,0.31334895407843066,0.12968496251169637,0.0
41.72,0.02,802.7136193952384,515.913164250143,0,-313.87865169047154,84.57942240239355,0.7216809757779384,-15.528119628828593,-27.943300585946865,0.0,0,-1.9708967362854537,0.30879998782756957,0,0.3108976182848692,0.12672659960506355,0.0
41.74,0.02,837.4928357288228,516.9078322117837,0,-313.8649397519318,84.27122965766851,0.6855969269890415,-15.40963723625202,-27.943300585946865,0.0,0,34.77921633358437,0.99466796164063,0,0.3084976258574251,0.12385530238011005,0.0
41.76,0.02,765.8741184192305,512.6786246013166,0,-313.851913410319,83.96535916783797,0.6513170806395894,-15.29352449152698,-27.943300585946865,0.0,0,-71.61871730959228,-4.229207610467029,0,0.30614774558207464,0.12106724310615308,0.0
41.78,0.02,802.841297149217,506.75435049471304,0,-313.83953838578685,83.66176448780405,0.6187512266076098,-15.17973400169644,-27.943300585946865,0.0,0,36.96717872998647,-5.924274106603605,0,0.3038467886568372,0.11835882064597686,0.0
41.800000000000004,0.02,796.930864927303,515.9264716623642,0,-313.8277821124813,83.3604001013708,0.5878136652772293,-15.06821932166251,-27.943300585946865,0.0,0,-5.910432221913993,9.172121167651142,0,0.3015936063187072,0.11572664586922357,0.0
41.82,0.02,805.9090181216214,532.8330455315376,0,-313.81661365284106,83.06122140266622,0.5584229820133678,-14.95893493522926,-27.943300585946865,0.0,0,8.978153194318452,16.90657386917337,0,0.29938708764624755,0.11316752794334885,0.0
41.84,0.02,830.0021792174227,520.183675822491,0,-313.8060036161828,82.76418467793573,0.5305018329126994,-14.851836236524674,-27.943300585946865,0.0,0,24.093161095801293,-12.649369709046596,0,0.2972261575240407,0.11067846146074456,0.0
41.86,0.02,815.5492188185888,529.1253192657086,0,-313.79592408135744,82.46924708769984,0.5039767412670644,-14.74687951179418,-27.943300585946865,0.0,0,-14.452960398833966,8.941643443217686,0,0.2951097747558512,0.1082566143612574,0.0
41.88,0.02,795.1029935869578,498.4580368948827,0,-313.7863485232734,82.17636664926867,0.47877790420371114,-14.644021921558297,-27.943300585946865,0.0,0,-20.446225231630933,-30.667282370825944,0,0.2930369303146876,0.10589931661006287,0.0
41.9,0.02,808.057220717399,522.0076630486012,0,-313.77725174309353,81.88550221960612,0.4548390089935256,-14.54322148312713,-27.943300585946865,0.0,0,12.954227130441154,23.54962615371852,0,0.29100664571889057,0.10360404959170094,0.0
41.92,0.02,851.0728804643549,487.0212362376855,0,-313.76860980192265,81.59661347853684,0.4320970585438493,-14.444437053464586,-27.943300585946865,0.0,0,43.01565974695586,-34.9864268109157,0,0.2890179715239139,0.10136843618212539,0.0
41.94,0.02,812.0643408933894,527.3761573590341,0,-313.7603999578103,81.30966091228893,0.4104922056166568,-14.347628312395294,-27.943300585946865,0.0,0,-39.00853957096547,40.35492112134858,0,0.2870699859208678,0.09919023146170652,0.0
41.96,0.02,755.6867013679813,491.46915850551284,0,-313.7526006059036,81.02460579736598,0.3899675953358239,-14.252755746147388,-27.943300585946865,0.0,0,-56.377639525408085,-35.90699885352126,0,0.2851617934329629,0.0970673140333211,0.0
41.980000000000004,0.02,818.0182575385836,533.3484507511191,0,-313.7451912215922,80.7414101847415,0.37046921556903273,-14.15978063122444,-27.943300585946865,0.0,0,62.33155617060231,41.87929224560628,0,0.28329252370231905,0.09499767791091263,0.0
42.0,0.02,813.5482578860988,520.9574926541695,0,-313.73815230649643,80.4600368843695,0.3519457547905811,-14.06866501859995,-27.943300585946865,0.0,0,-4.46999965248483,-12.39095809694959,0,0.28146133035988313,0.09297942494523706,0.0
42.02,0.02,796.2230897916611,515.8957591303334,0,-313.7314653371554,80.18044945000494,0.33434846705105203,-13.97937171822795,-27.943300585946865,0.0,0,-17.325168094437686,-5.0617335238360965,0,0.2796673899715948,0.09101075775484896,0.0
42.04,0.02,838.8509815955084,493.06253224767477,0,-313.7251127162814,79.90261216432768,0.3176310436984994,-13.891864283863391,-27.943300585946865,0.0,0,42.62789180384732,-22.833226882658664,0,0.277909901055142,0.08908997313175075,0.0
42.06,0.02,786.4528933433943,504.6909515317902,0,-313.71907772645113,79.62649002436396,0.30174949151357444,-13.806106998186124,-27.943300585946865,0.0,0,-52.39808825211412,11.62841928411541,0,0.2761880831614469,0.08721545589249075,0.0
42.08,0.02,807.5796344362269,502.83199317203906,0,-313.71334448611236,79.35204872719952,0.2866620169378957,-13.722064858222401,-27.943300585946865,0.0,0,21.126741092832617,-1.8589583597511137,0,0.27450117601584983,0.08538567314692602,0.0
42.1,0.02,848.1425001244309,510.43835981039507,0,-313.70789790779054,79.07925465597836,0.2723289160910009,-13.639703561057953,-27.943300585946865,0.0,0,40.56286568820394,7.606366638356008,0,0.2728484387142962,0.08359916895817694,0.0
42.12,0.02,808.8210632320064,518.439337059232,0,-313.7027236583848,78.80807486618163,0.25871247028645084,-13.558989489836794,-27.943300585946865,0.0,0,-39.32143689242446,8.000977248836932,0,0.2712291489702261,0.08185455936869125,0.0
42.14,0.02,798.3471732489963,494.20474288758675,0,-313.6978081214493,78.53847707218083,0.24577684677212827,-13.479889700040058,-27.943300585946865,0.0,0,-10.473889983010054,-24.234594171645256,0,0.2696426024081931,0.08015052776864347,0.0
42.160000000000004,0.02,803.4016480042526,517.5352982549953,0,-313.69313836136064,78.27042963406004,0.23348800443352186,-13.402371906039257,-27.943300585946865,0.0,0,5.054474755256251,23.33055536740852,0,0.268088111900554,0.07848582058419092,0.0
42.18,0.02,803.5611021708805,510.3367809474836,0,-313.6887020892764,78.00390154470166,0.22181360421184576,-13.32640446791847,-27.943300585946865,0.0,0,0.15945416662793832,-7.198517307511679,0,0.2665650069439556,0.07685924326436837,0.0
42.2,0.02,781.6961072829536,528.3863872045001,0,-313.68448763079635,77.73886241713046,0.21072292400125348,-13.2519563785601,-27.943300585946865,0.0,0,-21.86499488792697,18.049606257016535,0,0.26507263307248913,0.07526965654661545,0.0
42.22,0.02,760.2030909927278,508.1706980115287,0,-313.68048389524034,77.47528247211069,0.2001867778011908,-13.178997250988898,-27.943300585946865,0.0,0,-21.493016290225796,-20.21568919297141,0,0.26361035130477695,0.07371597298211625,0.0
42.24,0.02,813.3518905842999,518.4033293324285,0,-313.6766803464621,77.21313252599131,0.19017743891113123,-13.107497305969119,-27.943300585946865,0.0,0,53.14879959157213,10.23263132089977,0,0.262177537622318,0.07219715370322773,0.0
42.26,0.02,776.7161881916148,493.52808027383634,0,-313.67306697512277,76.95238397879432,0.18066856696557465,-13.037427359849737,-27.943300585946865,0.0,0,-36.63570239268506,-24.875249058592146,0,0.26077358247679194,0.07071220541639262,0.0
42.28,0.02,767.0383910309761,522.4893228230792,0,-313.66963427235044,76.69300880254126,0.1716351386172959,-12.96875881265274,-27.943300585946865,0.0,0,-9.677797160638761,28.961242549242854,0,0.2593978903241667,0.06926017760495232,0.0
42.300000000000004,0.02,797.1521306820147,496.3387682786274,0,-313.6663732047167,76.43497952981326,0.1630533816864311,-12.901463636399686,-27.943300585946865,0.0,0,30.1137396510386,-26.15055454445178,0,0.2580498791835601,0.06784015992721504,0.0
42.32,0.02,777.4640348565102,523.579921709004,0,-313.6632751904647,76.17826924253983,0.15490071260210955,-12.835514363671692,-27.943300585946865,0.0,0,-19.688095825504433,27.241153430376585,0,0.25672898021905405,0.06645127979617754,0.0
42.34,0.02,756.444936486761,502.5871199946184,0,-313.6603320769252,75.92285156101187,0.14715567697200407,-12.770884076398257,-27.943300585946865,0.0,0,-21.01909836974926,-20.99280171438562,0,0.2554346373427535,0.06509270012803495,0.0
42.36,0.02,799.2987824787465,502.4349808688678,1,-313.6414590851379,75.65319038139701,0.9436495893657467,-13.483058980742594,-28.775153666854038,-41.59265404535866,0,42.85384599198551,-0.15213912575057975,1,0.2703208123883177,1.0684547940171156,-0.8318530809071731
42.38,0.02,782.5917445171935,484.5521861580915,1,-313.60832691889885,75.37107398316635,1.6566083119517132,-14.10581991153305,-29.36484347522397,-29.484490418496634,0,-16.707037961552942,-17.882794710776295,0,0.28405528087034476,0.9466474090338007,-0.5896898083699327
42.4,0.02,797.0158601224595,505.3065144130342,1,-313.5594931666476,75.0744269334944,2.441687612564009,-14.832352483598225,-30.15234670821156,-39.375161649379464,0,14.42411560526591,20.75432825494272,0,0.30063966378043966,1.0696724201929904,-0.7875032329875893
42.42,0.02,768.1664124145203,509.79741198586396,1,-313.49784277315484,74.76280014262385,3.0825196746366132,-15.581339543527545,-31.556957113050245,-70.23052024193426,0,-28.849447707939134,4.490897572829738,0,0.31766653554645613,0.9857217394994354,-1.4046104048386852
42.44,0.02,745.0857011083324,474.89509371788915,1,-313.4256838095513,74.43968384238151,3.607948180178282,-16.155815012116992,-32.417060247833966,-43.005156739186035,0,-23.080711306187936,-34.902318267974806,0,0.3310756099603726,0.7785224328475172,-0.8601031347837207
42.46,0.02,782.5969956718525,526.9027204043897,1,-313.3392651463805,74.09987727009873,4.320933158537541,-16.990328614138942,-33.65317546892152,-61.805761054377584,0,37.511294563520096,52.007626686500544,0,0.3506232905994662,1.0976158395930709,-1.2361152210875517
42.480000000000004,0.02,790.7413712337575,486.8036124000486,1,-313.2377723460864,73.74739033657595,5.074640014706317,-17.624346676139186,-33.59511402726654,2.903072082748892,0,8.144375561905008,-40.099108004341076,0,0.36680761553686175,0.9849126499230101,0.05806144165497784
42.5,0.02,790.1363869005803,488.3171475414924,1,-313.1212659071022,73.382071688299,5.82532194920921,-18.265932413846645,-33.58915616992975,0.29789286683943317,0,-0.6049843331771854,1.5135351414437537,0,0.3834468217415079,0.9874996838574834,0.005957857336788663
42.52,0.02,793.2745720660025,500.751105983746,1,-312.9894320109114,73.0026779294237,6.5916948095392325,-18.969687943765376,-33.857703491216036,-13.427366064314228,0,3.1381851654222146,12.43395844225364,0,0.4016463624363931,1.0404802770555595,-0.26854732128628456
42.54,0.02,773.7568497245759,495.6417479897033,1,-312.8442224297482,72.60971999574942,7.260479058162103,-19.647896683713892,-34.36585177607252,-25.40741424282409,0,-19.517722341426634,-5.109357994042739,0,0.41892930202977874,0.952491189538576,-0.5081482848564818
42.56,0.02,771.5956782485486,512.3282192705558,1,-312.6858532807601,72.20152924014808,7.918457449404853,-20.409537780066668,-35.322143291267395,-47.81457575974386,0,-2.1611714760273344,16.686471280852516,0,0.4378361340839725,1.006495267249606,-0.9562915151948772
42.58,0.02,792.0107999563483,503.90919804151974,1,-312.51228305177636,71.7789475647426,8.6785114491866,-21.129083770274267,-35.49486869986901,-8.636270430080728,0,20.4151217077997,-8.419021229036048,0,0.4568390272053988,1.0466272089947146,-0.17272540860161456
42.6,0.02,722.7716620389177,491.15693689801424,1,-312.33043565658875,71.34325019564731,9.092369759381198,-21.78486845476434,-37.304870362197335,-90.50008311641626,0,-69.23913791743053,-12.752261143505507,0,0.47212357765003643,0.7754561582248684,-1.8100016623283253
42.62,0.02,769.6270977969888,491.20855093985307,1,-312.13562555162144,70.89443197145805,9.740505248366132,-22.440911209463604,-37.38313208906303,-3.9130863432848884,0,46.85543575807105,0.05161404183883178,0,0.4892737223291058,0.9222102298690569,-0.07826172686569777
42.64,0.02,769.8710772330703,502.4188284662805,1,-311.9278283389308,70.43137186442215,10.389860634531486,-23.153005351795006,-37.78292258360161,-19.98952472692892,0,0.24397943608153128,11.210277526427433,0,0.5075473813646397,0.9637118267846728,-0.3997904945385784
42.660000000000004,0.02,744.3160506170849,496.1551919645995,1,-311.70959952117846,69.95469623818978,10.911440887616918,-23.833781311618,-38.70542285518321,-46.12501357907988,0,-25.555026615985412,-6.263636501680992,0,0.524255156905106,0.8576140553195145,-0.9225002715815975
42.68,0.02,721.9635492419371,509.03710224512156,1,-311.4831743485019,69.46311690173292,11.3212586338266,-24.578966822843608,-40.764154458084576,-102.93658014506839,0,-22.352501375147767,12.88191028052205,0,0.5412195514326702,0.8504422562696148,-2.058731602901368
42.7,0.02,753.6066397883114,491.43748765350995,1,-311.24538851184656,68.95839381651069,11.88929183276815,-25.236154261111157,-40.89068370451959,-6.3264623217506255,0,31.64309054637431,-17.599614591611612,0,0.5579314445970263,0.8686524299836115,-0.1265292464350125
42.72,0.02,772.6377406234153,506.6661321078085,1,-310.99433890112886,68.43900411807769,12.552480535885222,-25.969484921650196,-40.93934398434625,-2.433013991333155,0,19.03110083510387,15.228644454298546,0,0.57688089401525,0.9887330851290086,-0.0486602798266631
42.74,0.02,763.8978108544509,503.33748924371787,1,-310.7308995093257,67.90528067072032,13.171969590157486,-26.68617236786878,-41.11366513948835,-8.716057757104778,0,-8.73992976896443,-3.328642864090625,0,0.5951983126762534,0.9473159894831625,-0.17432115514209556
42.76,0.02,746.2773169246077,493.65371980416717,1,-310.45683238583007,67.35819185138253,13.703356174780536,-27.354440966889616,-41.50499370666895,-19.56642835903004,0,-17.620493929843178,-9.683769439550701,0,0.6118978382259421,0.8537883946005698,-0.39132856718060083
42.78,0.02,750.6688657238903,470.8458360454797,1,-310.17169837576205,66.80001844844018,14.256700503399996,-27.90867014711701,-40.735948750103915,38.45224782825163,0,4.391548799282646,-22.807883758687467,0,0.6267846132841063,0.7831729887009964,0.7690449565650326
42.800000000000004,0.02,731.7144749621552,517.3124825255436,1,-309.8773929181978,66.22611379724529,14.715272878210781,-28.695232559744728,-42.468720437526784,-86.63858437114342,0,-18.954390761735112,46.4666464800639,0,0.6449668604007704,0.9104773758300302,-1.7327716874228685
42.82,0.02,751.6834292740965,488.13183469866664,1,-309.5719191177062,65.63939596258052,15.273690024581269,-29.33589173323806,-42.27851038429396,9.51050266164124,0,19.968954311941275,-29.180647826876964,0,0.6614771804835704,0.8498669813222062,0.1902100532328248
42.84,0.02,778.3262652723939,517.1625743505645,1,-309.25261269068733,65.03696187048071,15.96532135094324,-30.121704604990885,-42.283798118415106,-0.26438670605735126,0,26.642835998297414,29.030739651897818,0,0.6818236059712904,1.04683129539465,-0.005287734121147025
42.86,0.02,734.648052956495,485.96983257473374,1,-308.9238414583728,64.42193079512342,16.438561615725718,-30.751553767864554,-42.67775440460916,-19.69781430970272,0,-43.67821231589892,-31.19274177583071,0,0.6973906701790319,0.7878237849824351,-0.39395628619405443
42.88,0.02,738.0434844733551,483.7399607110435,1,-308.58526587761094,63.79452572369502,16.9287790380925,-31.37025357141977,-42.76416958114941,-4.320758827012483,0,3.3954315168600715,-2.229871863690221,0,0.7129309556628266,0.7893684615635439,-0.08641517654024966
42.9,0.02,713.7416944287586,474.4688783125551,1,-308.2393161274062,63.15567376443536,17.297487510236294,-31.942597962982546,-43.71412329777677,-47.49768583136813,0,-24.301790044596487,-9.271082398488431,0,0.7265074366561014,0.6808259983167325,-0.9499537166273626
42.92,0.02,747.7788507588184,478.1524379112567,1,-307.8825884921256,62.50500656138458,17.836381764030392,-32.53336015253883,-42.97882367958224,36.764980909726575,0,34.037156330059815,3.6835595987016063,0,0.7420393620953125,0.7996292774665242,0.7352996181945315
42.94,0.02,725.3467467442496,500.8222881079348,1,-307.51732618217056,61.84025712952301,18.26311549775164,-33.23747159307851,-44.35183301054045,-68.65046654791058,0,-22.432104014568836,22.669850196678112,0,0.7584908451879739,0.8233314036246505,-1.3730093309582116
42.96,0.02,731.9290933471142,494.22664654482685,1,-307.1428709628808,61.16208503300696,18.722760964487208,-33.90860482580264,-44.980038871371235,-31.410293041539106,0,6.582346602864618,-6.595641563107961,0,0.7746832280011715,0.8134456165948025,-0.6282058608307821
42.980000000000004,0.02,721.3260422053412,469.0938846312143,1,-306.76028313937053,60.47300354802778,19.129391175513916,-34.45407424895871,-44.78380395912359,9.811745612382339,0,-10.603051141772994,-25.13276191361257,0,0.7881666928000947,0.680356538968975,0.19623491224764678
43.0,0.02,728.4826469957286,473.2901356912446,1,-306.3688470511607,59.77259304947948,19.571804410492547,-35.02052492741494,-44.4291045895536,17.73496847849927,0,7.156604790387405,4.196251060030306,0,0.8023696639515381,0.7187460202378707,0.3546993695699854
43.02,0.02,694.5286974567395,503.7097828098915,1,-305.97195809320516,59.057811572650195,19.844447897776234,-35.739073841464396,-47.82522169234926,-169.80585513978284,0,-33.95394953898915,30.419647118646935,0,0.8175777666774457,0.7685356289983334,-3.3961171027956567
43.04,0.02,725.118411513533,505.2763386026509,1,-305.5665572940983,58.32850246196064,20.27003995534389,-36.465455534477655,-48.878614824298154,-52.669656597444714,0,30.589714056793582,1.5665557927594023,0,0.8344109220589583,0.8418782355005261,-1.0533931319488943
43.06,0.02,716.1305889482727,523.5368986163494,1,-305.1535434360966,57.58283966140945,20.65069290008526,-37.2831400275594,-50.85287504900307,-98.71301123524567,0,-8.98782256526033,18.260560013698466,0,0.8524045160763123,0.9019448955266741,-1.9742602247049135
43.08,0.02,747.2019449308739,478.4956785333205,1,-304.7298093836018,56.82532729300493,21.186702624739638,-37.875618420226004,-49.107457926186505,87.2708561408281,0,31.071355982601176,-45.04122008302892,0,0.8679720822293177,0.7989599931791749,1.745417122816562
43.1,0.02,741.4472493261517,493.5873055587592,1,-304.29593060617435,56.05445619404453,21.693938871370392,-38.5435549480198,-48.61873638126934,24.4360772458581,0,-5.754695604722201,15.091627025438754,0,0.8845863692790707,0.8387060361397737,0.488721544917162
43.12,0.02,733.9830176659386,486.2067340822431,1,-303.85265352698036,55.27096442167591,22.163853959700077,-39.17458861843102,-48.15124387466683,23.374625330125554,0,-7.464231660213045,-7.380571476516138,0,0.9001966042526915,0.78678058150449,0.46749250660251107
43.14,0.02,700.7929237259555,492.38960782824466,0,-303.43154030174605,54.49930088475467,21.055661261715073,-38.58317684606239,-48.15124387466683,0.0,0,-33.19009393998317,6.182873746001576,1,0.8790909865770705,1.2561285524831756,0.0
43.160000000000004,0.02,724.651302830787,506.510338484679,0,-303.03148273777344,53.73922901857185,20.00287819862932,-38.003593309141145,-48.15124387466683,0.0,0,23.858379104831556,14.120730656434318,0,0.8589268282306314,1.2017775393933643,0.0
43.18,0.02,726.410101758617,525.9502915932873,0,-302.65142805199946,52.99051698971268,19.00273428869785,-37.43560144295832,-48.15124387466683,0.0,0,1.7587989278299574,19.43995310860828,0,0.8396494901666839,1.1501750304292155,0.0
43.2,0.02,689.8506956625284,515.4444867212106,0,-302.2903761005142,52.252937601430695,18.052597574262958,-36.87896941409915,-48.15124387466683,0.0,0,-36.55940609608854,-10.505804872076624,0,0.8212075655336702,1.1011807261612467,0.0
43.22,0.02,748.1807064125534,493.40804789445303,0,-301.9473767466032,51.52626820091435,17.149967695549808,-36.333470025817164,-48.15124387466683,0.0,0,58.33001075002494,-22.036438826757603,0,0.8035527203800337,1.054661216012867,0.0
43.24,0.02,711.5021954586385,520.7099489403956,0,-301.62152736038774,50.810290588408336,16.29246931077232,-35.79888062530082,-48.15124387466683,0.0,0,-36.67851095391484,27.3019010459426,0,0.7866395388656752,1.0104896372751329,0.0
43.26,0.02,681.4773907861879,495.62688943093514,0,-301.31197044348306,50.10479092815244,15.477845845233702,-35.2749830127948,-48.15124387466683,0.0,0,-30.024804672450614,-25.083059509460497,0,0.7704253730405801,0.9685453520592893,0.0
43.28,0.02,717.5992669875822,514.8073080273211,0,-301.0178913724236,49.40955966110166,14.703953552972017,-34.7615633525389,-48.15124387466683,0.0,0,36.12187620139423,19.180418596386005,0,0.7548701972658778,0.9287136413121797,0.0
43.300000000000004,0.02,722.7535797332383,504.02627961102974,0,-300.73851625491716,48.7243914193919,13.968755875323415,-34.25841208548812,-48.15124387466683,0.0,0,5.154312745656171,-10.781028416291406,0,0.7399364673601283,0.8908854150533079,0.0
43.32,0.02,713.7102035710237,492.21397102680623,0,-300.473109893286,48.04908494251633,13.270318081557244,-33.765323843778354,-48.15124387466683,0.0,0,-9.0433761622146,-11.812308584223501,0,0.7255889845528157,0.8549569380228357,0.0
43.34,0.02,658.2100347675092,488.0008696222095,0,-300.2209738497364,47.38344299517828,12.60680217747938,-33.28209736690278,-48.15124387466683,0.0,0,-55.5001688035145,-4.213101404596728,0,0.711794764319621,0.820829569958248,0.0
43.36,0.02,706.5055098728882,505.05354144186964,0,-299.9814446083643,46.727272286786985,11.97646206860541,-32.80853541956473,-48.15124387466683,0.0,0,48.295475105378955,17.052671819660134,0,0.6985229101633181,0.7884095197432988,0.0
43.38,0.02,709.150744928167,475.9178563170692,0,-299.7538918290608,46.08038339256352,11.377638965175139,-32.34444471117343,-48.15124387466683,0.0,0,2.6452350552788175,-29.135685124800432,0,0.6857444923864885,0.7576076126973629,0.0
43.4,0.02,719.8728763875102,496.5864086495291,0,-299.53771668872247,45.44259067622452,10.808757016916381,-31.88963581694996,-48.15124387466683,0.0,0,10.722131459343245,20.66855233245991,0,0.6734324318856239,0.7283390702958736,0.0
43.42,0.02,703.208643377822,508.31911326796705,0,-299.33235030540106,44.8137122142123,10.268319166070562,-31.44392310061096,-48.15124387466683,0.0,0,-16.664233009688246,11.732704618437936,0,0.6615613889741192,0.7005233016346689,0.0
43.44,0.02,682.9649613170908,475.67886733119013,0,-299.13725224124573,44.193569721440326,9.754903207767033,-31.007124638598743,-48.15124387466683,0.0,0,-20.243682060731203,-32.64024593677692,0,0.6501076572219386,0.6740837059720172,0.0
43.46,0.02,717.6965328931399,450.22934488424846,0,-298.95190908029815,43.58198847852379,9.26715804737868,-30.579062145826768,-48.15124387466683,0.0,0,34.73157157604908,-25.44952244694167,0,0.6390490622772059,0.6489474857031315,0.0
43.480000000000004,0.02,712.2471237590528,488.64464311991753,0,-298.775833077398,42.97879726046558,8.803800145009747,-30.159560902910233,-48.15124387466683,0.0,0,-5.449409134087091,38.41529823566907,0,0.6283648656153887,0.6250454691430505,0.0
43.5,0.02,693.1249023806013,505.9628510538757,0,-298.6085608746428,42.383828266768546,8.36361013775926,-29.74844968485203,-48.15124387466683,0.0,0,-19.122221378451513,17.31820793395815,0,0.6180356731414681,0.6023119425152413,0.0
43.52,0.02,653.2441397401918,478.444064832733,0,-298.4496522820254,41.796917052945446,7.945429630871296,-29.34556069115499,-48.15124387466683,0.0,0,-39.88076264040944,-27.518786221142705,0,0.6080433485525146,0.5806844905654769,0.0
43.54,0.02,659.5799732106633,461.2865003537543,0,-298.29868911903884,41.21790246339881,7.548158149327731,-28.95072947733189,-48.15124387466683,0.0,0,6.335833470471471,-17.157564478978657,0,0.5983709313517557,0.5601038452437559,0.0
43.56,0.02,641.0249182911357,493.024620442535,0,-298.15527411420163,40.6466265656431,7.170750241861344,-28.563794887785253,-48.15124387466683,0.0,0,-18.555054919527606,31.738120088780704,0,0.5890025593909103,0.5405137419213148,0.0
43.58,0.02,688.5769901402502,548.2060750692282,0,-298.0190298596063,40.082934585842516,6.812212729768277,-28.18459899002955,-48.15124387466683,0.0,0,47.552071849114554,55.18145462669315,0,0.5799233958047787,0.5218607826352165,0.0
43.6,0.02,679.9305958305512,490.915422865565,0,-297.8895978177407,39.526674845637935,6.471602093279863,-27.81298701022896,-48.15124387466683,0.0,0,-8.646394309699076,-57.29065220366317,0,0.5711195601920515,0.5040943058797203,0.0
43.62,0.02,688.561062233839,493.2775276415155,0,-297.7666373779684,38.97769870023745,6.148021988615869,-27.448807270024382,-48.15124387466683,0.0,0,8.630466403287869,2.362104775950513,0,0.5625780638878322,0.48716626249139433,0.0
43.64,0.02,673.5424567470516,487.15564671833624,0,-297.6498249601847,38.43586047774497,5.840620889185075,-27.091911124623895,-48.15124387466683,0.0,0,-15.018605486787465,-6.121880923179276,0,0.5542867491671483,0.47103109720376896,0.0
43.660000000000004,0.02,665.1977263638279,499.1846730779318,0,-297.5388531632902,37.90101741970234,5.5485898447258215,-26.74215290213142,-48.15124387466683,0.0,0,-8.344730383223691,12.029026359595548,0,0.546234232213964,0.455645635476802,0.0
43.68,0.02,663.2823290600005,486.799817264893,0,-297.4334299562404,37.37302962282057,5.27116035248953,-26.39938984408879,-48.15124387466683,0.0,0,-1.9153973038273762,-12.384855813038769,0,0.538409849687702,0.44096897523660394,0.0
43.7,0.02,695.3885748175607,501.6736031082381,0,-297.3332779095431,36.85175998187643,5.007602334865053,-26.063482047207017,-48.15124387466683,0.0,0,32.106245757560146,14.873785843345104,0,0.5308036087176613,0.42696238319096785,0.0
43.72,0.02,671.6091485329642,482.14984057536947,0,-297.2381334651806,36.337074133751166,4.7572222181218,-25.734292406262878,-48.15124387466683,0.0,0,-23.77942628459641,-19.52376253286866,0,0.5234061401564376,0.41358919541653505,0.0
43.74,0.02,671.5939248973817,492.0456867028942,0,-297.1477462430363,35.82884040258841,4.51936110721571,-25.41168655813762,-48.15124387466683,0.0,0,-0.015223635582515271,9.895846127524749,0,0.5162086549241333,0.40081472194281415,0.0
43.76,0.02,669.3909892843368,503.01881642135646,0,-297.0618783819992,35.32692974604891,4.293393051854924,-25.09553282697487,-48.15124387466683,0.0,0,-2.2029356130449287,10.973129718462246,0,0.5092029032782531,0.3886061550872085,0.0
43.78,0.02,689.2624627167849,488.79436870845836,0,-296.9803039140139,34.8312157026402,4.078723399262177,-24.785702170435375,-48.15124387466683,0.0,0,19.871473432448056,-14.224447712898098,0,0.5023811368470078,0.3769324813225652,0.0
43.800000000000004,0.02,680.8531964453675,474.5117132719122,1,-296.89464412638415,34.3240504879043,4.2829893814890205,-25.358260736794936,-49.6516886227505,-75.0222374041833,0,-8.409266271417323,-14.282655436546179,1,0.5143482810847986,0.6079045183306444,-1.500444748083666
43.82,0.02,633.7664980261534,491.70954151820916,1,-296.80960768895176,33.803714319016585,4.2518218716198,-26.016808444385983,-54.73443990914445,-254.1375643196975,0,-47.086698419214144,17.19782824629698,0,0.5272389632262962,0.6592848374146578,-5.08275128639395
43.84,0.02,657.5005847891371,487.70400659714574,1,-296.72282119304043,33.27060774946915,4.339324795565492,-26.65532847737171,-57.58471218688418,-142.5136138869867,0,23.73408676298368,-4.005534921063429,0,0.5401245322767713,0.64448785420917,-2.850272277739734
43.86,0.02,667.4816192492156,474.2044185740106,1,-296.6332865352042,32.72608073806431,4.476732891811569,-27.226350570241763,-59.10344935580197,-75.9368584458894,0,9.98103446007849,-13.499588023135118,0,0.5518388542893069,0.587322071320043,-1.518737168917788
43.88,0.02,648.4880424235672,490.23925716443136,1,-296.5429030731256,32.168529800943034,4.519173103929408,-27.877546856063923,-62.23543490921767,-156.59927767078514,0,-18.993576825648347,16.034838590420748,0,0.5648293704315728,0.6525777917407108,-3.131985553415703
43.9,0.02,630.6459590219729,488.8068501651242,1,-296.4534550151448,31.598098178805245,4.472402899039285,-28.521581106889542,-66.44237961024619,-210.34723505142594,0,-17.842083401594323,-1.4324069993071475,0,0.5774021047859862,0.6457302597075507,-4.206944701028519
43.92,0.02,627.2866150663514,463.002700532937,0,-296.3684793600631,31.03523358911021,4.24878275408732,-28.143229484751753,-66.44237961024619,0.0,0,-3.3593439556215117,-25.804149632187205,1,0.5692428377143891,0.43949507301292207,0.0
43.94,0.02,638.3102457755889,477.3889652500323,0,-296.2877524877354,30.479784691209076,4.036343616382954,-27.77244489505672,-66.44237961024619,0.0,0,11.023630709237523,14.386264717095287,0,0.5612845143912218,0.4273307842689194,0.0
43.96,0.02,660.9159258759262,465.30137069394056,0,-296.21106195902416,29.931603171265966,3.8345264355638062,-27.409075997155586,-66.44237961024619,0.0,0,22.60568010033728,-12.087594556091744,0,0.5535200231257676,0.41565265599496926,0.0
43.980000000000004,0.02,639.0853035616198,460.65525762650054,0,-296.13820595674844,29.390543681721716,3.642800113785616,-27.052974477212477,-66.44237961024619,0.0,0,-21.830622314306424,-4.646113067440012,0,0.5459426419446318,0.4044345125831711,0.0
44.0,0.02,659.5100589369391,490.60688073336,0,-296.06899275458653,28.85646378196835,3.460660108096335,-26.703994987668228,-66.44237961024619,0.0,0,20.424755375319364,29.951623106859472,0,0.5385460116592355,0.3936517062011235,0.0
44.02,0.02,635.5568324798143,466.0858892865582,0,-296.0032402125327,28.329223880210055,3.287627102691518,-26.361995087914863,-66.44237961024619,0.0,0,-23.953226457124856,-24.520991446801816,0,0.531324110870791,0.38328103578279843,0.0
44.04,0.02,625.6457611457292,470.97458345273355,0,-295.9407752975816,27.808687176486924,3.123245747556942,-26.026835186156568,-66.44237961024619,0.0,0,-9.911071334085022,4.888694166175355,0,0.5242712327820357,0.37330066925001615,0.0
44.06,0.02,627.5932445288813,451.6945353031542,0,-295.881433628378,27.294719606838257,2.9670834601790945,-25.698378482433437,-66.44237961024619,0.0,0,1.9474833831520755,-19.28004814957933,0,0.5173819636926159,0.36369006890448047,0.0
44.08,0.02,628.7382901032927,455.05214901337996,0,-295.82505904263456,26.787189788582562,2.8187292871701395,-25.37649091278477,-66.44237961024619,0.0,0,1.1450455744113697,3.357613710225735,0,0.5106511630618297,0.3544299199326941,0.0
44.1,0.02,615.4244748255625,496.15067577292393,0,-295.77150318617834,26.285968966691982,2.6777928228116323,-25.061041094529077,-66.44237961024619,0.0,0,-13.313815277730214,41.09852675954397,0,0.5040739450293271,0.3455020619669683,0.0
44.12,0.02,644.987247969984,477.6995003773383,0,-295.7206251225449,25.790930961239212,2.5439031816710505,-24.751900272638498,-66.44237961024619,0.0,0,29.5627731444215,-18.451175395585608,0,0.4976456612909876,0.3368894236451138,0.0
44.14,0.02,601.4233109915361,483.2097804997369,0,-295.67229096209314,25.301952115895496,2.416708022587498,-24.44894226718573,-66.44237961024619,0.0,0,-43.56393697844783,5.510280122398569,0,0.49136188523353175,0.3285759601100031,0.0
44.160000000000004,0.02,594.2010977101431,443.1658616028344,0,-295.626373509664,24.818911247458654,2.295872621458123,-24.152043421842016,-66.44237961024619,0.0,0,-7.22221328139301,-40.04391889690248,0,0.4852183972375739,0.3205465933878044,0.0
44.18,0.02,653.216747034467,458.20682300516654,0,-295.58275192985633,24.34168959639055,2.181078990385217,-23.861082553405176,-66.44237961024619,0.0,0,59.01564932432382,15.04096140233213,0,0.4792111710645772,0.31278715558095255,0.0
44.2,0.02,635.0798437758114,472.60336508871313,0,-295.541311429039,23.87017077834381,2.072025040865956,-23.575940902337074,-66.44237961024619,0.0,0,-18.136903258655593,14.396542083546592,0,0.47333636124872913,0.3052843348087037,0.0
44.22,0.02,596.0173898370703,479.9029343028498,0,-295.5019429532626,23.404240736658004,1.9684237888226581,-23.296502084290335,-66.44237961024619,0.0,0,-39.0624539387411,7.299569214136682,0,0.46759029142005865,0.29802562382502823,0.0
44.24,0.02,602.0927341699035,479.7354621446301,0,-295.46454290127497,22.943787695805913,1.870002599381525,-23.02265204260453,-66.44237961024619,0.0,0,6.075344332833197,-0.1674721582197094,0,0.46196944349016605,0.2909992712401945,0.0
44.26,0.02,618.0282044623755,492.93829052403686,0,-295.42901285188674,22.488702115770863,1.7765024694124487,-22.75427900175244,-66.44237961024619,0.0,0,15.935470292472019,13.202828379406753,0,0.45647044763639144,0.284194235269528,0.0
44.28,0.02,590.9695741144146,483.38168427424216,0,-295.3952593049679,22.038876647336515,1.6876773459418262,-22.49127342171739,-66.44237961024619,0.0,0,-27.058630347960843,-9.556606249794697,0,0.45109007302509135,0.277600139929979,0.0
44.300000000000004,0.02,630.3621296154645,452.5850237070645,0,-295.36319343539503,21.594206088270855,1.6032934786447348,-22.233527953283044,-66.44237961024619,0.0,0,39.392555501049856,-30.79666056717764,0,0.4458252192185085,0.2712072336027455,0.0
44.32,0.02,589.1078361588637,461.054676648969,0,-295.3327308593008,21.154587340386506,1.523128804712498,-21.980937394217385,-66.44237961024619,0.0,0,-41.25429345660075,8.469652941904485,0,0.44067290821390454,0.26500634987819466,0.0
44.34,0.02,615.2445350408135,470.90529258377666,0,-295.30379141201126,20.719919367459845,1.446972364476873,-21.73339864633304,-66.44237961024619,0.0,0,26.13669888194977,9.85061593480765,0,0.43563027706714347,0.2589888705977763,0.0
44.36,0.02,605.1693093292827,503.1048575159718,0,-295.2762989370862,20.290103153991716,1.3746237462530293,-21.49081067340638,-66.44237961024619,0.0,0,-10.075225711530834,32.19956493219513,0,0.4306945710565494,0.2531466910065499,0.0
44.38,0.02,612.3558038956935,490.52667412579126,0,-295.2501810859074,19.86504166479295,1.3058925589403778,-21.253074459938254,-66.44237961024619,0.0,0,7.186494566410829,-12.578183390180527,0,0.425863137345873,0.24747218692929643,0.0
44.4,0.02,588.2444999315912,473.012367040412,0,-295.22536912728754,19.444639805378163,1.2405979309933588,-21.02009297073949,-66.44237961024619,0.0,0,-24.111303964102262,-17.514307085379244,0,0.42113341910844027,0.24195818388311097,0.0
44.42,0.02,603.9703332433999,478.6561118634591,0,-295.20179776659865,19.02880438315167,1.1785680344436908,-20.791771111324703,-66.44237961024619,0.0,0,15.725833311808628,5.643744823047086,0,0.41650295007720145,0.23659792803950866,0.0
44.44,0.02,596.8696554222655,464.03558697201703,0,-295.1794049739442,18.617444069369704,1.1196396327215064,-20.56801568909821,-66.44237961024619,0.0,0,-7.100677821134354,-14.620524891442074,0,0.4119693494881171,0.23138505894998304,0.0
44.46,0.02,589.6079535390691,453.78188722667437,0,-295.1581318209225,18.210469361863378,1.063657651085431,-20.34873537531625,-66.44237961024619,0.0,0,-7.2617018831964515,-10.253699745342658,0,0.4075303173867481,0.22631358394983153,0.0
44.480000000000004,0.02,567.48625921048,472.05294863676494,0,-295.13792232555187,17.80779254850718,1.0104747685311595,-20.133840667809924,-66.44237961024619,0.0,0,-22.121694328589115,18.271061410090567,0,0.4031836302701761,0.22137785415666653,0.0
44.5,0.02,571.4351582789186,498.7166985591958,0,-295.11872330494975,17.409327671418104,0.9599510301046015,-19.923243854453727,-66.44237961024619,0.0,0,3.9488990684386636,26.66374992243084,0,0.39892713703844807,0.21657254198161927,0.0
44.52,0.02,552.3588136503164,429.9972849927358,0,-295.1004842353778,17.01499049187081,0.9119534785993714,-19.71685897736465,-66.44237961024619,0.0,0,-19.076344628602214,-68.71941356645999,0,0.3947587552318057,0.21189262007339904,0.0
44.54,0.02,595.3720613416992,477.64377451563155,0,-295.0831571192844,16.624698455914466,0.8663558046694028,-19.51460179781736,-66.44237961024619,0.0,0,43.013247691382844,47.64648952289576,0,0.39067646753172025,0.20733334161742842,0.0
44.56,0.02,593.6001209459449,452.8584674531936,0,-295.06669635899567,16.238370660677244,0.8230380144359326,-19.316389761861014,-66.44237961024619,0.0,0,-1.7719403957543136,-24.785307062437937,0,0.3866783185053641,0.20289022191488293,0.0
44.58,0.02,622.6234183331352,477.7823937373542,0,-295.0510586367214,15.855927821344768,0.781886113714136,-19.122141966623794,-66.44237961024619,0.0,0,29.02329738719027,24.923926284160586,0,0.3827624115748749,0.19855902116886523,0.0
44.6,0.02,590.1802561033268,442.75611455757956,0,-295.03620280056083,15.477292238798942,0.7427918080284291,-18.931779127291318,-66.44237961024619,0.0,0,-32.44316222980842,-35.02627917977463,0,0.3789269061941187,0.1943357284077468,0.0
44.62,0.02,576.5685383387216,465.0795438982017,0,-295.0220897562083,15.102387767904032,0.7056522176270077,-18.745223544745492,-66.44237961024619,0.0,0,-13.611717764605146,22.323429340622113,0,0.37517001521695326,0.19021654647847422,0.0
44.64,0.02,583.6925124365902,464.3024943908403,0,-295.00868236407337,14.73113978642702,0.6703696067456573,-18.562399073850585,-66.44237961024619,0.0,0,7.12397409786854,-0.7770495073613688,0,0.37149000244234764,0.18619787804539434,0.0
44.660000000000004,0.02,577.1385672865717,437.37637195679935,0,-294.9959453415452,14.36347516457955,0.6368511264083744,-18.383231092373574,-66.44237961024619,0.0,0,-6.553945150018421,-26.926122434040963,0,0.36788518032278245,0.1822763125331086,0.0
44.68,0.02,589.2427482160012,458.95480983025294,0,-294.98384517014347,13.999322235169027,0.6050085700879556,-18.207646470526104,-66.44237961024619,0.0,0,12.104180929429504,21.578437873453595,0,0.36435390782344695,0.1784486139546568,0.0
44.7,0.02,584.3716193355764,462.2200739135228,0,-294.9723500073118,13.638610764346716,0.5747581415835578,-18.035573541115582,-66.44237961024619,0.0,0,-4.8711288804248625,3.2652640832698694,0,0.36089458842066635,0.17471170956927337,0.0
44.72,0.02,529.0206488052056,466.3743117966751,0,-294.9614296026217,13.28127192294085,0.5460202345043799,-17.86694207029327,-66.44237961024619,0.0,0,-55.35097053037077,4.154237883152291,0,0.357505668229025,0.17106267931664054,0.0
44.74,0.02,550.9969045880853,439.2311754346156,0,-294.9510552181661,12.9272382583631,0.5187192227791608,-17.701683228887404,-66.44237961024619,0.0,0,21.97625578287966,-27.143136362059522,0,0.35418563424732824,0.16749874597748357,0.0
44.76,0.02,615.7421677514209,467.30778819898643,0,-294.9411995529333,12.576443667076907,0.49278326164020275,-17.539729564309656,-66.44237961024619,0.0,0,64.74526316333561,28.07661276437085,0,0.3509330127144338,0.16401726601295133,0.0
44.78,0.02,571.3952686808583,472.49537731950534,0,-294.9318366709621,12.228823367616437,0.4681440985581926,-17.381014973023465,-66.44237961024619,0.0,0,-44.346899070562586,5.187589120518908,0,0.3477463675666405,0.16061572103790048,0.0
44.800000000000004,0.02,582.7431863425104,475.6912227978986,0,-294.92294193308953,11.884313874145176,0.44473689363028296,-17.225474673562996,-66.44237961024619,0.0,0,11.347917661652104,3.1958454783932666,0,0.34462429898898134,0.15729170988577104,0.0
44.82,0.02,530.4130927011413,457.14817276661626,0,-294.91449193211054,11.542852970543342,0.4225000489487688,-17.073045180091736,-66.44237961024619,0.0,0,-52.3300936413691,-18.54305003128235,0,0.3415654420533883,0.15404294122514892,0.0
44.84,0.02,553.1694726538683,506.7071623986677,0,-294.9064644311805,11.204379685013544,0.4013750465013303,-16.9236642764899,-66.44237961024619,0.0,0,22.756379952727002,49.558989632051464,0,0.3385684654372254,0.15086722669057295,0.0
44.86,0.02,568.2298452248253,453.50320676119856,0,-294.898838305297,10.868834265194343,0.38130629417626377,-16.777270990960105,-66.44237961024619,0.0,0,15.060372570957043,-53.203955637469164,0,0.33563207021623453,0.14776247449231997,0.0
44.88,0.02,561.6702179500451,453.2346094156129,0,-294.89159348570763,10.536158153771524,0.36224097946745054,-16.633805571140904,-66.44237961024619,0.0,0,-6.559627274780269,-0.26859734558564696,0,0.3327549887263749,0.14472668347214204,0.0
44.9,0.02,539.2395678854555,455.50764757466516,0,-294.88471090709777,10.206293964577162,0.344128930494078,-16.493209459718088,-66.44237961024619,0.0,0,-22.4306500645896,2.2730381590522484,0,0.3299359834894867,0.14175793757398847,0.0
44.92,0.02,565.9750340807171,437.2353706700923,0,-294.8781724574184,9.879185459166687,0.32692248396937407,-16.355425270523728,-66.44237961024619,0.0,0,26.735466195261665,-18.272276904572834,0,0.3271738461981411,0.1388544007007145,0.0
44.94,0.02,545.0303756832993,473.3340988617167,1,-294.88113097017066,9.54074354387004,-0.14792563761413158,-16.922095764832314,-73.79639553738389,-367.7007963568847,0,-20.94465839741781,36.09872819162439,1,0.33845484606867154,0.7393214373270399,-7.354015927137695
44.96,0.02,548.754384065789,458.1525060749714,1,-294.89321404451636,9.192486377965896,-0.6041537172851954,-17.412858295207172,-80.90473279774878,-355.41686301824456,0,3.7240083824897283,-15.181592786745284,0,0.3484667190553929,0.6700685949216548,-7.108337260364891
44.980000000000004,0.02,556.1594318495679,433.1585006346872,1,-294.9136811756771,8.836913361998283,-1.0233565580373445,-17.77865079838061,-88.3454027292024,-372.0334965726813,0,7.405047783778855,-24.99400544028424,0,0.35616158291182193,0.5563588563800898,-7.440669931453627
45.0,0.02,518.5265513468585,469.8611014142632,1,-294.94629565170317,8.470354235889245,-1.6307238013030578,-18.327956305451927,-94.33399188902683,-299.4294579912214,0,-37.63288050270944,36.70260077957602,0,0.36800719691369876,0.8189209414168555,-5.9885891598244285
45.02,0.02,543.7239779870976,437.55852699166036,1,-294.9885377299305,8.09603925708104,-2.1121039113675786,-18.71574894041023,-100.54526803543693,-310.56380732050496,0,25.197426640239087,-32.302574422602845,0,0.376690982813699,0.6181504170455869,-6.2112761464101
45.04,0.02,539.5815195572907,471.2441218888412,1,-295.0408216562021,7.710599866083951,-2.6141963135811275,-19.271969549854436,-104.75371044694697,-210.42212057550174,0,-4.142458429806879,33.68559489718086,0,0.38896932151338576,0.7493184548181481,-4.208442411510035
45.06,0.02,504.1776573013375,451.9578274465525,1,-295.1066878167436,7.315964692342208,-3.2933080270744406,-19.7317586870872,-110.06768773679312,-265.6988644923075,0,-35.403862255953186,-19.286294442288693,0,0.4000940782599158,0.8201211923374946,-5.31397728984615
45.08,0.02,544.3409705917232,447.753387330484,1,-295.1821198802259,6.912554179867415,-3.771603174115834,-20.17052562373962,-114.2325900846519,-208.24511739293925,0,40.16331329038576,-4.204440116068554,0,0.41040228773287063,0.6490629186625112,-4.164902347858785
45.1,0.02,517.6075027284579,436.49318776452725,0,-295.2537803405341,6.513370277642118,-3.583023015410042,-19.95919511126483,-114.2325900846519,0.0,0,-26.733467863265332,-11.260199565956725,1,0.4055650494894694,0.2832367591968949,0.0
45.12,0.02,520.6339472695003,458.0016212032748,0,-295.3218577778269,6.118328453461327,-3.4038718646395396,-19.752091209039534,-114.2325900846519,0.0,0,3.0264445410423377,21.508433438747545,0,0.4008647905721357,0.2738378373040146,0.0
45.14,0.02,517.0172897691543,425.9287425160514,0,-295.38653134325506,5.7273458657641525,-3.2336782714075625,-19.549129384858745,-114.2325900846519,0.0,0,-3.616657500345923,-32.07287868722341,0,0.39629541247353606,0.26487612435250824,0.0
45.160000000000004,0.02,507.1487231912983,423.3645088080684,0,-295.4479712304118,5.340341329820921,-3.071994357837184,-19.35022679716157,-114.2325900846519,0.0,0,-9.86856657785603,-2.5642337079829645,0,0.3918512097397004,0.25632777317346095,0.0
45.18,0.02,518.8540893509169,454.4957397943927,0,-295.5063391232107,4.957235284596554,-2.9183946399453244,-19.155302261218342,-114.2325900846519,0.0,0,11.705366159618563,31.131230986324283,0,0.38752684138939353,0.24817019976045124,0.0
45.2,0.02,506.44233255472056,470.56186567054453,0,-295.56178862136966,4.577949760276675,-2.772474907948058,-18.964276215993976,-114.2325900846519,0.0,0,-12.4117567961963,16.06612587615183,0,0.3833173043376555,0.24038202541000317,0.0
45.22,0.02,512.3680783906241,429.9586084160411,0,-295.6144656446207,4.2024083464431925,-2.633851162550655,-18.777070691674098,-114.2325900846519,0.0,0,5.925745835903513,-40.60325725450343,0,0.37921790870506034,0.23294302119592392,0.0
45.24,0.02,516.5819845641527,430.1902154066967,0,-295.66450881670914,3.83053616088638,-2.5021586044231223,-18.593609277840617,-114.2325900846519,0.0,0,4.213906173528585,0.23160699065562085,0,0.37522425489762246,0.22583405463293896,0.0
45.26,0.02,561.7024410608406,443.64877157802596,0,-295.71204983019317,3.462259819040704,-2.377050674201966,-18.413817092283807,-114.2325900846519,0.0,0,45.12045649668789,13.458556171329235,0,0.37133221234673564,0.21903703840107977,0.0
45.28,0.02,481.861223078605,429.90555737956794,0,-295.757213793003,3.0975074040319415,-2.2581981404918676,-18.237620750438133,-114.2325900846519,0.0,0,-79.84121798223555,-13.74321419845802,0,0.3675378998027473,0.21253488101746457,0.0
45.300000000000004,0.02,528.1301161778656,454.03634248296464,0,-295.80011955767236,2.736208437323354,-2.1452882334672743,-18.06494833542937,-114.2325900846519,0.0,0,46.268893099260595,24.130785103396704,0,0.3638376670804633,0.20631143935628105,0.0
45.32,0.02,526.9682601739987,458.1697625406337,0,-295.84088003410824,2.378293849948938,-2.0380238217939106,-17.895729368720783,-114.2325900846519,0.0,0,-1.1618560038668875,4.1334200576690705,0,0.3602280781597655,0.20035147293083458,0.0
45.34,0.02,509.92912481893916,448.72642879252965,0,-295.8796024867223,2.0236959543220108,-1.936122630704215,-17.729894781346367,-114.2325900846519,0.0,0,-17.039135355059557,-9.443333748104067,0,0.3567058955491134,0.19464059986329033,0.0
45.36,0.02,531.9266347753268,438.265537687728,0,-295.9163888167057,1.672348416607622,-1.839316499169004,-17.56737688571944,-114.2325900846519,0.0,0,21.997509956387603,-10.460891104801647,0,0.35326806582482156,0.18916525447823967,0.0
45.38,0.02,484.0776863714521,431.77275678271235,0,-295.9513358301899,1.3241862296475209,-1.7473506742105538,-17.408109348005052,-114.2325900846519,0.0,0,-47.84894840387466,-6.49278090501565,0,0.34991170626360324,0.18391264646535987,0.0
45.4,0.02,472.1048824403014,452.7483097841838,0,-295.9845354929999,0.9791456864266218,-1.659983140500026,-17.252027161044953,-114.2325900846519,0.0,0,-11.972803931150679,20.97555300147144,0,0.34663409249072613,0.1788707215642274,0.0
45.42,0.02,531.2011751790586,432.8388692570943,0,-296.0160751726694,0.6371643540701407,-1.5769839834750248,-17.099066617824054,-114.2325900846519,0.0,0,59.0962927387572,-19.909440527089487,0,0.34343264707067117,0.1740281237308887,0.0
45.44,0.02,469.3394547922329,441.51467307777904,0,-296.0460378683554,0.2981810483607892,-1.4981347843012736,-16.949165285467576,-114.2325900846519,0.0,0,-61.86172038682571,8.675803820684735,0,0.34030492897167064,0.16937415875094178,0.0
45.46,0.02,463.9965248338021,414.86446805351903,0,-296.07450242925717,-0.03786419123437529,-1.4232280450862098,-16.802261979758224,-114.2325900846519,0.0,0,-5.34292995843083,-26.650205024260003,0,0.337248623839891,0.1648987592681299,0.0
45.480000000000004,0.02,496.4269294258098,413.1400278003931,0,-296.1015437621138,-0.37103012603763647,-1.3520666428318993,-16.65829674016306,-114.2325900846519,0.0,0,32.43040459200773,-1.7244402531259198,0,0.33426153502309314,0.16059245120021357,0.0
45.5,0.02,506.0556550985438,438.42389408291984,0,-296.1272330283276,-0.7013743421448324,-1.2844633106903043,-16.5172108053598,-114.2325900846519,0.0,0,9.628725672733992,25.28386628252673,0,0.33134157528762087,0.156446321516221,0.0
45.52,0.02,500.85825027692255,458.2191101503736,0,-296.15163783123074,-1.0289532739298846,-1.220240145155789,-16.378946589252603,-114.2325900846519,0.0,0,-5.197404821621262,19.795216067453737,0,0.32848675917634185,0.1524519873501525,0.0
45.54,0.02,497.6644130967085,433.8274698487668,0,-296.1748223939887,-1.3538222270792355,-1.1592281378979994,-16.243447657467552,-114.2325900846519,0.0,0,-3.193837180214075,-24.3916403016068,0,0.32569519595878554,0.1486015664268532,0.0
45.56,0.02,490.99829833739284,427.418033734364,0,-296.19684772860876,-1.6760354011655996,-1.1012667310030995,-16.1106587043182,-114.2325900846519,0.0,0,-6.666114759315633,-6.4094361144028085,0,0.3229650831280932,0.1448876487756521,0.0
45.58,0.02,472.0057657103313,438.76785420267663,0,-296.2177717964978,-1.9956459117702363,-1.0462033944529445,-15.980525530231839,-114.2325900846519,0.0,0,-18.992532627061564,11.349820468312657,0,0.32029470040258523,0.14130326970678012,0.0
45.6,0.02,518.4795381816031,416.5854564722019,0,-296.2376496609924,-2.3127058121627804,-0.9938932247302973,-15.852995019627201,-114.2325900846519,0.0,0,46.473772471271786,-22.182397730474747,0,0.317682404192924,0.13784188402474698,0.0
45.62,0.02,463.67470690285666,418.09648339355624,0,-296.2565336322623,-2.6272661145474734,-0.9441985634937824,-15.728015119234659,-114.2325900846519,0.0,0,-54.804831278746406,1.5110269213543575,0,0.31512662249843454,0.13449734145157596,0.0
45.64,0.02,497.61237489054815,439.67702020737136,0,-296.27447340496866,-2.9393768108844727,-0.8969886353190932,-15.605534816849964,-114.2325900846519,0.0,0,33.9376679876915,21.580536813815115,0,0.3126258501991203,0.13126386323168124,0.0
45.660000000000004,0.02,453.38239966763183,429.65223928335706,0,-296.2915161890397,-3.249086893294732,-0.8521392035531385,-15.485504120512964,-114.2325900846519,0.0,0,-44.22997522291632,-10.024780924014294,0,0.31017864471214435,0.1281360198885318,0.0
45.68,0.02,516.0446013360677,425.42375729767406,1,-296.3209545129772,-3.565339351434759,-1.4719161968728138,-15.812622907001334,-119.24882706460329,-250.81184899756934,0,62.66220166843584,-4.228481985683004,1,0.3176196344621309,0.7008068363836076,-5.016236979951387
45.7,0.02,501.7638831237569,447.86252925635205,1,-296.3642164486023,-3.890378062500421,-2.1630967812540285,-16.251935553283094,-123.07791341864946,-191.45431770230843,0,-14.280718212310774,22.43877195867799,0,0.32790510634214853,0.818978755163185,-3.8290863540461686
45.72,0.02,499.04517164858584,418.70047305313403,1,-296.42157386706253,-4.221286820871396,-2.867870923011099,-16.545437918548764,-127.6976804242222,-230.988350278637,0,-2.7187114751710624,-29.162056203218015,0,0.3358429392127272,0.7634462844928636,-4.61976700557274
45.74,0.02,486.33506190798056,427.54685255596706,1,-296.49429777933193,-4.558950264497968,-3.636195613471204,-16.8831721813286,-131.6285394115655,-196.54294936716497,0,-12.710109740605276,8.846379502833031,0,0.3454060922704201,0.8392778218361638,-3.9308589873432993
45.76,0.02,511.3899159087491,411.0552017751154,1,-296.5798827000105,-4.901719228302051,-4.279246033927466,-17.138448190204176,-135.6700780604773,-202.07693244558982,0,25.054854000768557,-16.49165078085167,0,0.353292147089179,0.6918668108504833,-4.041538648911796
45.78,0.02,453.28813369670615,409.6555194259959,1,-296.68413880731936,-5.2494537440487345,-5.212805365443943,-17.386725787334157,-139.62052401715763,-197.52229783401702,0,-58.10178221204296,-1.3996823491194732,0,0.3630270366691389,0.9660097259852661,-3.9504459566803405
45.800000000000004,0.02,524.7671968967452,435.6302328839839,1,-296.7999181949386,-5.604751283083816,-5.7889693809602125,-17.764876951754076,-141.5434987179121,-96.14873503772259,0,71.47906320003904,25.974713457988003,0,0.3736859749065633,0.6891757946474704,-1.9229747007544518
45.82,0.02,482.4380595256706,429.37695456045043,1,-296.9314537766052,-5.966986517574942,-6.576779083331859,-18.111761724556327,-144.0961522925262,-127.6326787307056,0,-42.32913737107458,-6.253278323533493,0,0.3853777034951846,0.860797986029807,-2.552653574614112
45.84,0.02,479.516510931343,417.4949924473841,1,-297.0790377071787,-6.334971251310807,-7.3791965286751395,-18.399236686793248,-146.87820322154036,-139.10254645070808,0,-2.9215485943275894,-11.881962113066322,0,0.3964767090589003,0.852358850780794,-2.7820509290141615
45.86,0.02,458.35323092649196,420.87538547527396,1,-297.24478631465956,-6.709043523594199,-8.287430374042673,-18.70361361416962,-149.38123524353423,-125.15160109969372,0,-21.16328000485106,3.380393027889852,0,0.4091487086293947,0.9578799673185451,-2.5030320219938744
45.88,0.02,473.82365118476855,394.324564836416,1,-297.42715255702194,-7.086548252361234,-9.118312118118824,-18.8752364383517,-116.57577047296171,1640.2732385286263,0,15.47042025827659,-26.550820638857942,0,0.41924606926582564,0.8484213967240929,32.80546477057253
45.9,0.02,456.43434332559696,407.9815628773305,1,-297.62787536505175,-7.468851137416001,-10.036140401490842,-19.11514425273835,-122.5768671946055,-300.0548360821895,0,-17.389307859171595,13.65699804091446,0,0.431792938321796,0.9486645967682173,-6.0010967216437905
45.92,0.02,486.97389878419636,396.09636384447253,1,-297.84390078320314,-7.854763658855215,-10.801270907569874,-19.29562607196071,-92.42793525456067,1507.4465970022416,0,30.53955545859941,-11.88519903285794,0,0.4422617499751185,0.7861287289004065,30.148931940044832
45.94,0.02,481.29277478830875,450.2385905148779,1,-298.0757969238757,-8.249700039345917,-11.59480703362833,-19.7468190245351,-99.13228626132641,-335.21755033828737,0,-5.681123995887617,54.142226670405364,0,0.45798533240042905,0.9128387939897468,-6.704351006765748
45.96,0.02,462.5340155006494,391.47270319776067,1,-298.32543966299824,-8.647783690156395,-12.482136956125077,-19.9041825405239,-71.53192197033069,1380.0182145497863,0,-18.75875928765936,-58.76588731711723,0,0.4698851883590215,0.9011757140105588,27.600364290995728
45.980000000000004,0.02,475.4379293192645,414.5902517649615,1,-298.59153860918883,-9.05132636614337,-13.304947309528744,-20.17713379934871,-81.78955111308979,-512.881457137955,0,12.903913818615138,23.117548567200856,0,0.4833790857147979,0.8669021094462256,-10.2576291427591
46.0,0.02,490.2793452000659,411.6704895558467,1,-298.8726096208594,-9.460036091085929,-14.053550583528407,-20.435486247127944,-91.1031296082716,-465.67892475909076,0,14.841415880801378,-2.919762209114822,0,0.4960287822940759,0.7919298258788696,-9.313578495181815
46.02,0.02,498.96451791568484,400.6796054480676,1,-299.1677841807384,-9.872813776573294,-14.758727993949991,-20.63888427436828,-64.0235488022866,1353.97904029925,0,8.685172715618933,-10.990884107779095,0,0.5074578193663666,0.7339250218204523,27.079580805985003
46.04,0.02,489.3841440303322,414.144104045221,1,-299.4780203262144,-10.0,-15.511807273798341,0.0,-73.71063972761297,-484.35454626631866,1,-9.580373885352628,13.464498597153408,0,0.33529509598164925,20.65261902259622,-9.687090925326373
46.06,0.02,472.0250077280215,395.68488923389845,1,-299.8050539709176,-10.0,-16.351682235158236,0.0,-82.86177004047853,-457.55651564327803,1,-17.35913630231073,-18.459214811322568,0,0.3270336447031923,0.8398749613598948,-9.151130312865561
46.08,0.02,458.539501623026,407.3428139566674,1,-300.1502336654585,-10.0,-17.258984727043114,0.0,-90.78977206028016,-396.4001009900812,1,-13.485506104995466,11.65792472276894,0,0.3451796945408887,0.9073024918848773,-7.9280020198016246
46.1,0.02,412.9812254223598,389.7569769300974,1,-300.5181152374571,-10.0,-18.39407859993132,0.0,-98.82174569859367,-401.5986819156758,1,-45.55827620066623,-17.585837026570005,0,0.36788157199862326,1.1350938728882056,-8.031973638313517
46.12,0.02,438.2197965569843,396.299967399912,1,-300.9061748298,-10.0,-19.402979617146386,0.0,-105.68389429968477,-343.10743005455464,1,25.23857113462452,6.54299046981464,0,0.38805959234292686,1.0089010172150665,-6.862148601091093
46.14,0.02,476.6502864982035,378.47537909736576,1,-301.31056939349315,-10.0,-20.21972818465538,0.0,-112.26065764470539,-328.83816725103117,1,38.43048994121921,-17.82458830254626,0,0.4043945636931312,0.8167485675089949,-6.576763345020623
46.160000000000004,0.02,483.7551254824719,405.77713767538694,0,-301.6947442290016,-10.0,-19.20874177542261,0.0,-112.26065764470539,0.0,1,7.104838984268383,27.30175857802118,1,0.38417483550847464,1.0109864092327712,0.0
46.18,0.02,452.3235886774849,403.7127239746384,0,-302.05971032273465,-10.0,-18.24830468665148,0.0,-112.26065764470539,0.0,1,-31.43153680498699,-2.0644137007485597,0,0.3649660937330168,0.9604370887711298,0.0
46.2,0.02,453.8676579177835,399.92890881015114,0,-302.406428111781,-10.0,-17.335889452318906,0.0,-112.26065764470539,0.0,1,1.5440692402985974,-3.783815164487237,0,0.34671778904635175,0.912415234332574,0.0
46.22,0.02,443.6936523577615,381.0829378603592,0,-302.73581001137507,-10.0,-16.46909497970296,0.0,-112.26065764470539,0.0,1,-10.17400556002201,-18.845970949791933,0,0.3293818995940683,0.8667944726159469,0.0
46.24,0.02,449.6894516030771,394.0093435852598,0,-303.04872281598944,-10.0,-15.64564023071781,0.0,-112.26065764470539,0.0,1,5.995799245315595,12.926405724900576,0,0.31291280461437054,0.8234547489851494,0.0
46.26,0.02,483.605676344896,420.6472588700368,0,-303.3459899803731,-10.0,-14.863358219181919,0.0,-112.26065764470539,0.0,1,33.916224741818894,26.637915284777023,0,0.29726716438364065,0.7822820115358908,0.0
46.28,0.02,472.1824623757577,397.1707720121659,0,-303.6283937865375,-10.0,-14.120190308222822,0.0,-112.26065764470539,0.0,1,-11.42321396913826,-23.476486857870896,0,0.2824038061644387,0.7431679109590963,0.0
46.300000000000004,0.02,467.0120175377589,395.5702558558839,0,-303.8966774023937,-10.0,-13.414180792811681,0.0,-112.26065764470539,0.0,1,-5.1704448379988435,-1.6005161562820263,0,0.2682836158562054,0.7060095154111412,0.0
46.32,0.02,455.45611252158585,419.8967155773933,0,-304.15154683745715,-10.0,-12.743471753171097,0.0,-112.26065764470539,0.0,1,-11.555905016173028,24.326459721509423,0,0.2548694350634264,0.6707090396405846,0.0
46.34,0.02,442.25459389357883,393.52093074567676,0,-304.3936728007674,-10.0,-12.106298165512541,0.0,-112.26065764470539,0.0,1,-13.201518628007022,-26.375784831716544,0,0.2421259633102295,0.6371735876585554,0.0
46.36,0.02,480.50026525113907,391.32642822976874,0,-304.62369246591214,-10.0,-11.500983257236914,0.0,-112.26065764470539,0.0,1,38.24567135756024,-2.1945025159080274,0,0.23001966514476635,0.6053149082756271,0.0
46.38,0.02,467.42716164224487,397.9196731731937,0,-304.8422111477996,-10.0,-10.925934094375068,0.0,-112.26065764470539,0.0,1,-13.0731036088942,6.593244943424963,0,0.21851868188747403,0.5750491628618466,0.0
46.4,0.02,456.9245654632117,391.9055375785894,0,-305.04980389559273,-10.0,-10.379637389656313,0.0,-112.26065764470539,0.0,1,-10.502596179033162,-6.014135594604284,0,0.20759274779311454,0.5462967047187544,0.0
46.42,0.02,447.9043920708024,403.24746182770025,0,-305.2470170059962,-10.0,-9.860655520173497,0.0,-112.26065764470539,0.0,1,-9.020173392409333,11.341924249110832,0,0.19721311040348155,0.5189818694828165,0.0
46.44,0.02,476.71671031680324,361.7792577700253,0,-305.4343694608795,-10.0,-9.367622744164821,0.0,-112.26065764470539,0.0,1,28.81231824600087,-41.46820405767494,0,0.1873524548832961,0.49303277600867546,0.0
46.46,0.02,457.50364125069734,401.88412338923627,0,-305.61235429301865,-10.0,-8.89924160695658,0.0,-112.26065764470539,0.0,1,-19.213069066105902,40.104865619210955,0,0.1779848321391455,0.46838113720824204,0.0
46.480000000000004,0.02,435.32816332130454,404.6467630458874,0,-305.78143988355083,-10.0,-8.45427952660875,0.0,-112.26065764470539,0.0,1,-22.175477929392798,2.7626396566511175,0,0.16908559053217687,0.44496208034783,0.0
46.5,0.02,453.7603744476515,405.994839408155,0,-305.9420711945564,-10.0,-8.03156555027831,0.0,-112.26065764470539,0.0,1,18.432211126346942,1.3480763622675909,0,0.16063131100554529,0.4227139763304386,0.0
46.52,0.02,467.5079357778815,383.52843147423783,0,-306.09467094001167,-10.0,-7.629987272764395,0.0,-112.26065764470539,0.0,1,13.747561330230042,-22.46640793391714,0,0.15259974545529076,0.4015782775139156,0.0
46.54,0.02,465.8208413182267,405.02188366122,0,-306.2396406981942,-10.0,-7.248487909126175,0.0,-112.26065764470539,0.0,1,-1.6870944596548156,21.493452186982154,0,0.14496975818252622,0.3814993636382198,0.0
46.56,0.02,447.9946538084851,378.0415857456598,0,-306.3773619684676,-10.0,-6.886063513669866,0.0,-112.26065764470539,0.0,1,-17.8261875097416,-26.980297915560186,0,0.13772127027340275,0.36242439545630933,0.0
46.58,0.02,476.7105575608458,378.80126179840994,0,-306.50819717522734,-10.0,-6.541760337986372,0.0,-112.26065764470539,0.0,1,28.715903752360703,0.7596760527501374,0,0.13083520675974114,0.34430317568349356,0.0
46.6,0.02,494.37348566666543,392.22393870206713,0,-306.6324906216491,-10.0,-6.214672321087053,0.0,-112.26065764470539,0.0,1,17.662928105819617,13.422676903657191,0,0.12429344642174556,0.3270880168993191,0.0
46.62,0.02,422.0991907830901,381.6039819230677,0,-306.7505693957497,-10.0,-5.9039387050327,0.0,-112.26065764470539,0.0,1,-72.27429488357535,-10.619956778999438,0,0.11807877410063838,0.31073361605435323,0.0
46.64,0.02,455.69371673586176,385.42826185055014,0,-306.86274423114537,-10.0,-5.608741769781065,0.0,-112.26065764470539,0.0,1,33.594525952771676,3.8242799274824506,0,0.1121748353956491,0.29519693525163504,0.0
46.660000000000004,0.02,455.2440389476813,382.74888672024434,0,-306.9693103247712,-10.0,-5.328304681292011,0.0,-112.26065764470539,0.0,1,-0.4496777881804519,-2.6793751303058,0,0.10656609362581548,0.28043708848905347,0.0
46.68,0.02,437.53338890846123,397.05179421574087,0,-307.07054811371574,-10.0,-5.0618894472274105,0.0,-112.26065764470539,0.0,1,-17.71065003922007,14.302907495496527,0,0.10123778894455882,0.2664152340646009,0.0
46.7,0.02,444.74732394855994,378.86306015469256,0,-307.16672401321307,-10.0,-4.80879497486604,0.0,-112.26065764470539,0.0,1,7.213935040098704,-18.188734061048308,0,0.09617589949732519,0.2530944723613704,0.0
46.72,0.02,455.05114916685784,375.9678100855461,0,-307.25809111773555,-10.0,-4.568355226122738,0.0,-112.26065764470539,0.0,1,10.303825218297902,-2.8952500691464707,0,0.09136710452247598,0.24043974874330232,0.0
46.74,0.02,460.8076746864546,376.53734392613103,0,-307.3448898670319,-10.0,-4.339937464816601,0.0,-112.26065764470539,0.0,1,5.756525519596778,0.5695338405849384,0,0.08679874929634934,0.22841776130613667,0.0
46.76,0.02,417.0936435869845,374.12026161037636,0,-307.42734867886344,-10.0,-4.122940591575771,0.0,-112.26065764470539,0.0,1,-43.714031099470105,-2.4170823157546693,0,0.08245881183154324,0.21699687324082984,0.0
46.78,0.02,433.76792892901585,402.3429853245295,0,-307.50568455010335,-10.0,-3.9167935619969825,0.0,-112.26065764470539,0.0,1,16.67428534203134,28.22272371415312,0,0.07833587123991492,0.20614702957878883,0.0
46.800000000000004,0.02,409.76962233250566,372.8836363672896,1,-307.60704345911006,-10.0,-5.067945450334449,0.0,-118.69958277068112,-321.9462562987864,1,-23.99830659651019,-29.459348957239854,1,0.10135890900670574,1.1511518883374663,-6.438925125975729
46.82,0.02,447.37009622348654,372.7638567858689,1,-307.7276653584944,-10.0,-6.031094969217023,0.0,-124.42528825195564,-286.2852740637258,1,37.60047389098088,-0.11977958142074385,0,0.12062189938433221,0.9631495188825738,-5.725705481274517
46.84,0.02,459.3743905609163,352.84473699337104,1,-307.86634981882264,-9.999284473699337,-6.934223016412446,0.03577631503314471,-94.22600105857074,1509.9643596692445,1,12.00429433742977,-19.91911979249784,0,0.13868630615322056,0.9038363869353621,30.19928719338489
46.86,0.02,466.0990499357291,369.5050098600917,1,-308.0224243741573,-9.999519448384683,-7.8037277667338145,-0.011748734267313488,-102.46061848575668,-411.7308713592969,1,6.724659374812802,16.660272866720675,0,0.15607473221510734,0.8708025844830943,-8.234617427185938
46.88,0.02,444.9942924490431,377.8289159612984,1,-308.1979995002471,-10.0,-8.778756304488596,0.0,-109.64234514047126,-359.086332735729,1,-21.104757486686026,8.32390610120666,0,0.17557578372683685,0.9750993191429839,-7.181726654714581
46.9,0.02,421.13319788748817,365.14250158466905,1,-308.3954613065481,-10.0,-9.873090315051158,0.0,-116.53017107437098,-344.39129669498595,1,-23.86109456155492,-12.68641437662933,0,0.19746180630102117,1.0943340105625623,-6.88782593389972
46.92,0.02,385.8845400939846,378.5797901919493,1,-308.61833465883973,-10.0,-11.143667614581247,0.0,-122.41893818324327,-294.43835544361434,1,-35.24865779350358,13.437288607280266,0,0.22287335229162863,1.270577299530089,-5.888767108872287
46.94,0.02,469.4644886174999,355.89861649154255,1,-308.8582615622696,-9.999589861649154,-11.996345171493758,0.020506917542287617,-92.33575738597649,1504.1590398633389,1,83.57994852351533,-22.68117370040676,0,0.23992725398110906,0.8529241172163993,30.083180797266778
46.96,0.02,443.40957203875445,351.33277309236,1,-309.11784750849563,-9.998313000607544,-12.979297311299987,0.0638430520804878,-65.3886884246036,1347.3534480686446,1,-26.054916578745463,-4.5658433991825405,0,0.259589086542906,0.983906972079352,26.947068961372892
46.980000000000004,0.02,442.9514891495706,344.0695404821561,1,-309.39713830580666,-9.99544309361415,-13.96453986555214,0.14349534966970712,-41.37829905244709,1200.5194686078255,0,-0.4580828891838564,-7.263232610203886,0,0.2793055420660036,0.9884570699937091,24.01038937215651
47.0,0.02,436.5283486243788,345.9576557467884,1,-309.6967762682553,-9.991168952195434,-14.981898122430252,0.21370707093576513,-19.68914212275318,1084.4578464846957,0,-6.423140525191798,1.8881152646322903,0,0.2996684448273335,1.0197781663877747,21.68915692969391
47.02,0.02,422.9525086534523,342.9644035982628,1,-310.01811897983856,-9.985191251136545,-16.06713557916298,0.2988850529444509,-0.22822237813452162,973.0459872309328,0,-13.575839970926495,-2.9932521485256416,0,0.32139830615240983,1.0885750438599953,19.460919744618657
47.04,0.02,438.9206810804723,391.8998342877591,1,-310.35956962331375,-9.982403533506432,-17.07253217376062,0.139385881505655,-17.114336650219695,-844.3057136042586,0,15.968172427020022,48.93543068949634,0,0.3414620232166421,1.0179696941059673,-16.886114272085173
47.06,0.02,471.2568053839226,365.751939194558,1,-310.71789458625057,-9.980191009795774,-17.916248146841,0.11062618553286452,-33.14558093337613,-801.5622141578218,0,32.336124303450276,-26.1478950932011,0,0.35833179362825657,0.8442059957992583,-16.031244283156436
47.08,0.02,442.46695532079883,364.7766418626757,1,-311.0959728536553,-9.978456150271384,-18.903913370236992,0.08674297621948579,-47.65351130861659,-725.3965187620228,1,-28.789850063123765,-0.9752973318823024,0,0.37808224769400983,0.9879539468988237,-14.507930375240456
47.1,0.02,431.7394811960605,372.74620556609926,1,-311.49487717294045,-9.977995911303605,-19.94521596425669,0.0230119483889899,-60.45367959928449,-640.0084145333952,1,-10.727474124738308,7.969563703423546,0,0.39890458478718266,1.0432510418017718,-12.800168290667905
47.12,0.02,419.77189438966224,363.0805386433233,1,-311.9158043027866,-9.977843726200158,-21.04635649230839,0.00760925517237343,-72.30874918677037,-592.753479374294,1,-11.967586806398288,-9.665666922775983,0,0.42092715735723946,1.1012482487960216,-11.855069587485879
47.14,0.02,432.9630367713175,371.57074005303326,1,-312.3574351289557,-9.978848615102013,-22.081541308451804,-0.05024444509279302,-82.675038815336,-518.3144814282812,1,13.191142381655254,8.490201409709982,0,0.4416319694320818,1.036800199753185,-10.366289628565625
47.160000000000004,0.02,425.06992384486466,364.4426446397847,1,-312.8205589627402,-9.980297768467848,-23.15619168922747,-0.07245766829171618,-92.26153100944111,-479.32460970525597,1,-7.8931129264528295,-7.128095413248559,0,0.46312610104028623,1.0748799319859719,-9.58649219410512
47.18,0.02,445.3470241813584,361.27951314511364,1,-313.30314809410663,-9.981874873148193,-24.12945656832069,-0.07885523401728456,-100.99147360005537,-436.49712953071287,1,20.27710033649373,-3.163131494671063,0,0.4825917083541314,0.9732859054376347,-8.729942590614257
47.2,0.02,429.2530777582622,352.6211990639068,1,-313.80681191769725,-9.98271409773493,-25.183191179529373,-0.04196122933681856,-73.15873908473925,1391.636725765806,1,-16.093946423096213,-8.658314081206868,0,0.5036645227647308,1.0543802911855262,27.83273451531612
47.22,0.02,437.1848461925324,375.15467644561926,1,-314.33075725666856,-9.985068789966228,-26.197266948566707,-0.11773461156491472,-83.27643948799931,-505.88502016300293,0,7.931768434270225,22.533477381712487,0,0.5239506301220294,1.0169027833588344,-10.11770040326006
47.24,0.02,421.45462788274915,364.8340601712031,1,-314.87655713285164,-9.987906888214646,-27.28999380915296,-0.14190491242093017,-92.78983317952766,-475.66968457641747,0,-15.730218309783254,-10.320616274416182,0,0.5458072550297729,1.0929941423860239,-9.51339369152835
47.26,0.02,436.5356237503495,365.74573671650296,1,-315.44270344665966,-9.991319560134714,-28.30731569040121,-0.1706335960034453,-101.30008095232245,-425.5123886397392,0,15.080995867600336,0.9116765452998834,0,0.5661565993327662,1.0177274425536846,-8.510247772794784
47.28,0.02,426.61337696614936,350.6063236990504,1,-316.03018842277106,-9.99379286442469,-29.374248805570474,-0.12366521449869694,-73.52682508214549,1388.6627935088477,0,-9.922246784200127,-15.139413017452569,0,0.5874901823781573,1.067966432574528,27.773255870176953
47.300000000000004,0.02,466.14743821622625,335.1293744090574,1,-316.63505865506085,-9.99377910615557,-30.24351161448935,0.0006879134560158207,-49.41145310943774,1205.7685986353877,1,39.53406125007689,-15.476949289993001,0,0.6048702324462555,0.878112482203536,24.115371972707756
47.32,0.02,431.59113266010615,344.0825810418432,1,-317.2607697740846,-9.992173605990633,-31.28555595118881,0.0802750082468,-27.086961245895107,1116.2245931771315,1,-34.556305556120094,8.953206632785793,0,0.6257131787814335,1.045079186140772,22.32449186354263
47.34,0.02,436.76219096114556,322.1196162622896,1,-317.9068046740123,-9.986780067451926,-32.30174499638308,0.26967692693535206,-7.88574611296567,960.0607566464719,0,5.171058301039409,-21.9629647795536,0,0.6460574139985589,1.033689151716192,19.201215132929438
47.36,0.02,414.6189749342243,365.68986616055497,1,-318.5753776764465,-9.981955515529275,-33.428650121711954,0.24122759613257738,-24.874195784843216,-849.4224835938774,0,-22.143216026921266,43.57024989826539,0,0.6685904096569087,1.1272641775181245,-16.988449671877547
47.38,0.02,456.11246114355225,353.25400654957264,1,-319.2623394327664,-9.976456364261582,-34.34808781599419,0.27495756338471455,-4.694670251241494,1008.9762766800861,0,41.493486209327955,-12.435859610982334,0,0.6869837664099142,0.9200561854353608,20.179525533601723
47.4,0.02,481.8171088474824,362.62360368419024,1,-319.96511947820153,-9.971219573362307,-35.13900227175678,0.26183954496376316,-22.020153160893734,-866.274145482612,0,25.704647703930164,9.369597134617607,0,0.7027995562325942,0.7910232352728491,-17.32548290965224
47.42,0.02,406.7812635514057,314.2212534662224,1,-320.69122139728154,-9.961404907809653,-36.30509595399975,0.4907332776326516,-3.376634214587952,932.1759473152891,0,-75.03584529607673,-48.402350217967864,0,0.726168248102037,1.188346252832933,18.643518946305782
47.44,0.02,467.77454793799035,342.84335673240366,1,-321.43454586156776,-9.94987457793024,-37.166223214309795,0.5765164939706331,14.03256738428935,870.4600799438651,0,60.99328438658466,28.622103266181284,0,0.7434138872213248,0.8653894606790444,17.409201598877303
47.46,0.02,427.4363496104269,349.2101816830878,1,-322.1991266908929,-9.937265266219136,-38.22904146625767,0.6304655855551937,30.228830622799272,809.813161925496,0,-40.338198327563475,6.3668249506841335,0,0.7646847973599118,1.06418661011889,16.19626323850992
47.480000000000004,0.02,426.51859031104243,345.8622008438689,1,-322.98505566118695,-9.923242174592419,-39.29644851470245,0.7011545813358495,44.66658869283519,721.8879035017959,0,-0.9177592993844428,-3.3479808392189057,0,0.786054065218301,1.0697451758218266,14.437758070035919
47.5,0.02,432.83267500783626,342.3880634864435,1,-323.7917013639802,-9.907457889314346,-40.332285139663256,0.7892142639036317,57.47758974499257,640.550052607869,0,6.314084696793827,-3.474137357425377,0,0.8068001199160775,1.0395729995070748,12.81100105215738
47.52,0.02,456.6955262716256,344.11230051420193,1,-324.6166775141463,-9.890084834087693,-41.24880750830512,0.8686527613326218,68.93078310887223,572.6596681939832,0,23.862851263789366,1.72423702775842,0,0.8251590582371245,0.9199585464001456,11.453193363879663
47.54,0.02,447.3703283067795,362.29749366369697,1,-325.4609166314817,-9.872941528227411,-42.21195586677122,0.8571652930141367,44.250036711531436,-1234.03731986704,0,-9.325197964846097,18.185193149495035,0,0.8444131572726016,0.9632168615344682,-24.680746397340798
47.56,0.02,459.9227925912351,332.60603881662416,1,-326.32316346955804,-9.853058826248791,-43.11234190381505,0.9941350989310163,56.310348641991055,603.0155965229809,0,12.552464284455596,-29.691454847072805,0,0.862476046977872,0.9107446093369983,12.06031193045962
47.58,0.02,449.5955707478791,349.4395937966224,1,-327.20445075055954,-9.832120083649833,-44.06436405007567,1.0469371299479047,68.20608994177964,594.7870649894292,0,-10.327221843356028,16.833554979998212,0,0.881535990528266,0.9534853021678839,11.895741299788583
47.6,0.02,428.38390907024024,352.4091862404202,1,-328.10689964065404,-9.810422259674917,-45.12244450472447,1.0848911987458036,79.12973995296929,546.1825005594825,0,-21.21166167763886,2.969592443797808,0,0.9027096957483196,1.0587609550073767,10.92365001118965
47.62,0.02,438.0431470836549,296.8574016813001,1,-329.02954421604016,-9.782410175868131,-46.132228769306195,1.400604190339303,86.33526262073536,360.2761333883038,0,9.659238013414665,-55.55178455912011,0,0.9230697098966308,1.0579881634771593,7.2055226677660755
47.64,0.02,448.21719277027114,326.2177315369259,1,-329.97136707214923,-9.751019865215039,-47.09114280545485,1.5695155326546733,93.95868524874263,381.1711314003631,0,10.174045686616239,29.36032985562582,0,0.9423458196927197,0.9736771386274228,7.623422628007262
47.660000000000004,0.02,452.7040852322271,332.446792830899,1,-330.9319195197351,-9.716874233845035,-48.0276223792937,1.7072815685001785,101.08094914116644,356.1131946211908,0,4.486892461955961,6.229061293973132,0,0.9611591588831094,0.946558752983661,7.122263892423817
47.68,0.02,465.4506597275504,321.7184938711709,1,-331.90992690134823,-9.678900451862148,-48.90036908065595,1.898689099144324,106.55335493968863,273.6202899261094,0,12.746574495323273,-10.728298959728136,0,0.97874432136683,0.8934895900490226,5.472405798522189
47.7,0.02,448.28665759415713,331.98741641829133,1,-332.9071056172019,-9.638125411521091,-49.85893579268516,2.0387520170528672,112.43964946658956,294.31472634504627,0,-17.16400213339324,10.26892254712044,0,0.998012021604166,0.9687454579937631,5.886294526900926
47.72,0.02,455.7714072929057,310.84088079645016,1,-333.92270719232636,-9.59243445925968,-50.78007875622062,2.2845476130706164,116.36151357997674,196.09320566935935,0,7.484749698748544,-21.146535621841167,0,1.0166288518991524,0.9533728726435469,3.921864113387187
47.74,0.02,464.19544444720395,334.23564512451827,1,-334.95588922300607,-9.544167071510719,-51.65910153398461,2.413369387448025,121.11423092908596,237.63586745546093,0,8.424037154298276,23.394764328068106,0,1.0343088751623282,0.8884121191100839,4.7527173491092185
47.76,0.02,473.14710238715276,336.5871972993898,1,-336.00575654344703,-9.493558403491697,-52.493366022048846,2.5304334009510763,125.35056522223584,211.81671465749403,0,8.951657939948802,2.3515521748715287,0,1.0510864035884755,0.8424376649358237,4.236334293149881
47.78,0.02,484.140618516843,331.83949590536366,1,-337.0712098020363,-9.440133685063213,-53.27266292946463,2.671235921424258,128.3324705784149,149.09526780895277,0,10.99351612969025,-4.747701394026137,0,1.0667918479149023,0.7919147805663217,2.9819053561790554
47.800000000000004,0.02,438.15914209866276,313.21918057862,1,-338.15684714641577,-9.38203088469259,-54.28186721897133,2.905140018531158,131.12794925119567,139.77393363903872,0,-45.98147641818025,-18.62031532674365,0,1.0871910498721795,1.035955802436626,2.7954786727807743
47.82,0.02,439.7813038688623,353.8560162694904,1,-339.26250636040834,-9.323313685948916,-55.282960699627026,2.9358599371837064,135.99775439399178,243.49025713980552,0,1.6221617701995683,40.636835690870384,0,1.1072172356475332,1.00156471104635,4.86980514279611
47.84,0.02,450.61195274100083,329.4253691190495,1,-340.38710437912675,-9.261539024117146,-56.22990093592203,3.088733091588459,138.63837904142065,132.03123237144325,0,10.83064887213851,-24.430647150440905,0,1.1262933954124992,0.9592007154147153,2.640624647428865
47.86,0.02,495.1055297264118,329.46770767534,1,-341.5261918448725,-9.196711133052911,-56.95437328728998,3.2413945532117587,138.99286611483586,17.724353670760706,0,44.49357698541098,0.04233855629053096,0,1.1409307209813253,0.7403821376570137,0.3544870734152141
47.88,0.02,420.33666003001395,308.4162626666157,1,-342.6872456446153,-9.126724868255337,-58.052689987139914,3.4993132398786804,140.76423259128532,88.5683238224729,0,-74.76886969639787,-21.05144500872433,0,1.163161211164407,1.1281939647512895,1.771366476449458
47.9,0.02,451.02276486190135,304.8163860353892,1,-343.8671971678719,-9.051220242061303,-58.99757616283041,3.7752313097017343,141.30141590472076,26.859165671771734,0,30.686104831887405,-3.5998766312264934,0,1.1823648107975178,0.9843478380460314,0.5371833134354347
47.92,0.02,458.14706204609735,315.99090245459985,1,-345.0653339849239,-8.971314706112729,-59.90684085259993,3.995276797428735,142.15742930640954,42.80067008443922,0,7.124297184195996,11.174516419210647,0,1.2007983706895589,0.9355117811821856,0.8560134016887844
47.94,0.02,457.8312800535411,318.5412846818534,1,-346.2816876739705,-8.88726329863234,-60.817684452332216,4.2025703740194675,143.07805991612906,46.03153048597619,0,-0.3157819925562535,2.5503822272535785,0,1.219254254024473,0.9341341927523322,0.9206306097195238
47.96,0.02,467.24366878170326,315.893414658129,1,-347.515316996139,-8.798801232617762,-61.68146610842369,4.4231033007288225,143.2180703233926,7.000520363176577,0,9.41238872816217,-2.6478700237244084,0,1.2367970090671598,0.8914894958232128,0.14001040726353153
47.980000000000004,0.02,467.67731177841773,316.1322860679546,1,-348.7661785871296,-8.705952395209982,-62.54307954953161,4.6424418703890495,143.27540109399303,2.8665385300215007,0,0.43364299671446815,0.23887140982560595,0,1.2543028447801337,0.8890934315573508,0.057330770600430014
48.0,0.02,505.29249182386155,310.659783093383,1,-350.0305109289379,-8.60816953611154,-63.2166170904123,4.889142954922135,139.12915924772363,-207.31209231346952,0,37.61518004544382,-5.472502974571626,0,1.2681079441734502,0.7172964826941536,-4.14624184626939
48.02,0.02,467.11967667216845,326.3819773912365,1,-351.3121313030789,-8.50702487475222,-64.08101870705146,5.057233067965952,140.44363936412842,65.72400582023903,0,-38.1728151516931,15.722194297853491,0,1.2856053149916886,0.8805932324015843,1.3144801164047806
48.04,0.02,449.71633985732495,330.34615263116467,1,-352.6127800432342,-8.402914828656018,-65.03243700776484,5.205502304810128,142.6271534591718,109.17570475216962,0,-17.4033368148435,3.9641752399281813,0,1.3048088162507467,0.9629021495077783,2.1835140950433924
48.06,0.02,482.6471146420275,317.8719773224835,1,-353.9291640719253,-8.294591980292063,-65.8192014345547,5.416142418197711,141.30529874496992,-66.09273571009453,0,32.93077478470252,-12.474175308681197,0,1.320833354542025,0.8144737691478516,-1.3218547142018906
48.08,0.02,481.4975099579857,312.57849970996597,1,-355.2613983496206,-8.181526981899106,-66.61171388476477,5.653249919647881,139.67381777144794,-81.5740486760987,0,-1.1496046840417762,-5.293477612517506,0,1.3370235093400318,0.8272218269496454,-1.631480973521974
48.1,0.02,495.61480807667186,309.29310288717295,1,-356.6080711465082,-8.063391293794865,-67.33363984438141,5.906784405212017,136.10930885773234,-178.22544568577996,0,14.117298118686165,-3.285396822793018,0,1.3518445408703545,0.7651515056109338,-3.564508913715599
48.120000000000005,0.02,471.2080556097011,322.1385324485298,1,-357.97162313783485,-7.941469458935478,-68.17759956633292,6.096091742969367,136.66269436317899,27.669275272332072,0,-24.406752466970772,12.845429561356866,0,1.3689919528128351,0.8649307951537161,0.5533855054466414
48.14,0.02,462.5005060970145,301.5241933978563,1,-359.35292507855183,-7.813700043415876,-69.06509703584784,6.388470775980085,136.07089519169085,-29.589958574406694,0,-8.707549512686569,-20.614339050673493,0,1.3871986429386085,0.9344181383832829,-0.5917991714881339
48.160000000000004,0.02,467.6392267931639,306.84925414157266,1,-360.7514630965895,-7.680615553310432,-69.92690090188204,6.6542245052722215,135.38487526804028,-34.30099618252882,0,5.138720696149392,5.325060743716335,0,1.4048558891940766,0.9018486281766805,-0.6860199236505764
48.18,0.02,457.8341515709762,301.17053264520996,1,-362.16821769947,-7.541648116469508,-70.83773014402716,6.948371842046171,135.0486954715149,-16.808989826269283,0,-9.805075222187725,-5.678721496362698,0,1.4235538462893864,0.9571481411348367,-0.33617979652538565
48.2,0.02,486.8601908824379,286.5615784411999,1,-363.6002862832623,-7.395336837472705,-71.60342918961497,7.315563949840172,131.5025416172325,-177.307692714119,0,29.026039311461716,-14.608954204010047,0,1.439523330497455,0.8491908339356249,-3.5461538542823803
48.22,0.02,517.8486643030845,336.06666833939454,1,-365.0445700006243,-7.246632225309841,-72.21418586809956,7.435230608143199,120.56606289820695,-546.8239359512779,0,30.988473420646642,49.505089898194626,0,1.451918908863542,0.6223695280321363,-10.936478719025558
48.24,0.02,462.5726145878397,324.97800183567506,1,-366.50659645652746,-7.094425413330544,-73.10132279516036,7.610340598964823,123.27135449229878,135.26457970459163,0,-55.276049715244824,-11.08866650371948,0,1.4699279816962902,0.9042540772594938,2.7052915940918325
48.26,0.02,478.2166125037711,318.74516457610895,1,-367.9848012511803,-6.938093117808859,-73.9102397326415,7.816614776084279,122.80310793650109,-23.412327789884557,0,15.64399791593138,-6.232837259566111,0,1.486448519645951,0.8348027598721632,-0.46824655579769114
48.28,0.02,471.10711542093884,293.8677833051817,1,-369.47989533429103,-6.775147600617691,-74.7547041555368,8.14727585955837,121.64806360353543,-57.75221664828294,0,-7.109497082832263,-24.87738127092723,0,1.5039473258480474,0.9068941027816594,-1.1550443329656588
48.300000000000004,0.02,491.12748731641926,321.063336700614,1,-370.98987666867015,-6.608308417096585,-75.4990667189547,8.3419591760553,117.93761356822768,-185.52250176538791,0,20.020371895480423,27.195553395432285,0,1.5191704786926765,0.7694005585781065,-3.7104500353077583
48.32,0.02,451.19819588220406,306.10019060307724,1,-372.51873818346104,-6.436079252635786,-76.44307573954369,8.611458223039913,119.58377130630097,82.30788690366495,0,-39.9292914342152,-14.963146097536765,0,1.538531902983997,0.9817243845800127,1.646157738073299
48.34,0.02,466.3652357593651,299.68070704443767,1,-374.064963174676,-6.257818158879432,-77.31124956074687,8.913054687817723,119.03585992308967,-27.395569160565003,0,15.167039877161017,-6.41948355863957,0,1.5564667490842528,0.9190681211907062,-0.5479113832113001
48.36,0.02,472.1634896488224,295.5678481790437,1,-375.62797181692605,-6.073113849940982,-78.15043211250277,9.235215446922505,117.54120208683004,-74.7328918129817,0,5.798253889457328,-4.112858865393946,0,1.573884270678371,0.8988964956425782,-1.494657836259634
48.38,0.02,475.8860140488253,313.9002267677455,1,-377.2073918577712,-5.883799563679307,-78.97100204225863,9.465714313083776,116.06697868247235,-73.71117021788436,0,3.7225244000028965,18.332378588701772,0,1.5907254836728,0.8523290074385435,-1.4742234043576872
48.4,0.02,514.3154794741614,329.42581876266775,1,-378.79938035066897,-5.691427859293897,-79.59942464488783,9.618585219270438,106.32921262498765,-486.88830287423525,0,38.429465425336105,15.525591994922252,0,1.603569217142515,0.6467491642465331,-9.737766057484706
48.42,0.02,459.1523256812935,286.0724928753529,1,-380.4094536109986,-5.491663404196024,-80.50366301648135,9.988222754893673,106.71537676210261,19.30820685574801,0,-55.16315379286789,-43.35332588731484,0,1.622418485209344,0.9768720184362547,0.3861641371149602
48.44,0.02,501.12128819984576,328.6741900777275,1,-382.0334147425082,-5.288766368105923,-81.19805657548211,10.144851804505036,98.55778379306116,-407.8796484520723,0,41.968962518552246,42.60169720237457,0,1.6365869863555176,0.7118392191807772,-8.157592969041445
48.46,0.02,528.8459514724198,288.69550896673155,1,-383.66849127887065,-5.0787388829124955,-81.75382681812,10.501374259671378,93.08749855443119,-273.5142619314985,0,27.72466327257399,-39.97868111099592,0,1.6485104865603981,0.6602944976596553,-5.47028523862997
48.480000000000004,0.02,477.45251139707995,284.0286174378566,1,-385.31982256409333,-4.861114259462854,-82.56656426113462,10.881231172482096,92.50566807021825,-29.09152421064718,0,-51.39344007533981,-4.666891528874942,0,1.6656096452310765,0.8971250890974006,-0.5818304842129436
48.5,0.02,482.35613532669174,304.4305862394802,1,-386.9869182357834,-4.6379326946371595,-83.35478358450116,11.159078241284694,90.73004203635895,-88.78130169296483,0,4.903623929611797,20.401968801623582,0,1.6819684864603563,0.8357563612504627,-1.7756260338592966
48.52,0.02,490.79125238074766,303.9019555311404,1,-388.66893478223534,-4.40914132536458,-84.10082732259742,11.439568463628992,87.68116201132896,-152.44400125149937,0,8.435117054055922,-0.5286307083397901,0,1.697505567941327,0.7970295000709806,-3.0488800250299875
48.54,0.02,493.2917612574056,301.97438369821714,1,-390.36562215256157,-4.174547394461822,-84.83436851631039,11.729696545137907,84.55364905855947,-156.37564763847465,0,2.500508876657932,-1.9275718329232632,0,1.712828755317048,0.788832673355945,-3.127512952769493
48.56,0.02,472.0812143736387,282.8818566834845,1,-392.07910140145043,-3.932241649227412,-85.67396244444221,12.115287261720484,84.72730742504677,8.682918324365119,0,-21.21054688376688,-19.09252701473264,0,1.7305268592386343,0.9239037638577319,0.17365836648730237
48.58,0.02,480.760618149496,275.4974840860548,1,-393.80850458852433,-3.6814856524016077,-86.47015935369474,12.53779984129021,83.95630203605356,-38.550269449660846,0,8.679403775857281,-7.384372597429717,0,1.7474878979281838,0.9013580854454821,-0.7710053889932169
48.6,0.02,469.47070415396064,303.1088661832428,1,-395.55496070518285,-3.425040542194128,-87.32280583292494,12.822255510373996,83.81019962306003,-7.305120649676411,0,-11.289913995535358,27.611382097188027,0,1.7651835774115079,0.8988442836317999,-0.14610241299352822
48.620000000000005,0.02,506.7150900908365,299.36298215503854,1,-397.31474531283226,-3.1625317302021516,-87.98923038247075,13.125440599598804,79.31403765144783,-224.8080985806098,0,37.24438593687586,-3.745884028204273,0,1.7792562327256913,0.732149491952012,-4.496161971612196
48.64,0.02,479.30821775855804,286.61391117545287,1,-399.0905990987058,-2.892684309327721,-88.79268929367795,13.492371043721539,78.38210101993768,-46.596831575507736,0,-27.406872332278454,-12.749070979585667,0,1.796238931588447,0.8832803478071777,-0.9319366315101547
48.660000000000004,0.02,492.4608193189478,319.34938671776644,1,-400.88120680264745,-2.618771827125067,-89.53038519708322,13.695624110132707,72.82526693945391,-277.84170402418835,0,13.152601560389769,32.735475542313566,0,1.8114369978891323,0.76518432740514,-5.5568340804837675
48.68,0.02,521.4268168888767,288.32312241943737,1,-402.6836718249002,-2.3376916571643562,-90.12325111263884,14.05400849803552,69.06665387087189,-187.9306534291011,0,28.965997569928902,-31.026264298329068,0,1.8242494945565393,0.6927693435192395,-3.7586130685820223
48.7,0.02,505.1058110204414,283.20455859122023,1,-404.49962626605094,-2.048931943062768,-90.79772205753663,14.437985705079418,66.73375109120178,-116.64513898350535,0,-16.321005868435293,-5.118563828217134,0,1.838769345193427,0.7761118160681181,-2.332902779670107
48.72,0.02,502.25141063362724,302.5711216422452,1,-406.3293555661383,-1.7544293411254042,-91.4864650043685,14.725130096868192,63.23472980480648,-174.95106431976524,0,-2.854400386814177,19.36656305102497,0,1.8532784718293354,0.7462028869860977,-3.4990212863953047
48.74,0.02,503.6873542564464,279.61431120045467,1,-408.17271613080004,-1.4518881703080857,-92.16802823308628,15.127058540865919,61.534297098432155,-85.0216353187161,0,1.4359436228191385,-22.956810441790537,0,1.8680228401680614,0.7912489550290958,-1.7004327063743219
48.76,0.02,483.0345246666369,294.5466106637038,1,-410.0317732429951,-1.1428016605571376,-92.95285560975309,15.4543254875474,60.38537104502538,-57.44630267033877,0,-20.65282958980947,14.932299463249137,0,1.8845762963894581,0.8503279752871411,-1.1489260534067753
48.78,0.02,519.5915829797215,306.48398553609445,1,-411.9028711968922,-0.8283635493597991,-93.55489769485449,15.721905559866928,56.17782743051389,-210.37718072557468,0,36.55705831308455,11.937374872390649,0,1.8973346776073234,0.6588275702608137,-4.2075436145114935
48.800000000000004,0.02,468.9055525703046,289.315168304205,1,-413.79107859553227,-0.506856954992881,-94.41036993200298,16.075329718345902,57.089731322255446,45.59519458707797,0,-50.686030409416844,-17.168817231889477,0,1.9153834264973006,0.92560325427713,0.9119038917415594
48.82,0.02,532.3750611765528,308.8820608803811,1,-415.6900484880547,-0.18023856671400107,-94.94849462612022,16.330919413943995,52.64514291773535,-222.22942022600483,0,63.469508606248155,19.566892576176144,0,1.926853970665263,0.5957384316247382,-4.444588404520097
48.84,0.02,484.55168118084765,285.60172933283167,1,-417.604563212459,0.15381964863159564,-95.72573622021598,16.702910767279835,52.251385465550094,-19.68787260926277,0,-47.823379995705125,-23.28033154754945,0,1.9434406399993072,0.8616739885531775,-0.3937574521852554
48.86,0.02,525.5256937090725,280.945706366514,1,-419.53052536749243,0.49578329334054094,-96.29810775167063,17.098182235447265,50.012709308540565,-111.93380785047644,0,40.97401252822482,-4.656022966317664,0,1.9560852120814003,0.6955923400720971,-2.238676157009529
48.88,0.02,537.3387021642463,281.62691503125916,1,-421.4667536523094,0.8455842465463603,-96.8114142408494,17.49004766029097,47.56177525472696,-122.54670269068022,0,11.813008455173872,0.6812086647451565,0,1.967572280194313,0.6457879396682595,-2.4509340538136044
48.9,0.02,473.1170417819141,286.4752438864128,1,-423.4196702329482,1.2027376753635384,-97.64582903193984,17.857671440858905,48.11360297122775,27.59138582503944,0,-64.22166038233223,4.848328855153625,0,1.985306460637676,0.9118087999298764,0.5518277165007888
48.92,0.02,512.9908510714688,301.7589124106364,1,-425.38528772847985,1.5657152129396528,-98.28087477658251,18.148876878805723,45.05325288859389,-153.01750413169302,0,39.873809289554686,15.283668524223629,0,1.9988508777607636,0.6986298768865801,-3.0603500826338603
48.94,0.02,500.8516864225678,290.51220198770574,1,-427.36482005536925,1.9356415303169967,-98.97661634446966,18.496315868867192,43.44039933038176,-80.64267791060651,0,-12.139164648900987,-11.246710422930676,0,2.0138008127638938,0.7776697120892708,-1.6128535582121302
48.96,0.02,496.1943828729492,260.29687813854326,1,-429.35873294397135,2.3155381598804863,-99.6956444301049,18.994831478174476,43.895404643176924,22.750265639758283,0,-4.657303549618632,-30.215323849162473,0,2.0297807902547644,0.8749395411428702,0.45500531279516565
48.980000000000004,0.02,549.9207875991519,248.19032499080907,1,-431.3616537538135,2.706615756944895,-100.14604049210915,19.55387985322043,42.84694807309196,-52.42282850424829,0,53.72640472620276,-12.10655314773419,0,2.0407433590298725,0.7179078619923682,-1.0484565700849657
49.0,0.02,499.7141472438745,292.22286849884415,1,-433.37860314893135,3.104471067159419,-100.84746975588978,19.89276551072621,41.01270653862113,-91.71207672354136,0,-50.20664035527744,44.032543508035076,0,2.0558146099130714,0.7790035307692481,-1.8342415344708272
49.02,0.02,492.70265717284997,293.4498709251184,1,-435.41028227833186,3.5089813902814315,-101.58395647002551,20.225516156100618,39.41532815087919,-79.86891938709704,0,-7.011490071024525,1.2270024262742254,0,2.0715570680900663,0.8081680964351033,-1.5973783877419407
49.04,0.02,547.5258261643484,241.5582822354844,1,-437.45120882511594,3.9253358851798956,-102.04632733920378,20.817724744923197,38.927036812382525,-24.41456692483328,0,54.82316899149839,-51.89158868963398,0,2.082962369988987,0.7513307083700906,-0.4882913384966656
49.06,0.02,502.9636072243027,274.87815709410654,1,-439.5058390111776,4.350202564368949,-102.73150930308226,21.243333959452663,38.22694869491035,-35.004405873608846,0,-44.56221894004568,33.31987485862214,0,2.098098400114007,0.8066086579728463,-0.7000881174721769
49.08,0.02,557.0802262058799,289.10323367682344,1,-441.56876117461866,4.78215892019032,-103.14610817205288,21.597817791068547,35.669742754838204,-127.86029700360722,0,54.116618981577176,14.225076582716895,0,2.1076608232234038,0.5454823636276346,-2.5572059400721443
49.1,0.02,532.1429936288204,294.1958112048766,1,-443.64246903869685,5.220695694891203,-103.68539320390879,21.926838735044164,33.34666660347754,-116.15380756803333,0,-24.93723257705949,5.092577528053141,0,2.119570430135496,0.6317302645579342,-2.3230761513606666
49.120000000000005,0.02,526.7159123311636,268.9363753372416,1,-445.7275053115419,5.668338832058362,-104.25181364225297,22.382156858357956,32.6050758091579,-37.079539715981724,0,-5.427081297656741,-25.259435867634977,0,2.132547921462135,0.7267370269856954,-0.7415907943196345
49.14,0.02,547.1636558488375,306.33876097145446,0,-447.7082897707447,6.103187506482178,-99.03922296014032,21.742433721190796,32.6050758091579,0.0,0,20.44774351767387,37.40238563421286,1,2.027954743939709,5.251699468883819,0.0
49.160000000000004,0.02,521.8989306472322,245.93700912701456,0,-449.5900350069874,6.525497607417518,-94.0872618121333,21.115505046766977,32.6050758091579,0.0,0,-25.2647252016053,-60.4017518444399,0,1.9285515174539898,4.991488633081895,0.0
49.18,0.02,522.4365073139031,306.4120354643463,0,-451.37769298141797,6.93551990633415,-89.38289872152664,20.501114945831635,32.6050758091579,0.0,0,0.5375766666709296,60.47502633733171,0,1.8340772391461593,4.744313152015748,0.0
49.2,0.02,594.1628702938214,278.27221197796325,1,-453.1699346688191,7.353714984052987,-89.61208437005753,20.909753885941818,31.01024230306239,-79.74167530477558,0,71.72636297991824,-28.139823486383023,1,1.8403851197743275,0.4685209118778982,-1.5948335060955117
49.22,0.02,493.1819858387332,287.2596556127855,1,-454.9768581576364,7.779184096210544,-90.34617444086386,21.273455607877892,32.08039667429909,53.50771856183485,0,-100.98088445508813,8.987443634822228,0,1.8563395324777705,0.8192479323109155,1.070154371236697
49.24,0.02,551.3050759925068,239.19497578765856,1,-456.7926511388544,8.216733710789336,-90.78964906090134,21.8774807289396,32.840018078327695,37.981070201430356,0,58.123090153773546,-48.064679825126916,0,1.8677670668096271,0.7493437699020351,0.7596214040286071
49.26,0.02,548.4105378554251,238.38083982436342,1,-458.6176030662869,8.666445241385691,-91.24759637162423,22.48557652981778,33.56963846642007,36.48101940461892,0,-2.8945381370816676,-0.8141359632951435,0,1.8795451572630253,0.7612465057023261,0.7296203880923784
49.28,0.02,547.1268901809607,269.69021964514644,1,-460.4518423047013,9.125187750017533,-91.71196192071942,22.937125431592047,32.826507791122815,-37.15653376486294,0,-1.2836476744644187,31.309379820783022,0,1.8907348499895127,0.6477127248094057,-0.7431306752972588
49.300000000000004,0.02,558.1272296292152,267.0275943698782,1,-462.29426882015275,9.593227499212386,-92.12132577257334,23.401987459742656,31.971376543482236,-42.75656238202892,0,11.000339448254522,-2.6626252752682262,0,1.900946256911266,0.6194154247522256,-0.8551312476405784
49.32,0.02,577.2628678274325,284.97021527471986,1,-464.1429690488215,10.068770226879767,-92.43501143343617,23.777136383369058,30.0420812832337,-96.46476301242686,0,19.135638198217293,17.942620904841647,0,1.9088827678297091,0.48901473262980366,-1.9292952602485371
49.34,0.02,559.2529542049218,272.89028451285816,1,-465.99974398206973,10.553023926095863,-92.83874666241157,24.212684960804765,29.06159746551627,-49.02419088587138,0,-18.00991362251068,-12.079930761861704,0,1.918883737474329,0.5938894665020427,-0.9804838177174275
49.36,0.02,541.770496281519,265.9907525382857,1,-467.86634186568983,11.046678550058129,-93.32989418100398,24.682731198113338,28.834117838677244,-11.373981341951378,0,-17.482457923402876,-6.899531974572483,0,1.9307725259321384,0.6798303834247422,-0.22747962683902756
49.38,0.02,534.6038445418897,267.50379308965233,1,-469.7434793648557,11.54958279471143,-93.85687495829454,25.145212232665077,28.665213012759423,-8.445241295891037,0,-7.1666517396292875,1.5130405513666574,0,1.943336787606578,0.7011401050815814,-0.16890482591782074
49.4,0.02,571.0456153484911,270.43245961620596,1,-471.62751230248676,12.061443793403111,-94.2016468815521,25.593049934584048,27.580021856733442,-54.259557801299074,0,36.441770806601426,2.928666526553627,0,1.9523272758583077,0.5651781014218238,-1.0851911560259815
49.42,0.02,550.8131140542944,271.8765181455651,1,-473.5204639287124,12.582117140280236,-94.64758131128063,26.033667343856223,26.8027770934405,-38.86223816464707,0,-20.23250129419671,1.444058529359154,0,1.9632540827357172,0.6268980913761343,-0.7772447632929413
49.44,0.02,575.7578562931108,271.9039698836692,1,-475.4198397693087,13.111600090168993,-94.96879202981508,26.474147494437876,25.684737688342203,-55.90197025491488,0,24.94474223881639,0.02745173810410506,0,1.9717963328051333,0.5451596910611148,-1.1180394050982976
49.46,0.02,530.5766478318849,259.7398729825022,1,-477.3301579451218,13.6511090527595,-95.51590879065564,26.975448129525365,26.073565201274008,19.44137564659023,0,-45.18120846122588,-12.164096901167,0,1.9850404161017716,0.7420505890650538,0.3888275129318046
49.480000000000004,0.02,561.80129124198,268.76888418505047,0,-479.14496021214427,14.175986236098197,-90.74011335112286,26.243859166934854,26.073565201274008,0.0,0,31.224643410095155,9.029011202548247,1,1.8891805964437112,4.831505406231728,0.0
49.5,0.02,581.781961593742,278.94621028078575,0,-480.8690223658156,14.68652427577012,-86.20310768356671,25.526901983596154,26.073565201274008,0.0,0,19.980670351762,10.177326095735282,0,1.7980654603417419,4.593304695987142,0.0
49.52,0.02,581.3329681991358,266.0753428058272,0,-482.5068814118034,15.183009954648604,-81.89295229938837,24.82428394392423,26.073565201274008,0.0,0,-0.44899339460619103,-12.870867474958573,0,1.7114556038225124,4.367048379103899,0.0
49.54,0.02,532.9773551594725,284.207725380349,0,-484.0628475054918,15.665724319949518,-77.79830468441895,24.135718265045742,26.073565201274008,0.0,0,-48.35561303966335,18.13238257452184,0,1.629123581308584,4.15213942262349,0.0
49.56,0.02,590.0702727842317,260.2695058043057,0,-485.54101529449576,16.134942797944415,-73.908389450198,23.460923899744827,26.073565201274008,0.0,0,57.09291762475925,-23.93821957604331,0,1.5508533110970715,3.948010633833969,0.0
49.58,0.02,555.3929572121783,275.6736050233453,0,-486.94527469404954,16.590935306379414,-70.2129699776881,22.79962542174993,26.073565201274008,0.0,0,-34.67731557205343,15.404099219039608,0,1.476439510777189,3.754123167239415,0.0
49.6,0.02,556.7651909154056,273.3168853284313,0,-488.2793211236256,17.033966364645714,-66.7023214788037,22.15155291331493,26.073565201274008,0.0,0,1.3722337032272662,-2.356719694914034,0,1.4056871610899766,3.5699651061191866,0.0
49.620000000000005,0.02,595.1675723289597,276.631893308085,0,-489.5466652317229,17.464295201746687,-63.36720540486351,21.51644185504863,26.073565201274008,0.0,0,38.40238141355417,3.3150079796537284,0,1.338410996805388,3.395050114944746,0.0
49.64,0.02,610.4536180091635,249.82302195463868,0,-490.75064213441533,17.88217586210564,-60.198845134620335,20.894033017947656,26.073565201274008,0.0,0,15.286045680203756,-26.808871353446335,0,1.2744350232628168,3.2289161591092457,0.0
49.660000000000004,0.02,561.4459911047641,270.443568106004,1,-491.9624744379973,18.309012165653993,-60.591615179096515,21.341815177417637,28.237663193673573,108.20489961997825,0,-49.007626904399444,20.620546151365346,1,1.2848061184597364,0.5956317404046053,2.164097992399565
49.68,0.02,552.7344716600279,246.00474459327742,1,-493.18303329441324,18.747247994743017,-61.02794282079636,21.911791454451247,31.77672513691134,176.95309716188845,0,-8.711519444736155,-24.4388235127266,0,1.2968479339817571,0.7178124875567754,3.539061943237769
49.7,0.02,603.8197551547388,263.74036399357004,1,-494.4072101753137,19.195109787432685,-61.20884404502268,22.393089634483395,31.682268384374844,-4.722837626824905,0,51.08528349471089,17.73561940029262,0,1.3035295244383278,0.5141723359233153,-0.0944567525364981
49.72,0.02,586.981961370548,259.6347628128162,1,-495.63668886007713,19.65300810384107,-61.47393423816995,22.894915820419314,32.31099958115715,31.43655983911522,0,-16.837793784190808,-4.105601180753865,0,1.3119789268342792,0.5675405988947836,0.6287311967823044
49.74,0.02,570.1096370518677,262.2096736206846,1,-496.87315658113533,20.12068545288739,-61.823386052910614,23.38386745231589,33.43044153969323,55.972097926803954,0,-16.872324318680285,2.5749108078684344,0,1.321958595429472,0.6009910724460605,1.119441958536079
49.76,0.02,608.3465259075834,252.0241702897854,1,-498.1127896496028,20.599160384904728,-61.9816534233727,23.923746600866963,33.39531975510793,-1.756089229265001,0,38.23688885571573,-10.185503330899223,0,1.3287695078556967,0.5625993739715802,-0.03512178458530002
49.78,0.02,606.2492215250223,234.22038451075997,1,-499.35579779591774,21.09021327847099,-62.15040731574759,24.552644678313165,34.08145347156597,34.30668582290224,0,-2.0973043825611057,-17.803785779025418,0,1.336488756437962,0.6511456580575551,0.6861337164580448
49.800000000000004,0.02,582.8201872489174,270.3240783435439,1,-500.60452392350777,21.5902337642029,-62.436306379503,25.001024286595445,33.71070962216107,-18.537192470245145,0,-23.42903427610497,36.103693832783904,0,1.3451161391781647,0.5317730228016373,-0.3707438494049029
49.82,0.02,596.6080453029562,239.6822460813006,1,-501.85758924656756,22.102286025326677,-62.65326615298823,25.602613056188943,34.355120252008334,32.220531492363236,0,13.787858054038793,-30.64183226224327,0,1.3536507016128274,0.6395159036425759,0.6444106298472647
49.84,0.02,610.9965304976095,258.0593199764822,1,-503.1135549165776,22.624532354452807,-62.79828350050018,26.11231645630653,33.64307654857852,-35.602185171490675,0,14.388485194653299,18.37707389518158,0,1.3602172593117086,0.5299316816070082,-0.7120437034298135
49.86,0.02,553.6048924059806,227.8312742154019,1,-504.378160097347,23.159995556157398,-63.23025903847027,26.77316008522952,36.57846262419521,146.76930378083455,0,-57.391638091628806,-30.228045761080296,0,1.373297893251349,0.7895043807938336,2.935386075616691
49.88,0.02,570.6198296606847,235.6558938288645,1,-505.64970329515035,23.707893168479103,-63.57715989016685,27.394880616085196,37.94920152494349,68.53694503741394,0,17.014937254704023,7.824619613462602,0,1.384562709835769,0.7119526805871805,1.3707389007482789
49.9,0.02,614.1037749024634,241.53148991530298,1,-506.9238361154634,24.267637631809276,-63.70664101565452,27.98722316650868,37.31593329590355,-31.663411451997092,0,43.48394524177877,5.875596086438492,0,1.391663863160829,0.6063291671194394,-0.6332682290399418
49.92,0.02,618.9278788283531,271.1711949407022,1,-508.2000761478937,24.836264975645378,-63.812001621512756,28.431367191805172,35.254289354710714,-103.0821970596417,0,4.824103925889631,29.639705025399223,0,1.3971849113613215,0.45646990314081554,-2.061643941192834
49.94,0.02,603.4409255005908,234.14874525678962,1,-509.4799720877739,25.417477444955804,-63.99479699400981,29.060623465521225,35.38189555038232,6.380309783580174,0,-15.486953327762308,-37.02244968391258,0,1.40568188129595,0.6552691097689163,0.12760619567160347
49.96,0.02,604.089003710705,246.57099893193603,1,-510.763459127283,26.010032814373034,-64.17435197545629,29.627768470861547,34.88096545108676,-25.046504964777938,0,0.6480782101142495,12.422253675146408,0,1.4136692846677592,0.5948894422031032,-0.5009300992955588
49.980000000000004,0.02,619.2199567461744,250.49265734362774,1,-512.0490241711175,26.6135389180559,-64.27825219172541,30.175305184143408,33.8446368840351,-51.81642835258309,0,15.13095303546936,3.921658411691709,0,1.4201750241120379,0.5573075518349576,-1.0363285670516618
50.0,0.02,603.3017455414305,285.44634640439426,1,-513.3382590403978,27.22450038709833,-64.46174346401824,30.548073452121436,31.29037395614874,-127.71314639431779,0,-15.918211204743898,34.95368906076652,0,1.4266746177116794,0.41548192333599676,-2.554262927886356
50.02,0.02,616.4426120974181,219.60954763480478,1,-514.6298496484684,27.84950090137728,-64.57953040353112,31.250025713947412,31.8025361599386,25.608110189492983,0,13.1408665559876,-65.83679876958948,0,1.4348630393543056,0.7117659313302481,0.5121622037898597
50.04,0.02,622.4078750855906,237.2333215459975,1,-515.9231994690305,28.486778083501626,-64.66749102810314,31.863859106217426,31.407240717317464,-19.76477213105685,0,5.965262988172526,17.62377391119273,0,1.4418307685731666,0.6201036243571004,-0.395295442621137
50.06,0.02,595.2666601903095,237.57754886100008,1,-517.2210226235735,29.136297510739876,-64.89115772715161,32.47597136191243,31.67134091095682,13.205009681967717,0,-27.14121489528111,0.34422731500256987,0,1.4512823387707676,0.6516964061856264,0.26410019363935433
50.08,0.02,615.4790036007652,241.1025131016256,1,-518.5212978777564,29.79770668666796,-65.01376270914778,33.0704587964043,31.160855510479138,-25.52427002388402,0,20.212343410455674,3.5249642406255077,0,1.458827554799501,0.606998592567572,-0.5104854004776804
50.1,0.02,645.6427362357379,255.22460522512216,1,-519.8210088583157,30.469593402073535,-64.98554902796911,33.59433577027869,29.593894205668903,-78.34806524051174,0,30.16373263497269,14.122092123496572,0,1.463106418318563,0.5246361554081426,-1.5669613048102349
50.120000000000005,0.02,626.8720611384445,258.1357919496817,1,-521.1220326327613,31.15166653828414,-65.05118872227689,34.10365681053028,28.23970896226839,-67.70926217002557,0,-18.770675097293406,2.9111867245595136,0,1.4689746848780787,0.513533340214423,-1.3541852434005115
50.14,0.02,634.255572322531,246.12995309278887,1,-522.4236308499745,31.845126679185466,-65.07991086066426,34.67300704506634,27.38479396482299,-42.74574987227009,0,7.383511184086501,-12.005838856892808,0,1.4748033381002517,0.5700742502514996,-0.8549149974454018
50.160000000000004,0.02,585.4077144906662,238.32347328078393,1,-523.7306882957388,32.55075447275871,-65.3528722882109,35.28138967866242,28.034635302429887,32.49206688034487,0,-48.84785783186476,-7.8064798120049375,0,1.4853651906486947,0.666811344976677,0.6498413376068974
50.18,0.02,627.1053365177656,233.14977154005302,1,-525.0390352078513,33.269067289177954,-65.41734560562207,35.91564082096215,27.732073875426007,-15.128071350194006,0,41.69762202709944,-5.173701740730905,0,1.492563212954954,0.6375196625724702,-0.3025614270038801
50.2,0.02,633.5514856254772,240.25429091673968,1,-526.3480269714012,33.999354676505526,-65.44958817749466,36.51436936637845,27.016407058575776,-35.783340842511535,0,6.4461491077115625,7.104519376686653,0,1.4989259838735207,0.5995960761523356,-0.7156668168502307
50.22,0.02,630.4249840761624,243.04877611793364,1,-527.6579762365434,34.7413371862213,-65.49746325711385,37.09912548578879,26.25452590353192,-38.09405775219279,0,-3.126501549314753,2.7944852011939645,0,1.5054916545669623,0.5867126574707411,-0.7618811550438558
50.24,0.02,671.1151304495817,217.98389954278022,1,-528.9648139886407,35.4975213059828,-65.34188760486592,37.80920598807489,25.860259089002234,-19.71334072648432,0,40.690146373419225,-25.06487657515342,0,1.5098474536476139,0.726923725915763,-0.39426681452968637
50.26,0.02,647.2770327372722,199.6165126488499,1,-530.2709240374643,36.269743774479416,-65.30550244117956,38.611123424830645,26.38368044454513,26.171067777144863,0,-23.83809771230949,-18.36738689393033,0,1.5173170402025369,0.8027424590174593,0.5234213555428973
50.28,0.02,625.4432674450229,228.65999683913282,1,-531.5784897595433,37.05510024329212,-65.37828610395445,39.267823440634984,26.18914585332809,-9.726729560852121,0,-21.833765292249268,29.043484190282925,0,1.5252910871902754,0.6607211002566439,-0.19453459121704242
50.300000000000004,0.02,663.1692661528477,243.3830781351917,1,-532.8837385550072,37.852118404291296,-65.26243977319024,39.85090804995903,24.92080952405369,-63.41681646371988,0,37.72599870782483,14.723081296058893,0,1.5293503087985942,0.5944813150824068,-1.2683363292743977
50.32,0.02,661.5655688377472,243.81583770737538,1,-534.1868307935872,38.66075498151974,-65.15461192900148,40.431828861422154,23.737945985325407,-59.14317693641422,0,-1.6036973151005895,0.4327595721836701,0,1.5336044132302116,0.5908433237105836,-1.1828635387282844
50.34,0.02,658.8544087461959,223.22031129500456,1,-535.4880375912926,39.48306952761868,-65.06033988527048,41.11572730494713,23.37520593636242,-18.137002448149353,0,-2.711160091551278,-20.595526412370816,0,1.5392661703294297,0.6903653375460714,-0.36274004896298706
50.36,0.02,635.4233941780951,208.2574412210605,1,-536.7897020495802,40.32055832959552,-65.08322291438003,41.87444009884183,23.880773467221804,25.278376542969205,0,-23.43101456810075,-14.96287007394406,0,1.5478106652319712,0.7590577953230788,0.5055675308593841
50.38,0.02,668.6199233452692,200.87564256286078,1,-538.0885045155333,41.17395956731607,-64.94012329765371,42.670061886027526,23.988965352536866,5.409594265753093,0,33.19652916717405,-7.3817986581997275,0,1.5540854281887582,0.808388228855281,0.10819188531506185
50.4,0.02,657.0109905950585,217.85959573577097,1,-539.3856058824268,42.04157484546304,-64.85506834467844,43.380763907348665,23.657935607925786,-16.551487230553974,0,-11.60893275021067,16.98395317291019,0,1.5605217803258038,0.7157735033762981,-0.3310297446110795
50.42,0.02,668.9179254410014,230.49524179494378,1,-540.6798154567763,42.92214059943052,-64.71047871747345,44.028287698373944,22.759052453958645,-44.944157698357046,0,11.906934845942942,12.635646059172814,0,1.5653671995407685,0.6634705873202126,-0.8988831539671409
50.44,0.02,661.6270438365095,238.1960206910815,1,-541.9718623267421,43.81488675132889,-64.6023434982909,44.63730759491854,21.700185224706956,-52.94336146258445,0,-7.290881604491915,7.700778896137706,0,1.5704715234342241,0.6185454389249393,-1.058867229251689
50.46,0.02,653.1953844866193,245.07153543450295,1,-543.2625896582592,44.71912574968381,-64.53636657585781,45.211949917746026,20.50745225820474,-59.63664832511082,0,-8.431659349890197,6.875514743421462,0,1.5759521599564013,0.57841745606293,-1.1927329665022164
50.480000000000004,0.02,654.6667413261988,221.85273970755355,1,-544.5518503156437,45.63717947406798,-64.46303286922682,45.902686219208256,20.245358293442706,-13.104698238101697,0,1.471356839579471,-23.218795726949395,0,1.5827241337438187,0.6946182193737518,-0.26209396476203395
50.5,0.02,643.7964074501151,206.40947045277647,1,-545.8407313322832,46.570592251406865,-64.44405083197626,46.67063886694437,20.66300269322698,20.882219989213624,0,-10.870333876083691,-15.443269254777078,0,1.5913747792249155,0.7681872082396932,0.4176443997842725
50.52,0.02,655.7142326267569,240.59168326865287,1,-547.1280409256601,47.51594586041889,-64.36547966884245,47.267680450601105,19.573734000649875,-54.46343462885519,0,11.917825176641827,34.1822128158764,0,1.5971410192191131,0.6021894056619875,-1.0892686925771038
50.54,0.02,665.7624422035926,228.27120707949305,1,-548.4127742748166,48.47447234872296,-64.23666745782447,47.92632441520364,18.92580924128502,-32.39623796824276,0,10.048209576835688,-12.32047618915982,0,1.6029076103179805,0.671121790597418,-0.6479247593648552
50.56,0.02,687.8959298097561,211.79750439619997,1,-549.6927180309921,49.447819086587415,-63.997187808775664,48.66733689322264,18.646225619271377,-13.979181100682148,0,22.1334876061635,-16.473702683293084,0,1.6079987223514878,0.7787489935071502,-0.27958362201364295
50.58,0.02,690.5136891187911,218.1801213838273,1,-550.9676104182557,50.43534781231349,-63.7446193631817,49.3764362863035,18.14171148312563,-25.225706807287374,0,2.617759309035023,6.38261698762733,0,1.6126262999334346,0.7527368524108534,-0.5045141361457475
50.6,0.02,657.2075947068726,218.95046984719392,0,-552.1787581861562,51.399284363525034,-60.55738839502261,48.19682756057743,18.14171148312563,0.0,0,-33.30609441191859,0.7703484633666164,1,1.5479187932355716,3.398517028087601,0.0
50.620000000000005,0.02,677.2149716393701,226.85726401634173,0,-553.3293485656616,52.34010058371235,-57.52951897527148,47.04081100936588,18.14171148312563,0.0,0,20.00737693249755,7.906794169147815,0,1.486268273757433,3.2410441974368567,0.0
50.64,0.02,696.1871918938693,211.394565759163,0,-554.4224094261917,53.25825887949592,-54.6530430265079,45.90791478917856,18.14171148312563,0.0,0,18.972220254499234,-15.462698257178744,0,1.4275141683847208,3.091531615482856,0.0
50.660000000000004,0.02,662.755085154959,221.82892346634912,0,-555.4608172436954,54.15421240936382,-51.920390875182505,44.797676493394995,18.14171148312563,0.0,0,-33.432106738910306,10.434357707186138,0,1.3715041097770821,2.9495790976964353,0.0
50.68,0.02,649.2793352119777,244.01376625803184,0,-556.4473046703239,55.028405268634366,-49.32437133142338,43.709642963527095,18.14171148312563,0.0,0,-13.475749942981338,22.184842791682712,0,1.3180935467923953,2.8148062870642,0.0
50.7,0.02,697.1919845111321,245.47784058887234,0,-557.3844677256209,55.8812726707195,-46.85815276485221,42.643370104256554,18.14171148312563,0.0,0,47.912649299154396,1.4640743308405035,0,1.2671453735673084,2.686851657333791,0.0
50.72,0.02,715.0215298438042,201.91981220701277,0,-558.2747726281531,56.713241124762924,-44.51524512660959,41.598422702171426,18.14171148312563,0.0,0,17.82954533267207,-43.55802838185957,0,1.218529576168042,2.565371566549385,0.0
50.74,0.02,647.1753653635394,221.15130451046565,0,-559.1205622855587,57.524728609725486,-42.28948287027911,40.574374248128,18.14171148312563,0.0,0,-67.84616448026475,19.23149230345288,0,1.1721228957857315,2.450039358445919,0.0
50.76,0.02,724.1318611089927,240.93656771535146,0,-559.924062460094,58.3161447449888,-40.17500872676515,39.57080676316544,18.14171148312563,0.0,0,76.95649574545325,19.78526320488581,0,1.1278085075195163,2.340544509395873,0.0
50.78,0.02,698.541853961911,232.49559766298998,0,-560.6873876259025,59.08789095754684,-38.16625829042689,38.587310627902134,18.14171148312563,0.0,0,-25.59000714708168,-8.440970052361479,0,1.0854757138482063,2.236591818720398,0.0
50.800000000000004,0.02,723.5227137105315,211.15727416332516,0,-561.4125465334206,59.84036064585372,-36.25794537590554,37.623484415344095,18.14171148312563,0.0,0,24.98085974862056,-21.338323499664824,0,1.045019651955651,2.1379006402877874,0.0
50.82,0.02,634.7630527049553,211.72250264171578,0,-562.1014474955628,60.57393934039447,-34.44504810711027,36.678934727037216,18.14171148312563,0.0,0,-88.75966100557628,0.5652284783906225,0,1.0063410141321354,2.04420415342646,0.0
50.84,0.02,700.8609126432673,222.89470971496183,0,-562.7559034095979,61.2890048610444,-32.722795701754755,35.75327603249647,18.14171148312563,0.0,0,66.09785993831201,11.172207073246057,0,0.9693457805333903,1.9552486712773187,0.0
50.86,0.02,698.623772004064,216.69297057955004,0,-563.3776365279313,61.98592747128133,-31.086655916667016,34.846130511846546,18.14171148312563,0.0,0,-2.2371406392032895,-6.201739135411799,0,0.9339449636311694,1.8707929848014127,0.0
50.88,0.02,705.6792647373057,221.5498006044533,0,-563.9682829903479,62.66507002931352,-29.532323120833663,33.95712790160962,18.14171148312563,0.0,0,7.055492733241749,4.8568300249032745,0,0.9000543637446676,1.7906077407436847,0.0
50.9,0.02,692.93330956272,211.0848366303168,0,-564.5293971296437,63.326788136185066,-28.055706964791977,33.08590534357742,18.14171148312563,0.0,0,-12.745955174585788,-10.46496397413651,0,0.8675943350894622,1.7144748519320676,0.0
50.92,0.02,701.3755667185684,211.81256071755612,0,-565.0624555619747,63.971430280919186,-26.652921616552376,32.23210723670588,18.14171148312563,0.0,0,8.442257155848438,0.7277240872393236,0,0.8364895618276473,1.6421869383639394,0.0
50.94,0.02,708.0335623182513,236.40750610173822,0,-565.5688610726892,64.59933798275863,-25.320275535724758,31.395385091971765,18.14171148312563,0.0,0,6.657995599682863,24.594945384182097,0,0.8066688436472829,1.573546797598873,0.0
50.96,0.02,726.4709817473306,242.7805755982606,0,-566.0499463078679,65.21084593056128,-24.05426175893852,30.575397390132327,18.14171148312563,0.0,0,18.43741942907934,6.37306949652239,0,0.7780648904383176,1.5083669030380098,0.0
50.980000000000004,0.02,706.6975354170211,193.72919228544578,0,-566.5069772812877,65.80628211940787,-22.851548670991594,29.77180944232968,18.14171148312563,0.0,0,-19.773446330309525,-49.051383312814835,0,0.7506141256685892,1.446468928726953,0.0
51.0,0.02,745.9505543558911,199.07286649003444,0,-566.9411567060366,66.38596798447753,-21.708971237442015,28.984293253483084,18.14171148312563,0.0,0,39.253018938870014,5.343674204588666,0,0.7242564980977676,1.387683299370649,0.0
51.02,0.02,731.5702203310384,232.08427244670023,0,-567.3536271595481,66.9502185322458,-20.623522675569912,28.21252738841342,18.14171148312563,0.0,0,-14.380334024852687,33.01140595666578,0,0.6989353014955876,1.33184876429606,0.0
51.04,0.02,734.2357169064096,227.5452777745374,0,-567.7454740903839,67.4993424690587,-19.592346541791414,27.45619684064515,18.14171148312563,0.0,0,2.6654965753712077,-4.538994672162829,0,0.6745970020585565,1.278811994142151,0.0
51.06,0.02,718.8023692822836,203.50891426562472,0,-568.117728674678,68.03364232713535,-18.612729214701844,26.714992903832243,18.14171148312563,0.0,0,-15.433347624125986,-24.03636350891267,0,0.6511910732409336,1.2284271990969038,0.0
51.08,0.02,743.5222469855987,203.93501469548838,0,-568.4713705297573,68.55341458805047,-17.68209275396675,25.988613045755596,18.14171148312563,0.0,0,24.719877703315092,0.42610042986365215,0,0.6286698377373968,1.1805557675387444,0.0
51.1,0.02,726.9787584410949,205.66085510299678,0,-568.8073302920827,69.05894980374728,-16.79798811626841,25.276760784840484,18.14171148312563,0.0,0,-16.543488544503816,1.7258404075084002,0,0.6069883163713705,1.1350659239751975,0.0
51.120000000000005,0.02,701.817058355464,245.8350433162218,0,-569.1264920662918,69.55053271513016,-15.95808871045499,24.579145569143673,18.14171148312563,0.0,0,-25.161700085630855,40.17418821322502,0,0.5861040836574618,1.091832405205783,0.0
51.14,0.02,737.2586999512979,197.00596110115777,0,-569.4296957517904,70.02844236828538,-15.16018427493224,23.895482657760798,18.14171148312563,0.0,0,35.44164159583386,-48.829082215064034,0,0.5659771298196423,1.0507361536691244,0.0
51.160000000000004,0.02,735.8118829940927,214.7515379153508,0,-569.7177392530141,70.49295222837749,-14.402175061185627,23.225493004605582,18.14171148312563,0.0,0,-1.4468169572052147,17.745576814193043,0,0.5465697290556687,1.0116640269673551,0.0
51.18,0.02,738.2892527196024,223.35699022771072,0,-569.9913805791766,70.94433029126776,-13.682066308126345,22.568903144513467,18.14171148312563,0.0,0,2.477369725509675,8.605452312359915,0,0.5278463138476607,0.974508522594019,0.0
51.2,0.02,716.3367825914584,222.7269533291497,0,-570.2513398390311,71.38283919290022,-12.997962992720026,21.925445081623195,18.14171148312563,0.0,0,-21.952470128144,-0.6300368985610305,0,0.5097733551245837,0.9391675169257172,0.0
51.22,0.02,720.9512432395229,200.3550012377152,0,-570.4983011358927,71.80873631650003,-12.348064843084025,21.29485617999073,18.14171148312563,0.0,0,4.614460648064551,-22.37195209143451,0,0.492319248088239,0.9055440175730479,0.0
51.24,0.02,759.1580267076708,234.2220323513993,0,-570.7329143679112,72.22227389762784,-11.730661600929823,20.676879056390913,18.14171148312563,0.0,0,38.20678346814793,33.86703111368411,0,0.4754542035183096,0.8735459282231387,0.0
51.26,0.02,757.0428665409922,241.650991751983,0,-570.955796938329,72.62369912713311,-11.144128520883331,20.071261475263093,18.14171148312563,0.0,0,-2.1151601666786064,7.428959400583722,0,0.45915014437475615,0.8430858251447095,0.0
51.28,0.02,717.3613839533111,223.99277207748685,0,-571.1675353802257,73.01325425204827,-10.586922094839164,19.477756245757828,18.14171148312563,0.0,0,-39.6814825876811,-17.658219674496166,0,0.4433806075196812,0.8140807445671541,0.0
51.300000000000004,0.02,752.148134860576,215.93403472314887,0,-571.3686869000276,73.39117667446513,-10.057575990097204,18.89612112084267,18.14171148312563,0.0,0,34.78675090726483,-8.058737354337978,0,0.4281206503826223,0.7864519801873212,0.0
51.32,0.02,773.1367232934629,210.6253675727396,0,-571.5597808438395,73.75769904843365,-9.554697190592343,18.326118698425812,18.14171148312563,0.0,0,20.9885884328869,-5.3086671504092635,0,0.4133467623933975,0.7601248901019716,0.0
51.34,0.02,709.5453007894307,204.46585787109655,0,-571.7413200904607,74.1130493749228,-9.076962331062726,17.767516324457294,18.14171148312563,0.0,0,-63.59142250403215,-6.15950970164306,0,0.3990367810111615,0.7350287125092788,0.0
51.36,0.02,751.1453074781317,200.4589601875473,0,-571.9137823747509,74.45745109488216,-8.62311421450959,17.220085997968145,18.14171148312563,0.0,0,41.600006688701,-4.006897683549255,0,0.3851698121784198,0.7110963895695469,0.0
51.38,0.02,725.3998098298309,210.6756430852789,0,-572.0776215448266,74.79112318044234,-8.19195850378411,16.68360427800878,18.14171148312563,0.0,0,-25.745497648300784,10.216682897731602,0,0.3717261550297033,0.6882643988626413,0.0
51.4,0.02,746.7775532245497,203.28676075449758,0,-572.2332687563985,75.1142802242913,-7.782360578594903,16.1578521924486,18.14171148312563,0.0,0,21.377743394718777,-7.388882330781314,0,0.35868723068896646,0.6664725919272144,0.0
51.42,0.02,763.8907096698946,201.57675965088563,0,-572.3811336073918,75.4271325272633,-7.393242549665158,15.64261514859963,18.14171148312563,0.0,0,17.113156445344885,-1.710001103611944,0,0.3460355149896452,0.6456640394139953,0.0
51.44,0.02,764.7824829609639,196.80797944356536,0,-572.5216052158354,75.72988618417585,-7.023580422181899,15.137682845627637,18.14171148312563,0.0,0,0.8917732910692848,-4.768780207320276,0,0.33375447495525185,0.625784882431694,0.0
51.46,0.02,735.2128714255082,258.09697058530384,0,-572.6550532438569,76.02274316795015,-6.672401401072804,14.642849188715084,18.14171148312563,0.0,0,-29.569611535455692,61.28899114173848,0,0.3218285088804244,0.6067841897088223,0.0
51.480000000000004,0.02,749.8564952459699,187.27250901966423,0,-572.7818288704773,76.30590141204897,-6.338781331019163,14.157912204940782,18.14171148312563,0.0,0,14.643623820461698,-70.82446156563961,0,0.3102428898558774,0.5886138202376106,0.0
51.5,0.02,747.5903226649372,227.22057597935896,0,-572.9022657157667,76.5795548912658,-6.021842264468205,13.682673960841967,18.14171148312563,0.0,0,-2.26617258103272,39.94806695969473,0,0.29898371258438966,0.5712282911063821,0.0
51.52,0.02,728.3683795533445,229.35461621849117,0,-573.0166807187916,76.8438937008983,-5.720750151244794,13.216940481625128,18.14171148312563,0.0,0,-19.221943111592623,2.1340402391322186,0,0.2880378433385305,0.5545846502642864,0.0
51.54,0.02,743.5032343563142,201.07318495401714,0,-573.1253749716652,77.09910413433816,-5.434712643682555,12.760521671992626,18.14171148312563,0.0,0,15.134854802969699,-28.281431264474037,0,0.277392872915509,0.5386423539963868,0.0
51.56,0.02,770.1891162068241,203.71394094319518,0,-573.2286345118952,77.34536875910922,-5.162977011498427,12.313231238552774,18.14171148312563,0.0,0,26.685881850509872,2.6407559891780465,0,0.26703707244899355,0.5233631489179554,0.0
51.58,0.02,753.5620945821134,237.09235676094318,0,-573.3267310751137,77.58286649138485,-4.904828160923505,11.874886613781719,18.14171148312563,0.0,0,-16.627021624710665,33.37841581774799,0,0.2569593519437476,0.5087109583239096,0.0
51.6,0.02,757.203864707186,220.20237027543186,0,-573.4199228101712,77.81177266901497,-4.659586752877329,11.445308881506085,18.14171148312563,0.0,0,3.641770125072526,-16.889986485511315,0,0.2471492214033176,0.49465177275286004,0.0
51.620000000000005,0.02,761.3635585363994,217.10900275222266,0,-573.5084549584759,78.03225912309249,-4.4266074152334625,11.024322703875963,18.14171148312563,0.0,0,4.159693829213438,-3.0933675232091957,0,0.23759675442884515,0.48115354464515275,0.0
51.64,0.02,779.919922943045,214.3475367455053,0,-573.5925604993654,78.24449424808846,-4.2052770444717895,10.611756249798445,18.14171148312563,0.0,0,18.55636440664557,-2.76146600671737,0,0.2282925541719825,0.46818608699062914,0.0
51.660000000000004,0.02,750.3542373324084,221.47223891324145,0,-573.6724607632103,78.44864307058451,-3.9950131922481997,10.207441124802475,18.14171148312563,0.0,0,-29.565685610636592,7.12470216773616,0,0.21922772153405795,0.4557209758749427,0.0
51.68,0.02,790.9975802063658,209.70306910172647,0,-573.748366013863,78.64486731663064,-3.7952625326357894,9.811212302306426,18.14171148312563,0.0,0,40.64334287395741,-11.769169811514985,0,0.21039382551067864,0.44373145684321097,0.0
51.7,0.02,776.0859920347436,213.2163545928833,0,-573.8204760019831,78.83332547775585,-3.6054994060039998,9.422908056260297,18.14171148312563,0.0,0,-14.911588171622157,3.513285491156836,0,0.20178287559003089,0.43219235500703307,0.0
51.72,0.02,748.7289252762463,192.33080971205294,0,-573.8889804906972,79.01417287565855,-3.4252244357037998,9.042369895135092,18.14171148312563,0.0,0,-27.357066758497353,-20.885544880830366,0,0.19338729612401082,0.42107998882550884,0.0
51.74,0.02,767.7853681767929,220.99507706506213,0,-573.9540597549756,79.18756172560319,-3.2539632139186097,8.66944249723239,18.14171148312563,0.0,0,19.056442900546585,28.664267353009194,0,0.18519990260292837,0.41037208749357706,0.0
51.76,0.02,756.50764454201,202.0692325412677,0,-574.01588505604,79.35364119854894,-3.091265053222679,8.303973647287743,18.14171148312563,0.0,0,-11.277723634782888,-18.92584452379444,0,0.177213879777094,0.40004771187159965,0.0
51.78,0.02,770.547678567501,201.3492999385084,0,-574.0746190920513,79.51255748203579,-2.936701800561545,7.9458141743419874,18.14171148312563,0.0,0,14.040034025490968,-0.7199326027592861,0,0.16942276158605976,0.3900871788895025,0.0
51.800000000000004,0.02,755.2269151658073,241.9070774620676,0,-574.130416426262,79.6644538398529,-2.7898667105334676,7.594817890855148,18.14171148312563,0.0,0,-15.320763401693625,40.557777523559196,0,0.16182041287525067,0.3804719893568086,0.0
51.82,0.02,772.2781890805915,211.39763138221554,0,-574.1834238937621,79.80947067051366,-2.650373375006794,7.250841533038045,18.14171148312563,0.0,0,17.051273914784133,-30.50944607985207,0,0.15440101290364852,0.3711847591072087,0.0
51.84,0.02,827.7929935696404,205.1784043296753,0,-574.2337809878873,79.9477455645612,-2.5178547062564545,6.913744702377285,18.14171148312563,0.0,0,55.51480448904897,-6.219227052540248,0,0.14715904067568863,0.36220915340296367,0.0
51.86,0.02,764.2139899544857,204.56686342941634,0,-574.2816202273061,80.0794133607278,-2.3919619709436315,6.5833898083297395,18.14171148312563,0.0,0,-63.57900361515476,-0.6115409002589445,0,0.14008926217074444,0.35352982452080234,0.0
51.88,0.02,787.5337404013374,193.28303765725875,0,-574.327067504754,80.20460620097106,-2.2723638723964497,6.259642012163145,18.14171148312563,0.0,0,23.319750446851685,-11.283825772157599,0,0.13318671959171532,0.34513235243718965,0.0
51.9,0.02,770.3128182896344,207.22903727495816,0,-574.3702424183296,80.32345358440945,-2.158745678776627,5.942369171919882,18.14171148312563,0.0,0,-17.220922111702976,13.945999617699414,0,0.1264467228219274,0.33700318852713884,0.0
51.92,0.02,784.6298966042706,242.70490559919992,0,-574.4112585862263,80.43608242017908,-2.0508083948377958,5.631441788481484,18.14171148312563,0.0,0,14.317078314636206,35.47586832424176,0,0.11986484336849156,0.3291296021872545,0.0
51.94,0.02,751.8626315199815,206.56520624482445,0,-574.4502239457282,80.54261707923331,-1.9482679750959058,5.326732952711855,18.14171148312563,0.0,0,-32.76726508428908,-36.139699354375466,0,0.11343691119260334,0.3214996302904964,0.0
51.96,0.02,799.698789940133,209.05737429878957,0,-574.4872410372551,80.64317944510647,-1.8508545763411104,5.028118293657618,18.14171148312563,0.0,0,47.83615842015149,2.4921680539651163,0,0.10715901499694916,0.31410202937746007,0.0
51.980000000000004,0.02,808.4604047368493,233.1219766090976,0,-574.5224072742055,80.73788896366216,-1.758311847524055,4.735475927784466,18.14171148312563,0.0,0,8.761614796716344,24.064602310308032,0,0.1010275067806004,0.30692623048664786,0.0
52.0,0.02,792.6808655170928,198.27594786295677,0,-574.5558151993085,80.82686269184673,-1.6703962551478522,4.4486864092287774,18.14171148312563,0.0,0,-15.779539219756543,-34.84602874614083,0,0.09503901181488456,0.2999622965245172,0.0
52.02,0.02,797.9093748979461,209.29535167520206,0,-574.5875527281563,80.9102153454676,-1.5868764423904596,4.167632681044202,18.14171148312563,0.0,0,5.228509380853325,11.019403812245287,0,0.08919044569349976,0.2932008820748657,0.0
52.04,0.02,802.3164717316699,218.06823346115684,0,-574.6177033805617,80.98805934601607,-1.5075326202709365,3.8922000274233173,18.14171148312563,0.0,0,4.407096833723813,8.77288178595478,0,0.08347904085373692,0.2866331955464625,0.0
52.06,0.02,796.7370487233585,180.46627161666694,0,-574.6463465003468,81.06050486655357,-1.4321559892573896,3.6222760268748506,18.14171148312563,0.0,0,-5.579423008311437,-37.60196184448989,0,0.0779023860800998,0.28025096355773876,0.0
52.08,0.02,784.7569571761319,219.50507422345942,0,-574.6735574641427,81.12765987668031,-1.3605481897945202,3.357750506337353,18.14171148312563,0.0,0,-11.980091547226607,39.03880260679247,0,0.0724584842225282,0.2740463974577088,0.0
52.1,0.02,786.0849900859267,185.7038897428591,0,-574.6994078797488,81.18963018660452,-1.2925207803047942,3.098515496210606,18.14171148312563,0.0,0,1.3280329097948425,-33.80118448060031,0,0.06714583605191224,0.2680121618831833,0.0
52.120000000000005,0.02,786.8515379079074,231.16801829241717,0,-574.7239657745746,81.24651949033024,-1.2278947412895544,2.8444651862863934,18.14171148312563,0.0,0,0.76654782198068,45.46412854955807,0,0.06196356249176614,0.2621413452536392,0.0
52.14,0.02,784.4422769565123,196.03697403654533,0,-574.747295774659,81.29842940798146,-1.1665000042250766,2.5954958825606655,18.14171148312563,0.0,0,-2.40926095139514,-35.13104425587184,0,0.05691158453686501,0.2564274321068051,0.0
52.160000000000004,0.02,813.3064558282978,217.33540392801243,0,-574.7694592747393,81.34545952727964,-1.1081750040138227,2.351505964909452,18.14171148312563,0.0,0,28.864178871785498,21.298429891467094,0,0.05199089205823271,0.2508642771800896,0.0
52.18,0.02,824.7757866954544,242.92054315269542,0,-574.7905145998157,81.38770744419188,-1.0527662538131315,2.1123958456112626,18.14171148312563,0.0,0,11.4693308671566,25.58513922468299,0,0.04720395319771037,0.24544608114532385,0.0
52.2,0.02,772.710434617598,194.8445742994448,0,-574.810517158638,81.42526880276586,-1.0001279411224748,1.8780679286990374,18.14171148312563,0.0,0,-52.065352077856346,-48.07596885325063,0,0.04255535239387278,0.24016736790692875,0.0
52.22,0.02,844.9397333594459,220.48805079547455,0,-574.8295195895194,81.45823733416836,-0.9501215440663511,1.6484265701250567,18.14171148312563,0.0,0,72.22929874184786,25.643476496029763,0,0.038052811226457726,0.235022963376429,0.0
52.24,0.02,821.4547245402841,214.59512469621845,0,-574.8475718988566,81.4867048949428,-0.9026154668630335,1.4233780387225556,18.14171148312563,0.0,0,-23.48500881916175,-5.892926099256101,0,0.03370886958730523,0.2300079756392592,0.0
52.26,0.02,811.8133943417243,186.13488562166913,0,-574.8647215927269,81.51076150450177,-0.8574846935198818,1.2028304779481045,18.14171148312563,0.0,0,-9.641330198559785,-28.46023907454932,0,0.029543738140584336,0.22511777643294,0.0
52.28,0.02,797.1076939978972,198.23196858431388,0,-574.8810138019038,81.53049538186956,-0.8146104588438876,0.9866938683891424,18.14171148312563,0.0,0,-14.705700343827175,12.097082962644748,0,0.025590271507538974,0.22034798385893037,0.0
52.300000000000004,0.02,820.2655199290471,218.51654686007856,0,-574.8964914006218,81.54599298168998,-0.7738799359016932,0.7748799910213596,18.14171148312563,0.0,0,23.157825931149887,20.284578275764687,0,0.02190277750125697,0.215694446253766,0.0
52.32,0.02,778.2350160825812,182.31408157281194,0,-574.9111951194039,81.557339029514,-0.7351859391066086,0.5673023912009324,18.14171148312563,0.0,0,-42.03050384646588,-36.20246528726662,0,0.018572348996529812,0.21115322714840865,0.0
52.34,0.02,776.2807962523859,207.38147169546508,0,-574.925163652247,81.56461655638154,-0.6984266421512781,0.3638763433769137,18.14171148312563,0.0,0,-1.9542198301952567,25.067390122653137,0,0.015750628784095756,0.2067205912480663,0.0
52.36,0.02,845.1351268118619,214.09503411924877,0,-574.9384337584478,81.56790693271172,-0.6635053100437142,0.16451881650937542,18.14171148312563,0.0,0,68.85433055947601,6.713562423783685,0,0.013671952858875165,0.20239299136805117,0.0
52.38,0.02,826.9208950570622,224.87643139898393,0,-574.9510403593387,81.56728990151531,-0.6303300445415284,-0.0308515598208121,18.14171148312563,0.0,1,-18.214231754799698,10.78139727973516,0,0.012621692181288323,0.1981670562645053,0.0
52.4,0.02,842.5382382847362,210.00211275383228,0,-574.9630166301849,81.56284361094282,-0.5988135423144519,-0.22231452862439588,18.14171148312563,0.0,0,15.617343227673928,-14.874318645151646,0,0.012774997582714307,0.19403957930203675,0.0
52.42,0.02,808.128932342875,207.18552756321836,0,-574.9743940874889,81.55464464618179,-0.5688728651987294,-0.40994823805190794,18.14171148312563,0.0,0,-34.409305941861135,-2.816585190613921,0,0.014023892393218504,0.19000750790344045,0.0
52.44,0.02,826.9995023404736,199.12781337299523,0,-574.9852026719277,81.54276806071597,-0.5404292219387928,-0.5938292732908698,18.14171148312563,0.0,0,18.870569997598523,-8.057714190223123,0,0.01605860454389674,0.18606793372972907,0.0
52.46,0.02,799.8436227129936,205.69354573583578,0,-574.9954708271446,81.52728740695947,-0.5134077608418531,-0.7740326878250524,18.14171148312563,0.0,0,-27.155879627479976,6.565732362840549,0,0.01857648115995525,0.18221808354165042,0.0
52.480000000000004,0.02,834.110975115022,191.86680034074715,0,-575.0052255746006,81.5082747662781,-0.4877373727997604,-0.9506320340685515,18.14171148312563,0.0,0,34.26735240202845,-13.826745395088636,0,0.021369033754684793,0.17845531069672002,0.0
52.5,0.02,802.0034274142778,205.5034481147591,0,-575.0144925846838,81.48580077841036,-0.46335050415977236,-1.1236993933871804,18.14171148312563,0.0,0,-32.10754770074425,13.636647774011948,0,0.024309619630146807,0.1747770872385378,0.0
52.52,0.02,828.7140444137023,204.2332421353247,0,-575.0232962442628,81.45993467029997,-0.4401829789517837,-1.2933054055194366,18.14171148312563,0.0,0,26.710616999424474,-1.2702059794343938,0,0.02732324963766117,0.17118099653778698,0.0
52.54,0.02,812.2507025838964,184.1616026963007,0,-575.0316597208629,81.43074428435179,-0.4181738300041945,-1.4595192974090478,18.14171148312563,0.0,0,-16.463341829805813,-20.07163943902401,0,0.0303648871666486,0.16766472644682462,0.0
52.56,0.02,808.8528578657739,200.91495861686371,0,-575.0396050236329,81.39829610612257,-0.39726513850398476,-1.6224089114608669,18.14171148312563,0.0,0,-3.397844718122542,16.753355920563024,0,0.03340676737583031,0.16422606293217132,0.0
52.58,0.02,817.0294970196696,232.97410771004846,0,-575.0471530612645,81.36265529145794,-0.3774018815787855,-1.7820407332316495,18.14171148312563,0.0,0,8.176639153895735,32.05914909318474,0,0.036431312658831067,0.16086288415148903,0.0
52.6,0.02,821.6134379326519,174.58174614794893,0,-575.0543236970144,81.3238856930866,-0.3585317874998462,-1.9384799185670163,18.14171148312563,0.0,0,4.583940912982257,-58.392361562099524,0,0.03942714515323194,0.15757315494379515,0.0
52.620000000000005,0.02,845.0455805656915,201.24837005611172,0,-575.0611358009769,81.28204988668269,-0.3406051981248539,-2.0917903201956762,18.14171148312563,0.0,0,23.432142633039575,26.66662390816279,0,0.0423867839999824,0.15435492170371698,0.0
52.64,0.02,799.5194480477533,206.91729079326853,0,-575.0676072997413,81.23720919640685,-0.3235749382186112,-2.2420345137917628,18.14171148312563,0.0,0,-45.52613251793821,5.66892073715681,0,0.0453052734311494,0.1512063076125216,0.0
52.660000000000004,0.02,833.9938869810609,206.0830976877179,0,-575.0737552235674,81.18942371993653,-0.30739619130768064,-2.3892738235159277,18.14171148312563,0.0,0,34.474438933307624,-0.8341931055506393,0,0.048179339232368536,0.14812550820050036,0.0
52.68,0.02,812.5086182700841,233.24016019053502,0,-575.0795957512023,81.13875235299561,-0.2920263817422966,-2.5335683470456094,18.14171148312563,0.0,0,-21.48526871097681,27.157062502817126,0,0.051006854350319576,0.14511078721698828,0.0
52.7,0.02,850.0390876257868,225.60949501683578,0,-575.0851442524554,81.08525281339351,-0.2774250626551818,-2.6749769801046974,18.14171148312563,0.0,0,37.530469355702735,-7.630665173699242,0,0.05378649090424303,0.14216047278594546,0.0
52.72,0.02,857.6186841651981,184.5796132812099,0,-575.0904153286458,81.02898166458345,-0.2635538095224227,-2.8135574405026036,18.14171148312563,0.0,0,7.579596539411341,-41.02988173562588,0,0.056517487847642656,0.13927295382653704,0.0
52.74,0.02,826.8577412910408,217.9402796438866,0,-575.0954228510267,80.9699943387496,-0.2503761190463015,-2.949366291692552,18.14171148312563,0.0,0,-30.76094287415731,33.36066636267671,0,0.05919949230714983,0.1364466767195814,0.0
52.76,0.02,820.9585308983087,177.49512793443708,0,-575.1001799972886,80.90834515943243,-0.23785731309398644,-3.082458965858701,18.14171148312563,0.0,0,-5.8992103927321295,-40.44515170944953,0,0.061832449013750075,0.13368014220208047,0.0
52.78,0.02,796.8523582129858,217.7646897840404,0,-575.1046992862374,80.8440873637016,-0.22596444743928712,-3.212889786541527,18.14171148312563,0.0,0,-24.106172685322917,40.26956184960332,0,0.0644165218308725,0.1309719024733026,0.0
52.800000000000004,0.02,838.1916882169661,243.85121584854915,0,-575.1089926107387,80.7772731238854,-0.21466622506732275,-3.340711990810697,18.14171148312563,0.0,0,41.33933000398031,26.086526064508746,0,0.06695203714220782,0.12832055849705337,0.0
52.82,0.02,820.6708337650277,204.4552600708014,0,-575.113071269015,80.7079535688655,-0.2039329138139566,-3.465977750994483,18.14171148312563,0.0,0,-17.520854451938362,-39.39595577774776,0,0.0694394424048032,0.12572475748588066,0.0
52.84,0.02,860.57148640564,202.0247625427069,0,-575.1169459943775,80.63617880494601,-0.19373626812325875,-3.5887381959745936,18.14171148312563,0.0,0,39.90065264061229,-2.4304975280944916,0,0.07187927540211879,0.12318319055397278,0.0
52.86,0.02,814.3119266972615,234.17182761495988,0,-575.1206269834719,80.5619979363049,-0.1840494547170958,-3.709043432055102,18.14171148312563,0.0,0,-46.25955970837856,32.147065072252985,0,0.07427214116384617,0.12069459052647145,0.0
52.88,0.02,817.302879956955,233.63286001338173,0,-575.1241239231115,80.48545908503662,-0.174846981981241,-3.8269425634139997,18.14171148312563,0.0,0,2.9909532596935833,-0.5389676015781504,0,0.07661869445710494,0.11825772989380791,0.0
52.9,0.02,841.1875861850992,210.34039958800446,0,-575.1274460157691,80.4066094107937,-0.16610463288217894,-3.9424837121457195,18.14171148312563,0.0,0,23.884706228144182,-23.29246042537727,0,0.07891962637924832,0.11587141890050043,0.0
52.92,0.02,779.8464888043229,192.95652988173805,0,-575.1306020037939,80.32549513003565,-0.15779940123807,-4.0557140379028045,18.14171148312563,0.0,0,-61.34109738077632,-17.38386970626641,0,0.08117565400604829,0.11353450375862795,0.0
52.94,0.02,841.1297406868182,252.87176737632075,0,-575.1336001924175,80.24216153489276,-0.14990943117616648,-4.166679757144748,18.14171148312563,0.0,0,61.28325188249528,59.9152374945827,0,0.083387512341246,0.11124586497690407,0.0
52.96,0.02,844.2029392862104,219.89050810741836,0,-575.1364484716098,80.15665301165272,-0.14241395961735814,-4.275426162001852,18.14171148312563,0.0,0,3.0731985993921853,-32.98125926890239,0,0.08555594801677693,0.10900441579694899,0.0
52.980000000000004,0.02,836.6015286176273,198.9152746408706,0,-575.1391543368426,80.06901305887749,-0.13529326163649022,-4.381997638761815,18.14171148312563,0.0,0,-7.601410668583071,-20.975233466547763,0,0.08768171433715907,0.10680910072898298,0.0
53.0,0.02,823.109969219966,218.00887204903756,0,-575.1417249088137,79.97928430515776,-0.1285285985546657,-4.486437685986578,18.14171148312563,0.0,0,-13.491559397661263,19.09359740816697,0,0.0897655673649633,0.10465889417971767,0.0
53.02,0.02,836.1658968254784,211.35154315091071,0,-575.1441669521862,79.88750852651242,-0.1221021686269324,-4.588788932266846,18.14171148312563,0.0,0,13.055927605512352,-6.657328898126849,0,0.09180826281872527,0.10255279916579607,0.0
53.04,0.02,832.8788600854415,215.08321839297417,0,-575.1464868933901,79.79372666343998,-0.11599706019558578,-4.689093153621509,18.14171148312563,0.0,0,-3.2870367400369105,3.73167524206346,0,0.09381055360953276,0.100489846106578,0.0
53.06,0.02,833.6105774388132,205.12973255863105,0,-575.1486908375339,79.69797883762901,-0.11019720718580649,-4.7873912905490785,18.14171148312563,0.0,0,0.7317173533716641,-9.953485834343127,0,0.09577318788323484,0.09846909169057186,0.0
53.08,0.02,844.2246867979094,213.82310988262392,0,-575.1507845844704,79.60030436833425,-0.10468734682651616,-4.883723464738097,18.14171148312563,0.0,0,10.614109359096233,8.693377323992877,0,0.09769690746511486,0.09648961781021946,0.0
53.1,0.02,844.7552864323923,226.29318235254885,0,-575.1527736440602,79.50074178842539,-0.09945297948519034,-4.978128995443335,18.14171148312563,0.0,0,0.5305996344828827,12.47007246992493,0,0.09958244662670329,0.09455053056012738,0.0
53.120000000000005,0.02,886.4252274813974,208.74462198037102,0,-575.1546632506704,79.3993288601147,-0.09448033051093083,-5.070646415534467,18.14171148312563,0.0,0,41.66994104900516,-17.548560372177832,0,0.1014305311121429,0.09265095929422583,0.0
53.14,0.02,838.0291825438445,199.22071396456388,0,-575.1564583769501,79.29610259037021,-0.08975631398538428,-5.161313487223778,18.14171148312563,0.0,0,-48.396044937552915,-9.523908015807137,0,0.10324187737406132,0.0907900557376642,0.0
53.160000000000004,0.02,861.0221967835506,209.70491288043397,0,-575.1581637469159,79.19109924602063,-0.08526849828611506,-5.2501672174793015,18.14171148312563,0.0,0,22.9930142397061,10.484198915870081,0,0.10501719197977671,0.08896699314954962,0.0
53.18,0.02,813.9132582347411,213.12472107722968,0,-575.1597838483833,79.08435436855804,-0.0810050733718093,-5.337243873129715,18.14171148312563,0.0,0,-47.10893854880953,3.4198081967957137,0,0.1067571711561705,0.0871809655329685,0.0
53.2,0.02,809.516352142589,210.02522926855366,0,-575.1613229447773,78.9759027886447,-0.07695481970321884,-5.422578995667121,18.14171148312563,0.0,0,-4.396906092152108,-3.099491808676021,0,0.10846250044789091,0.08543118688894577,0.0
53.22,0.02,845.415425959006,225.6746027217769,0,-575.1627850863517,78.86577864032962,-0.0731070787180579,-5.506207415753778,18.14171148312563,0.0,0,35.89907381641706,15.649373453223234,0,0.11013385446857532,0.08371689051128972,0.0
53.24,0.02,855.7613061588244,231.62763053056696,0,-575.1641741208474,78.75401537498085,-0.069451724782155,-5.588163267438702,18.14171148312563,0.0,0,10.345880199818339,5.953027808790068,0,0.11177189672833605,0.08203732831947909,0.0
53.26,0.02,804.7153163034668,220.37232561121206,0,-575.1654937036183,78.64064577493906,-0.06597913854304725,-5.668480002089928,18.14171148312563,0.0,0,-51.04598985535756,-11.255304919354899,0,0.11337727952427333,0.08039177022695465,0.0
53.28,0.02,840.4327190870818,231.58963986500655,0,-575.1667473072506,78.5257019668981,-0.06268018161589489,-5.747190402048129,18.14171148312563,0.0,0,35.71740278361494,11.217314253794484,0,0.11495064388260125,0.07877950354240086,0.0
53.300000000000004,0.02,838.2033144893891,222.58272672760995,0,-575.1679382307013,78.40921543501796,-0.059546172535100146,-5.824326594007166,18.14171148312563,0.0,0,-2.229404597692678,-9.006913137396594,0,0.11649261954359513,0.07719983240176091,0.0
53.32,0.02,829.4115702480426,193.0730792461034,0,-575.1690696079795,78.29121703377541,-0.05656886390834514,-5.8999200621270225,18.14171148312563,0.0,0,-8.791744241346464,-29.509647481506562,0,0.11800382498182933,0.07565207722889485,0.0
53.34,0.02,834.8926766176395,207.9186479508204,0,-575.1701444163938,78.17173700055773,-0.05374042071292788,-5.974001660884482,18.14171148312563,0.0,0,5.481106369596887,14.84556870471701,0,0.11948486745536549,0.0741355742229794,0.0
53.36,0.02,841.9224348891877,209.39967881721242,0,-575.1711654843873,78.05080496800439,-0.05105339967728149,-6.046601627666791,18.14171148312563,0.0,0,7.029758271548189,1.4810308663920182,0,0.12093634307903377,0.07264967487083797,0.0
53.38,0.02,824.7599551921438,212.96954110277736,0,-575.1721354989812,77.92844997610212,-0.04850072969341741,-6.117749595113455,18.14171148312563,0.0,0,-17.162479697043864,3.5698622855649376,0,0.12235883691714715,0.07119374548257786,0.0
53.4,0.02,818.7848006737443,207.40459016471956,0,-575.1730570128454,77.8047004840379,-0.04607569320874654,-6.187474603211186,18.14171148312563,0.0,0,-5.975154518399563,-5.564950938057791,0,0.12375292309256601,0.06976716674898424,0.0
53.42,0.02,847.4914642048844,219.23533786162955,0,-575.1739324510164,77.67958438181496,-0.043771908548309216,-6.2558051111469615,18.14171148312563,0.0,0,28.70666353114018,11.830747696909981,0,0.12511916490870012,0.06836933331927968,0.0
53.44,0.02,836.9689077805906,214.88277629639978,0,-575.1747641172789,77.55312900163648,-0.04158331312089375,-6.322769008924022,18.14171148312563,0.0,0,-10.522556424293839,-4.352561565229763,0,0.12645811498222284,0.06699965339792037,0.0
53.46,0.02,828.8685582141977,231.6801700683607,0,-575.1755542002281,77.42536112906157,-0.03950414746484906,-6.388393628745541,18.14171148312563,0.0,0,-8.100349566392879,16.797393771960913,0,0.12777031538422523,0.06565754835922673,0.0
53.480000000000004,0.02,811.2497401086637,219.79430866670884,0,-575.1763047790299,77.29630701393816,-0.0375289400916066,-6.452705756170629,18.14171148312563,0.0,0,-17.618818105534046,-11.885861401651852,0,0.129056297788306,0.06434245237872209,0.0
53.5,0.02,840.579929198432,214.25530452767023,0,-575.1770178288916,77.16599238111722,-0.03565249308702627,-6.515731641047216,18.14171148312563,0.0,0,29.330189089768282,-5.53900413903861,0,0.1303165836237349,0.06305381208014126,0.0
53.52,0.02,850.9427955132943,207.40784160131577,0,-575.1776952262603,77.0344424409527,-0.033869868432674956,-6.577497008226271,18.14171148312563,0.0,0,10.362866314862345,-6.847462926354467,0,0.13155168423278918,0.0617910861971356,0.0
53.54,0.02,846.119440737346,223.01223862651673,0,-575.1783387537605,76.90168189959147,-0.03217637501104121,-6.638027068061746,18.14171148312563,0.0,0,-4.823354775948246,15.604397025200967,0,0.13276210103102454,0.06055374524878886,0.0
53.56,0.02,845.316382956834,220.11143560578603,0,-575.1789501048858,76.76773496905746,-0.030567556260489147,-6.69734652670051,18.14171148312563,0.0,0,-0.8030577805120629,-2.900803020730706,0,0.1339483256695691,0.059341271228111024,0.0
53.58,0.02,885.4372940351627,214.06247705512172,0,-575.1795308884547,76.63262537713413,-0.02903917844746469,-6.7554795961664995,18.14171148312563,0.0,0,40.12091107832873,-6.0489585506643095,0,0.13511084019885747,0.05815315730273695,0.0
53.6,0.02,880.0943330544507,195.35097408880523,0,-575.1800826328451,76.49637637704927,-0.027587219525091453,-6.8124500042431695,18.14171148312563,0.0,0,-5.342960980712064,-18.711502966316488,0,0.1362501172329641,0.05698890752711937,0.0
53.620000000000005,0.02,843.8563250549323,213.25995022922004,0,-575.1806067900161,76.35901075696611,-0.02620785854883688,-6.868281004158305,18.14171148312563,0.0,0,-36.238007999518345,17.908976140414808,0,0.137366620114097,0.05584803656554734,0.0
53.64,0.02,846.4671685677276,220.29231977838515,0,-575.1811047393285,76.2205508492846,-0.024897465621395033,-6.922995384075139,18.14171148312563,0.0,0,2.610843512795327,7.032369549165111,0,0.13846080307686132,0.05473006942538904,0.0
53.660000000000004,0.02,834.7911118895652,225.67126860641093,0,-575.1815777911753,76.08101853975673,-0.023652592340325282,-6.976615476393635,18.14171148312563,0.0,0,-11.676056678162468,5.378948828025784,0,0.13953311141171415,0.05363454119995806,0.0
53.68,0.02,842.7402508693369,238.97331988451143,0,-575.1820271904297,75.94043527641941,-0.022469962723309016,-7.029163166865763,18.14171148312563,0.0,0,7.94913897977176,13.302051278100492,0,0.14058398162756655,0.05256099682050871,0.0
53.7,0.02,836.8720732390033,234.88745358013873,0,-575.1824541197215,75.79882207834883,-0.021346464587143565,-7.0806599035284465,18.14171148312563,0.0,0,-5.868177630333662,-4.085866304372701,0,0.14161384161301266,0.05150899081682522,0.0
53.72,0.02,840.7442755308533,228.23996604918537,0,-575.1828597025486,75.65619954423968,-0.020279141357786388,-7.131126705457877,18.14171148312563,0.0,0,3.8722022918500443,-6.647487530953356,0,0.14262311079606144,0.050478087085985134,0.0
53.74,0.02,834.3091449536848,227.02302930066264,0,-575.1832450062344,75.51258786081272,-0.019265184289897066,-7.180584171348719,18.14171148312563,0.0,0,-6.435130577168479,-1.216936748522727,0,0.14361220030226554,0.0494678586688296,0.0
53.76,0.02,848.8539967562413,227.51469080139793,0,-575.1836110447359,75.36800681105429,-0.018301925075402212,-7.229052487921744,18.14171148312563,0.0,0,14.544851802556423,0.49166150073529025,0,0.1445815131108881,0.0484778875337747,0.0
53.78,0.02,824.8781634914164,233.73683951629494,0,-575.1839587813124,75.22247578229101,-0.017386828821632103,-7.276551438163309,18.14171148312563,0.0,0,-23.975833264824814,6.222148714897003,0,0.14553144420922628,0.04750776436756725,0.0
53.800000000000004,0.02,836.9481410720412,235.5351100175846,0,-575.18428913106,75.07601377410302,-0.016517487380550498,-7.323100409400042,18.14171148312563,0.0,0,12.069977580624709,1.7982705012896645,0,0.14646238074473691,0.046557088372657124,0.0
53.82,0.02,872.697174296918,227.28377905057448,0,-575.1846029633202,74.92863940607877,-0.015691613011522974,-7.368718401212041,18.14171148312563,0.0,0,35.749033224876825,-8.25133096701012,0,0.14737470217521437,0.04562546707084766,0.0
53.84,0.02,815.5769243427818,230.36340531177967,0,-575.1849011039675,74.78037092541501,-0.014907032360946823,-7.413424033187799,18.14171148312563,0.0,0,-57.12024995413617,3.079626261205192,0,0.1482687804164623,0.04471251611293206,0.0
53.86,0.02,856.7861520953364,230.96423028932173,0,-575.1851843375823,74.63122621436453,-0.014161680742899481,-7.457235552524043,18.14171148312563,0.0,0,41.209227752554625,0.6008249775420609,0,0.14914497998797144,0.043817859094033934,0.0
53.88,0.02,854.8351387967417,217.19411675359748,0,-575.1854534095164,74.48122279753505,-0.013453596705754507,-7.500170841473562,18.14171148312563,0.0,0,-1.9510132985947166,-13.77011353572425,0,0.15000365815613861,0.04294112737437506,0.0
53.9,0.02,849.9628439820442,211.8811455351069,0,-575.1857090278538,74.33037784904216,-0.012780916870466782,-7.54224742464409,18.14171148312563,0.0,0,-4.872294814697511,-5.312971218490588,0,0.15084516507517473,0.042081959905251654,0.0
53.92,0.02,815.6701762063457,245.1782586134489,0,-575.1859518652743,74.17870819951914,-0.012141871026943443,-7.583482476151208,18.14171148312563,0.0,0,-34.29266777569853,33.297113078341994,0,0.15166984392571684,0.041240003059951416,0.0
53.94,0.02,797.1257699672312,209.92179109695127,0,-575.1861825608238,74.02623034298657,-0.01153477747559627,-7.623892826628183,18.14171148312563,0.0,0,-18.544406239114437,-35.25646751649762,0,0.15247803105104574,0.040414910469430035,0.0
53.96,0.02,851.9103636134461,193.11577506578908,0,-575.1864017215959,73.87296044358466,-0.010958038601816456,-7.663494970095619,18.14171148312563,0.0,0,54.78459364621483,-16.806016031162187,0,0.1532700560909218,0.03960634286252497,0.0
53.980000000000004,0.02,842.1232442563256,249.3480077024993,0,-575.1866099243293,73.71891434217079,-0.010410136671725632,-7.702305070693706,18.14171148312563,0.0,0,-9.787119357120446,56.23223263671022,0,0.15404624211317228,0.03881396791051681,0.0
54.0,0.02,825.7064903809714,211.6913104327928,0,-575.1868077169261,73.5641075627852,-0.00988962983813935,-7.740338969279831,18.14171148312563,0.0,0,-16.416753875354175,-37.65669726970651,0,0.1548069057427723,0.038037460075870666,0.0
54.02,0.02,871.2894062320297,231.4857951410764,0,-575.186995619893,73.40855531898731,-0.009395148346232382,-7.777612189894234,18.14171148312563,0.0,0,45.58291585105826,19.79448470828362,0,0.15555235728873304,0.037276500464981974,0.0
54.04,0.02,842.6849958958435,214.47132246800234,0,-575.1871741277115,73.25227252006539,-0.008925390928920763,-7.814139946096349,18.14171148312563,0.0,0,-28.60441033618622,-17.014472673074067,0,0.15628290086862043,0.03653077668476605,0.0
54.06,0.02,844.9131202046912,232.77024009068364,0,-575.1873437101392,73.0952737771219,-0.008479121382474725,-7.849937147174422,18.14171148312563,0.0,0,2.2281243088476685,18.2989176226813,0,0.15699883453081617,0.035799982702957714,0.0
54.08,0.02,834.7485826656367,230.53702801876332,0,-575.1875048134455,72.93757340903728,-0.008055165313350989,-7.885018404230934,18.14171148312563,0.0,0,-10.164537539054436,-2.2332120719203203,0,0.15770045037443486,0.035083818711959217,0.0
54.1,0.02,840.2453365606849,237.49496318313038,0,-575.1876578615864,72.77918544831437,-0.007652407047683439,-7.9193980361463145,18.14171148312563,0.0,0,5.496753895048187,6.957935164367058,0,0.15838803466707477,0.03438199099612524,0.0
54.120000000000005,0.02,827.1316607202242,241.63441332931163,0,-575.1878032573203,72.6201236468059,-0.007269786695299266,-7.953090075423389,18.14171148312563,0.0,0,-13.1136758404607,4.139450146181247,0,0.15906186796036254,0.03369421180235527,0.0
54.14,0.02,841.0104561124971,216.24478783801442,0,-575.1879413832675,72.4604014813276,-0.0069062973605343025,-7.986108273914922,18.14171148312563,0.0,0,13.878795392272878,-25.38962549129721,0,0.15972222520317794,0.03302019921385611,0.0
54.160000000000004,0.02,837.9100289929255,229.7906627889778,0,-575.1880726029173,72.30003215915886,-0.006560982492507587,-8.018466108436623,18.14171148312563,0.0,0,-3.1004271195715774,13.545874950963395,0,0.16036937585292146,0.032359677027002466,0.0
54.18,0.02,846.329814448552,204.96879980697298,0,-575.1881972615846,72.1390286234335,-0.006232933367882207,-8.05017678626789,18.14171148312563,0.0,0,8.419785455626538,-24.82186298200483,0,0.1610035839844862,0.031712374631152694,0.0
54.2,0.02,833.16228592903,267.3565427705903,0,-575.1883156873185,71.97740355842265,-0.005921286699488096,-8.081253250542533,18.14171148312563,0.0,0,-13.16752851952208,62.38774296361731,0,0.16162510839723138,0.03107802689134312,0.0
54.22,0.02,823.7522704302022,237.55542438330906,0,-575.1884281917659,71.81516939471202,-0.005625222364513691,-8.11170818553168,18.14171148312563,0.0,0,-9.410015498827761,-29.801118387281235,0,0.16223420271983366,0.030456374033749983,0.0
54.24,0.02,835.7502202380105,236.04355274558193,0,-575.1885350709908,71.6523383142756,-0.005343961246288006,-8.141554021821047,18.14171148312563,0.0,0,11.997949807808254,-1.5118716377271255,0,0.16283111551316073,0.029847161533859374,0.0
54.26,0.02,817.4536006646701,225.42096630121821,0,-575.1886366062545,71.4889222554479,-0.005076763183973605,-8.170802941384625,18.14171148312563,0.0,0,-18.29661957334031,-10.62258644436372,0,0.1634160903711311,0.02925014000720624,0.0
54.28,0.02,835.2150694727363,246.08834195237938,0,-575.188733064755,71.32493291779676,-0.004822925024774925,-8.199466882556932,18.14171148312563,0.0,0,17.761468808066184,20.667375651161166,0,0.16398936601957953,0.028665065102673245,0.0
54.300000000000004,0.02,803.6658509368774,235.0202710246005,0,-575.1888247003304,71.16038176689864,-0.004581778773536179,-8.227557544905792,18.14171148312563,0.0,0,-31.549218535858927,-11.068070927778876,0,0.1645511764132198,0.02809169739820279,0.0
54.32,0.02,810.3980001215966,233.34586788138145,0,-575.1889117541272,70.99528003901848,-0.00435268983485937,-8.255086394007677,18.14171148312563,0.0,0,6.732149184719219,-1.6744031432190525,0,0.16510175083074266,0.02752980229889294,0.0
54.34,0.02,862.8443730614122,232.35657378402672,0,-575.188994455234,70.82963874569593,-0.004135055343116401,-8.282064666127523,18.14171148312563,0.0,0,52.44637293981555,-0.9892940973547297,0,0.16564131396798468,0.02697914993739567,0.0
54.36,0.02,836.4181475723854,239.6984205796209,0,-575.1890730212856,70.66346867823984,-0.003928302575960581,-8.308503372804973,18.14171148312563,0.0,0,-26.42622548902682,7.341846795594165,0,0.1661700860293063,0.026439515076546814,0.0
54.38,0.02,851.2967576953869,239.94097379364024,0,-575.1891476590346,70.49678041213286,-0.003731887447162552,-8.334413305348873,18.14171148312563,0.0,0,14.878610123001522,0.24255321401935248,0,0.1666882828171878,0.02591067701416317,0.0
54.4,0.02,835.0752912575123,227.82492882723037,0,-575.1892185648961,70.32958431134803,-0.003545293074804424,-8.359805039241895,18.14171148312563,0.0,0,-16.221466437874597,-12.116044966409873,0,0.16719611581999744,0.02539241948995468,0.0
54.42,0.02,795.0698520913076,235.45618880030193,0,-575.1892859254646,70.1618905325789,-0.0033680284210642025,-8.384688938457057,18.14171148312563,0.0,0,-40.005439166204724,7.631259973071565,0,0.1676937922980978,0.024884530594483784,0.0
54.44,0.02,806.9794231410281,238.48561471733746,0,-575.1893499180046,69.99370902938513,-0.003199627000010992,-8.409075159687916,18.14171148312563,0.0,0,11.909571049720512,3.0294259170355247,0,0.16818151536824558,0.024386802680118218,0.0
54.46,0.02,813.3754597410813,227.31044172520467,0,-575.1894107109176,69.82504955625525,-0.0030396456500104423,-8.432973656494157,18.14171148312563,0.0,0,6.396036600053208,-11.175172992132786,0,0.16865948408620965,0.023899032273928603,0.0
54.480000000000004,0.02,819.4893207647422,242.29450700898758,0,-575.189468464185,69.65592167258797,-0.00288766336750992,-8.456394183364274,18.14171148312563,0.0,0,6.113861023660888,14.984065283782911,0,0.16912789352798988,0.02342101999247835,0.0
54.5,0.02,825.0912436924019,255.30155063777173,0,-575.1895233297889,69.48633474659403,-0.002743280199134424,-8.479346299696989,18.14171148312563,0.0,0,5.601922927659757,13.007043628784146,0,0.16958693486913598,0.02295257045844227,0.0
54.52,0.02,797.6643680615937,232.05694052271465,0,-575.1895754521128,69.31629795911996,-0.002606116189177703,-8.501839373703048,18.14171148312563,0.0,0,-27.42687563080824,-23.24461011505707,0,0.17003679546273368,0.022493492219032407,0.0
54.54,0.02,810.0570713017868,248.06764749454388,0,-575.1896249683203,69.14582030739538,-0.0024758103797188178,-8.523882586228986,18.14171148312563,0.0,0,12.3927032401931,16.010706971829222,0,0.17047765891571434,0.022043597666162804,0.0
54.56,0.02,820.2498390746803,269.0070530459954,0,-575.1896720087176,68.9749106087053,-0.002352019860732877,-8.545484934504406,18.14171148312563,0.0,0,10.19276777289349,20.93940555145153,0,0.17090970516367263,0.02160270295831425,0.0
54.58,0.02,804.7703494580724,259.0794443945298,0,-575.1897166970949,68.80357750398902,-0.0022344188676962327,-8.566655235814318,18.14171148312563,0.0,0,-15.479489616607907,-9.927608651465619,0,0.1713331105442602,0.0211706279440648,0.0
54.6,0.02,821.500274029364,250.5243823417725,1,-575.1716113580693,68.64319196103855,0.9052669512791075,-8.019277147523178,19.820989297631062,83.96389072527164,0,16.72992457129169,-8.555062052757279,1,0.16140423070275503,1.0598025798985342,1.6792778145054328
54.620000000000005,0.02,804.0911750016547,244.05512253529724,1,-575.1370969015436,68.49440090583457,1.7257228262874,-7.439552760199662,21.7548057806562,96.69082415125682,0,-17.409099027709317,-6.469259806475264,0,0.152741696396171,1.004603507904113,1.9338164830251365
54.64,0.02,798.1147743781911,230.7688591226249,1,-575.08677096758,68.35853296471831,2.516296698178356,-6.793397055812784,23.880656045981887,106.29251326628442,0,-5.976400623463633,-13.286263412672355,0,0.14488891280038088,1.0210407637446999,2.1258502653256883
54.660000000000004,0.02,820.384533690262,239.7255143038997,1,-575.0184065802474,68.23469247217166,3.4182193666296903,-6.192024627332282,25.231986115307684,67.56650346628987,0,22.269759312070846,8.956655181274812,0,0.1414572622722538,1.0840264284614614,1.3513300693257975
54.68,0.02,788.2118949745729,242.00556819072466,1,-574.9352210034174,68.12265142280594,4.159278841502575,-5.6020524682859065,26.981190664748883,87.46022747205994,0,-32.172638715689004,2.280053886824959,0,0.139545823783859,0.947225577013584,1.749204549441199
54.7,0.02,813.8573401004212,230.0275962284711,1,-574.8346496925773,68.02360761381738,5.028565542004705,-4.95219044942826,28.332630448631264,67.57198919411901,0,25.645445125848255,-11.977971962253548,0,0.1411533374138281,1.0853478756710293,1.3514397838823804
54.72,0.02,815.9144775658583,245.27763998461086,1,-574.7164869339806,67.93603604083034,5.908137929833989,-4.378578649351313,29.195415867718058,43.139270954339715,0,2.0571374654371084,15.250043756139746,0,0.14707555172290634,1.050084797823121,0.8627854190867943
54.74,0.02,847.3830283120299,262.5763645989876,1,-574.5775858725527,67.85820683138343,6.945053071394133,-3.891460472346248,29.129268638868982,-3.3073614424537823,0,31.46855074617156,17.298724614376738,0,0.1592196304132189,1.1456339420449408,-0.06614722884907565
54.76,0.02,815.558273705939,233.72616206999874,1,-574.4211289837542,67.7930050057295,7.822844439923832,-3.260091282696239,30.187021168931,52.887626503100904,0,-31.82475460609089,-28.85020252898886,0,0.16949936908766536,1.0812699664304708,1.057752530062018
54.78,0.02,808.638110060648,263.2833137891778,1,-574.2478082839497,67.73747484869665,8.666034990227066,-2.7765078516421244,30.573845790663214,19.341231086610655,0,-6.920163645290927,29.557151719179046,0,0.18199907505487858,0.9720201844152929,0.3868246217322131
54.800000000000004,0.02,831.0118937109161,237.4689685845994,1,-574.055386394774,67.69419779480535,9.621094458781632,-2.163852694565124,31.16119497088724,29.36745901120137,0,22.373783650268024,-25.814345204578387,0,0.19722851423522939,1.1346739311224059,0.5873491802240274
54.82,0.02,791.5851261994247,240.227688822105,1,-573.8478059929785,67.66289797203183,10.379020089778768,-1.564991138675646,32.366180302838835,60.2492665975797,0,-39.426767511491335,2.7587202375055995,0,0.2099268970743318,0.9659639875506604,1.204985331951594
54.84,0.02,774.2635432478029,243.71946300925225,1,-573.6267992368581,67.6432262029574,11.05033780601777,-0.9835884537219091,33.78083787492895,70.7328786045057,0,-17.32158295162185,3.491774187147257,0,0.2218805190848353,0.8880858957374361,1.414657572090114
54.86,0.02,837.651059104352,254.884892247233,1,-573.3860273748273,67.63406594465823,12.038593101539524,-0.4580129149580774,33.54470619703945,-11.806583894474798,0,63.38751585654916,11.16542923798076,0,0.24094605179972942,1.1193204081377592,-0.23613167788949596
54.88,0.02,777.9448644349299,243.83984589212258,1,-573.131461026353,67.63652170176987,12.728317423714165,0.12278785558131311,34.776180493399764,61.573714818015546,0,-59.70619466942219,-11.04504635511043,0,0.25457819332877657,0.9016923952537348,1.231474296360311
54.9,0.02,786.5288278977382,265.90302657986626,1,-572.862241795089,67.6483871562235,13.460961563202849,0.593272722681979,35.08256207684128,15.31907917207569,0,8.583963462808356,22.06318068774368,0,0.2694805809178147,0.8707028455781259,0.3063815834415138
54.92,0.02,759.1957506498978,261.69826382583165,1,-572.5811029887599,67.67008278429456,14.056940316452332,1.0847814035528227,36.22883001828054,57.313397071963124,0,-27.33307724784038,-4.204762754034618,0,0.28197469514396284,0.7725098431063548,1.1462679414392625
54.94,0.02,789.4806037012779,241.94963782924694,1,-572.2850161220607,67.70358344858269,14.80434333495875,1.6750332144065876,36.979647283852195,37.54086327858275,0,30.284853051380082,-19.748625996584707,0,0.29797605128512905,0.952369924078167,0.750817265571655
54.96,0.02,748.967797689131,243.8120390226791,1,-571.9780324755926,67.74870290896855,15.349182323404383,2.255973019293192,38.77916863217127,89.97606741595376,0,-40.51280601214694,1.862401193432163,0,0.31028168638248904,0.7964550082912071,1.7995213483190753
54.980000000000004,0.02,804.8354081713318,254.87679983904493,1,-571.6545652883074,67.8043346893705,16.173359364261067,2.7815890200979663,38.59359347795687,-9.278757710719887,0,55.8676104822008,11.064760816365833,0,0.32821626443690977,0.9775172504755528,-0.18557515421439774
55.0,0.02,760.5989598852557,253.6245190731385,1,-571.3190382050336,67.87060401786515,16.776354163687323,3.3134664247322743,39.623254207956386,51.483036499975654,0,-44.2364482860761,-1.2522807659064483,0,0.3420088412736109,0.8040499373146159,1.029660729999513
55.02,0.02,785.4305276426674,251.7830202683477,1,-570.9689680689957,67.94769504433296,17.503506801900663,3.8545513233905364,39.891786193565935,13.426599280477447,0,24.831567757411676,-1.841498804790774,0,0.358457984298724,0.9063795158853948,0.26853198560954894
55.04,0.02,748.8716696635267,257.5916103546628,1,-570.6080107659913,68.0350269097653,18.047865150218307,4.366593271617225,41.118256612445286,61.32352094396758,0,-36.55885797914061,5.8085900863150925,0,0.37137182083742165,0.7473372519330853,1.2264704188793516
55.06,0.02,818.9415250015173,240.6593122386453,1,-570.2291593104867,68.13429284397378,18.94257277522589,4.963296710423995,40.786419561805594,-16.591852531984586,0,70.06985533799059,-16.932298116017506,0,0.391640333765822,1.0754332746063497,-0.3318370506396917
55.08,0.02,745.5261490750962,246.74638674889104,1,-569.8397552400746,68.24488413950738,19.470203520601352,5.529564776679541,42.399115693782676,80.63480659885407,0,-73.41537592642112,6.087074510245742,0,0.40480361251017416,0.773985611188128,1.6126961319770814
55.1,0.02,783.1614805349506,258.9100743023446,1,-569.4360350216091,68.36558442761073,20.18601092327608,6.03501440516782,42.24859501140173,-7.526034119047154,0,37.63533145985434,12.163687553453542,0,0.42137699788442745,0.8762759637596356,-0.15052068238094307
55.120000000000005,0.02,757.7109255234286,233.97561914938694,1,-569.0205437105913,68.49888715379915,20.774565550893236,6.665136309420886,43.61854399275299,68.49744906756285,0,-25.450555011521942,-24.93445515295764,0,0.43635151694543317,0.8622355617283947,1.369948981351257
55.14,0.02,782.2976751311677,247.21470613510374,1,-568.5908226320603,68.64346840937405,21.486053926549083,7.229062778745364,43.72774814695577,5.460207710138931,0,24.58674960773908,13.239086985716796,0,0.4533916020367383,0.9078704596461806,0.10920415420277862
55.160000000000004,0.02,748.9600705050484,259.9245534349086,1,-568.1502055464788,68.79805720960547,22.030854279074298,7.729440011570821,44.60626120226543,43.925652765483036,0,-33.33760462611929,12.709847299804863,0,0.46694872658924763,0.7397194057490042,0.8785130553096607
55.18,0.02,785.3116297352865,256.9629159021481,1,-567.6950572979238,68.96294971824668,22.757412427750715,8.244625432060081,44.23895050910841,-18.3655346578508,0,36.35155923023808,-2.9616375327605056,0,0.4840965477760513,0.8906754520546747,-0.36731069315701603
55.2,0.02,788.943995989125,273.77709817849507,1,-567.2250146497698,69.13646451707002,23.50213240769633,8.675739941167604,43.21938775670802,-50.97813762001984,0,3.6323662538385406,16.81418227634697,0,0.5010463815798604,0.8605042524550457,-1.0195627524003967
55.22,0.02,765.2757696517988,258.6162029098167,1,-566.7424444246507,69.32011769560239,24.12851125595531,9.18265892661852,43.61214803761071,19.63801404513461,0,-23.668226337326246,-15.16089526867836,0,0.5163356584205663,0.8058022830427032,0.3927602809026922
55.24,0.02,766.1825741434134,272.59810687172137,1,-566.2472559421172,69.51251106344759,24.759424126672364,9.619668392259916,43.414997755761654,-9.857514092452746,0,0.9068044916145936,13.981903961904663,0,0.5312502623289432,0.7674818066225495,-0.19715028184905492
55.26,0.02,760.6386199833838,246.69788074417562,1,-565.7400035975854,69.71623464321837,25.362617226589258,10.186178988539039,44.37799200061952,48.14971224289337,0,-5.543954160029557,-25.90022612754575,0,0.5466335500018737,0.8275120370628326,0.9629942448578674
55.28,0.02,773.9212718326146,272.38879064901823,1,-565.2193591258704,69.92871934392424,26.03222358575234,10.624235035293948,43.84342062048327,-26.728569006812464,0,13.282651849230774,25.690909904842613,0,0.5623347881480539,0.8001660929645663,-0.5345713801362493
55.300000000000004,0.02,789.0890061097662,263.38778192609783,1,-564.6838057535443,70.1508652664375,26.77766861630115,11.107296125663458,43.250075254861734,-29.667268281076886,0,15.167734277151567,-9.001008722920403,0,0.579798435233364,0.8882771586610192,-0.5933453656215377
55.32,0.02,734.3283351250072,257.73136559466894,1,-564.1388195477058,70.3832380523913,27.2493102919262,11.618639297690114,45.25037807191538,100.0151408526822,0,-54.76067098475892,-5.656416331428886,0,0.5924585016743523,0.695641940774626,2.000302817053644
55.34,0.02,751.7671805846952,264.8606920733244,1,-563.5826566238088,70.62512476913777,27.808146194849677,12.09433583732349,45.889503541384975,31.956273473479868,0,17.43884545968797,7.129326478655457,0,0.6064869179595047,0.7338833451002039,0.6391254694695974
55.36,0.02,803.2138690018736,262.6106872166835,1,-563.0101723130116,70.87675041716257,28.624215539859073,12.581282401240072,44.72841346828477,-58.05450365501024,0,51.44668841717839,-2.250004856640885,0,0.6253429082134618,0.950308440441434,-1.1610900731002047
55.38,0.02,736.7723237284121,277.47808141816785,1,-562.4280107698415,71.13662825704556,29.10807715850111,12.993891994149235,45.82618097286236,54.88837522887948,0,-66.44154527346154,14.86739420148433,0,0.6375331787510305,0.6358999466547852,1.0977675045775896
55.4,0.02,742.1042941586958,268.9083486815615,1,-561.8356387972557,71.40561526206038,29.618598629294603,13.44935025074143,46.870121949962574,52.197048855010664,0,5.331970430283718,-8.56973273660634,0,0.650583248148995,0.6841596273086799,1.0439409771002133
55.42,0.02,722.2463520501668,261.3222444535593,1,-561.2350421894648,71.68447004262985,30.029830389545417,13.942739028473637,49.44298179706747,128.6429923552447,0,-19.85794210852896,-7.5861042280022275,0,0.6621754102474214,0.6422959182737068,2.572859847104894
55.44,0.02,737.1851590081649,286.51851239219843,1,-560.6247270657731,71.97067297196011,30.515756184586245,14.310146466512647,49.612148764894314,8.45834839134234,0,14.938806957998054,25.196267938639153,0,0.6740895096084013,0.6091897108556982,0.16916696782684681
55.46,0.02,760.6482592702915,250.8430152933937,1,-560.0023471161543,72.26779159976103,31.11899748093773,14.855931390045681,50.018497832846265,20.317453397597518,0,23.46310026212666,-35.675497098804726,0,0.6896638896402973,0.8134993819172694,0.40634906795195036
55.480000000000004,0.02,736.3239011954183,266.5854356680602,1,-559.370334776416,72.57425168399513,31.600616986914837,15.32300421170538,51.234608369268535,60.80552682111353,0,-24.324358074873203,15.742420374666494,0,0.7023940352894484,0.6709056336555728,1.2161105364222706
55.5,0.02,718.2773864763604,256.0489218081066,1,-558.73049469803,72.89110687604843,31.992003919296643,15.842759602664847,53.99233680118546,137.88642159584617,0,-18.046514719057882,-10.536513859953573,0,0.713997576074399,0.6506376850987571,2.7577284319169237
55.52,0.02,753.7332456331127,271.9645682094262,1,-558.0792812950808,73.21676561128078,32.56067014746221,16.28293676161772,53.47006503790893,-26.113588163826407,0,35.45585915675224,15.915646401319577,0,0.7281019901180357,0.7191225280297349,-0.5222717632765281
55.54,0.02,716.6974758628554,256.9834778932998,1,-557.4203981445453,73.5527259987238,32.94415752677647,16.798019372151224,56.23803749159696,138.39862268440157,0,-37.035769770257275,-14.981090316126426,0,0.7395920415948867,0.6421624917163328,2.7679724536880315
55.56,0.02,745.1686823182575,259.99361468341846,1,-556.750998125778,73.89868702469849,33.47000093836774,17.29805129873413,56.583842146409125,17.290232740608147,0,28.471206455402125,3.010136790118679,0,0.7535153725167972,0.7256329796227267,0.34580465481216294
55.58,0.02,772.8561667853953,298.5385355455645,1,-556.0683124903321,74.25079419711861,34.134281772294706,17.60535862100631,53.137318971786605,-172.326158731126,0,27.68748446713778,38.54492086214606,0,0.7681400508460777,0.7319199523477985,-3.44652317462252
55.6,0.02,736.6983353173572,273.712261928513,1,-555.3759570213545,74.61153014334589,34.61777344888147,18.036797311363742,53.95610302088469,40.93920245490423,0,-36.157831468038125,-24.826273617051527,0,0.7806961754253542,0.6479996488162766,0.8187840490980847
55.620000000000005,0.02,720.5280521302817,277.28984714905005,1,-554.6755487471638,74.98053710485826,35.020413709532896,18.450348075618493,56.27103243921974,115.74647091675239,0,-16.170283187075484,3.5775852205370597,0,0.7916677890373562,0.5771857708858865,2.3149294183350477
55.64,0.02,724.8666624571329,265.7253012138846,1,-553.9666538067274,75.35897153624924,35.44474702181858,18.92172156954907,58.25279605481717,99.0881807798715,0,4.338610326851153,-11.564545935165427,0,0.8035823887060477,0.6342331832186481,1.9817636155974299
55.660000000000004,0.02,727.4074113318999,265.6180827690089,1,-553.2490181251578,75.74684415936332,35.881784078478084,19.39363115570403,59.85590331403758,80.15536296102077,0,2.5407488747670186,-0.10721844487574117,0,0.8157488236113402,0.6431951853042335,1.6031072592204154
55.68,0.02,722.3382439158313,258.3376989783284,1,-552.5231486191967,76.14488301257957,36.29347529805724,19.901942660812388,61.974480494674246,105.92885903183316,0,-5.069167416068581,-7.280383790680503,0,0.8278414512175132,0.6541179148319493,2.118577180636663
55.7,0.02,740.8061570519196,287.21992599523156,1,-551.7871984975304,76.55019987319629,36.79750608331684,20.26584303083623,60.76126979829558,-60.66053481893334,0,18.467913136088328,28.882227016903187,0,0.8401811346851494,0.6216675251232765,-1.2132106963786669
55.72,0.02,730.1650099228449,281.0058849434978,1,-551.0422318748718,76.96341614531866,37.24833113293109,20.660813606118744,61.42685354134309,33.279187152375656,0,-10.641147129074739,-6.214041051733773,0,0.8518937471434098,0.5993704870100738,0.6655837430475131
55.74,0.02,708.0330664596826,300.0119845537304,1,-550.2904619455672,77.38263121898567,37.58849646522949,20.96075368335009,66.441670123179,250.7408290917951,0,-22.131943463162315,19.00609961023258,0,0.8607550781704841,0.4535157144214808,5.014816581835902
55.76,0.02,748.913617299334,281.7618922572621,1,-549.5278006545327,77.80967010342694,38.13306455172616,21.35194422206378,64.53994172373514,-95.08641997219272,0,40.88055083965139,-18.250092296468267,0,0.8740792033147271,0.6705105803861313,-1.9017283994438543
55.78,0.02,729.8915498376329,295.2567402627982,1,-548.7561502085144,78.24318331384194,38.58252230091434,21.675660520749787,64.01101894445696,-26.446138963908794,0,-19.022067461701113,13.494848005536085,0,0.8850865011085167,0.5538993684237938,-0.5289227792781759
55.800000000000004,0.02,722.8803080279208,278.38802670048466,1,-547.9762117316934,78.68485772158688,38.99692384105392,22.08372038724736,65.86641653426238,92.76987949027102,0,-7.011241809712033,-16.86871356231353,0,0.8963148498617843,0.5815853257399751,1.8553975898054205
55.82,0.02,716.8810435910119,292.1663440967801,1,-547.1885851505132,79.13331549492214,39.381329059009,22.422888666763463,68.74771178839194,144.06476270647772,0,-5.999264436908902,13.77831739629545,0,0.9063498253138723,0.5126426566537386,2.8812952541295545
55.84,0.02,678.1709991631534,272.89945478721404,1,-546.3971414694167,79.5904833227787,39.57218405482475,22.858391392827393,75.34438980968247,329.83390106452646,0,-38.71004442785852,-19.266889309566068,0,0.9139942686770848,0.4754873855707916,6.596678021290529
55.86,0.02,708.3465731751265,292.6177323482117,1,-545.5988631310028,80.05438937740043,39.91391692070041,23.195302731086336,79.67756916021871,216.65896752681206,0,30.17557401197314,19.71827756099765,0,0.9232860516089714,0.4798860296643581,4.333179350536241
55.88,0.02,706.886389866751,284.9158388521211,1,-544.7938961536021,80.52580384813695,40.24834887003416,23.57072353682573,83.30678608689442,181.4608463337855,0,-1.4601833083755764,-7.701893496090577,0,0.9328469531093415,0.5027777939778042,3.62921692667571
55.9,0.02,716.7869788919699,280.06238646667623,1,-543.9812504783122,81.0052120802268,40.63228376449401,23.970411604492348,84.77272393697103,73.29689250383069,0,9.900589025218892,-4.853452385444882,0,0.94351748609281,0.5542170645324576,1.4659378500766138
55.92,0.02,696.3322365807734,281.61490128879285,1,-543.1629715793642,81.49245882218777,40.91394494739787,24.362337098048386,89.36363721613421,229.54566395815874,0,-20.45474231119647,1.5525148221166205,0,0.9523600915699023,0.48263714574610356,4.590913279163175
55.94,0.02,725.4365552789349,265.982528467774,1,-542.3361490248884,81.98910731130196,41.34112772379253,24.832424455709514,89.07192277422811,-14.585722095304732,0,29.104318698161478,-15.632372821018862,0,0.9645181482633387,0.63519071803756,-0.29171444190609463
55.96,0.02,729.4061096743247,307.8689888141541,1,-541.5003858594451,82.49096890153474,41.78815827216416,25.09307951163874,82.00962970674765,-353.11465337402336,0,3.9695543953898778,41.88646034638009,0,0.9748667213843769,0.5174720952466014,-7.062293067480468
55.980000000000004,0.02,674.224293539986,298.3062931569866,1,-540.6612002646478,82.99899986245183,41.95927973986411,25.401548045853808,90.57255865714546,428.1464475198909,0,-55.18181613433876,-9.562695657167467,0,0.9809831393890683,0.35275401246275817,8.562928950397819
56.0,0.02,704.3363401484364,309.38871421217374,1,-539.8155810358357,83.51209195194768,42.28096144060631,25.65460447479294,63.71293463126119,-1342.9812012942136,0,30.11204660845044,11.082421055187126,0,0.9891083724445923,0.4092880071781028,-26.859624025884273
56.02,0.02,667.7370124885178,311.4637279487357,1,-538.9671881057748,84.03003766864866,42.419646503048874,25.89728583504926,39.668221116702675,-1202.2356757279258,0,-36.59932765991857,2.0750137365619707,0,0.9940011716423418,0.2795134865450236,-24.044713514558516
56.04,0.02,728.9095474403825,295.9410053226505,1,-538.1099042209697,84.55438928481738,42.864194240250775,26.217580808436004,43.17083124637175,175.13050648345362,0,61.17253495186469,-15.522722626085226,0,1.0049279956918151,0.5479156510158711,3.5026101296690726
56.06,0.02,697.941916563044,292.23309313925614,1,-537.2468261445084,85.08551759167217,43.15390382306597,26.556415342739726,54.12161954019416,547.5394146911207,0,-30.967630877338593,-3.707912183394342,0,1.0134106001076717,0.4458031897729899,10.950788293822413
56.08,0.02,680.1570445212984,294.68903932265505,1,-536.3797323635949,85.6231769945947,43.354689045672465,26.882970146126453,65.31661856194047,559.7499510873156,0,-17.78487204174553,2.4559461833989076,0,1.0202594074302092,0.38334416029474794,11.194999021746312
56.1,0.02,723.1918841537382,322.83716495962943,1,-535.5043193942661,86.16455268102126,43.77064846644114,27.06878432132831,48.3477937205826,-848.4412420678935,0,43.0348396324398,28.148125636974385,0,1.0292888325067016,0.4555756220784374,-16.968824841357872
56.120000000000005,0.02,638.6479081966371,308.3151425688591,1,-534.6290416341176,86.71109685319094,43.76388800742435,27.327208608484014,25.70437374127006,-1132.170998965627,0,-84.54397595710111,-14.52202239077036,0,1.0319019767125153,0.2585126998776889,-22.64341997931254
56.14,0.02,653.6570151924204,309.2008309337841,1,-533.7523981724498,87.26272094226724,43.83217308338643,27.58120445381509,5.471343720538307,-1011.6515010365877,0,15.009106995783327,0.8856883649250449,0,1.035757160020668,0.26301471640308455,-20.233030020731753
56.160000000000004,0.02,743.9541227141865,291.93907870053596,1,-532.8653592985107,87.82115112347348,44.351943696957356,27.92150906031241,8.794246150172787,166.145121481724,0,90.29710752176607,-17.26175223324816,0,1.0481804382648998,0.6212638054282522,3.32290242963448
56.18,0.02,687.3167063042051,280.2209075150952,1,-531.9735887539412,88.38755921392823,44.58852722847839,28.320404522736936,23.02166172866044,711.3707789243826,0,-56.63741640998137,-11.71817118544078,0,1.056443481258932,0.4637772712518817,14.227415578487653
56.2,0.02,705.8724879286863,284.9792160893247,1,-531.0752309605787,88.96146938277403,44.91788966812182,28.69550844229031,35.08530791514032,603.182309323994,0,18.555781624481142,4.758308574229545,0,1.0660298339163596,0.49918189782100325,12.063646186479879
56.22,0.02,664.977394123715,302.56920760301614,1,-530.1743754278039,89.54112263085953,45.04277663874037,28.98266240427523,13.623815411177066,-1073.0746251981627,0,-40.895093804971225,17.589991513691416,0,1.071232271240495,0.31313599811250525,-21.461492503963253
56.24,0.02,646.9176578718021,324.068286511436,1,-529.2728281292418,90.1243690502939,45.07736492809939,29.162320971718053,-4.232811834740367,-892.8313622958717,0,-18.05973625191291,21.499078908419847,0,1.0737615737804678,0.18295778369992965,-17.856627245917434
56.26,0.02,642.7225638404941,304.7482830017299,1,-528.3710085742957,90.71314064142808,45.09097774730187,29.438579556709406,-21.57215914506096,-866.9673655160296,0,-4.195094031308031,-19.320003509706112,0,1.0770006946190165,0.27659377185335215,-17.339347310320594
56.28,0.02,673.6748645833987,304.3074812802295,1,-527.4658215328914,91.30748148443425,45.259352070218846,29.71704215030826,-37.03835515165984,-773.3098003299441,0,30.95230074290464,-0.4408017215003497,0,1.0828686982232234,0.32540947842917806,-15.466196006598881
56.300000000000004,0.02,681.8332605031517,271.20981873452644,1,-526.5564511654367,91.91070134556696,45.468518372734614,30.160993056635625,-18.3448455335737,934.6754809043072,0,8.158395919752934,-33.09766254570309,0,1.0912509638344725,0.49075752601158124,18.693509618086143
56.32,0.02,632.5274795654294,343.11759723364537,1,-525.6478280500254,92.51560944697631,45.43115577056178,30.2454050704674,-32.118782834976074,-688.6968650701186,0,-49.30578093772226,71.90777849911893,0,1.0915629972705898,0.09231117007307935,-13.773937301402373
56.34,0.02,670.3813548636293,322.8120057870195,1,-524.7361667991278,93.12423634780696,45.58306254487993,30.431345041532303,-44.778892753891895,-633.005495945791,0,37.85387529819991,-20.305591446625897,0,1.0961537030922863,0.24010277158617443,-12.660109918915822
56.36,0.02,664.1692546275367,274.81433843665917,1,-523.8220886227674,93.74138181479394,45.70390881801759,30.857273349349008,-24.225271093509576,1027.681083019116,0,-6.212100236092624,-47.9976673503603,0,1.1029086271858008,0.44274004238476433,20.55362166038232
56.38,0.02,649.5137151212779,312.65596813066776,1,-522.907059074895,94.36326168496785,45.75147739362395,31.093993508695668,-38.776533735852986,-727.5631321171704,0,-14.655539506258833,37.84162969400859,0,1.106351502194119,0.24145227939766173,-14.55126264234341
56.4,0.02,644.4650845502607,304.8361230065325,1,-521.9915830185674,94.99065794284111,45.773802816375245,31.369812893663003,-52.40168716234053,-681.2576713243772,0,-5.048630571017156,-7.81984512413527,0,1.109829930260649,0.276721444099988,-13.625153426487543
56.42,0.02,629.505075202126,300.62044333334933,1,-521.0771564547197,95.62399215638104,45.72132819238586,31.666710676996253,-64.93939599236542,-626.8854415012445,0,-14.96000934813469,-4.2156796731831605,0,1.112334557006422,0.30149938625314765,-12.53770883002489
56.44,0.02,675.9474323085494,320.42981791632,1,-520.1591351476411,96.26128338812933,45.901065353928594,31.864561587414656,-74.10645398388996,-458.3528995762272,0,46.4423571064234,19.80937458297069,0,1.1175433925863847,0.2673021324135464,-9.167057991524544
56.46,0.02,676.9213584080401,298.14375751586203,1,-519.2374217047218,96.90476024412604,46.08567214596879,32.17384279983535,-84.43761388674956,-516.5579951429798,0,0.9739260994906545,-22.286060400457984,0,1.124107706165921,0.36018680712067613,-10.331159902859596
56.480000000000004,0.02,657.1931047619902,329.0271596848744,1,-518.3139889513262,97.55133438415426,46.171637669778725,32.328707001410976,-91.57951629941529,-357.09512063328646,0,-19.728253646049893,30.883402169012356,0,1.1272915189057964,0.17712422819471227,-7.141902412665729
56.5,0.02,678.8563711321485,312.2730319655533,1,-517.3866705608174,98.20268122098592,46.36591952543946,32.56734184158321,-98.63094704358511,-352.571537208491,0,21.66326637015834,-16.754127719321104,0,1.1332131746615584,0.30772069540900987,-7.051430744169821
56.52,0.02,617.7346155131918,306.3328238027543,1,-516.4615787087573,98.85939477543731,46.25459260300541,32.835677722569436,-106.17077124555442,-376.9912100984655,0,-61.12175561895674,-5.940208162798967,0,1.1344900296380274,0.2905130439124745,-7.53982420196931
56.54,0.02,646.9576427138074,302.2260618412143,1,-515.5357910924258,99.52188572370457,46.28938081657443,33.124547413363366,-112.98839662560763,-340.88126900266076,0,29.22302720061566,-4.10676196154003,0,1.1384098414405943,0.2909569006961418,-6.817625380053215
56.56,0.02,655.7398808928007,332.891747760426,1,-514.6084294880051,100.18708749719579,46.368080221038404,33.26008867456124,-116.97891195811368,-199.52576662530248,0,8.782238178993225,30.665685919211683,0,1.1412681301121557,0.15673235068132618,-3.9905153325060496
56.58,0.02,596.7509999822909,299.3731087401041,1,-513.685392783586,100.858351959813,46.151835220949884,33.56322313086072,-123.00650601181162,-301.3797026848969,0,-58.988880910509806,-33.51863902032187,0,1.141311848916633,0.37236057613456675,-6.027594053697939
56.6,0.02,659.3176913039438,321.42691500439014,1,-512.7604243100367,101.53347373092979,46.24842367746961,33.75608855583877,-126.54819670327329,-177.08453457308337,0,62.56669132165291,22.053806264286038,0,1.1451445685572226,0.215699796209518,-3.5416906914616675
56.620000000000005,0.02,620.5222126778309,310.3628586272042,1,-511.8374036152195,102.21355921618384,46.151034740858755,34.00427426270275,-130.96004507296328,-220.59241848449958,0,-38.79547862611287,-11.06405637718592,0,1.1465092543516762,0.2666097336290739,-4.4118483696899915
56.64,0.02,666.2177246458123,338.05293876070687,1,-510.91176114793774,102.89583940756182,46.282123364087816,34.11400956889921,-132.374215822932,-70.70853749843593,0,45.69551196798136,27.690080133502647,0,1.1499218394231174,0.17095632356283927,-1.4141707499687186
56.660000000000004,0.02,571.3629328460878,318.71223993350515,1,-509.9929823873714,103.58224837494646,45.938938028318255,34.320448369231684,-136.16971417064016,-189.77491738540806,0,-94.85479179972447,-19.34069882720172,0,1.1468703856033007,0.40049113968972705,-3.795498347708161
56.68,0.02,593.5080479185358,343.10550195903954,1,-509.0788528220132,104.27034679213519,45.70647826791093,34.40492085943649,-138.48982020225694,-116.0053015808387,0,22.145115072447993,24.393262025534398,0,1.1441644523405037,0.24733204768090744,-2.320106031616774
56.7,0.02,646.5924277902475,314.3512633316171,1,-508.16406401387593,104.96301008299075,45.739440406862165,34.6331645427784,-141.08604481709946,-129.81123074212633,0,53.08437987171169,-28.754238627422467,0,1.1474410651497624,0.23061153828402656,-2.5962246148425265
56.72,0.02,649.345824529098,321.0087186838054,1,-507.2483406232858,105.65957250197793,45.78616952950767,34.82812094935937,-142.93222703306245,-92.30911079814916,0,2.7533967388504834,6.657455352188322,0,1.1505427117752576,0.2004784561247997,-1.8461822159629833
56.74,0.02,587.1099798478201,343.48562938124076,1,-506.3379062347109,106.357786358027,45.521719428746756,34.91069280245317,-144.60674922964847,-83.72610982930127,0,-62.235844681277854,22.476910697435358,0,1.1473418691386978,0.2770414530639762,-1.6745221965860253
56.76,0.02,625.393053057136,312.7710423233438,1,-505.42893254083026,107.06072310984372,45.44868469403243,35.14683759083645,-146.91290939925403,-115.30800848027809,0,38.28307320931583,-30.71458705789695,0,1.1490662527555289,0.24718097328753938,-2.306160169605562
56.78,0.02,602.8941778276702,342.4889002732134,1,-504.52366942916683,107.76541097163313,45.26315558317079,35.23439308947038,-147.9681429772509,-52.761678899842934,0,-22.49887522946574,29.717857949869597,0,1.147208038627644,0.2051512035503232,-1.0552335779968587
56.800000000000004,0.02,628.9099872792684,321.04985134593784,1,-503.6195153187755,108.47399384828795,45.20770551956715,35.42914383274069,-149.42627929670277,-72.90681597259407,0,26.015809451598216,-21.439048927275564,0,1.1487316259361804,0.20249089253096564,-1.4581363194518815
56.82,0.02,620.9867281969986,322.9029357793586,1,-502.71726253556443,109.18628643136482,45.112639160552156,35.6146291538439,-150.7484807926632,-66.1100747980214,0,-7.923259082269851,1.8530844334207472,0,1.1495306906378873,0.20842844566212088,-1.322201495960428
56.84,0.02,617.8976788524038,340.113764661522,1,-501.8172199844681,109.90056763797554,45.00212755481419,35.71406033053629,-151.20453461848638,-22.802691291158794,0,-3.0890493445947413,17.210828882163412,0,1.149031868966746,0.14865858166018486,-0.4560538258231759
56.86,0.02,600.1048870429948,348.9087376835578,1,-500.92116694466756,110.61595797081792,44.80265199002917,35.769516642118504,-151.58187435865466,-18.86698700841407,0,-17.792791809408982,8.794973022035776,0,1.1466012290505159,0.20704082554077455,-0.3773397401682814
56.88,0.02,618.6206060702974,313.0043922335935,1,-500.0272518442599,111.33604786443692,44.69575502038065,36.004494680950536,-153.15122198129393,-78.46738113196352,0,18.515719027302566,-35.904345449964296,0,1.147873539040355,0.2581504229192433,-1.5693476226392704
56.9,0.02,593.5217402014971,349.2481203171718,1,-499.13798456983216,112.05721294602421,44.46336372138813,36.05825407936468,-153.39812842030014,-12.345321950310506,0,-25.098865868800317,36.24372808357833,0,1.1449346532745817,0.23852838146703564,-0.24690643900621012
56.92,0.02,636.8066609984492,343.24217367059293,1,-498.24903662930456,112.78005381024444,44.447397026380365,36.14204321101172,-152.9494494748862,22.433947270697274,0,43.284920796952065,-6.005946646578877,0,1.1457431457158769,0.08529685768910539,0.4486789454139455
56.94,0.02,588.4426889368068,336.21567836838545,1,-497.36524441988325,113.50527310662784,44.189610471064405,36.26096481916979,-153.73426528840682,-39.24079067603117,0,-48.36397206164236,-7.026495302207479,0,1.1432548697821583,0.28389479915731314,-0.7848158135206234
56.96,0.02,586.7385483414168,336.60065935320404,1,-496.48677835562785,114.23283233707592,43.92330321277148,36.37796152240377,-154.4329641851706,-34.93494483818864,0,-1.7041405953899584,0.3849809848185828,0,1.1406336220972029,0.29087417277426875,-0.6986988967637728
56.980000000000004,0.02,619.4624324632416,330.4997970766934,1,-495.6103660481261,114.96334158781633,43.82061537508769,36.5254625370203,-154.7967901667085,-18.191299076895007,0,32.72388412182477,-6.100862276510611,0,1.1409392175562587,0.1797257391724346,-0.36382598153790013
57.0,0.02,621.3837356582542,327.23992396027074,1,-494.7358153670585,115.69712684616071,43.72753405337897,36.68926291721895,-155.22175081736225,-21.248032532687944,0,1.9213031950125696,-3.259873116422682,0,1.1416127623320187,0.188400363599074,-0.4249606506537589
57.02,0.02,602.1802940358319,321.40607286905936,1,-493.8650466565873,116.4347714972182,43.538435523558114,36.88223255287365,-156.12686813981495,-45.255866122634814,0,-19.203441622422247,-5.833851091211386,0,1.141208910922681,0.2701768573825633,-0.9051173224526963
57.04,0.02,585.2646474619148,324.1802905944424,1,-492.99975148136997,117.17599811921622,43.264758760867686,37.06133109990144,-156.9971226930246,-43.51272766048311,0,-16.915646573917115,2.774217725383039,0,1.1393650185138255,0.3270707262721268,-0.8702545532096622
57.06,0.02,600.6850825121317,337.4274026350647,0,-492.1777210649135,117.89855860877428,41.1015208228243,36.12802447790341,-156.9971226930246,0.0,0,15.420435050216838,13.247112040622312,1,1.0944531358856746,2.3559837918066364,0.0
57.08,0.02,640.7902010820409,352.3286761861432,0,-491.3967921692798,118.60282628854118,39.04644478168308,35.21338398834534,-156.9971226930246,0.0,0,40.10511856990922,14.901273551078475,0,1.0515906545799512,2.249423206071212,0.0
57.1,0.02,576.0513139191336,311.07093194321595,0,-490.65490971842786,119.28916701471275,37.094122542598924,34.31703630857844,-156.9971226930246,0.0,0,-64.7388871629073,-41.25774424292723,0,1.0106696608110006,2.148255405729514,0.0
57.120000000000005,0.02,603.7718061268562,322.6175070078573,0,-489.95012139011845,119.95793932636089,35.23941641546897,33.43861558240687,-156.9971226930246,0.0,0,27.7204922077226,11.546575064641331,0,0.9715878717585784,2.0522080279984216,0.0
57.14,0.02,627.0241012573213,342.4654655235685,0,-489.28057247822454,120.60949459177606,33.477445594695524,32.57776327075873,-156.9971226930246,0.0,0,23.252295130465086,19.84795851571124,0,0.9342483659651502,1.9610221507486867,0.0
57.160000000000004,0.02,566.5328471188272,336.53011889968536,0,-488.64450101192534,121.24417715188292,31.803573314960747,31.734128005343557,-156.9971226930246,0.0,0,-60.491254138494014,-5.935346623883163,0,0.8985593260012501,1.8744516184518152,0.0
57.18,0.02,592.9938056965067,353.2956000836384,0,-488.0402331189411,121.86232446078766,30.21339464921271,30.907365445236685,-156.9971226930246,0.0,0,26.460958577679435,16.765481183953057,0,0.864433792720867,1.7922624026059013,0.0
57.2,0.02,591.7864534711309,336.01312964020946,0,-487.46617862060606,122.4642672235143,28.70272491675207,30.09713813633195,-156.9971226930246,0.0,0,-1.2073522253757574,-17.282470443428963,0,0.8317894304796593,1.714231994995924,0.0
57.22,0.02,575.7525724958201,354.08230019127836,0,-486.92082684718775,123.0503295309864,27.267588670914467,29.30311537360531,-156.9971226930246,0.0,0,-16.033880975310808,18.069170551068908,0,0.8005483027338306,1.6401488322237407,0.0
57.24,0.02,548.7526426853384,365.46279624602175,0,-486.4027426624404,123.62082899230907,25.904209237368743,28.5249730661332,-156.9971226930246,0.0,0,-26.999929810481717,11.38049605474339,0,0.7706366574818403,1.56981175001765,0.0
57.26,0.02,576.1591936409878,329.016806948294,0,-485.9105626869304,124.17607686440529,24.608998775500304,27.762393604810534,-156.9971226930246,0.0,0,27.406550955649436,-36.44598929772775,0,0.7419847220532236,1.5030294659003274,0.0
57.28,0.02,603.2750704218842,345.2466204224508,0,-485.4429917101959,124.71637817905957,23.378548836725287,27.01506573271432,-156.9971226930246,0.0,0,27.115876780896315,16.2298134741568,0,0.7145265067872737,1.4396200888579245,0.0
57.300000000000004,0.02,582.615398840648,336.6259320066837,0,-484.9987992822981,125.24203186742078,22.209621394889023,26.282684418060033,-156.9971226930246,0.0,0,-20.659671581236125,-8.62068841576712,0,0.6881996171820223,1.3794106547118639,0.0
57.32,0.02,547.4744091612849,326.5976731736048,0,-484.57681647579517,125.75333088201475,21.09914032514457,25.56495072969883,-156.9971226930246,0.0,0,-35.14098967936309,-10.028258833078894,0,0.6629450741266888,1.322236685948987,0.0
57.34,0.02,583.3775237773536,352.2824273086029,0,-484.17593280961745,126.25056231631685,20.04418330888734,24.86157171510485,-156.9971226930246,0.0,0,35.903114616068706,25.684754134998116,0,0.6387071418625339,1.267941774815213,0.0
57.36,0.02,541.3845502010373,364.1545595886529,0,-483.7950933267486,126.7340075219329,19.041974143442975,24.172260280802753,-156.9971226930246,0.0,0,-41.99297357631633,11.872132280049982,0,0.6154331633451016,1.2163771885234897,0.0
57.38,0.02,589.8560682447413,345.4867632396128,0,-483.43329581802317,127.20394222343663,18.089875436270827,23.496735075186695,-156.9971226930246,0.0,0,48.47151804370401,-18.66779634904009,0,0.5930734027060476,1.1674014954682441,0.0
57.4,0.02,575.1256688435936,336.54651672660754,0,-483.089588184734,127.66063663091029,17.185381664457285,22.83472037368296,-156.9971226930246,0.0,0,-14.730399401147679,-8.940246513005263,0,0.5715808945363401,1.1208802113770087,0.0
57.42,0.02,538.5724835886095,339.79377464358885,0,-482.7630659331093,128.1043555502345,16.32611258123442,22.1859459662093,-156.9971226930246,0.0,0,-36.5531852549841,3.2472579169813116,0,0.5509112997318945,1.0766854643652728,0.0
57.44,0.02,556.9313026380423,346.60871166942354,0,-482.45286979406586,128.5353584911722,15.509806952172697,21.55014704688511,-156.9971226930246,0.0,0,18.358819049432782,6.814937025834695,0,0.5310227676610629,1.0346956778935816,0.0
57.46,0.02,535.9897009174614,338.88462650638917,0,-482.1581834619746,128.95389977329114,14.734316604564063,20.92706410594741,-156.9971226930246,0.0,0,-20.941601720580934,-7.724085163034374,0,0.5118758044283556,0.9947952706571027,0.0
57.480000000000004,0.02,564.1700473288836,342.54070045809186,0,-481.87823144648786,129.3602286297677,13.997600774335858,20.31644282382846,-156.9971226930246,0.0,0,28.180346411422192,3.6560739517026946,0,0.49343314702261376,0.9568743724676827,0.0
57.5,0.02,540.7505601347236,353.0873120235136,0,-481.6122770317755,129.75458930911475,13.297720735619064,19.71803396735189,-156.9971226930246,0.0,0,-23.419487194159956,10.546611565421756,0,0.4756596431484059,0.9208285552174289,0.0
57.52,0.02,532.6930652498809,360.4174002063847,0,-481.35962033779873,130.13722117487484,12.63283469883811,19.13159328800485,-156.9971226930246,0.0,0,-8.057494884842754,7.330088182871066,0,0.458522136549923,0.8865585780416886,0.0
57.54,0.02,552.4092953639699,355.7019013228742,0,-481.1195964785208,130.50835880331974,12.001192963896203,18.556881422244754,-156.9971226930246,0.0,0,19.716230114089058,-4.715498883510463,0,0.44198935764379377,0.8539701458282214,0.0
57.56,0.02,583.648222762668,370.00287958118963,0,-480.8915738122068,130.86823207919574,11.401133315701392,17.993663793799858,-156.9971226930246,0.0,0,31.238927398698024,14.30097825831541,0,0.42603181928428335,0.8229736802491158,0.0
57.58,0.02,520.0062540622692,360.70114222792597,0,-480.67495227920847,131.21706628955423,10.831076649916321,17.44171051792386,-156.9971226930246,0.0,0,-63.64196870039871,-9.301737353263661,0,0.4106217174906513,0.7934841025226895,0.0
57.6,0.02,537.5968016919477,388.6976278955568,0,-480.4691618228601,131.55508221570554,10.289522817420504,16.90079630756538,-156.9971226930246,0.0,0,17.59054762967844,27.99648566763085,0,0.3957328369695974,0.7654206271447386,0.0
57.620000000000005,0.02,547.017231751162,348.662647764925,0,-480.2736608893291,131.88249622333382,9.77504667654948,16.37070038141407,-156.9971226930246,0.0,0,9.420430059214254,-40.03498013063182,0,0.38134046127141347,0.7387065658620856,0.0
57.64,0.02,510.070875400201,373.766164511709,0,-480.0879350024747,132.19952035080954,9.286294342722005,15.851206373785788,-156.9971226930246,0.0,0,-36.94635635096097,25.10351674678401,0,0.36742128742031166,0.7132691411967139,0.0
57.660000000000004,0.02,509.71214686270815,387.9358111929424,0,-479.911495409963,132.50636239573575,8.821979625585904,15.342102246310072,-156.9971226930246,0.0,0,-0.35872853749282285,14.169646681233417,0,0.3539533448636976,0.6890393088656032,0.0
57.68,0.02,540.878411644138,368.9949348443064,0,-479.74387779707683,132.8032259997634,8.380880644306608,14.84318020138387,-156.9971226930246,0.0,0,31.166264781429902,-18.94087634863604,0,0.34091591858689096,0.6659515884799554,0.0
57.7,0.02,530.3613635240802,358.4967126799981,0,-479.584641064835,133.09031073171053,7.961836612091277,14.354236597356193,-156.9971226930246,0.0,0,-10.517048120057893,-10.498222164308288,0,0.3282894762434559,0.6439439019471,0.0
57.72,0.02,552.3305545397095,375.69710163579134,0,-479.43336616920527,133.36781216901872,7.563744781486713,13.875071865409069,-156.9971226930246,0.0,0,21.96919101562935,17.200388955793244,0,0.3160555991529012,0.6229574190392567,0.0
57.74,0.02,528.4096367001378,376.23061809035136,0,-479.289655018357,133.63592197758075,7.185557542412377,13.405490428100888,-156.9971226930246,0.0,0,-23.920917839571757,0.5335164545600151,0,0.30419691702136725,0.6029364096346195,0.0
57.76,0.02,531.0712815958817,348.4153121647298,0,-479.15312942505113,133.89482798997153,6.826279665291758,12.945300619538871,-156.9971226930246,0.0,0,2.6616448957439616,-27.815305925621544,0,0.2926970462434034,0.5838281021778968,0.0
57.78,0.02,535.4217099574846,381.961249317883,0,-479.02343011141056,134.1447142821145,6.48496568202717,12.494314607148095,-156.9971226930246,0.0,0,4.350428361602894,33.545937153153204,0,0.28154053164651005,0.5655825479486382,0.0
57.800000000000004,0.02,533.0347710066272,360.2611677349693,0,-478.900215763452,134.3857612484146,6.1607173979258105,12.052348315005133,-156.9971226930246,0.0,0,-2.3869389508573704,-21.700081582913697,0,0.2707127915436042,0.5481524907662767,0.0
57.82,0.02,516.2834664458751,367.0444294936603,0,-478.78316213289145,134.61814567538872,5.85268152802952,11.61922134870503,-156.9971226930246,0.0,0,-16.751304560752146,6.783261758690969,0,0.260200065963666,0.5314932418000201,0.0
57.84,0.02,525.3309285048681,358.3450920625582,0,-478.6719611838589,134.84204081382333,5.560047451628044,11.19475692173093,-156.9971226930246,0.0,0,9.047462058993005,-8.699337431102094,0,0.24998936793470153,0.515562559189277,0.0
57.86,0.02,533.5356897165274,392.65138649463995,1,-478.5714066658547,135.0626708136085,5.027725900210676,11.031499989257727,-156.78206812806246,10.752728248107246,0,8.204761211659275,34.306294432081756,1,0.24246403423242566,0.5567935524985484,0.21505456496214492
57.88,0.02,509.26160575103637,352.3020433113708,1,-478.48392598727537,135.2840706090625,4.374033928965851,11.069989772700866,-158.51274370960192,-86.5337790769729,0,-24.274083965491002,-40.34934318326913,0,0.2380561668005513,0.6548241418117121,-1.730675581539458
57.9,0.02,549.6646818686365,379.33068097931584,1,-478.4054788405092,135.5035373364186,3.92235733830902,10.973336367804281,-158.38115847987763,6.579261486214705,0,40.403076117600165,27.02863766794502,0,0.23306565438121893,0.4619021792820226,0.1315852297242941
57.92,0.02,517.5341258782099,385.94419408463233,1,-478.3392782811552,135.7204096443662,3.3100279677000586,10.843615397381116,-158.51768668472792,-6.826410242514669,0,-32.130555990426615,6.6135131053164855,0,0.22675121171299667,0.6259191547459577,-0.13652820485029338
57.94,0.02,487.16860078707316,368.8576483052776,1,-478.2883608617225,135.9363961874833,2.5458709716354306,10.799327155854728,-159.5743403781653,-52.832684671868435,0,-30.36552509113676,-17.086545779354708,0,0.22190712113259273,0.765439326773857,-1.0566536934373687
57.96,0.02,560.6036728573173,376.0499667749229,1,-478.24538307500404,136.1507777339229,2.1488893359220143,10.71907732198011,-159.20405826294774,18.51410576087744,0,73.43507207024413,7.192318469645272,0,0.2186470617343135,0.4050116725856223,0.37028211521754884
57.980000000000004,0.02,493.63090936327796,380.32650673877447,1,-478.21704219734926,136.36312662968862,1.4170438827384046,10.617444788286237,-159.72710426456118,-26.152300080671864,0,-66.97276349403933,4.276539963851576,0,0.21423178774208035,0.7388686887739656,-0.5230460016134373
58.0,0.02,556.1507992100868,378.9166628757328,1,-478.19708623977345,136.57358385916677,0.9977978787888517,10.52286147390757,-159.2581064649389,23.449889981114325,0,62.51988984680884,-1.409843863041658,0,0.2114012433321686,0.4297827534772915,0.4689977996222865
58.02,0.02,476.84172412342394,367.44647910993723,1,-478.1934461097853,136.78329644073392,0.18200649940596492,10.48562907835789,-160.34642668250834,-54.41601087847232,0,-79.30907508666286,-11.470183765795582,0,0.2097441713466369,0.816640573296356,-1.0883202175694464
58.04,0.02,532.19893402006,375.5874752797885,1,-478.2005860863952,136.9914502747731,-0.3569988304937439,10.40769170195894,-160.4343041650404,-4.393874126603237,0,55.35720989663611,8.140996169851292,0,0.20827625378615408,0.5446108521690011,-0.08787748253206473
58.06,0.02,517.9652061352762,361.14974618217036,1,-478.2199295423916,137.19948913419404,-0.9671727998173694,10.401942971048088,-161.35497834455413,-46.03370897568624,0,-14.233727884783889,-14.43772909761816,0,0.208936201552182,0.6102010494478308,-0.9206741795137248
58.08,0.02,506.6817197313237,364.82757488103834,1,-478.2526048264148,137.4070452361269,-1.6337642011607372,10.37780509664289,-162.10658573191068,-37.58036936782787,0,-11.283486403952452,3.677828698867984,0,0.21011237382781592,0.6670282852516196,-0.7516073873565574
58.1,0.02,493.5584812003942,387.87301633801184,1,-478.299924262318,137.61181403642595,-2.3659717951587638,10.23844001495283,-162.01201413590667,4.728579800200805,0,-13.123238530929484,23.045441456973492,0,0.21016515075080855,0.7453526592847548,0.0945715960040161
58.120000000000005,0.02,480.7541385864139,388.20149300805997,1,-478.36316828436253,137.8137626874242,-3.162201102226696,10.097432549912527,-162.05466661624433,-2.1326240168832555,0,-12.804342613980339,0.32847667004813275,0,0.21162009347976452,0.8086187078165901,-0.04265248033766511
58.14,0.02,500.7729770465686,367.1285190543559,1,-478.4403350087024,138.01499848651702,-3.858336216993841,10.061789954640746,-162.6784641072237,-31.189874548968533,0,20.01883846015471,-21.072973953704093,0,0.21552389700881758,0.6970469802026075,-0.6237974909793707
58.160000000000004,0.02,498.68343035635127,382.60233437215135,1,-478.5316333900066,138.2139740521726,-4.564919065212074,9.948778282779985,-162.62828493988297,2.5089583670364846,0,-2.0895466902173325,15.47381531779547,0,0.21892160733178664,0.715563385992432,0.05017916734072969
58.18,0.02,466.1284156749228,384.9247555617954,1,-478.6403189297434,138.41045714227204,-5.434276986837453,9.824154504971007,-162.8360947710077,-10.390491556236725,0,-32.555014681428474,2.3224211896440465,0,0.22453986559828326,0.878245001060741,-0.2078098311247345
58.2,0.02,470.68377937855485,359.2311008502635,1,-478.7659360915423,138.60701712228644,-6.280858089944665,9.827999000719688,-163.8654495311677,-51.4677380080002,0,4.555363703632054,-25.693654711531906,0,0.2332712950229314,0.8465898323779856,-1.029354760160004
58.22,0.02,477.11863127901546,401.5926280543099,1,-478.9078413902133,138.7994178394954,-7.095264933549593,9.620035860448143,-163.2538494032347,30.580006396650106,0,6.434851900460615,42.36152720404641,0,0.239071432365792,0.8405398114438983,0.6116001279330021
58.24,0.02,483.49393130672314,393.472129606341,1,-479.06539729575366,138.98847134374373,-7.877795277015984,9.45267521241644,-162.88728992165642,18.32797407891462,0,6.375300027707681,-8.120498447968885,0,0.24609975790156735,0.8002270458783678,0.36655948157829243
58.26,0.02,453.5941043882241,390.09903235316233,1,-479.2415937908552,139.17451494475674,-8.809824755074878,9.302180050650621,-162.98900759717924,-5.085883776141031,0,-29.89982691849906,-3.3730972531786847,0,0.2562370511146839,0.9441015526338539,-0.10171767552282063
58.28,0.02,455.73802829179084,397.03765416194057,1,-479.4362164831275,139.35685478035356,-9.731134613615914,9.116991779840918,-162.83602976176053,7.648891770935506,0,2.1439239035667583,6.938621808778237,0,0.266694221896176,0.939737490520833,0.15297783541871013
58.300000000000004,0.02,485.24812834505286,396.0827903471529,1,-479.6463143625653,139.53558633691566,-10.504893971890645,8.93657782810516,-162.35535023473437,24.03397635130773,0,29.510100053262022,-0.9548638147876432,0,0.2758370683127443,0.7945141524847974,0.4806795270261546
58.32,0.02,509.49081988011113,393.4821454397768,1,-479.86946316001513,139.7109696789338,-11.157439872490095,8.769167100906275,-161.59512995032497,38.011014220469974,0,24.24269153505827,-2.600644907376136,0,0.2838216032312429,0.6736783386531034,0.7602202844093995
58.34,0.02,461.85024498385314,397.9627476268289,1,-480.11042693296656,139.88255674618924,-12.048188647570832,8.579353362772126,-161.46685790751633,6.413602140432317,0,-47.64057489625799,4.4806021870521135,0,0.29581355872291165,0.9107483930769759,0.12827204280864635
58.36,0.02,434.80392447179383,412.1766610148884,1,-480.3719103134708,140.0489261473432,-13.074169025211852,8.318470057697683,-161.21784043530835,12.450873610399071,0,-27.04632051205931,14.213913388059495,0,0.3099231129171225,1.058629224124752,0.24901747220798143
58.38,0.02,522.5154856254431,406.97152897318324,1,-480.6451421454125,140.21059839559982,-13.661591597084644,8.083612412831771,-159.59575322053774,81.10436073853009,0,87.71156115364931,-5.205132041705156,0,0.3174799991220996,0.6326321137103372,1.6220872147706018
58.4,0.02,517.1122346682282,419.7686409568277,1,-480.93066275388736,140.36629377976078,-14.276030423743514,7.784769208047637,-157.77502900162426,91.03621094567416,0,-5.4032509572149365,12.79711198364447,0,0.3252123468026661,0.6832586133753309,1.8207242189134831
58.42,0.02,459.46911304833014,403.8919041404224,0,-481.2019073319385,140.5150336562385,-13.562228902556337,7.436993823886684,-157.77502900162426,0.0,0,-57.64312161989807,-15.876736816405298,1,0.30934959508096227,0.7940153206818027,0.0
58.44,0.02,465.2617369052784,404.1745912913921,0,-481.4595896810871,140.65695713518667,-12.88411745742852,7.096173947408951,-157.77502900162426,0.0,0,5.792623856948239,0.2826871509697071,0,0.2941810105011598,0.7589422377333032,0.0
58.46,0.02,484.7943329621536,389.1707713054465,0,-481.70438791277826,140.7922005445559,-12.239911584557094,6.762170468460772,-157.77502900162426,0.0,0,19.532596056875207,-15.003819985945597,0,0.2796729411597268,0.7256442176380397,0.0
58.480000000000004,0.02,461.0890699716878,391.1108950320655,0,-481.93694623288485,140.92089748573773,-11.627916005329238,6.434847059091556,-157.77502900162426,0.0,0,-23.70526299046577,1.9401237266189924,0,0.2657936698274789,0.69403112561003,0.0
58.5,0.02,478.72176697436157,403.98932501012956,0,-482.1578766369861,141.04317888809592,-11.046520205062777,6.114070117909725,-157.77502900162426,0.0,0,17.63269700267375,12.878429978064048,0,0.2525133359231232,0.6640172607406009,0.0
58.52,0.02,472.34492192563874,419.5770090569536,0,-482.36776052088226,141.15917306240695,-10.494194194809637,5.799708715551531,-157.77502900162426,0.0,0,-6.376845048722828,15.587684046824052,0,0.2398038640085624,0.6355211348922725,0.0
58.54,0.02,488.33338634784275,418.64176500392597,0,-482.56715021058363,141.26900575323177,-9.969484485069154,5.491634541240501,-157.77502900162426,0.0,0,15.988464422204004,-0.9352440530276454,0,0.22763889898923512,0.608465263078645,0.0
58.56,0.02,487.6058443058753,396.75815933525195,0,-482.75657041579996,141.37280019024007,-9.471010260815696,5.189721850415691,-157.77502900162426,0.0,0,-0.7275420419674674,-21.883605668674022,0,0.21599374828467705,0.5827759647807759,0.0
58.58,0.02,490.52732314561456,384.3594623415995,0,-482.93651961075545,141.47067713850822,-8.997459747774911,4.893847413407378,-157.77502900162426,0.0,0,2.9214788397392795,-12.398696993652436,0,0.20484533132931804,0.5583831756743541,0.0
58.6,0.02,464.2138617150237,429.0826859689349,0,-483.1074713459632,141.56275494781102,-8.547586760386165,4.60389046513923,-157.77502900162426,0.0,0,-26.31346143059085,44.723223627335415,0,0.19417213686966767,0.5352202692640218,0.0
58.620000000000005,0.02,467.2596761450752,421.75457276539123,0,-483.26987549441054,141.64914960092776,-8.120207422366857,4.319732655836446,-157.77502900162426,0.0,0,3.0458144300515073,-7.328113203543694,0,0.18395418864509683,0.5132238879412961,0.0
58.64,0.02,451.4997801434655,412.8221081455464,0,-483.4241594354355,141.72997476098215,-7.714197051248513,4.041258002719717,-157.77502900162426,0.0,0,-15.759896001609718,-8.932464619844836,0,0.17417302017251207,0.49233378300106256,0.0
58.660000000000004,0.02,469.2099371867486,416.01110339001883,0,-483.5707291794092,141.80534181783545,-7.328487198686087,3.7683528426653226,-157.77502900162426,0.0,0,17.710157043283118,3.188995244472437,0,0.1648116595003221,0.47249266316848054,0.0
58.68,0.02,479.8416068269712,410.7941226296706,0,-483.7099704361843,141.8753599335517,-6.962062838751782,3.500905785812016,-157.77502900162426,0.0,0,10.631669640222583,-5.216980760348235,0,0.155854624945005,0.4536460512037561,0.0
58.7,0.02,471.3220374317833,395.9354179319819,0,-483.84224963012053,141.9401360869536,-6.6139596968141925,3.2388076700957753,-157.77502900162426,0.0,0,-8.519569395187887,-14.858704697688722,0,0.14728793296795623,0.43574214816657975,0.0
58.72,0.02,450.2602977606177,413.79511780032635,0,-483.96791486436,141.99977511728747,-6.283261711973482,2.9819515166938597,-157.77502900162426,0.0,0,-21.06173967116564,17.859699868344478,0,0.13909911946388048,0.4187317049354335,0.0
58.74,0.02,470.9611911619773,407.58784316493933,0,-484.0872968368875,142.05437976701467,-5.969098626374808,2.7302324863599825,-157.77502900162426,0.0,0,20.70089340135962,-6.207274635387023,0,0.13127727578063397,0.4025679005895869,0.0
58.76,0.02,471.05163167464883,413.6328964861787,0,-484.2007097107886,142.10405072374732,-5.670643695056067,2.483547836632783,-157.77502900162426,0.0,0,0.09044051267153463,6.045053321239379,0,0.1238131007173454,0.3872062272736655,0.0
58.78,0.02,455.0184574972877,397.4221068559652,0,-484.30845194099464,142.14888666134533,-5.387111510303264,2.241796879900127,-157.77502900162426,0.0,0,-16.033174177361104,-16.210789630213526,0,0.1166989694473111,0.3726043811764058,0.0
58.800000000000004,0.02,468.92750571721336,424.91909873837454,0,-484.4108070596904,142.18898428019136,-5.1177559347881,2.0048809423021243,-157.77502900162426,0.0,0,13.909048219925637,27.49699188240936,0,0.10992901964605985,0.3587221592668142,0.0
58.82,0.02,462.2858047699469,428.873117559471,0,-484.50804442245135,142.2244383466605,-4.8618681380486946,1.7727033234560818,-157.77502900162426,0.0,0,-6.641700947266486,3.95401882109644,0,0.1034992538422474,0.3455213614426256,0.0
58.84,0.02,484.1617771914614,399.2287481416405,0,-484.60041991707425,142.25534173180023,-4.618774731146259,1.5451692569869602,-157.77502900162426,0.0,0,21.87597242151452,-29.64436941783049,0,0.09740765483225791,0.3329656977579037,0.0
58.86,0.02,454.73789132280086,402.1023053595733,0,-484.68817663696603,142.28178544923716,-4.387835994588946,1.322185871847221,-157.77502900162426,0.0,0,-29.423885868660534,2.8735572179327846,0,0.09165430747133355,0.32102070040896935,0.0
58.88,0.02,478.1394530429853,414.3150661436567,0,-484.77154552086324,142.30385869232538,-4.168444194859498,1.1036621544102767,-157.77502900162426,0.0,0,23.401561720184418,12.2127607840834,0,0.08624151472868262,0.309653640170736,0.0
58.9,0.02,481.4450654812997,420.03818590652645,0,-484.8507459605656,142.32164887055183,-3.9600219851165233,0.8895089113220712,-157.77502900162426,0.0,0,3.3056124383144265,5.723119762869771,0,0.08117388798358587,0.2988334469890222,0.0
58.92,0.02,440.60617952836094,429.85465858276,0,-484.9259863782828,142.33524164521373,-3.762020885860697,0.6796387330956297,-157.77502900162426,0.0,0,-40.83888595293877,9.816472676233559,0,0.07645838071311593,0.28853063444860394,0.0
58.94,0.02,446.80751445875376,454.6001996919026,0,-484.99746477511417,142.3447209643824,-3.573919841567662,0.47396595843371714,-157.77502900162426,0.0,0,6.201334930392818,24.745541109142607,0,0.0721042211349912,0.2787172278515632,0.0
58.96,0.02,460.50153654821406,406.8023036557287,0,-485.06536925210395,142.35016909716768,-3.3952238494892786,0.27240663926504277,-157.77502900162426,0.0,0,13.694022089460304,-47.79789603617394,0,0.06812268451919598,0.2693666956559722,0.0
58.980000000000004,0.02,483.87719467693114,421.8853549537493,0,-485.1298785052442,142.35166666729728,-3.2254626570148144,0.07487850647974191,-157.77502900162426,0.0,1,23.375658128717077,15.08305129802062,0,0.06452663370274962,0.2604538840409171,0.0
59.0,0.02,438.20328198791566,425.49766758279446,1,-485.21456743018575,142.34661447066858,-4.234446247075224,-0.25260983143423466,-158.13937792377578,-18.217446107576052,0,-45.67391268901548,3.6123126290451637,1,0.08483948784927527,1.0607999323533408,-0.36434892215152104
59.02,0.02,446.3110666326058,429.21941580931593,1,-485.318625248464,142.33464033245897,-5.2028909139121975,-0.5987069104808211,-158.28929659058502,-7.495933340462102,0,8.107784644690128,3.72174822652147,0,0.10474449642196988,1.028429998030763,-0.14991866680924204
59.04,0.02,437.8952546551079,431.4587726035542,1,-485.44289354127676,142.315520316989,-6.213414640636669,-0.9560007734985942,-158.44678446867823,-7.874393904660337,0,-8.415811977497867,2.23935679423829,0,0.1257305992595661,1.0718288607904147,-0.15748787809320675
59.06,0.02,455.4796635858143,397.54304991357355,1,-485.5856138677309,142.29264599652765,-7.1360163227076026,-1.1437160230664671,-159.4321418716917,-49.26787015067333,0,17.584408930706388,-33.91572268998067,0,0.14454177984148434,0.9415045824001306,-0.9853574030134666
59.08,0.02,449.16954211588643,437.1751296123659,1,-485.74741723997346,142.2620541631051,-8.090168612128165,-1.529591671128294,-159.18944561643983,12.134812762593583,0,-6.3101214699278785,39.632079698792325,0,0.1646699472922064,1.0292262176866833,0.24269625525187166
59.1,0.02,432.9948657815134,419.36387769381804,1,-485.92992112563786,142.22552594191313,-9.125194283220592,-1.826411059597383,-159.6261019526887,-21.832816812444378,0,-16.174676334373032,-17.81125191854784,0,0.18612355903016145,1.0767450437273873,-0.43665633624888756
59.120000000000005,0.02,471.38845544236545,448.54121829027224,1,-486.12928616575806,142.18014359889216,-9.968252006008752,-2.2691171510487393,-158.71680059708376,45.46506778024764,0,38.39358966085206,29.1773405964542,0,0.20446509795122,0.9522263425052337,0.9093013556049527
59.14,0.02,484.7914976754118,447.0534890272912,1,-486.3441720561107,142.12605590696845,-10.744294517631685,-2.7043845961852,-157.70444205792708,50.61792695783396,0,13.403042233046335,-1.48772926298102,0,0.22158841190434686,0.8897751000346389,1.0123585391566792
59.160000000000004,0.02,462.7503110929004,417.2558510712548,1,-486.57678291535404,142.06624262993762,-11.630542962167196,-2.990663851541477,-158.09234532058576,-19.3951631329341,0,-22.041186582511386,-29.797637956036397,0,0.24017793393041634,0.9313388843428352,-0.387903262658682
59.18,0.02,435.44531456202645,421.6488006589659,1,-486.8298492431412,142.00026447284088,-12.653316389357057,-3.298907854836308,-158.57582442347018,-24.173955144220827,0,-27.30499653087395,4.392949587711087,0,0.2615256841565727,1.0682133911035372,-0.48347910288441653
59.2,0.02,413.7983459223695,430.49517312748765,1,-487.1055357363361,141.9272367984314,-13.784324659745208,-3.6513837204737527,-158.95346543028808,-18.882050340894807,0,-21.64696863965696,8.846372468521736,0,0.2851948172035182,1.1846598429689688,-0.37764100681789614
59.22,0.02,425.8198794132363,456.713300273489,1,-487.40264024158967,141.8445377939946,-14.855225262679026,-4.134950221841201,-158.49659476331556,22.84353334862601,0,12.02153349086683,26.218127146001336,0,0.3083994364080623,1.1750168775846457,0.4568706669725202
59.24,0.02,428.7744531297795,426.0298245298145,1,-487.7208673015303,141.75523580710478,-15.91135299703012,-4.465099344490277,-158.8814326545593,-19.2418945621867,0,2.954573716543166,-30.683475743674478,0,0.33051975211917617,1.106528008887045,-0.384837891243734
59.26,0.02,453.7467127429088,430.2936518450511,1,-488.0577196901966,141.65890445503047,-16.842619433315576,-4.816567603715534,-158.82503003299024,2.820131078452448,0,24.972259613129324,4.263827315236597,0,0.3503559063904558,0.9953828974794809,0.05640262156904896
59.28,0.02,426.6692737488639,443.729290763674,1,-488.41590515148806,141.5542001738798,-17.909273064571266,-5.235214057533902,-158.69994448697108,6.254277300958222,0,-27.07743899404494,13.435638918622885,0,0.37317530889897044,1.1458685886111222,0.12508554601916444
59.300000000000004,0.02,402.97110255506095,437.2736260253489,1,-488.797793502524,141.44176853012658,-19.09441755179597,-5.621582187660643,-158.99292953444095,-14.649252373493482,0,-23.69817119380292,-6.455664738325083,0,0.39809494743588064,1.2465343106295717,-0.29298504746986964
59.32,0.02,433.2190061891007,425.22704082721367,1,-489.20035995294097,141.32281418229064,-20.128322520850475,-5.947717391796708,-159.3178020368394,-16.243625119922456,0,30.247903634039744,-12.046585198135233,0,0.41977361025964316,1.0841234507252704,-0.3248725023984491
59.34,0.02,471.03926716410814,438.5327178100102,1,-489.61982247664156,141.19600656267372,-20.97312618502994,-6.340380980846753,-158.64552753127106,33.61372527841695,0,37.82026097500744,13.305676982796513,0,0.43821111485467523,0.9315996592832751,0.672274505568339
59.36,0.02,435.71354918984946,442.7053840528407,1,-490.0597136454232,141.0609284046515,-21.99455843908069,-6.753907901110956,-158.44607311311077,9.97272090801431,0,-35.32571797425868,4.17266624283053,0,0.4601633939664735,1.101965681588313,0.1994544181602862
59.38,0.02,458.5957901690852,441.06142504907706,1,-490.5177452351879,140.91774410412435,-22.901579488235257,-7.1592150263563425,-157.9808193131263,23.26268999922405,0,22.882240979235746,-1.643959003763655,0,0.47989028031396147,0.9934591332229662,0.465253799984481
59.4,0.02,491.4587449682866,408.1132314592211,1,-490.99063095045574,140.7697484804513,-23.64428576339381,-7.399781183652443,-158.3615383874006,-19.035953713715514,0,32.86295479920142,-32.948193589855975,0,0.4955033847823562,0.7806950026714055,-0.3807190742743103
59.42,0.02,446.94210365645347,423.989450518921,1,-491.48282245535796,140.61535391172637,-24.60957524511153,-7.7197284362470455,-158.66027272541655,-14.936716900797364,0,-44.516641311833155,15.876219059699906,0,0.5158392776337172,1.0169316732001692,-0.2987343380159473
59.44,0.02,484.9167478312149,458.5363934735125,1,-491.9905222854771,140.4511057036541,-25.38499150595544,-8.212410403614605,-156.9733933132681,84.34397060742214,0,37.97464417476141,34.546942954591486,0,0.5336071507747444,0.9186979365114097,1.6868794121484427
59.46,0.02,451.7551532869677,440.92507701346346,1,-492.5170466002675,140.27876498788046,-26.326215739520592,-8.617035788681925,-156.75999712642215,10.669809342297754,0,-33.16159454424718,-17.61131646004901,0,0.5540118919110893,1.0245119619073186,0.21339618684595507
59.480000000000004,0.02,467.6546474130574,445.0206407414879,1,-493.06080545031665,140.09792220803268,-27.187942502455314,-9.042138992389361,-156.12692187958694,31.653762341760228,0,15.899494126089678,4.095563728024445,0,0.573042579595814,0.9608775924956736,0.6330752468352046
59.5,0.02,421.01908592367954,454.7424061547448,1,-493.6264623917734,139.90760518756943,-28.282847072836915,-9.515851023163087,-156.0149470996837,5.598738995162478,0,-46.635561489377835,9.72176541325689,0,0.5968151671130564,1.192987471158975,0.11197477990324955
59.52,0.02,405.52084795658715,437.0564672210019,1,-494.21556724843447,139.70958252038406,-29.455242833053973,-9.901133359268094,-156.60730052599058,-29.617671315344296,0,-15.498237967092393,-17.685938933742875,0,0.6214961857170942,1.2340803446653963,-0.5923534263068859
59.54,0.02,474.25890940406055,446.9162491341132,1,-494.82124621415517,139.50286822828528,-30.283948286033677,-10.335714604938666,-155.72603511944925,44.06327032706656,0,68.7380614474734,9.859781913111249,0,0.6399826623232818,0.9357422652028085,0.8812654065413312
59.56,0.02,454.8514536726005,454.6268921144058,1,-495.4454400345086,139.28669124697507,-31.20969101767068,-10.808849065510692,-155.07867249111078,32.36813141692352,0,-19.40745573146006,7.710642980292619,0,0.6605682497787669,1.0396421610147983,0.6473626283384704
59.58,0.02,450.33160351631534,434.3296959138646,1,-496.0886006945104,139.06308129607348,-32.15803300008909,-11.180497545080009,-155.31900827579565,-12.016789234243674,0,-4.519850156285145,-20.29719620054118,0,0.680923670256923,1.018565220289535,-0.2403357846848735
59.6,0.02,412.59581815339345,440.66505342122406,1,-496.7545017726968,138.83140483982976,-33.29505390932212,-11.583822812186135,-155.8197090168,-25.035037050217568,0,-37.73578536292189,6.335357507359447,0,0.7050519316387315,1.2064359987663391,-0.5007007410043514
59.620000000000005,0.02,450.97841516445146,435.21062628775474,1,-497.4393050093668,138.59220732095727,-34.240161833499855,-11.959875943624915,-155.93273999869007,-5.651549094503139,0,38.38259701105801,-5.4544271334693235,0,0.725376402971913,1.0171749829839787,-0.11303098189006278
59.64,0.02,444.79943294364875,411.626539505475,1,-498.14362830274246,138.34784714813424,-35.2161646687816,-12.218008641152288,-157.11005137649013,-58.86556889000332,0,-6.178982220802709,-23.584086782279712,0,0.7455086824803638,1.0095613027502428,-1.1773113778000663
59.660000000000004,0.02,383.4392199318759,440.5723152290517,0,-498.8127354314493,138.10453257876765,-33.45535643534252,-12.165728468329242,-157.11005137649013,0.0,0,-61.36021301177283,28.945775723576673,1,0.7119735454020613,1.7615841880016,0.0
59.68,0.02,440.0741234920183,458.15086534901747,0,-499.4483872037208,137.86224270078839,-31.782588613575395,-12.114493898962657,-157.11005137649013,0.0,0,56.63490356014239,17.57855011996577,0,0.680262861372797,1.6735522599063706,0.0
59.7,0.02,417.64176432315253,454.9610026329549,0,-500.05225638737875,137.6209570203687,-30.193459182896625,-12.064284020983402,-157.11005137649013,0.0,0,-22.432359168865787,-3.189862716062578,0,0.6502897589131232,1.5899224444280688,0.0
59.72,0.02,420.8344118254737,459.57788989120945,0,-500.6259321118538,137.38065545355744,-28.68378622375179,-12.015078340563734,-157.11005137649013,0.0,0,3.192647502321165,4.616887258254565,0,0.6219716069596025,1.5104746414815045,0.0
59.74,0.02,446.63777195005343,482.5175484601449,0,-501.17092405010504,137.1413183180824,-27.2495969125642,-11.96685677375246,-157.11005137649013,0.0,0,25.80336012457974,22.939658568935442,0,0.5952297683888635,1.434999756038471,0.0
59.76,0.02,445.5299906326029,456.4710380486905,0,-501.68866639144375,136.90292632531686,-25.88711706693599,-11.91959963827741,-157.11005137649013,0.0,0,-1.1077813174505309,-26.046510411454392,0,0.5699893632600602,1.363299147874883,0.0
59.78,0.02,420.00995287177227,436.69403266043844,0,-502.1805216157155,136.66546057240663,-24.59276121358919,-11.87328764551186,-157.11005137649013,0.0,0,-25.520037760830633,-19.777005388252064,0,0.5461790415684741,1.2951841088304938,0.0
59.800000000000004,0.02,465.88144333968137,442.0733610442145,0,-502.6477840787737,136.4289025345546,-23.36312315290973,-11.827901892601624,-157.11005137649013,0.0,0,45.8714904679091,5.3793283837760555,0,0.5237307654278343,1.2304753662055858,0.0
59.82,0.02,442.04985421911596,461.3087159440237,0,-503.091683418679,136.1932340574596,-22.19496699526424,-11.783423854749591,-157.11005137649013,0.0,0,-23.83158912056541,19.23535489980918,0,0.5025796007247156,1.1690026109877754,0.0
59.84,0.02,418.8669485819571,442.8241137526465,0,-503.513387791589,135.9584373499065,-21.08521864550103,-11.739835377654599,-157.11005137649013,0.0,0,-23.182905637158854,-18.484602191377178,0,0.48266351841548677,1.1106040496674017,0.0
59.86,0.02,406.1096829292892,463.05473280797867,0,-503.91400694585354,135.72449497650445,-20.030957713225977,-11.697118670101506,-157.11005137649013,0.0,0,-12.757265652667911,20.23061905533217,0,0.46392320575349477,1.055125978462117,0.0
59.88,0.02,453.66856351313953,458.98125829112803,0,-504.29459514240483,135.49138985057044,-19.029409827564677,-11.655256296699475,-157.11005137649013,0.0,0,47.55888058385034,-4.073474516850638,0,0.4463018878414791,1.0024223788301367,0.0
59.9,0.02,445.22411569869627,456.68106351341487,0,-504.65615392912855,135.25910522715515,-18.077939336186443,-11.614231170765486,-157.11005137649013,0.0,0,-8.444447814443265,-2.300194777713159,0,0.42974515998707197,0.952354533207796,0.0
59.92,0.02,423.8794945228307,455.8270876690139,0,-504.9996347765161,135.02762469620814,-17.17404236937712,-11.574026547350176,-157.11005137649013,0.0,0,-21.34462117586554,-0.8539758444009635,0,0.41420083139651237,0.9047906599601162,0.0
59.94,0.02,415.768513499527,425.891914658986,0,-505.32594158153427,134.79693217588007,-16.315340250908264,-11.534626016403172,-157.11005137649013,0.0,0,-8.110981023303736,-29.93517301002788,0,0.39961878076048135,0.8596055665837709,0.0
59.96,0.02,458.85899794732836,432.8322518251363,0,-505.63593304630155,134.56701190595857,-15.49957323836285,-11.496013496075108,-157.11005137649013,0.0,0,43.09048444780137,6.9403371661503,0,0.3859508242630684,0.8166803202498245,0.0
59.980000000000004,0.02,444.9307431615934,451.51231978413387,0,-505.9304249378304,134.33784844143548,-14.724594576444707,-11.458173226153605,-157.11005137649013,0.0,0,-13.928254785734964,18.68006795899754,0,0.3731505964734329,0.7759019348191927,0.0
